pos,vertex,degree,p_size,cliques,seconds
0,64582,0,0,1,6.905000191181898e-06
1,122880,1,1,1,1.654300285736099e-05
2,81934,1,1,1,5.923000571783632e-06
3,15,1,1,1,4.333000106271356e-06
4,17,1,1,1,3.559998731361702e-06
5,81942,1,1,1,3.64600055036135e-06
6,27,1,1,1,3.6030032788403332e-06
7,122909,1,1,1,3.130000550299883e-06
8,98343,1,1,1,2.845001290552318e-06
9,90649,1,0,0,2.1230007405392826e-06
10,73785,1,1,1,3.5909979487769306e-06
11,16446,1,1,1,3.0319970392156392e-06
12,81,1,1,1,3.2429998100269586e-06
13,98533,1,0,0,2.101001882692799e-06
14,65628,1,1,1,3.1240015232469887e-06
15,97,1,1,1,5.081001290818676e-06
16,86524,1,0,0,1.7089987522922456e-06
17,16481,1,1,1,2.848999429261312e-06
18,93986,1,0,0,1.89200000022538e-06
19,82020,1,1,1,2.668002707650885e-06
20,24677,1,1,1,2.950000634882599e-06
21,8304,1,1,1,3.0519986466970295e-06
22,122996,1,1,1,2.993001544382423e-06
23,24702,1,1,1,3.360000846441835e-06
24,114818,1,1,1,2.7750029403250664e-06
25,120799,1,0,0,1.9409999367780983e-06
26,106637,1,1,1,3.05399953504093e-06
27,16541,1,1,1,2.782002411549911e-06
28,8350,1,1,1,2.921999112004414e-06
29,8351,1,1,1,2.930999471573159e-06
30,70951,1,0,0,1.805998181225732e-06
31,123049,1,1,1,2.9519978852476925e-06
32,123050,1,1,1,2.3659995349589735e-06
33,128975,1,0,0,2.077002136502415e-06
34,73901,1,1,1,4.5000015234109014e-06
35,73906,1,1,1,2.9859984351787716e-06
36,179,1,1,1,2.8240028768777847e-06
37,41141,1,1,1,2.697001036722213e-06
38,32017,1,0,0,1.924996468005702e-06
39,24761,1,1,1,3.3750002330634743e-06
40,106704,1,1,1,1.9934999727411196e-05
41,49361,1,1,1,3.059001755900681e-06
42,231,1,1,1,2.5149965949822217e-06
43,41207,1,1,1,3.0749979487154633e-06
44,24835,1,1,1,3.0379997042473406e-06
45,663,1,0,0,1.7130005289800465e-06
46,8462,1,1,1,3.09200186165981e-06
47,131343,1,1,1,2.6660018193069845e-06
48,57990,1,0,0,1.9270009943284094e-06
49,277,1,1,1,2.878001396311447e-06
50,98588,1,1,1,2.6669986255001277e-06
51,90413,1,1,1,3.0199989851098508e-06
52,303,1,1,1,3.158998879371211e-06
53,114995,1,1,1,2.634002157719806e-06
54,321,1,1,1,2.9240000003483146e-06
55,90439,1,1,1,3.264001861680299e-06
56,115017,1,1,1,3.077999281231314e-06
57,335,1,1,1,3.5118999221595004e-05
58,131410,1,1,1,5.322999641066417e-06
59,131414,1,1,1,3.959998139180243e-06
60,16727,1,1,1,3.597000613808632e-06
61,119548,1,0,0,2.0090010366402566e-06
62,41302,1,1,1,3.158998879371211e-06
63,82267,1,1,1,2.583001332823187e-06
64,74081,1,1,1,2.61999957729131e-06
65,123235,1,1,1,2.3229986254591495e-06
66,90467,1,1,1,2.1039995772298425e-06
67,26304,1,0,0,1.5309997252188623e-06
68,123240,1,1,1,2.405999111942947e-06
69,8554,1,1,1,2.554999809945002e-06
70,33131,1,1,1,2.6420020731166005e-06
71,106867,1,1,1,2.7569985832087696e-06
72,90486,1,1,1,2.449000021442771e-06
73,82296,1,1,1,2.0900006347801536e-06
74,115065,1,1,1,2.0659972506109625e-06
75,106886,1,1,1,2.2120002540759742e-06
76,41358,1,1,1,2.363998646615073e-06
77,16793,1,1,1,2.4419969122391194e-06
78,57773,1,1,1,2.2239983081817627e-06
79,20497,1,0,0,1.4479992387350649e-06
80,33203,1,1,1,2.449996827635914e-06
81,115125,1,1,1,2.3909997253213078e-06
82,131521,1,1,1,2.6029993023257703e-06
83,62845,1,0,0,1.514999894425273e-06
84,41419,1,1,1,2.564000169513747e-06
85,41421,1,1,1,2.2929998522158712e-06
86,41428,1,1,1,2.4459986889269203e-06
87,498,1,1,1,2.253000275231898e-06
88,501,2,1,1,2.977998519781977e-06
89,66039,1,1,1,2.4379987735301256e-06
90,107005,1,1,1,2.472002961440012e-06
91,90632,1,1,1,2.4459986889269203e-06
92,107020,1,1,1,2.445001882733777e-06
93,9811,1,0,0,1.534997863927856e-06
94,66061,1,1,1,2.3840002540964633e-06
95,107027,1,1,1,2.7759997465182096e-06
96,8745,1,1,1,2.297001628903672e-06
97,82484,1,1,1,2.210999809904024e-06
98,35155,1,0,0,1.529002474853769e-06
99,74306,1,1,1,2.310000127181411e-06
100,42898,1,0,0,1.4920005924068391e-06
101,131652,1,1,1,2.18800050788559e-06
102,48649,1,0,0,1.372001861454919e-06
103,49742,1,1,1,2.5569970603100955e-06
104,602,2,1,1,2.91700052912347e-06
105,34947,1,0,0,1.4830002328380942e-06
106,17003,1,1,1,2.7460009732749313e-06
107,66159,1,1,1,2.607001079013571e-06
108,101007,1,0,0,1.534001057734713e-06
109,624,1,1,1,2.1650012058671564e-06
110,43996,1,0,0,1.534997863927856e-06
111,636,1,1,1,2.359000063734129e-06
112,131714,1,1,1,2.4659966584295034e-06
113,79298,1,0,0,1.453998265787959e-06
114,98947,1,1,1,2.5599983928259462e-06
115,82563,1,1,1,2.553999365773052e-06
116,115336,1,1,1,1.996999344555661e-06
117,130329,1,0,0,1.3469980331137776e-06
118,41611,1,1,1,2.511998900445178e-06
119,115345,1,1,1,2.300999767612666e-06
120,33430,1,1,1,2.4470027710776776e-06
121,25246,1,1,1,2.52000245382078e-06
122,123552,1,1,1,2.2839994926471263e-06
123,90816,1,1,1,2.043001586571336e-06
124,58051,1,1,1,2.3039974621497095e-06
125,109606,1,0,0,1.3830031093675643e-06
126,41669,1,1,1,2.616001438582316e-06
127,123604,1,1,1,2.5909976102411747e-06
128,725,1,1,1,1.8280006770510226e-06
129,58069,1,1,1,2.0709994714707136e-06
130,58080,1,1,1,2.405999111942947e-06
131,82658,1,1,1,2.4000000848900527e-06
132,115436,1,1,1,2.426000719424337e-06
133,748,1,1,1,2.6799971237778664e-06
134,115438,1,1,1,2.3219981812871993e-06
135,33528,1,1,1,2.5190020096488297e-06
136,28302,1,0,0,1.4879988157190382e-06
137,17147,1,1,1,2.2799977159593254e-06
138,131850,1,1,1,2.3280008463189006e-06
139,82705,1,1,1,2.243999915663153e-06
140,8979,1,1,1,2.3089996830094606e-06
141,131861,1,1,1,2.4990004021674395e-06
142,123672,1,1,1,2.2099993657320738e-06
143,113251,1,0,0,1.5700024960096925e-06
144,66351,1,1,1,2.0039988157805055e-06
145,17204,1,1,1,2.597000275272876e-06
146,25401,1,1,1,2.4420005502179265e-06
147,115519,1,1,1,2.3799984774086624e-06
148,82752,1,1,1,2.5760018615983427e-06
149,41802,1,1,1,2.501998096704483e-06
150,115544,1,1,1,2.0619991119019687e-06
151,124353,1,0,0,1.45800004247576e-06
152,115545,1,1,1,2.487999154254794e-06
153,50011,1,1,1,2.2669992176815867e-06
154,90972,1,1,1,2.3190004867501557e-06
155,99180,1,1,1,2.3120010155253112e-06
156,123764,1,1,1,2.2459971660282463e-06
157,82804,1,1,1,2.444001438561827e-06
158,94561,1,0,0,1.4730030670762062e-06
159,17268,1,1,1,2.354998287046328e-06
160,89813,1,0,0,1.4619981811847538e-06
161,91008,1,1,1,2.097000106004998e-06
162,897,1,1,1,4.347002686699852e-06
163,17290,1,1,1,2.6749985408969223e-06
164,123788,1,1,1,2.16899934457615e-06
165,25485,1,1,1,2.382999809924513e-06
166,25487,1,1,1,2.381999365752563e-06
167,123792,1,1,1,2.1900013962294906e-06
168,33687,1,1,1,2.2659987735096365e-06
169,28894,1,0,0,1.3360004231799394e-06
170,123800,1,1,1,2.258999302284792e-06
171,82847,1,1,1,2.7610003598965704e-06
172,25508,1,1,1,2.071999915642664e-06
173,54067,1,0,0,1.4809993444941938e-06
174,99245,1,1,1,2.2620006348006427e-06
175,88729,1,0,0,1.462998625356704e-06
176,50098,1,1,1,3.7720019463449717e-06
177,11153,1,0,0,1.5480000001844019e-06
178,132024,1,1,1,2.4950022634584457e-06
179,123835,1,1,1,2.544999006204307e-06
180,82888,1,1,1,2.5030021788552403e-06
181,25544,1,1,1,2.5129993446171284e-06
182,107467,1,1,1,2.595999831100926e-06
183,25551,1,1,1,2.130000211764127e-06
184,33752,1,1,1,2.302000211784616e-06
185,41947,1,1,1,2.548997144913301e-06
186,115676,1,1,1,2.405999111942947e-06
187,123879,1,1,1,2.1359992388170213e-06
188,66539,1,1,1,2.1800005924887955e-06
189,66556,1,1,1,2.1619998733513057e-06
190,66557,1,0,0,1.4880024536978453e-06
191,132106,1,1,1,2.4180008040275425e-06
192,115733,1,1,1,2.848999429261312e-06
193,25623,1,1,1,2.2800013539381325e-06
194,45104,1,0,0,1.510001311544329e-06
195,115741,1,1,1,2.28699718718417e-06
196,17438,1,1,1,2.434000634821132e-06
197,17442,1,1,1,2.3030006559565663e-06
198,91187,1,1,1,2.486998710082844e-06
199,50245,1,1,1,2.9669972718693316e-06
200,50251,1,1,1,2.425000275252387e-06
201,83022,1,1,1,2.1999985619913787e-06
202,42072,1,1,1,2.2419990273192525e-06
203,50266,1,1,1,2.3510001483373344e-06
204,17501,1,1,1,2.1599989850074053e-06
205,23894,1,0,0,1.5229998098220676e-06
206,1120,1,1,1,2.1810010366607457e-06
207,42081,1,1,1,2.3799984774086624e-06
208,91233,1,1,1,2.329001290490851e-06
209,50280,1,1,1,2.2700005501974374e-06
210,91247,1,1,1,2.2130006982479244e-06
211,91254,1,1,1,2.349002897972241e-06
212,99450,1,1,1,2.333999873371795e-06
213,58491,1,1,1,2.3899992811493576e-06
214,66686,1,1,1,2.2179992811288685e-06
215,24141,1,0,0,1.5639998309779912e-06
216,25736,1,1,1,2.2269996406976134e-06
217,107658,1,1,1,2.281998604303226e-06
218,99468,1,1,1,2.4880027922336012e-06
219,25741,1,1,1,2.625001798151061e-06
220,83092,1,1,1,2.3320026230067015e-06
221,66725,1,1,1,2.2330023057293147e-06
222,91313,1,1,1,2.3180000425782055e-06
223,117363,1,0,0,1.3039971236139536e-06
224,107705,1,1,1,2.4280016077682376e-06
225,107716,1,1,1,2.0459992811083794e-06
226,83161,1,1,1,2.648997906362638e-06
227,34012,1,1,1,2.2669992176815867e-06
228,91703,1,0,0,1.4620018191635609e-06
229,25833,1,1,1,2.3379980120807886e-06
230,42224,1,1,1,2.5789995561353862e-06
231,124144,1,1,1,2.554999809945002e-06
232,58654,1,0,0,1.3899989426136017e-06
233,99570,1,1,1,2.282002242282033e-06
234,99572,1,1,1,2.38200300373137e-06
235,115964,1,1,1,2.3649990907870233e-06
236,115965,1,1,1,2.082000719383359e-06
237,91408,1,1,1,2.1850028133485466e-06
238,115987,1,1,1,2.696000592550263e-06
239,34067,1,1,1,2.6529996830504388e-06
240,58648,1,1,1,2.1619998733513057e-06
241,75038,1,1,1,2.7480018616188318e-06
242,75040,1,1,1,2.081997081404552e-06
243,9504,1,1,1,2.053002390312031e-06
244,99627,1,1,1,2.435997885186225e-06
245,75066,1,1,1,1.9129984138999134e-06
246,42310,1,1,1,2.230997779406607e-06
247,17737,1,1,1,1.763000909704715e-06
248,17738,1,1,1,2.2599997464567423e-06
249,42320,1,1,1,2.526001480873674e-06
250,11423,1,0,0,1.3860008039046079e-06
251,124245,1,1,1,1.8610007828101516e-06
252,1369,1,1,1,2.2080021153669804e-06
253,42331,1,1,1,1.986998540814966e-06
254,79424,1,0,0,1.4329998521134257e-06
255,42343,1,1,1,2.3460015654563904e-06
256,107888,1,1,1,2.5609988369978964e-06
257,8073,1,0,0,1.424999936716631e-06
258,1400,1,1,1,2.5800000003073364e-06
259,58752,1,1,1,2.507000317564234e-06
260,75146,1,1,1,2.4809996830299497e-06
261,45827,1,0,0,1.3999997463542968e-06
262,58766,1,1,1,2.0980005501769483e-06
263,99757,1,1,1,2.1129999367985874e-06
264,66996,1,1,1,1.7970014596357942e-06
265,124363,1,1,1,2.415999915683642e-06
266,17868,1,1,1,2.0429979485925287e-06
267,50637,1,1,1,2.306001988472417e-06
268,9679,1,1,1,2.210999809904024e-06
269,50643,1,1,1,2.7599999157246202e-06
270,116180,1,1,1,2.0560000848490745e-06
271,17876,1,1,1,2.025997673626989e-06
272,99802,1,1,1,2.18700006371364e-06
273,83425,1,1,1,2.321001375094056e-06
274,91618,1,1,1,4.034998710267246e-06
275,32755,1,0,0,1.5750010788906366e-06
276,26086,1,1,1,2.362998202443123e-06
277,116211,1,1,1,2.2140011424198747e-06
278,67068,1,1,1,2.177999704144895e-06
279,116231,1,1,1,2.5149965949822217e-06
280,132620,1,1,1,2.2089989215601236e-06
281,132632,1,1,1,2.163000317523256e-06
282,91688,1,1,1,2.192002284573391e-06
283,91692,1,1,1,2.291999408043921e-06
284,26169,1,1,1,2.220000169472769e-06
285,17980,1,1,1,2.2860003809910268e-06
286,26174,1,1,1,2.34500112128444e-06
287,67143,1,1,1,2.6999987312592566e-06
288,50760,1,1,1,2.3850006982684135e-06
289,108113,1,1,1,2.30599835049361e-06
290,99924,1,1,1,2.120999852195382e-06
291,30701,1,0,0,1.4550023479387164e-06
292,132716,1,1,1,2.5510016712360084e-06
293,69500,1,0,0,1.5110017557162791e-06
294,50815,1,1,1,1.8359969544690102e-06
295,108175,1,1,1,2.311000571353361e-06
296,108183,1,1,1,2.2280000848695636e-06
297,80998,1,0,0,1.4739998732693493e-06
298,108190,1,1,1,2.4670007405802608e-06
299,18081,1,1,1,2.3139982658904046e-06
300,59041,1,1,1,2.4619985197205096e-06
301,116398,1,1,1,2.3840002540964633e-06
302,63553,1,0,0,1.5590012480970472e-06
303,124592,1,1,1,2.4179971660487354e-06
304,132804,1,1,1,2.0940024114679545e-06
305,42700,1,1,1,2.143002348020673e-06
306,35631,1,0,0,1.4449979062192142e-06
307,75472,1,1,1,2.4460023269057274e-06
308,116454,1,1,1,2.4930013751145452e-06
309,59112,1,1,1,2.5410008674953133e-06
310,50922,1,1,1,2.2650019673164934e-06
311,21008,1,0,0,1.4430006558541209e-06
312,26355,1,1,1,2.420998498564586e-06
313,42746,1,1,1,2.3619977582711726e-06
314,26362,1,1,1,2.2659987735096365e-06
315,37286,1,0,0,1.3690005289390683e-06
316,108288,1,1,1,2.2669992176815867e-06
317,50946,1,1,1,2.3860011424403638e-06
318,108291,1,1,1,2.2050007828511298e-06
319,119219,1,0,0,7.538001227658242e-06
320,42774,1,1,1,2.3699976736679673e-06
321,109908,1,0,0,1.5240002539940178e-06
322,10017,1,1,1,2.253000275231898e-06
323,59182,1,1,1,2.149001375073567e-06
324,50991,1,1,1,2.153999957954511e-06
325,59186,1,1,1,2.2950007405597717e-06
326,26434,1,1,1,2.277000021422282e-06
327,109687,1,0,0,1.467997208237648e-06
328,10058,1,1,1,2.1220002963673323e-06
329,59224,1,1,1,2.3649990907870233e-06
330,132953,1,1,1,2.8329995984677225e-06
331,26480,1,1,1,2.3270004021469504e-06
332,83830,1,1,1,2.359000063734129e-06
333,108408,1,1,1,1.9409999367780983e-06
334,10116,1,1,1,2.2810017981100827e-06
335,10117,1,1,1,2.6800007617566735e-06
336,42887,1,1,1,4.4289990910328925e-06
337,124809,1,1,1,2.253000275231898e-06
338,37264,1,0,0,1.4800025383010507e-06
339,1933,1,1,1,2.2840031306259334e-06
340,51101,1,1,1,1.919997885124758e-06
341,133024,1,1,1,2.3079992388375103e-06
342,133029,1,1,1,2.4669971026014537e-06
343,10174,1,1,1,2.2999993234407157e-06
344,1987,1,1,1,6.390997441485524e-06
345,77979,1,0,0,2.7480018616188318e-06
346,108487,1,1,1,7.0019996201153845e-06
347,51146,1,1,1,3.3910000638570637e-06
348,133102,1,1,1,2.787000994430855e-06
349,84458,1,0,0,1.5879995771683753e-06
350,59381,1,1,1,2.44499824475497e-06
351,73083,1,0,0,1.5370023902505636e-06
352,83966,1,1,1,2.662996848812327e-06
353,124929,1,1,1,2.545002644183114e-06
354,43010,1,1,1,2.529999619582668e-06
355,108548,1,1,1,2.5280023692175746e-06
356,124933,1,1,1,2.1840023691765964e-06
357,43685,1,0,0,1.462998625356704e-06
358,92190,1,1,1,2.4479995772708207e-06
359,34866,1,1,1,2.3169995984062552e-06
360,34869,1,1,1,2.091001078952104e-06
361,59461,1,1,1,2.2180029191076756e-06
362,125001,1,1,1,2.1790001483168453e-06
363,28865,1,0,0,1.5080004232004285e-06
364,100465,1,1,1,2.172000677092001e-06
365,59507,1,1,1,2.5800000003073364e-06
366,2167,1,1,1,1.8949976947624236e-06
367,125054,1,1,1,2.2519998310599476e-06
368,36146,1,0,0,1.5420009731315076e-06
369,67719,1,1,1,2.4289984139613807e-06
370,67720,1,1,1,2.253000275231898e-06
371,59538,1,1,1,2.1989981178194284e-06
372,59549,1,1,1,2.3000029614195228e-06
373,59550,1,1,1,2.32499951380305e-06
374,59556,1,1,1,2.4799992388579994e-06
375,97688,1,0,0,1.5069999790284783e-06
376,116902,1,1,1,1.987998984986916e-06
377,2218,1,1,1,2.311997377546504e-06
378,88728,1,0,0,1.5270015865098685e-06
379,51378,1,1,1,2.2189997253008187e-06
380,59570,1,1,1,2.2839994926471263e-06
381,84150,1,1,1,1.9599974621087313e-06
382,108734,1,1,1,2.191998646594584e-06
383,51407,1,1,1,2.2139975044410676e-06
384,2255,1,1,1,2.5330009520985186e-06
385,84186,1,1,1,2.2860003809910268e-06
386,100581,1,1,1,2.181997842853889e-06
387,59625,1,1,1,1.9850012904498726e-06
388,26860,1,1,1,2.6529996830504388e-06
389,26861,1,1,1,2.420001692371443e-06
390,51439,1,1,1,2.1609994291793555e-06
391,125170,1,1,1,2.0760016923304647e-06
392,43279,1,1,1,2.1699997887481004e-06
393,59667,1,1,1,2.1619998733513057e-06
394,100629,1,1,1,2.267999661853537e-06
395,100630,1,1,1,2.1619998733513057e-06
396,86902,1,0,0,1.4370016288012266e-06
397,108825,1,1,1,2.106000465573743e-06
398,60473,1,0,0,1.510998117737472e-06
399,108826,1,1,1,2.3569991753902286e-06
400,84259,1,1,1,6.319998647086322e-06
401,51495,1,1,1,2.5720000849105418e-06
402,125233,1,1,1,2.472999767633155e-06
403,59699,1,1,1,1.9750004867091775e-06
404,94753,1,0,0,1.4699980965815485e-06
405,59700,1,1,1,2.0839979697484523e-06
406,67894,1,1,1,2.2420026652980596e-06
407,26936,1,1,1,2.519998815841973e-06
408,84302,1,1,1,2.4430009943898767e-06
409,35161,1,1,1,2.2559979697689414e-06
410,13641,1,0,0,1.4079996617510915e-06
411,51547,1,1,1,2.128999767592177e-06
412,18782,1,1,1,2.3230022634379566e-06
413,125281,1,1,1,2.434000634821132e-06
414,100716,1,1,1,2.311000571353361e-06
415,84334,1,1,1,2.164000761695206e-06
416,92539,1,1,1,2.5469998945482075e-06
417,100736,1,1,1,2.34500112128444e-06
418,27011,1,1,1,2.092001523124054e-06
419,18999,1,0,0,1.4379984349943697e-06
420,92554,1,1,1,2.405999111942947e-06
421,92555,1,1,1,2.1330015442799777e-06
422,108945,1,1,1,2.676999429240823e-06
423,2449,1,1,1,2.3089996830094606e-06
424,10643,1,1,1,2.201999450335279e-06
425,108947,1,1,1,2.0939987734891474e-06
426,59802,1,1,1,2.3699976736679673e-06
427,59810,1,1,1,2.2980020730756223e-06
428,92578,1,1,1,2.016000507865101e-06
429,21006,1,0,0,1.4920005924068391e-06
430,117163,1,1,1,2.277000021422282e-06
431,117171,1,1,1,2.296001184731722e-06
432,2487,1,1,1,1.983000402105972e-06
433,108990,1,1,1,1.981999957934022e-06
434,108992,1,1,1,2.4559994926676154e-06
435,10715,1,1,1,2.3669999791309237e-06
436,2535,1,1,1,2.2130006982479244e-06
437,10729,1,1,1,2.1220002963673323e-06
438,109037,1,1,1,2.3040011001285166e-06
439,84464,1,1,1,2.0469997252803296e-06
440,80472,1,0,0,1.4319994079414755e-06
441,18953,1,1,1,2.291999408043921e-06
442,100876,1,1,1,2.335000317543745e-06
443,125455,1,1,1,2.0469997252803296e-06
444,18959,1,1,1,2.1600026229862124e-06
445,125462,1,1,1,2.087999746436253e-06
446,84511,1,1,1,2.04800016945228e-06
447,2591,1,1,1,2.2560016077477485e-06
448,120834,1,0,0,1.453998265787959e-06
449,84513,1,1,1,1.958000211743638e-06
450,84515,1,1,1,2.0560000848490745e-06
451,117290,1,1,1,2.16899934457615e-06
452,100912,1,1,1,2.6329980755690485e-06
453,117308,1,1,1,2.2360000002663583e-06
454,2627,1,1,1,1.8160026229452342e-06
455,51779,1,1,1,2.1269988792482764e-06
456,27221,1,1,1,2.0080005924683064e-06
457,2648,1,1,1,2.2469976102001965e-06
458,27224,1,1,1,2.3940010578371584e-06
459,43614,1,1,1,2.134001988451928e-06
460,27244,1,1,1,2.1220002963673323e-06
461,92791,1,1,1,2.430002496112138e-06
462,100993,1,1,1,2.2669992176815867e-06
463,19077,1,1,1,2.0560000848490745e-06
464,60059,1,1,1,3.7680001696571708e-06
465,68261,1,1,1,2.315999154234305e-06
466,27302,1,1,1,2.492997737135738e-06
467,27304,1,1,1,2.2809981601312757e-06
468,60076,1,1,1,2.354001480853185e-06
469,76465,1,1,1,2.143999154213816e-06
470,101054,1,1,1,2.267999661853537e-06
471,117442,1,1,1,1.9990002328995615e-06
472,12545,1,0,0,1.4610013749916106e-06
473,117446,1,1,1,2.153999957954511e-06
474,60107,1,1,1,2.0510015019681305e-06
475,51969,1,1,1,2.1650012058671564e-06
476,80112,1,0,0,1.5570003597531468e-06
477,84741,1,1,1,2.3329994291998446e-06
478,19207,1,1,1,1.953998435055837e-06
479,51983,1,1,1,2.192002284573391e-06
480,109334,1,1,1,2.0080005924683064e-06
481,109341,1,1,1,2.333999873371795e-06
482,52132,1,0,0,1.4879988157190382e-06
483,11039,1,1,1,2.157998096663505e-06
484,63174,1,0,0,1.4379984349943697e-06
485,92963,1,1,1,2.354001480853185e-06
486,71299,1,0,0,1.4939978427719325e-06
487,2858,1,1,1,2.1129999367985874e-06
488,12205,1,0,0,1.4229990483727306e-06
489,101181,1,1,1,2.20600122702308e-06
490,101182,1,1,1,2.3809989215806127e-06
491,101190,1,1,1,2.053999196505174e-06
492,125768,1,1,1,2.3649990907870233e-06
493,93005,1,1,1,2.3319989850278944e-06
494,76624,1,1,1,2.410997694823891e-06
495,84817,1,1,1,1.939002686413005e-06
496,76643,1,1,1,1.967000571312383e-06
497,101219,1,1,1,2.0410006982274354e-06
498,109416,1,1,1,2.6429988793097436e-06
499,109418,1,1,1,2.335997123736888e-06
500,68472,1,1,1,2.007000148296356e-06
501,19342,1,1,1,2.2269996406976134e-06
502,15635,1,0,0,1.4879988157190382e-06
503,60313,1,1,1,2.701999619603157e-06
504,52137,1,1,1,2.296001184731722e-06
505,27561,1,1,1,2.2610001906286925e-06
506,126934,1,0,0,1.4210017980076373e-06
507,93099,1,1,1,2.872999175451696e-06
508,60332,2,1,1,2.7579990273807198e-06
509,121149,1,0,0,1.4759971236344427e-06
510,2989,1,1,1,2.225999196525663e-06
511,72605,1,0,0,1.4729994290973991e-06
512,60337,1,1,1,2.153999957954511e-06
513,27575,1,1,1,2.4080000002868474e-06
514,76751,1,1,1,2.1660016500391066e-06
515,19411,1,1,1,2.043998392764479e-06
516,101344,1,1,1,3.5190023481845856e-06
517,23705,1,0,0,1.6049998521339148e-06
518,19436,1,1,1,0.00026307999723940156
519,19445,1,1,1,5.3820003813598305e-06
520,27638,1,1,1,2.511002094252035e-06
521,27641,1,1,1,2.459000825183466e-06
522,36910,1,0,0,1.6710000636521727e-06
523,109564,1,1,1,2.6720008463598788e-06
524,101379,1,1,1,2.4330001906491816e-06
525,19480,1,1,1,2.7080022846348584e-06
526,3105,1,1,1,1.9840008462779224e-06
527,3108,1,1,1,1.9239996618125588e-06
528,35882,1,1,1,2.725999365793541e-06
529,44075,1,1,1,6.729002052452415e-06
530,44083,1,1,1,2.5459994503762573e-06
531,117813,1,1,1,2.2660024114884436e-06
532,117818,1,1,1,2.5039989850483835e-06
533,3138,1,1,1,2.587999915704131e-06
534,3142,1,1,1,2.1859996195416898e-06
535,3151,1,1,1,2.2569984139408916e-06
536,101461,1,1,1,2.2170024749357253e-06
537,101462,1,1,1,2.511998900445178e-06
538,63861,1,0,0,1.4500001270789653e-06
539,93275,1,1,1,2.387001586612314e-06
540,101467,1,1,1,2.3229986254591495e-06
541,126045,1,1,1,2.730001142481342e-06
542,27743,1,1,1,1.9379986042622477e-06
543,3169,1,1,1,2.868997398763895e-06
544,104523,1,0,0,1.3809985830448568e-06
545,85104,1,1,1,2.2000021999701858e-06
546,29422,1,0,0,1.3739991118200123e-06
547,35954,1,1,1,1.996999344555661e-06
548,35958,1,1,1,2.2460008040070534e-06
549,109696,1,1,1,2.2940002963878214e-06
550,52357,1,1,1,2.249002136522904e-06
551,6446,1,0,0,1.4690012903884053e-06
552,52361,1,1,1,2.348999259993434e-06
553,3210,1,1,1,2.32499951380305e-06
554,56169,1,0,0,1.5650002751499414e-06
555,68750,1,1,1,3.415199898881838e-05
556,60560,1,1,1,4.98300141771324e-06
557,101521,1,1,1,3.1470008252654225e-06
558,36475,1,0,0,1.9069993868470192e-06
559,126103,1,1,1,2.62100002146326e-06
560,126106,1,1,1,2.2799977159593254e-06
561,3235,1,1,1,2.4649998522363603e-06
562,36015,1,1,1,2.192999090766534e-06
563,36016,1,1,1,2.3710017558187246e-06
564,63676,1,0,0,1.720000000204891e-06
565,36029,1,1,1,2.302000211784616e-06
566,44239,1,1,1,2.3409993445966393e-06
567,30016,1,0,0,1.5120021998882294e-06
568,109781,1,1,1,2.268003299832344e-06
569,93406,1,1,1,2.3560023691970855e-06
570,36062,1,1,1,2.6130001060664654e-06
571,109792,1,1,1,2.4559994926676154e-06
572,109793,1,1,1,2.3840002540964633e-06
573,109796,1,1,1,1.9099970813840628e-06
574,101612,1,1,1,2.281998604303226e-06
575,3329,1,1,1,2.0099978428333998e-06
576,102759,1,0,0,1.3999997463542968e-06
577,60676,1,1,1,2.5769986677914858e-06
578,118024,1,1,1,2.277996827615425e-06
579,111419,1,0,0,1.5320001693908125e-06
580,11530,1,1,1,2.128999767592177e-06
581,11552,1,1,1,2.6950001483783126e-06
582,63674,1,0,0,1.5549994714092463e-06
583,52527,1,1,1,2.22500239033252e-06
584,118067,1,1,1,2.230000973213464e-06
585,85568,1,0,0,1.4760007616132498e-06
586,36150,1,1,1,2.2599997464567423e-06
587,65260,1,0,0,1.4920005924068391e-06
588,68931,1,1,1,2.0470033632591367e-06
589,93518,1,1,1,2.3659995349589735e-06
590,93521,1,1,1,2.163997123716399e-06
591,126293,1,1,1,3.815999662037939e-06
592,52591,1,1,1,2.578002749942243e-06
593,77182,1,1,1,2.725002559600398e-06
594,60815,1,1,1,2.4269975256174803e-06
595,44707,1,0,0,1.5920013538561761e-06
596,11665,1,1,1,2.459000825183466e-06
597,60824,1,1,1,2.373999450355768e-06
598,93597,1,1,1,2.263997885165736e-06
599,56796,1,0,0,1.4239994925446808e-06
600,93608,1,1,1,2.144999598385766e-06
601,110003,1,1,1,2.4619985197205096e-06
602,85452,1,1,1,2.550001227064058e-06
603,3534,1,1,1,2.450000465614721e-06
604,77269,1,1,1,2.157998096663505e-06
605,69077,1,1,1,2.125998435076326e-06
606,19926,2,1,1,3.1560011848341674e-06
607,101849,1,1,1,2.128999767592177e-06
608,120630,1,0,0,1.4360011846292764e-06
609,28130,1,1,1,2.377997589064762e-06
610,52707,1,1,1,2.183001925004646e-06
611,101861,1,1,1,2.2030035324860364e-06
612,19944,1,1,1,2.128999767592177e-06
613,88121,1,0,0,1.4239994925446808e-06
614,101877,2,1,1,2.6650013751350343e-06
615,93690,1,1,1,2.2120002540759742e-06
616,93692,1,1,1,2.1320011001080275e-06
617,85508,1,1,1,2.2130006982479244e-06
618,85510,1,1,1,2.3379980120807886e-06
619,52744,1,1,1,2.229997335234657e-06
620,3598,1,1,1,2.062002749880776e-06
621,36370,1,1,1,2.077998942695558e-06
622,118310,1,1,1,2.2050007828511298e-06
623,60979,1,1,1,2.0599982235580683e-06
624,3636,1,1,1,2.0270017557777464e-06
625,85991,1,0,0,1.5210025594569743e-06
626,3639,1,1,1,2.1749983716290444e-06
627,85560,1,1,1,2.2360000002663583e-06
628,85561,1,1,1,2.1600026229862124e-06
629,118342,1,1,1,2.1359992388170213e-06
630,44623,1,1,1,1.9850012904498726e-06
631,101974,1,1,1,2.4600012693554163e-06
632,20057,1,1,1,2.392000169493258e-06
633,3678,1,1,1,2.5320005079265684e-06
634,3679,1,1,1,2.3139982658904046e-06
635,86782,1,0,0,1.4080032997298986e-06
636,28255,1,1,1,2.0509978639893234e-06
637,105974,1,0,0,1.3540011423174292e-06
638,3684,1,1,1,2.3460015654563904e-06
639,28260,2,1,1,2.7890018827747554e-06
640,95148,1,0,0,1.4409997675102204e-06
641,28262,1,1,1,2.859000233002007e-06
642,3689,1,1,1,2.2269996406976134e-06
643,36474,1,1,1,2.3329994291998446e-06
644,3711,1,1,1,2.7429996407590806e-06
645,44678,1,1,1,2.101998688885942e-06
646,118406,1,1,1,2.0510015019681305e-06
647,61078,1,1,1,2.210999809904024e-06
648,73416,1,0,0,1.3640019460581243e-06
649,93860,1,1,1,2.1999985619913787e-06
650,93873,1,1,1,2.6660018193069845e-06
651,110260,1,1,1,2.124997990904376e-06
652,77518,1,1,1,2.024997229455039e-06
653,77528,1,1,1,2.249998942716047e-06
654,77529,1,1,1,2.6509987947065383e-06
655,20188,1,1,1,3.50600021192804e-06
656,110300,1,1,1,2.263001078972593e-06
657,112379,1,0,0,1.368000084767118e-06
658,118494,1,1,1,2.2329986677505076e-06
659,52970,1,1,1,1.958000211743638e-06
660,57189,1,0,0,1.4049983292352408e-06
661,52971,1,1,1,2.595999831100926e-06
662,3830,1,1,1,2.550001227064058e-06
663,102134,1,1,1,1.87299883691594e-06
664,20243,1,1,1,2.392000169493258e-06
665,110358,1,1,1,2.368000423302874e-06
666,69403,1,1,1,2.273998688906431e-06
667,126748,1,1,1,2.1619998733513057e-06
668,69411,1,1,1,2.1889973140787333e-06
669,93988,1,1,1,2.802997187245637e-06
670,85811,1,1,1,2.311000571353361e-06
671,118580,1,1,1,2.0309998944867402e-06
672,85815,1,1,1,2.439002855680883e-06
673,85832,1,1,1,2.3379980120807886e-06
674,20297,1,1,1,2.254000719403848e-06
675,94024,1,1,1,2.4620021576993167e-06
676,110432,1,1,1,2.1550004021264613e-06
677,118631,1,1,1,2.1429987100418657e-06
678,126831,1,1,1,2.0460029190871865e-06
679,28530,1,1,1,1.9760009308811277e-06
680,12152,1,1,1,2.7520000003278255e-06
681,12165,1,1,1,2.1930027287453413e-06
682,69512,1,1,1,2.034998033195734e-06
683,44945,1,1,1,2.348999259993434e-06
684,36753,1,1,1,2.0090010366402566e-06
685,40403,1,0,0,1.4170000213198364e-06
686,28564,1,1,1,3.769000613829121e-06
687,44952,1,1,1,2.4910004867706448e-06
688,28579,1,1,1,2.6569978217594326e-06
689,61359,1,1,1,2.278997271787375e-06
690,110520,1,1,1,2.262997440993786e-06
691,102335,1,1,1,2.254000719403848e-06
692,4035,1,1,1,2.043998392764479e-06
693,113912,1,0,0,1.4329998521134257e-06
694,4045,1,1,1,2.243999915663153e-06
695,112425,1,0,0,1.5020013961475343e-06
696,28625,1,1,1,2.4760011001490057e-06
697,36823,1,1,1,2.430002496112138e-06
698,126937,1,1,1,2.1599989850074053e-06
699,102362,1,1,1,2.3989996407181025e-06
700,69595,1,1,1,2.0179977582301944e-06
701,77788,1,1,1,2.0030020095873624e-06
702,110572,1,1,1,1.9559993233997375e-06
703,45052,1,1,1,2.2849999368190765e-06
704,110590,1,1,1,2.1859996195416898e-06
705,61439,1,1,1,1.8639984773471951e-06
706,86017,1,1,1,2.7380010578781366e-06
707,110593,1,1,1,2.1609994291793555e-06
708,23255,1,0,0,1.686999894445762e-06
709,12293,1,1,1,2.5219997041858733e-06
710,102424,1,1,1,2.176999259972945e-06
711,110619,1,1,1,2.1420019038487226e-06
712,69681,1,1,1,2.315999154234305e-06
713,86065,1,1,1,2.210999809904024e-06
714,45106,1,1,1,2.1889973140787333e-06
715,111936,1,0,0,1.5799996617715806e-06
716,12337,1,1,1,2.3319989850278944e-06
717,110649,1,1,1,2.405999111942947e-06
718,61498,1,1,1,2.100998244713992e-06
719,102475,1,1,1,3.868000931106508e-06
720,45133,1,1,1,2.282999048475176e-06
721,69722,1,1,1,3.098000888712704e-06
722,77917,1,1,1,2.2379972506314516e-06
723,110691,1,1,1,2.496999513823539e-06
724,94316,1,1,1,2.4129985831677914e-06
725,53360,1,1,1,2.2120002540759742e-06
726,53367,1,1,1,2.211996616097167e-06
727,12409,1,1,1,2.057997335214168e-06
728,9906,2,0,0,1.7480015230830759e-06
729,110715,1,1,1,2.130000211764127e-06
730,53376,1,1,1,2.32499951380305e-06
731,28808,1,1,1,2.2620006348006427e-06
732,28812,1,1,1,2.2809981601312757e-06
733,61581,1,1,1,2.348999259993434e-06
734,61582,1,1,1,2.429998858133331e-06
735,61584,1,1,1,2.215998392784968e-06
736,102551,1,1,1,2.429998858133331e-06
737,45213,1,1,1,2.0279985619708896e-06
738,23627,1,0,0,1.4420002116821706e-06
739,53406,1,1,1,2.140001015504822e-06
740,118947,1,1,1,1.8079990695696324e-06
741,53423,1,1,1,2.1899977582506835e-06
742,12472,1,1,1,2.568998752394691e-06
743,4288,1,1,1,2.3860011424403638e-06
744,94409,1,1,1,1.991000317502767e-06
745,110797,1,1,1,1.8809987523127347e-06
746,12497,1,1,1,1.944001269293949e-06
747,7091,1,0,0,1.368000084767118e-06
748,20695,1,1,1,2.135002432623878e-06
749,12504,1,1,1,2.450000465614721e-06
750,4311,2,1,1,2.731001586653292e-06
751,4315,1,1,1,2.3229986254591495e-06
752,86261,1,1,1,2.4040018615778536e-06
753,20742,1,1,1,2.140001015504822e-06
754,4377,1,1,1,2.1669984562322497e-06
755,53534,1,1,1,2.2380008886102587e-06
756,37151,1,1,1,1.8889986677095294e-06
757,121632,2,0,0,1.6989979485515505e-06
758,20768,1,1,1,2.3229986254591495e-06
759,20771,1,1,1,2.0940024114679545e-06
760,28971,1,1,1,2.435001078993082e-06
761,62853,1,0,0,1.4759971236344427e-06
762,20780,1,1,1,2.0740008039865643e-06
763,119091,1,1,1,2.1519990696106106e-06
764,54066,1,0,0,1.4030010788701475e-06
765,119095,1,1,1,2.229997335234657e-06
766,20797,2,1,1,3.126002411590889e-06
767,53578,1,1,1,2.5230001483578235e-06
768,12631,1,1,1,2.4430009943898767e-06
769,110940,1,1,1,2.0890001906082034e-06
770,61790,1,1,1,2.826000127242878e-06
771,61792,1,1,1,2.168002538383007e-06
772,29027,1,1,1,1.9660001271404326e-06
773,122745,1,0,0,1.4750003174412996e-06
774,4462,1,1,1,2.059001417364925e-06
775,78194,1,1,1,2.353997842874378e-06
776,119154,1,1,1,1.8499995348975062e-06
777,57001,1,0,0,1.4739998732693493e-06
778,53620,1,1,1,2.076998498523608e-06
779,119163,1,1,1,2.14899773709476e-06
780,110975,1,1,1,2.474000211805105e-06
781,53637,1,1,1,2.48300057137385e-06
782,119180,1,1,1,2.310000127181411e-06
783,29076,1,1,1,2.224998752353713e-06
784,4501,1,1,1,3.50600021192804e-06
785,12705,1,1,1,2.420001692371443e-06
786,37287,1,1,1,2.1550004021264613e-06
787,111016,1,1,1,7.947000995045528e-06
788,94638,1,1,1,2.087999746436253e-06
789,94639,1,1,1,2.267999661853537e-06
790,37317,1,1,1,2.1519990696106106e-06
791,29132,1,1,1,2.064000000245869e-06
792,102892,1,1,1,3.201999788871035e-06
793,45556,1,1,1,2.316002792213112e-06
794,6295,1,0,0,1.4420002116821706e-06
795,70148,1,1,1,2.163000317523256e-06
796,29189,1,1,1,1.8559985619504005e-06
797,70149,1,1,1,2.192999090766534e-06
798,29190,1,1,1,2.596003469079733e-06
799,96571,1,0,0,1.5400000847876072e-06
800,29193,1,1,1,2.4979999579954892e-06
801,45587,1,1,1,2.2120002540759742e-06
802,57201,1,0,0,1.4070028555579484e-06
803,12861,1,1,1,2.1750020096078515e-06
804,119368,1,1,1,2.4219989427365363e-06
805,94793,1,1,1,2.0429979485925287e-06
806,45640,1,1,1,2.0329971448518336e-06
807,4685,1,1,1,1.8099999579135329e-06
808,4686,1,1,1,2.4040018615778536e-06
809,127568,1,1,1,2.5520021154079586e-06
810,86615,1,1,1,1.8640021153260022e-06
811,78425,1,1,1,2.340002538403496e-06
812,70236,1,1,1,2.071999915642664e-06
813,78433,1,1,1,2.3229986254591495e-06
814,29285,1,1,1,2.1889973140787333e-06
815,103029,1,1,1,2.3180000425782055e-06
816,127614,1,1,1,2.1119994926266372e-06
817,86654,1,1,1,2.1949999791104347e-06
818,119424,1,1,1,2.3649990907870233e-06
819,12930,1,1,1,2.01099828700535e-06
820,4741,1,1,1,2.3229986254591495e-06
821,78477,1,1,1,2.4849978217389435e-06
822,94863,1,1,1,7.055998139549047e-06
823,21138,1,1,1,2.388002030784264e-06
824,86677,1,1,1,1.9950020941905677e-06
825,53915,1,1,1,1.972999598365277e-06
826,119453,1,1,1,2.3029970179777592e-06
827,120295,1,0,0,1.3780008885078132e-06
828,119458,1,1,1,2.357999619562179e-06
829,37540,1,1,1,1.857999450294301e-06
830,127660,1,1,1,2.3039974621497095e-06
831,86703,1,1,1,2.3749998945277184e-06
832,127663,1,1,1,1.958000211743638e-06
833,40641,1,0,0,1.4420002116821706e-06
834,103098,1,1,1,2.0029983716085553e-06
835,4796,1,1,1,2.3050015443004668e-06
836,4797,1,1,1,2.763998054433614e-06
837,53956,1,1,1,2.0900006347801536e-06
838,86739,1,1,1,2.1129999367985874e-06
839,13013,1,1,1,2.5650006136856973e-06
840,78550,1,1,1,1.8339997041039169e-06
841,127702,1,1,1,2.3600005079060793e-06
842,78555,1,1,1,2.1510022634174675e-06
843,78558,1,1,1,1.9380022422410548e-06
844,13023,1,1,1,1.8240025383420289e-06
845,70368,1,1,1,2.1359992388170213e-06
846,45792,1,1,1,3.6819983506575227e-06
847,13024,1,1,1,2.401000529062003e-06
848,56011,1,0,0,1.4739998732693493e-06
849,13045,1,1,1,6.766000296920538e-06
850,54014,1,1,1,4.49499930255115e-06
851,54018,1,1,1,4.8080000851769e-06
852,4871,1,1,1,2.3669999791309237e-06
853,127753,1,1,1,2.386997948633507e-06
854,54025,1,1,1,2.1839987311977893e-06
855,13070,1,1,1,1.8560021999292076e-06
856,54058,1,1,1,5.040998075855896e-06
857,4906,1,1,1,2.2120002540759742e-06
858,54061,1,1,1,2.477001544320956e-06
859,111417,1,1,1,2.2989988792687654e-06
860,86842,1,1,1,2.4270011635962874e-06
861,70459,1,1,1,2.359000063734129e-06
862,95038,1,1,1,2.4750006559770554e-06
863,111423,1,1,1,2.200999006163329e-06
864,103236,1,1,1,1.9940016500186175e-06
865,62283,1,1,1,2.0660008885897696e-06
866,72606,1,0,0,1.7800011846702546e-06
867,45901,1,1,1,2.1949999791104347e-06
868,127827,1,1,1,2.1810010366607457e-06
869,54101,1,1,1,2.191998646594584e-06
870,29526,1,1,1,2.1699997887481004e-06
871,62300,1,1,1,1.967997377505526e-06
872,62303,2,1,1,2.7909991331398487e-06
873,63487,1,0,0,1.4090001059230417e-06
874,86903,1,1,1,2.372999006183818e-06
875,21370,1,1,1,2.4669971026014537e-06
876,21371,1,1,1,2.396001946181059e-06
877,21383,1,1,1,2.0900006347801536e-06
878,54174,1,1,1,2.1359992388170213e-06
879,37794,1,1,1,1.9889994291588664e-06
880,54180,1,1,1,2.520999260013923e-06
881,45991,1,1,1,2.2089989215601236e-06
882,45999,1,1,1,2.0079969544894993e-06
883,86979,1,1,1,1.9270009943284094e-06
884,62405,1,1,1,2.0990009943488985e-06
885,86994,1,1,1,2.273998688906431e-06
886,62419,1,1,1,1.9600011000875384e-06
887,62420,1,1,1,5.018999218009412e-06
888,54243,1,1,1,2.257998858112842e-06
889,37861,1,1,1,2.158998540835455e-06
890,87019,1,1,1,2.395998308202252e-06
891,111620,1,1,1,2.3790016712155193e-06
892,29810,1,0,0,1.4499964891001582e-06
893,103430,1,1,1,2.2330023057293147e-06
894,103431,1,1,1,2.2849999368190765e-06
895,21514,1,1,1,2.1939995349384844e-06
896,128012,1,1,1,2.6170018827542663e-06
897,111642,1,1,1,1.9219987734686583e-06
898,21536,1,1,1,2.2470012481790036e-06
899,119844,1,1,1,2.177999704144895e-06
900,95270,1,1,1,2.095999661833048e-06
901,111655,1,1,1,2.1679989004042e-06
902,37942,1,1,1,1.9020008039660752e-06
903,78902,1,1,1,2.6149973564315587e-06
904,29756,1,1,1,2.3040011001285166e-06
905,46145,1,1,1,1.8499995348975062e-06
906,37953,2,1,1,2.5769986677914858e-06
907,130020,1,0,0,1.553999027237296e-06
908,29769,1,1,1,2.6950001483783126e-06
909,46153,1,1,1,2.253000275231898e-06
910,95324,1,1,1,3.815999662037939e-06
911,29790,1,1,1,1.92900188267231e-06
912,62561,1,1,1,2.677999873412773e-06
913,62569,1,1,1,2.525997842894867e-06
914,29802,1,1,1,2.2380008886102587e-06
915,62588,2,1,1,2.8569993446581066e-06
916,21629,1,1,1,2.5089975679293275e-06
917,62599,1,1,1,2.2959975467529148e-06
918,128151,1,1,1,2.0759980543516576e-06
919,46238,1,1,1,2.2270032786764205e-06
920,95393,1,1,1,2.4279979697894305e-06
921,119975,1,1,1,2.1029991330578923e-06
922,62639,1,1,1,2.135002432623878e-06
923,54450,1,1,1,2.1690029825549573e-06
924,54460,1,1,1,2.2220010578166693e-06
925,62653,1,1,1,2.34500112128444e-06
926,119999,1,1,1,2.654000127222389e-06
927,87234,1,1,1,2.20600122702308e-06
928,87264,1,1,1,2.3130014596972615e-06
929,120034,1,1,1,2.1999985619913787e-06
930,29925,1,1,1,2.3030006559565663e-06
931,70901,1,1,1,2.230000973213464e-06
932,103672,1,1,1,2.2220010578166693e-06
933,21764,1,1,1,2.243999915663153e-06
934,111890,1,1,1,1.977998181246221e-06
935,46359,1,1,1,1.8800019461195916e-06
936,5414,1,1,1,2.130000211764127e-06
937,5415,1,1,1,2.677999873412773e-06
938,111919,1,1,1,2.3789980332367122e-06
939,79153,1,1,1,2.281998604303226e-06
940,5427,1,1,1,2.263001078972593e-06
941,30015,1,1,1,2.253000275231898e-06
942,46405,1,1,1,1.992000761674717e-06
943,5454,1,1,1,1.9469989638309926e-06
944,123599,2,0,0,1.753996912157163e-06
945,111958,1,1,1,2.14999818126671e-06
946,111968,1,1,1,2.615997800603509e-06
947,5481,1,1,1,2.2140011424198747e-06
948,46454,1,1,1,1.8740029190666974e-06
949,87419,1,1,1,2.3799984774086624e-06
950,21884,1,1,1,2.4820001272019e-06
951,46462,1,1,1,2.510001650080085e-06
952,62846,1,1,1,2.144002792192623e-06
953,95611,1,1,1,2.0219995349179953e-06
954,13699,1,1,1,2.5790031941141933e-06
955,5514,1,1,1,2.1170017134863883e-06
956,6949,1,0,0,1.448999682907015e-06
957,103838,1,1,1,2.062002749880776e-06
958,87455,1,1,1,2.562999725341797e-06
959,5542,1,1,1,2.253000275231898e-06
960,13742,1,1,1,2.264001523144543e-06
961,38323,1,1,1,2.148000930901617e-06
962,38352,1,0,0,1.5379991964437068e-06
963,5559,1,1,1,2.18700006371364e-06
964,112061,1,1,1,2.095999661833048e-06
965,5580,1,1,1,2.52000245382078e-06
966,38350,1,1,1,1.8700011423788965e-06
967,5600,1,1,1,2.1129999367985874e-06
968,112098,1,1,1,2.368000423302874e-06
969,87524,1,1,1,2.200999006163329e-06
970,46577,1,1,1,2.058997779386118e-06
971,121901,1,0,0,1.3899989426136017e-06
972,71159,1,1,1,1.9079998310189694e-06
973,5639,1,1,1,2.14999818126671e-06
974,46600,1,1,1,3.678000211948529e-06
975,79372,1,1,1,2.062002749880776e-06
976,112159,1,1,1,2.1189989638514817e-06
977,79398,1,1,1,2.5710032787173986e-06
978,5677,3,1,1,3.0410010367631912e-06
979,13871,1,1,1,2.0650004444178194e-06
980,87601,1,1,1,2.1699997887481004e-06
981,104000,1,1,1,2.3890024749562144e-06
982,104004,1,1,1,2.534998202463612e-06
983,46673,1,1,1,2.392000169493258e-06
984,63057,1,1,1,2.310996933374554e-06
985,87638,1,1,1,6.971000402700156e-06
986,112222,1,1,1,4.125999112147838e-06
987,95844,1,1,1,3.727000148501247e-06
988,87662,1,1,1,2.7610003598965704e-06
989,112243,1,1,1,2.201002644142136e-06
990,71301,1,1,1,2.386997948633507e-06
991,95880,1,1,1,2.243999915663153e-06
992,63117,1,1,1,2.1710002329200506e-06
993,63119,1,1,1,2.2419990273192525e-06
994,16212,1,0,0,1.6589983715675771e-06
995,63141,1,1,1,2.240001776954159e-06
996,87720,1,1,1,2.1139967429917306e-06
997,30376,1,1,1,1.939002686413005e-06
998,38572,1,1,1,2.1240011847112328e-06
999,38576,1,1,1,1.9260005501564592e-06
1000,120508,1,1,1,2.2230015019886196e-06
1001,80397,1,0,0,1.5730001905467361e-06
1002,54975,1,1,1,2.278000465594232e-06
1003,79553,1,1,1,2.233999111922458e-06
1004,63173,1,1,1,2.468001184752211e-06
1005,128717,2,1,1,2.5520021154079586e-06
1006,46799,1,1,1,2.6649977371562272e-06
1007,38608,1,1,1,2.0039988157805055e-06
1008,95957,1,1,1,2.3129978217184544e-06
1009,112365,1,1,1,2.067998138954863e-06
1010,5873,1,1,1,2.216002030763775e-06
1011,5885,1,1,1,2.5740009732544422e-06
1012,63243,1,1,1,2.0980005501769483e-06
1013,55052,1,1,1,2.349999704165384e-06
1014,5900,1,1,1,2.249998942716047e-06
1015,55058,1,1,1,2.201999450335279e-06
1016,71442,1,1,1,2.353001036681235e-06
1017,79645,1,1,1,2.0570005290210247e-06
1018,22317,1,1,1,2.311000571353361e-06
1019,55088,1,1,1,2.196997229475528e-06
1020,30514,1,1,1,2.173001121263951e-06
1021,55090,1,1,1,2.263997885165736e-06
1022,38713,1,1,1,2.300999767612666e-06
1023,129005,1,0,0,1.4970028132665902e-06
1024,38714,1,1,1,2.2090025595389307e-06
1025,30528,1,1,1,2.1900013962294906e-06
1026,30529,1,1,1,4.55200279247947e-06
1027,38724,1,1,1,2.153999957954511e-06
1028,128842,1,1,1,2.210999809904024e-06
1029,87910,1,1,1,2.2940002963878214e-06
1030,112491,1,1,1,2.291002601850778e-06
1031,128876,1,1,1,2.291999408043921e-06
1032,120698,1,1,1,2.2120002540759742e-06
1033,63359,1,1,1,2.053999196505174e-06
1034,6142,1,0,0,1.4979996194597334e-06
1035,30592,1,1,1,1.7780002963263541e-06
1036,71554,1,1,1,3.178000042680651e-06
1037,30595,1,1,1,1.9420003809500486e-06
1038,22527,1,0,0,1.5609984984621406e-06
1039,14218,1,1,1,3.934001142624766e-06
1040,14219,1,1,1,2.0450024749152362e-06
1041,6936,2,0,0,1.8309983715880662e-06
1042,112528,1,1,1,2.4979999579954892e-06
1043,22418,1,1,1,2.1810010366607457e-06
1044,96146,1,1,1,2.2130006982479244e-06
1045,120748,1,1,1,2.348002453800291e-06
1046,6063,1,1,1,2.526001480873674e-06
1047,47047,1,1,1,2.272001438541338e-06
1048,72047,1,0,0,1.4180004654917866e-06
1049,128972,1,1,1,2.381999365752563e-06
1050,88017,1,1,1,2.3180000425782055e-06
1051,120800,1,1,1,1.9660001271404326e-06
1052,104417,1,1,1,2.1139967429917306e-06
1053,120805,1,1,1,2.0859988580923527e-06
1054,38888,1,1,1,2.1039995772298425e-06
1055,60673,2,0,0,1.9129984138999134e-06
1056,96234,1,1,1,2.163000317523256e-06
1057,96238,1,1,1,2.34500112128444e-06
1058,38899,1,1,1,1.925000105984509e-06
1059,96246,1,1,1,2.2130006982479244e-06
1060,112632,1,1,1,2.4040018615778536e-06
1061,22529,1,1,1,2.1119994926266372e-06
1062,62642,3,0,0,1.986001734621823e-06
1063,30731,1,1,1,2.3329994291998446e-06
1064,129067,1,1,1,2.2140011424198747e-06
1065,71725,1,1,1,2.1940031729172915e-06
1066,71729,1,1,1,2.1619998733513057e-06
1067,96332,1,1,1,2.2179992811288685e-06
1068,120927,1,1,1,2.510001650080085e-06
1069,55407,1,1,1,2.168002538383007e-06
1070,30866,1,1,1,2.582000888651237e-06
1071,104603,1,1,1,2.414999471511692e-06
1072,30878,1,1,1,2.229000529041514e-06
1073,88227,2,1,1,2.9100010578986257e-06
1074,120996,1,1,1,2.3470020096283406e-06
1075,63672,1,1,1,2.8950016712769866e-06
1076,47291,1,1,1,2.7570022211875767e-06
1077,121031,1,1,1,2.4759974621701986e-06
1078,30922,1,1,1,2.2050007828511298e-06
1079,47312,1,1,1,2.096003299811855e-06
1080,112850,1,1,1,2.368000423302874e-06
1081,30947,1,1,1,2.601002051960677e-06
1082,30948,1,1,1,2.2709973563905805e-06
1083,39145,1,1,1,2.430999302305281e-06
1084,22770,1,1,1,2.2280000848695636e-06
1085,96506,1,1,1,1.881999196484685e-06
1086,55556,1,1,1,2.282999048475176e-06
1087,112904,1,1,1,2.344997483305633e-06
1088,88352,1,0,0,1.4619981811847538e-06
1089,6415,1,1,1,2.4279979697894305e-06
1090,96531,1,1,1,2.9469993023667485e-06
1091,6420,1,1,1,2.168002538383007e-06
1092,6442,1,1,1,2.015000063693151e-06
1093,129330,1,1,1,1.901000359794125e-06
1094,121150,1,1,1,2.258999302284792e-06
1095,129361,1,1,1,2.291999408043921e-06
1096,47448,1,1,1,2.272998244734481e-06
1097,47450,1,1,1,1.996999344555661e-06
1098,55643,1,1,1,2.144999598385766e-06
1099,47451,1,1,1,1.9129984138999134e-06
1100,104803,1,1,1,7.1549984568264335e-06
1101,31089,1,1,1,4.0570012060925364e-06
1102,121211,1,1,1,2.283002686453983e-06
1103,55676,1,1,1,2.6220004656352103e-06
1104,129415,1,1,1,2.401000529062003e-06
1105,31114,1,1,1,2.340002538403496e-06
1106,104842,1,1,1,2.1759988158009946e-06
1107,55690,1,1,1,2.272001438541338e-06
1108,72081,1,1,1,2.5810004444792867e-06
1109,104878,1,1,1,1.9939980120398104e-06
1110,39344,1,1,1,2.7989990485366434e-06
1111,31167,1,1,1,2.410000888630748e-06
1112,130675,1,0,0,1.4800025383010507e-06
1113,88514,1,1,1,2.1269988792482764e-06
1114,63951,1,1,1,2.095999661833048e-06
1115,6618,1,1,1,2.101001882692799e-06
1116,96751,1,1,1,2.168002538383007e-06
1117,88563,1,1,1,2.4219989427365363e-06
1118,80373,1,1,1,2.1839987311977893e-06
1119,96766,1,1,1,2.3239990696310997e-06
1120,104967,1,1,1,2.2029998945072293e-06
1121,129554,1,1,1,2.086999302264303e-06
1122,47649,1,1,1,2.3030006559565663e-06
1123,47653,1,1,1,2.1219966583885252e-06
1124,55853,1,1,1,6.794998625991866e-06
1125,80430,1,1,1,3.3379983506165445e-06
1126,23091,1,1,1,2.5459994503762573e-06
1127,39492,1,1,1,2.3719985620118678e-06
1128,6730,1,1,1,2.9000002541579306e-06
1129,55903,1,1,1,2.4229993869084865e-06
1130,39522,1,1,1,2.3699976736679673e-06
1131,47719,1,1,1,2.396998752374202e-06
1132,39529,2,1,1,2.791999577311799e-06
1133,80498,1,1,1,2.072996721835807e-06
1134,105079,1,1,1,2.368997229496017e-06
1135,130203,1,0,0,1.6710000636521727e-06
1136,105108,1,1,1,1.8909995560534298e-06
1137,80533,1,1,1,2.5230001483578235e-06
1138,105109,1,1,1,2.3520005925092846e-06
1139,39579,1,1,1,1.943997631315142e-06
1140,15020,1,1,1,2.2070016711950302e-06
1141,39598,1,1,1,2.388002030784264e-06
1142,15030,1,1,1,2.335000317543745e-06
1143,15052,1,1,1,2.3139982658904046e-06
1144,72405,1,1,1,2.044002030743286e-06
1145,6874,1,1,1,1.9899998733308166e-06
1146,80603,1,1,1,2.616998244775459e-06
1147,7637,1,0,0,1.6220001270994544e-06
1148,6881,1,1,1,2.243999915663153e-06
1149,64269,1,1,1,2.2810017981100827e-06
1150,113430,1,1,1,2.205997589044273e-06
1151,129827,1,1,1,2.2669992176815867e-06
1152,64295,1,1,1,2.3239990696310997e-06
1153,121656,1,1,1,2.1369996829889715e-06
1154,59755,2,0,0,1.811000402085483e-06
1155,129857,1,1,1,2.138996933354065e-06
1156,15182,1,1,1,2.053999196505174e-06
1157,88913,1,1,1,2.1409978216979653e-06
1158,64341,1,1,1,2.273001882713288e-06
1159,129883,1,1,1,1.919997885124758e-06
1160,129888,1,1,1,2.568998752394691e-06
1161,129891,1,1,1,1.992000761674717e-06
1162,56170,1,1,1,2.5579975044820458e-06
1163,97137,1,1,1,2.4129985831677914e-06
1164,97139,1,0,0,1.4120014384388924e-06
1165,39794,1,1,1,4.044999514007941e-06
1166,72565,1,1,1,2.2120002540759742e-06
1167,72566,1,1,1,2.1119994926266372e-06
1168,105337,1,1,1,2.5219997041858733e-06
1169,56187,2,1,1,2.7889982447959483e-06
1170,48009,1,1,1,2.243999915663153e-06
1171,88982,1,1,1,2.7099995349999517e-06
1172,113558,1,1,1,1.9599974621087313e-06
1173,56216,1,1,1,2.264001523144543e-06
1174,121753,1,1,1,2.3409993445966393e-06
1175,121754,1,1,1,2.1260020730551332e-06
1176,23469,1,1,1,2.172000677092001e-06
1177,7969,1,0,0,1.4399993233382702e-06
1178,129967,1,1,1,2.277000021422282e-06
1179,129969,1,1,1,2.1119994926266372e-06
1180,97202,1,1,1,2.0410006982274354e-06
1181,72629,1,1,1,2.3479988158214837e-06
1182,129986,1,1,1,2.320000930922106e-06
1183,7129,1,1,1,2.5090012059081346e-06
1184,80866,4,1,1,3.1669987947680056e-06
1185,15353,1,1,1,2.311997377546504e-06
1186,121864,1,1,1,2.1359992388170213e-06
1187,39978,1,1,1,2.052998752333224e-06
1188,64574,1,1,1,2.267999661853537e-06
1189,48198,1,1,1,2.2189997253008187e-06
1190,105546,1,1,1,2.5179979274980724e-06
1191,89170,1,1,1,2.2029998945072293e-06
1192,56412,1,1,1,2.2479980543721467e-06
1193,72796,1,1,1,2.08600249607116e-06
1194,97388,1,1,1,2.306001988472417e-06
1195,64629,1,1,1,2.454999048495665e-06
1196,23703,1,1,1,6.361999112414196e-06
1197,97432,1,1,1,2.3419997887685895e-06
1198,40100,1,1,1,2.1659980120602995e-06
1199,72873,1,1,1,2.130000211764127e-06
1200,130234,1,1,1,2.234002749901265e-06
1201,97492,1,1,1,2.1599989850074053e-06
1202,97494,1,1,1,2.0900006347801536e-06
1203,15577,1,1,1,1.9649996829684824e-06
1204,105689,1,1,1,1.9930012058466673e-06
1205,7387,1,1,1,2.1740015654359013e-06
1206,97504,1,1,1,2.5330009520985186e-06
1207,130276,1,1,1,4.051200085086748e-05
1208,97544,1,1,1,2.4939981813076884e-06
1209,32021,1,1,1,2.586999471532181e-06
1210,40218,1,1,1,2.2500025806948543e-06
1211,23849,1,1,1,1.9360013538971543e-06
1212,7469,1,1,1,1.939999492606148e-06
1213,73008,1,1,1,1.9760009308811277e-06
1214,7474,1,1,1,2.2979984350968152e-06
1215,97587,1,1,1,2.2559979697689414e-06
1216,130356,1,1,1,2.077998942695558e-06
1217,97588,1,1,1,2.182998287025839e-06
1218,97590,1,1,1,2.016000507865101e-06
1219,7482,1,1,1,2.6560010155662894e-06
1220,15678,1,1,1,2.430002496112138e-06
1221,97603,1,1,1,2.1320011001080275e-06
1222,105800,1,1,1,2.1419982658699155e-06
1223,40279,1,1,1,2.201999450335279e-06
1224,97637,2,1,1,2.9709990485571325e-06
1225,48488,1,1,1,2.2700005501974374e-06
1226,56695,1,1,1,2.092001523124054e-06
1227,7601,1,1,1,2.0190018403809518e-06
1228,114098,1,1,1,2.1990017557982355e-06
1229,48576,1,1,1,3.760000254260376e-06
1230,7621,1,1,1,2.3510001483373344e-06
1231,114117,1,1,1,2.4319997464772314e-06
1232,122311,1,1,1,2.519998815841973e-06
1233,97734,2,1,1,2.902001142501831e-06
1234,81362,1,1,1,2.263001078972593e-06
1235,32213,1,1,1,2.3379980120807886e-06
1236,97750,1,1,1,2.2759995772503316e-06
1237,114134,1,1,1,2.287000825162977e-06
1238,7640,1,1,1,2.220000169472769e-06
1239,81369,1,1,1,2.1240011847112328e-06
1240,97789,1,1,1,2.2759995772503316e-06
1241,40445,1,1,1,2.162996679544449e-06
1242,40447,1,0,0,1.4980032574385405e-06
1243,122369,1,1,1,2.1839987311977893e-06
1244,81418,1,1,1,2.3430002329405397e-06
1245,105998,1,1,1,1.952997990883887e-06
1246,122387,1,1,1,2.0410006982274354e-06
1247,48660,1,1,1,1.8730024748947471e-06
1248,56861,1,1,1,2.2909989638719708e-06
1249,122403,2,1,1,2.5339977582916617e-06
1250,130599,1,1,1,2.139000571332872e-06
1251,81463,1,1,1,2.377000782871619e-06
1252,81481,1,1,1,2.3279972083400935e-06
1253,7757,1,1,1,2.4420005502179265e-06
1254,56916,1,1,1,2.0930019672960043e-06
1255,65117,1,1,1,2.387998392805457e-06
1256,73309,1,1,1,2.5080007617361844e-06
1257,32352,1,1,1,2.3669999791309237e-06
1258,122465,1,1,1,2.4559994926676154e-06
1259,122471,1,1,1,1.9039980543311685e-06
1260,7784,1,1,1,2.1220002963673323e-06
1261,15977,1,1,1,2.2550011635757983e-06
1262,48747,1,1,1,2.2599997464567423e-06
1263,32371,1,1,1,2.2839994926471263e-06
1264,97938,1,1,1,2.248001692350954e-06
1265,32414,1,1,1,2.349999704165384e-06
1266,16033,1,1,1,2.3229986254591495e-06
1267,89779,1,1,1,1.9850012904498726e-06
1268,89783,1,1,1,2.354001480853185e-06
1269,122552,1,1,1,2.158998540835455e-06
1270,32444,1,1,1,2.2929998522158712e-06
1271,130758,1,1,1,2.2899985197000206e-06
1272,16079,1,1,1,2.1500018192455173e-06
1273,32474,1,1,1,2.425000275252387e-06
1274,16094,1,1,1,2.382999809924513e-06
1275,32486,1,1,1,2.368000423302874e-06
1276,65255,1,1,1,2.1930027287453413e-06
1277,89837,1,1,1,2.0700026652775705e-06
1278,7922,1,1,1,2.0309998944867402e-06
1279,24314,1,1,1,2.296997990924865e-06
1280,32508,1,1,1,2.620003215270117e-06
1281,32509,1,1,1,1.8840000848285854e-06
1282,7934,1,1,1,1.935000909725204e-06
1283,32513,1,1,1,1.9309991330374032e-06
1284,73490,1,1,1,2.176999259972945e-06
1285,73496,1,1,1,2.4719993234612048e-06
1286,40729,1,1,1,2.444001438561827e-06
1287,7968,1,1,1,2.264001523144543e-06
1288,81707,1,1,1,2.3569991753902286e-06
1289,40748,2,1,1,3.0379997042473406e-06
1290,32564,1,1,1,2.240001776954159e-06
1291,40771,1,1,1,2.32499951380305e-06
1292,40773,1,1,1,2.0660008885897696e-06
1293,89926,1,1,1,2.4620021576993167e-06
1294,40776,1,1,1,3.8810030673630536e-06
1295,24393,1,1,1,2.3760003386996686e-06
1296,16220,1,1,1,2.20600122702308e-06
1297,130922,1,1,1,2.3229986254591495e-06
1298,89972,2,1,1,2.5849985831882805e-06
1299,8058,1,1,1,2.1560008462984115e-06
1300,49021,1,1,1,2.3510001483373344e-06
1301,130942,1,1,1,2.2319982235785574e-06
1302,8072,1,1,1,2.1380001271609217e-06
1303,32666,1,1,1,2.3079992388375103e-06
1304,98217,1,1,1,2.153003151761368e-06
1305,65450,1,1,1,2.2749991330783814e-06
1306,130998,1,1,1,2.1509986254386604e-06
1307,90049,1,1,1,2.2800013539381325e-06
1308,32723,1,1,1,2.868000592570752e-06
1309,114650,1,1,1,2.277000021422282e-06
1310,122853,1,1,1,2.0560000848490745e-06
1311,65519,1,1,1,2.982000296469778e-06
1312,16540,2,1,1,3.5709999792743474e-06
1313,74302,2,1,1,2.573000529082492e-06
1314,17500,3,1,1,2.893000782933086e-06
1315,74923,2,1,1,2.5189983716700226e-06
1316,107784,2,1,1,3.021999873453751e-06
1317,1509,2,1,1,3.0529990908689797e-06
1318,91755,2,1,1,2.9389993869699538e-06
1319,67463,2,1,1,2.6480011001694947e-06
1320,18463,2,1,1,2.736000169534236e-06
1321,67746,2,1,1,2.6080015231855214e-06
1322,84614,2,1,1,2.716999006224796e-06
1323,60476,2,1,1,3.110999386990443e-06
1324,118119,2,1,1,2.762997610261664e-06
1325,110303,2,1,1,2.548997144913301e-06
1326,86486,2,1,1,2.8579997888300568e-06
1327,54003,2,1,1,2.6790003175847232e-06
1328,103502,2,1,1,3.360000846441835e-06
1329,22352,2,1,1,2.6759989850688726e-06
1330,55343,2,1,1,2.6289999368600547e-06
1331,96892,2,1,1,3.363998985150829e-06
1332,24081,2,1,1,2.516000677132979e-06
1333,4,2,2,1,1.1495001672301441e-05
1334,7707,2,1,0,2.6529996830504388e-06
1335,74614,3,1,1,3.4800032153725624e-06
1336,90118,2,2,1,5.917001544730738e-06
1337,115732,2,1,0,2.0309998944867402e-06
1338,76674,2,0,0,1.8079990695696324e-06
1339,90120,2,2,1,4.486999387154356e-06
1340,643,2,1,0,1.9229992176406085e-06
1341,32778,2,2,1,4.9390000640414655e-06
1342,76832,2,1,0,1.9700019038282335e-06
1343,49164,2,2,1,3.697998181451112e-06
1344,81933,2,2,1,4.2860010580625385e-06
1345,3540,2,1,0,1.910997525556013e-06
1346,16,2,2,1,4.027999239042401e-06
1347,73767,2,2,1,4.030000127386302e-06
1348,81960,2,2,1,3.6890014598611742e-06
1349,122922,2,2,1,3.3130017982330173e-06
1350,5524,2,1,0,1.857999450294301e-06
1351,16430,2,2,1,4.040000931126997e-06
1352,49200,2,2,1,3.373999788891524e-06
1353,71224,2,1,0,1.776999852154404e-06
1354,40611,2,0,0,1.776999852154404e-06
1355,122937,2,2,1,3.9719998312648386e-06
1356,57406,2,2,1,5.489000614034012e-06
1357,57412,2,2,1,3.622000804170966e-06
1358,87632,2,1,0,2.04800016945228e-06
1359,73797,2,2,1,4.146000719629228e-06
1360,8842,2,1,0,1.8710015865508467e-06
1361,41037,2,2,1,9.914998372551054e-06
1362,2637,2,1,0,1.9899998733308166e-06
1363,111935,2,0,0,1.7829988792072982e-06
1364,24667,2,2,1,4.159999662078917e-06
1365,122979,2,2,1,3.616998583311215e-06
1366,40684,2,1,0,3.6229976103641093e-06
1367,92279,2,0,0,1.8039972928818315e-06
1368,114796,2,2,1,3.870998625643551e-06
1369,10155,2,1,0,1.915002940222621e-06
1370,114805,2,2,1,3.975997969973832e-06
1371,41079,2,2,1,3.607001417549327e-06
1372,4002,2,1,0,2.0189982024021447e-06
1373,124659,2,0,0,1.715001417323947e-06
1374,49272,2,2,1,4.005996743217111e-06
1375,114809,2,2,1,4.056000761920586e-06
1376,57467,2,2,1,3.4460026654414833e-06
1377,64161,2,1,0,2.201999450335279e-06
1378,114813,2,2,1,3.7440004234667867e-06
1379,32673,2,1,0,2.040000254055485e-06
1380,26142,2,0,0,1.8179998733103275e-06
1381,57477,2,2,1,3.2642001315252855e-05
1382,106642,2,2,1,5.833997420268133e-06
1383,123035,2,2,1,4.29100327892229e-06
1384,90268,2,2,1,3.779001417569816e-06
1385,82719,2,1,0,2.3769971448928118e-06
1386,114851,2,2,1,3.94000016967766e-06
1387,41129,2,2,1,3.3270007406827062e-06
1388,73905,2,2,1,3.91999856219627e-06
1389,6731,2,1,0,1.986998540814966e-06
1390,8374,2,2,1,3.78299955627881e-06
1391,123069,2,2,1,3.6489982448983938e-06
1392,114880,4,2,1,5.41900226380676e-06
1393,31080,2,1,0,2.007000148296356e-06
1394,107202,4,1,1,4.554996849037707e-06
1395,49349,2,2,1,3.7709978641942143e-06
1396,8397,2,2,1,3.814999217865989e-06
1397,49360,2,2,1,3.825000021606684e-06
1398,41170,2,2,1,3.5659977584145963e-06
1399,123101,2,2,1,3.893997927661985e-06
1400,16609,2,2,1,3.6629971873480827e-06
1401,230,2,2,1,3.1129966373555362e-06
1402,17148,2,1,0,2.1609994291793555e-06
1403,123956,2,0,0,1.8379978428129107e-06
1404,41192,2,2,1,3.715998900588602e-06
1405,69412,2,1,0,1.9510007405187935e-06
1406,131323,2,2,1,3.641001967480406e-06
1407,59697,2,1,0,1.8130012904293835e-06
1408,8446,2,2,1,3.924997145077214e-06
1409,24831,2,2,1,3.458997525740415e-06
1410,120170,2,1,0,1.8909995560534298e-06
1411,131330,2,2,1,4.047000402351841e-06
1412,27749,2,1,0,1.9559993233997375e-06
1413,123144,2,2,1,4.207999154459685e-06
1414,12059,2,1,0,1.9239996618125588e-06
1415,67848,2,0,0,1.7409984138794243e-06
1416,123145,2,2,1,3.868997737299651e-06
1417,106780,2,2,1,3.7700010580010712e-06
1418,8486,2,2,1,3.8859980122651905e-06
1419,54545,3,1,0,2.162003511330113e-06
1420,297,2,2,1,4.927002009935677e-06
1421,124632,2,1,0,1.9050021364819258e-06
1422,3148,2,0,0,1.7699967429507524e-06
1423,131371,2,2,1,3.9339975046459585e-06
1424,90411,2,2,1,3.7989993870723993e-06
1425,79053,2,1,0,1.8270002328790724e-06
1426,30783,2,0,0,1.7419988580513746e-06
1427,49468,2,2,1,3.66400126949884e-06
1428,118408,2,1,0,1.9050021364819258e-06
1429,115007,2,2,1,3.416000254219398e-06
1430,115008,2,2,1,3.7050012906547636e-06
1431,24904,2,2,1,3.774002834688872e-06
1432,115020,2,2,2,4.7810026444494724e-06
1433,115021,2,2,1,3.866000042762607e-06
1434,74065,2,2,1,3.93899972550571e-06
1435,74066,2,2,1,3.7329991755541414e-06
1436,98645,2,2,1,3.4900003811344504e-06
1437,13248,2,1,0,1.811000402085483e-06
1438,90453,2,2,1,4.483001248445362e-06
1439,98651,2,2,1,3.82000143872574e-06
1440,83801,2,1,0,1.8699975044000894e-06
1441,350,2,2,1,3.7860008887946606e-06
1442,123239,2,2,1,3.778997779591009e-06
1443,106866,2,2,1,3.555000148480758e-06
1444,106869,2,2,1,3.553999704308808e-06
1445,65928,2,2,1,3.7470017559826374e-06
1446,88850,2,1,0,1.9359977159183472e-06
1447,24973,2,2,1,3.4859986044466496e-06
1448,50284,2,1,0,1.9090002751909196e-06
1449,75886,3,0,0,1.987002178793773e-06
1450,131472,2,2,1,3.838998964056373e-06
1451,16784,2,2,1,3.498000296531245e-06
1452,18326,2,1,0,1.7570018826518208e-06
1453,16790,2,2,1,3.7520003388635814e-06
1454,16794,2,2,1,3.826997271971777e-06
1455,49567,2,2,1,3.8569996831938624e-06
1456,81715,2,1,0,1.8360005924478173e-06
1457,421,2,2,1,3.6899982660543174e-06
1458,41382,2,2,1,3.429999196669087e-06
1459,33190,2,2,1,3.917000867659226e-06
1460,5067,2,1,0,1.963002432603389e-06
1461,90536,2,2,1,3.5619996197056025e-06
1462,63883,2,1,0,1.9430008251219988e-06
1463,33194,2,2,2,4.305999027565122e-06
1464,27402,2,1,1,3.0470000638160855e-06
1465,33195,2,2,1,4.026998794870451e-06
1466,128743,2,1,0,1.877000613603741e-06
1467,98736,2,2,1,3.894001565640792e-06
1468,57776,3,2,1,4.37500057159923e-06
1469,8627,2,2,1,3.2669995562173426e-06
1470,106935,2,2,1,3.5960001696366817e-06
1471,82360,2,2,1,3.7720019463449717e-06
1472,18243,2,1,0,1.914999302243814e-06
1473,74174,2,2,1,3.34899959852919e-06
1474,22242,2,1,0,1.9430008251219988e-06
1475,33218,3,2,1,3.875000402331352e-06
1476,33226,2,1,0,1.7780002963263541e-06
1477,18471,2,0,0,1.7540005501359701e-06
1478,57800,2,2,1,3.926001227227971e-06
1479,92581,2,1,0,1.8569990061223507e-06
1480,111686,2,0,0,1.6980011423584074e-06
1481,57801,2,2,1,3.7940008041914552e-06
1482,109952,2,1,0,1.844000507844612e-06
1483,74193,2,2,1,4.1290004446636885e-06
1484,4483,2,1,0,1.8310020095668733e-06
1485,41426,2,2,1,3.8239995774347335e-06
1486,49633,2,2,1,3.4189979487564415e-06
1487,25063,2,2,1,3.303000994492322e-06
1488,82410,2,2,1,3.5769990063272417e-06
1489,82411,2,2,1,3.1460003810934722e-06
1490,41452,2,2,1,3.0339979275595397e-06
1491,122161,2,1,0,1.6640005924273282e-06
1492,100622,2,0,0,1.7370002751704305e-06
1493,497,2,2,1,3.6729979910887778e-06
1494,109999,2,1,0,1.8520004232414067e-06
1495,66037,2,2,1,3.396999090909958e-06
1496,105616,2,1,0,1.8239989003632218e-06
1497,67414,3,0,0,1.9030012481380254e-06
1498,8693,2,2,1,3.7760000850539654e-06
1499,16893,2,2,1,3.754001227207482e-06
1500,16897,2,2,1,3.9000005926936865e-06
1501,107011,3,2,1,4.058001650264487e-06
1502,107703,2,1,0,1.9520011846907437e-06
1503,131591,2,2,1,3.7999998312443495e-06
1504,115210,2,2,1,3.6180026654619724e-06
1505,68737,2,1,0,1.8270002328790724e-06
1506,31100,2,0,0,1.7910024325829e-06
1507,66059,2,2,1,3.540997568052262e-06
1508,107024,2,2,1,3.5560005926527083e-06
1509,107033,2,2,1,3.19199898513034e-06
1510,115235,2,2,1,3.425997419981286e-06
1511,74278,2,2,1,3.5519988159649074e-06
1512,82472,2,2,1,4.582001565722749e-06
1513,561,2,2,1,5.6569988373667e-06
1514,74291,2,2,1,5.190999218029901e-06
1515,568,2,2,1,5.6680000852793455e-06
1516,82499,2,2,1,5.653000698657706e-06
1517,131651,2,2,1,6.19589991401881e-05
1518,74307,2,2,1,5.468002200359479e-06
1519,17508,3,1,0,2.7860005502589047e-06
1520,83261,2,0,0,1.7990023479796946e-06
1521,115270,2,2,1,3.887002094415948e-06
1522,49738,2,2,1,3.88499756809324e-06
1523,3927,2,1,0,1.8809987523127347e-06
1524,115283,2,2,2,6.70000008540228e-06
1525,8801,2,2,1,6.326001312118024e-06
1526,89162,2,1,0,6.742099867551588e-05
1527,74340,2,2,1,7.609000022057444e-06
1528,74341,2,2,1,4.950998118147254e-06
1529,28256,2,1,0,2.1220002963673323e-06
1530,123495,2,2,1,3.921002644347027e-06
1531,32514,2,1,0,1.925000105984509e-06
1532,26289,2,0,0,1.7429993022233248e-06
1533,82540,2,2,1,3.429999196669087e-06
1534,34802,2,1,0,1.7519996617920697e-06
1535,2533,4,0,0,2.3510001483373344e-06
1536,115314,2,2,1,9.276998753193766e-06
1537,25204,2,2,1,3.583001671358943e-06
1538,25206,2,2,1,3.479002771200612e-06
1539,103837,2,1,0,1.8620012269821018e-06
1540,107136,2,2,1,3.460001607891172e-06
1541,82561,2,2,1,4.699999408330768e-06
1542,8836,2,2,1,3.493001713650301e-06
1543,57989,2,2,1,8.944000001065433e-06
1544,17028,2,2,1,4.006000381195918e-06
1545,115347,2,2,1,3.6870005715172738e-06
1546,107162,2,2,1,3.7960016925353557e-06
1547,25244,2,2,1,3.3760006772354245e-06
1548,25245,2,2,1,3.701999958138913e-06
1549,115356,2,2,1,5.738998879678547e-06
1550,82588,2,2,1,4.072000592714176e-06
1551,25261,2,2,1,3.959998139180243e-06
1552,90807,2,2,1,3.830999048659578e-06
1553,25272,2,2,1,3.6769997677765787e-06
1554,49964,2,1,0,2.14999818126671e-06
1555,58060,2,2,1,3.9810001908335835e-06
1556,95589,2,1,0,1.825002982513979e-06
1557,90835,2,2,1,3.4799995773937553e-06
1558,123603,2,2,1,3.654000465758145e-06
1559,131814,2,2,1,3.360100163263269e-05
1560,751,2,2,1,6.83699909131974e-06
1561,762,2,2,1,4.228000761941075e-06
1562,130933,2,1,0,2.3669999791309237e-06
1563,764,2,2,1,3.649998689070344e-06
1564,25349,2,2,1,3.969002136727795e-06
1565,131860,2,2,2,4.7339999582618475e-06
1566,90901,2,2,1,4.584999260259792e-06
1567,90902,2,2,1,3.6659985198639333e-06
1568,90900,2,2,1,3.7940008041914552e-06
1569,58134,2,2,1,3.4059994504787028e-06
1570,66771,2,1,0,2.043998392764479e-06
1571,26462,2,0,0,1.8899991118814796e-06
1572,58138,2,2,1,3.6229976103641093e-06
1573,55821,2,1,0,1.8970022210851312e-06
1574,58139,2,2,1,3.881999873556197e-06
1575,58141,2,2,1,3.359000402269885e-06
1576,90911,2,2,1,3.839999408228323e-06
1577,39121,2,1,0,1.7980019038077444e-06
1578,90912,2,2,1,3.8430007407441735e-06
1579,90922,2,2,1,3.858000127365813e-06
1580,25386,2,2,1,3.445002221269533e-06
1581,58161,2,2,1,3.4519980545155704e-06
1582,101897,2,1,0,1.8980026652570814e-06
1583,104074,2,0,0,1.925000105984509e-06
1584,58162,2,2,1,3.8040016079321504e-06
1585,58164,2,2,1,4.4150001485832036e-06
1586,82748,2,2,1,3.875000402331352e-06
1587,82753,2,2,1,3.373999788891524e-06
1588,41799,2,2,1,3.7440004234667867e-06
1589,49992,2,2,1,4.224999429425225e-06
1590,33610,2,2,1,3.4799995773937553e-06
1591,112385,2,1,0,1.8190003174822778e-06
1592,115532,2,2,1,3.7249992601573467e-06
1593,82768,2,2,1,3.7849968066439033e-06
1594,99166,2,2,1,4.055997123941779e-06
1595,56238,2,1,0,1.7920028767548501e-06
1596,97373,2,0,0,1.7130005289800465e-06
1597,90986,2,2,1,3.592998837120831e-06
1598,109104,2,1,0,1.787000655895099e-06
1599,99179,2,2,1,3.8429971027653664e-06
1600,63871,2,1,0,1.9660001271404326e-06
1601,9070,2,2,1,3.5180019040126354e-06
1602,11092,2,1,0,1.7790007404983044e-06
1603,17267,2,2,1,2.996999683091417e-06
1604,97374,2,1,0,1.7540005501359701e-06
1605,74789,2,0,0,1.7230013327207416e-06
1606,889,2,2,2,4.230998456478119e-06
1607,50043,2,2,1,3.621997166192159e-06
1608,899,2,2,1,3.3090000215452164e-06
1609,116700,2,1,0,1.7689999367576092e-06
1610,89140,2,0,0,1.6259982658084482e-06
1611,91012,2,2,1,5.8059995353687555e-06
1612,131982,2,2,1,4.450001142686233e-06
1613,99220,2,2,1,3.506997018121183e-06
1614,75057,2,1,0,1.8739992810878903e-06
1615,26361,2,0,0,1.8219980120193213e-06
1616,41884,2,2,1,3.993001882918179e-06
1617,25502,2,2,1,3.0289993446785957e-06
1618,11407,2,1,0,1.7460006347391754e-06
1619,46601,2,0,0,1.658001565374434e-06
1620,25518,2,2,1,3.4049990063067526e-06
1621,25524,2,2,1,3.7659992813132703e-06
1622,7092,2,1,0,1.8339997041039169e-06
1623,25526,2,0,0,1.8450009520165622e-06
1624,50102,2,2,1,3.364999429322779e-06
1625,132023,2,2,1,3.692999598570168e-06
1626,99259,2,2,1,3.7529971450567245e-06
1627,82882,2,2,1,3.477998689049855e-06
1628,99266,2,2,1,3.6199999158270657e-06
1629,16238,2,1,0,1.8219980120193213e-06
1630,111418,2,0,0,1.6970006981864572e-06
1631,82889,2,2,1,3.6630008253268898e-06
1632,46043,2,1,0,1.8229984561912715e-06
1633,50125,2,2,1,3.559998731361702e-06
1634,100734,2,1,0,1.8649989215191454e-06
1635,41936,2,2,1,3.836998075712472e-06
1636,82898,2,2,1,3.2239986467175186e-06
1637,117832,2,1,0,1.8810023902915418e-06
1638,132076,2,2,1,3.94000016967766e-06
1639,35962,2,1,0,1.7899983504321426e-06
1640,66555,2,2,1,3.3340002119075507e-06
1641,104485,2,1,0,1.7880011000670493e-06
1642,123911,2,2,1,3.4570002753753215e-06
1643,54031,2,1,0,1.7400016076862812e-06
1644,9228,3,2,1,4.506000550463796e-06
1645,41997,2,2,1,3.802997525781393e-06
1646,91153,2,2,1,3.3750002330634743e-06
1647,58389,2,2,1,3.615998139139265e-06
1648,82967,2,2,1,3.2749994716141373e-06
1649,25625,2,2,1,3.278000804129988e-06
1650,17437,2,2,1,3.583998477552086e-06
1651,58403,2,2,1,3.4510012483224273e-06
1652,33832,2,2,1,3.4380027500446886e-06
1653,17449,3,2,1,3.7760000850539654e-06
1654,33834,2,2,1,3.2139978429768234e-06
1655,129110,2,1,0,1.838998286984861e-06
1656,32361,2,0,0,1.8130012904293835e-06
1657,17451,3,2,1,3.998000465799123e-06
1658,14303,2,1,0,1.7599995771888644e-06
1659,50226,2,2,1,3.2749994716141373e-06
1660,123958,2,2,1,3.858000127365813e-06
1661,42043,2,2,1,3.3579999580979347e-06
1662,3005,2,1,0,1.820000761654228e-06
1663,9281,3,2,2,4.797999281436205e-06
1664,115785,2,2,1,3.801997081609443e-06
1665,66633,2,2,1,4.3289983295835555e-06
1666,74830,2,2,1,3.397002728888765e-06
1667,9297,2,2,1,3.463999746600166e-06
1668,76626,2,1,0,1.7999991541728377e-06
1669,1112,2,2,1,3.831002686638385e-06
1670,74844,2,2,1,3.925000783056021e-06
1671,50268,2,2,1,3.5940029192715883e-06
1672,14466,2,1,0,1.696000254014507e-06
1673,50269,2,2,1,4.426001396495849e-06
1674,33887,2,2,1,3.4000004234258085e-06
1675,25697,2,2,1,5.040001269662753e-06
1676,1123,2,2,1,3.3190008252859116e-06
1677,9320,2,2,1,3.6579986044671386e-06
1678,50285,2,2,1,3.959998139180243e-06
1679,33909,2,2,1,4.099998477613553e-06
1680,99452,2,2,1,3.3579999580979347e-06
1681,132220,2,2,1,3.6419987736735493e-06
1682,28524,2,1,0,1.8039972928818315e-06
1683,124036,2,2,1,3.703000402310863e-06
1684,1157,2,2,1,3.5419980122242123e-06
1685,71071,4,1,0,2.5139997887890786e-06
1686,25734,2,2,1,3.6710007407236844e-06
1687,132248,2,2,1,3.525998181430623e-06
1688,39437,2,1,0,1.7220008885487914e-06
1689,91289,2,2,1,3.7819991121068597e-06
1690,74906,2,2,1,3.3989999792538583e-06
1691,29631,2,1,0,1.8229984561912715e-06
1692,92975,5,1,1,4.538000212050974e-06
1693,33944,2,2,1,3.894001565640792e-06
1694,133026,2,1,0,1.935000909725204e-06
1695,17567,2,2,1,4.0239974623546004e-06
1696,83724,2,1,0,1.776999852154404e-06
1697,124797,2,0,0,1.7399979697074741e-06
1698,74934,2,2,1,3.182998625561595e-06
1699,10431,2,1,0,1.8020000425167382e-06
1700,91321,2,2,1,3.7289973988663405e-06
1701,107706,2,2,1,3.516001015668735e-06
1702,74940,2,2,1,3.7899990275036544e-06
1703,125055,2,1,0,1.8749997252598405e-06
1704,132285,2,2,1,3.792996722040698e-06
1705,9410,2,2,1,3.6050005292054266e-06
1706,60702,2,1,0,3.450000804150477e-06
1707,102723,2,0,0,1.8950013327412307e-06
1708,66757,2,2,1,4.069999704370275e-06
1709,9416,2,2,1,3.249999281251803e-06
1710,83683,2,1,0,1.8860009731724858e-06
1711,83689,2,0,0,1.7429993022233248e-06
1712,66761,2,2,1,3.7339996197260916e-06
1713,22106,2,1,0,1.7990023479796946e-06
1714,107733,2,2,1,3.516001015668735e-06
1715,124119,2,2,1,3.6940000427421182e-06
1716,132316,2,2,1,3.834000381175429e-06
1717,42205,2,2,1,3.7530007830355316e-06
1718,25834,2,2,1,3.4609984140843153e-06
1719,2737,2,1,0,1.8569990061223507e-06
1720,77980,2,0,0,1.6750018403399736e-06
1721,34033,2,2,1,3.583998477552086e-06
1722,42227,2,2,1,3.2950010790955275e-06
1723,63357,2,1,0,1.7269994714297354e-06
1724,99614,2,0,0,1.6849990061018616e-06
1725,107771,2,2,1,3.6000019463244826e-06
1726,130601,2,1,0,1.753996912157163e-06
1727,115988,2,2,1,3.668999852379784e-06
1728,132380,2,2,1,3.6179990274831653e-06
1729,75039,2,2,1,3.9480000850744545e-06
1730,24395,2,1,0,1.925000105984509e-06
1731,2110,2,0,0,1.7810016288422048e-06
1732,99621,2,2,1,3.7190002331044525e-06
1733,99622,2,2,1,3.834000381175429e-06
1734,27919,2,1,0,1.8499995348975062e-06
1735,9509,2,2,1,3.88399712392129e-06
1736,75067,2,2,1,3.793000360019505e-06
1737,83260,2,2,1,3.3809992601163685e-06
1738,42305,2,2,1,3.755001671379432e-06
1739,94141,2,1,0,1.8149985407944769e-06
1740,102353,2,0,0,1.8469982023816556e-06
1741,34114,2,2,1,3.787001332966611e-06
1742,42307,2,2,2,4.1860002966132015e-06
1743,9541,2,2,1,3.966000804211944e-06
1744,39329,2,1,0,1.8589998944662511e-06
1745,9543,2,2,1,3.5270022635813802e-06
1746,116047,2,2,1,3.3579999580979347e-06
1747,27351,2,1,0,1.7950005712918937e-06
1748,27352,2,0,0,1.7480015230830759e-06
1749,124244,2,2,1,3.496999852359295e-06
1750,89839,2,1,0,1.6859994502738118e-06
1751,132447,2,2,1,3.908997314283624e-06
1752,9573,2,2,1,3.3229989639949054e-06
1753,2256,2,1,0,1.7809979908633977e-06
1754,118949,2,0,0,1.6970006981864572e-06
1755,9574,2,2,1,3.7329991755541414e-06
1756,107883,2,2,1,3.5000011848751456e-06
1757,50671,2,1,0,1.724998583085835e-06
1758,91524,2,2,1,3.1090021366253495e-06
1759,6421,2,1,0,1.800999598344788e-06
1760,124354,2,0,0,8.898001397028565e-06
1761,124318,2,2,1,4.664001608034596e-06
1762,42402,2,2,1,3.4580007195472717e-06
1763,102527,2,1,0,1.7460006347391754e-06
1764,124323,2,2,1,3.9570004446431994e-06
1765,1445,2,2,1,3.1660019885748625e-06
1766,122219,2,1,0,1.820997567847371e-06
1767,81805,2,0,0,1.7409984138794243e-06
1768,1446,2,2,1,3.0849987524561584e-06
1769,35301,3,1,0,2.1369996829889715e-06
1770,91557,2,2,1,3.531000402290374e-06
1771,71225,2,1,0,1.7479978851042688e-06
1772,83375,2,2,1,4.1380008042324334e-06
1773,1466,2,2,1,3.5180019040126354e-06
1774,64685,2,1,0,1.7210004443768412e-06
1775,42430,2,2,1,3.335997462272644e-06
1776,5237,2,1,0,1.8130012904293835e-06
1777,17863,2,2,1,2.9910006560385227e-06
1778,50634,2,2,1,3.434997779550031e-06
1779,50636,2,2,1,3.6390010791365057e-06
1780,83696,2,1,0,5.378002242650837e-06
1781,124364,2,2,1,6.483001925516874e-06
1782,94361,2,1,0,2.238997694803402e-06
1783,14364,2,0,0,1.8219980120193213e-06
1784,116178,2,2,1,4.303001333028078e-06
1785,125466,2,1,0,1.8319988157600164e-06
1786,116179,2,2,1,3.712997568072751e-06
1787,124370,2,2,1,3.5890006984118372e-06
1788,75231,2,2,1,4.098998033441603e-06
1789,83424,2,2,1,3.1279996619559824e-06
1790,20694,2,1,0,2.0090010366402566e-06
1791,72803,3,1,1,3.6519995774142444e-06
1792,26092,2,2,1,3.6769997677765787e-06
1793,50676,2,2,1,3.435001417528838e-06
1794,58873,2,2,1,3.263001417508349e-06
1795,55603,2,1,0,1.8889986677095294e-06
1796,91648,2,2,1,3.837998519884422e-06
1797,75265,2,2,1,3.484001354081556e-06
1798,75266,2,2,1,3.392997314222157e-06
1799,23781,2,1,0,1.7509992176201195e-06
1800,53831,2,0,0,1.915999746415764e-06
1801,132615,2,2,1,3.544999344740063e-06
1802,91661,2,2,1,3.373999788891524e-06
1803,1559,2,2,1,4.212997737340629e-06
1804,83491,2,2,1,5.049998435424641e-06
1805,84205,2,1,0,1.811000402085483e-06
1806,20902,2,0,0,1.8379978428129107e-06
1807,26148,2,2,1,3.959998139180243e-06
1808,67109,2,2,1,4.158002411713824e-06
1809,99882,2,2,1,3.8289981603156775e-06
1810,9774,3,2,1,3.9619990275241435e-06
1811,17970,2,2,1,3.668003046186641e-06
1812,91702,2,2,1,3.574001311790198e-06
1813,42552,2,2,1,3.4240001696161926e-06
1814,76466,2,1,0,1.7639977158978581e-06
1815,132680,2,2,1,3.5899975046049803e-06
1816,29903,2,1,0,1.8280006770510226e-06
1817,108108,2,2,1,3.4469994716346264e-06
1818,108112,2,2,1,3.101999027421698e-06
1819,99923,4,2,1,5.031000910094008e-06
1820,58975,2,2,1,3.3860014809761196e-06
1821,16044,2,1,0,1.881999196484685e-06
1822,125787,2,0,0,1.6740013961680233e-06
1823,132715,2,2,1,3.5959965316578746e-06
1824,108140,2,2,1,3.1240015232469887e-06
1825,19000,2,1,0,1.787000655895099e-06
1826,44882,2,0,0,1.715001417323947e-06
1827,108155,2,2,1,3.7909994716756046e-06
1828,132733,2,2,1,3.440000000409782e-06
1829,83583,2,2,1,3.5379998735152185e-06
1830,42625,2,2,1,3.3010001061484218e-06
1831,81941,4,1,0,2.6320012693759054e-06
1832,132745,2,2,1,3.8669968489557505e-06
1833,42635,2,2,1,3.4990007407031953e-06
1834,84641,2,1,0,1.8659993656910956e-06
1835,28527,2,0,0,1.8040009308606386e-06
1836,132753,2,2,1,3.2610005291644484e-06
1837,45611,2,1,0,1.838998286984861e-06
1838,63439,2,0,0,1.6979975043796003e-06
1839,108182,2,2,1,3.740002284757793e-06
1840,1692,2,2,1,3.664998075691983e-06
1841,91813,2,2,1,3.4959994081873447e-06
1842,9897,2,2,1,4.282999725546688e-06
1843,9898,2,2,1,3.721001121448353e-06
1844,108204,2,2,1,3.4889999369625002e-06
1845,124591,2,2,1,3.2569987524766475e-06
1846,116399,2,2,1,3.1769995985087007e-06
1847,63300,2,1,0,1.830001565394923e-06
1848,26303,3,2,1,4.1190032789018005e-06
1849,45422,2,1,0,1.8270002328790724e-06
1850,124620,2,2,1,3.1419986044056714e-06
1851,26323,2,2,1,3.101999027421698e-06
1852,26329,2,2,1,3.62699938705191e-06
1853,91868,2,2,1,4.145997081650421e-06
1854,83679,2,2,1,3.867997293127701e-06
1855,124641,2,2,1,3.4429976949468255e-06
1856,62065,2,1,0,1.8089995137415826e-06
1857,53489,2,0,0,1.7279999156016856e-06
1858,34537,2,2,1,3.8620019040536135e-06
1859,26349,2,2,1,3.5099983506370336e-06
1860,50938,2,2,1,3.7520003388635814e-06
1861,50941,2,2,1,3.5369994293432683e-06
1862,108294,3,2,1,4.170997272012755e-06
1863,116487,2,2,1,3.4389995562378317e-06
1864,98156,2,1,0,1.9509971025399864e-06
1865,26739,2,0,0,1.8149985407944769e-06
1866,132872,2,2,1,4.929999704472721e-06
1867,132873,2,2,1,3.411001671338454e-06
1868,132880,2,2,1,3.7949976103845984e-06
1869,108304,2,2,1,3.7850004446227103e-06
1870,124692,5,2,1,5.642999894917011e-06
1871,108310,2,2,1,3.2389980333391577e-06
1872,91927,2,2,1,3.4430013329256326e-06
1873,91928,2,2,1,2.7599999157246202e-06
1874,67360,2,2,1,3.2940006349235773e-06
1875,116515,2,2,1,3.2709976949263364e-06
1876,103174,2,1,0,3.544999344740063e-06
1877,83747,2,2,1,3.6950004869140685e-06
1878,120030,2,1,0,1.7929996829479933e-06
1879,39956,2,0,0,1.743999746395275e-06
1880,10021,2,2,1,3.4080003388226032e-06
1881,116519,2,2,1,4.174900095677003e-05
1882,59183,2,2,1,6.785998266423121e-06
1883,93113,2,1,0,3.1099989428184927e-06
1884,59196,2,2,1,4.163000994594768e-06
1885,87608,2,1,0,1.9459985196590424e-06
1886,109321,2,0,0,1.75300010596402e-06
1887,18238,2,2,1,3.640001523308456e-06
1888,23915,2,1,0,1.971999154193327e-06
1889,35813,2,0,0,1.7279999156016856e-06
1890,132936,2,2,1,3.982000635005534e-06
1891,10057,2,2,1,3.6380006349645555e-06
1892,83813,2,2,1,3.5909979487769306e-06
1893,90078,2,1,0,1.7319980543106794e-06
1894,42854,2,2,1,4.105997504666448e-06
1895,1898,2,2,1,3.1559975468553603e-06
1896,132971,2,2,1,3.7799982237629592e-06
1897,92016,2,2,1,3.510998794808984e-06
1898,51063,2,2,1,3.4619988582562655e-06
1899,51064,2,2,1,4.55200279247947e-06
1900,48935,2,1,0,4.138099757255986e-05
1901,124791,2,2,1,4.396002623252571e-06
1902,124795,2,2,1,3.5430020943749696e-06
1903,87691,2,1,0,1.7570018826518208e-06
1904,51068,2,2,2,4.817000444745645e-06
1905,1918,2,2,1,4.203000571578741e-06
1906,67457,2,2,1,3.598001057980582e-06
1907,108424,2,2,1,3.5890006984118372e-06
1908,122188,2,1,0,1.800999598344788e-06
1909,10120,2,2,1,3.664998075691983e-06
1910,108877,2,1,0,1.9430008251219988e-06
1911,80761,2,0,0,1.796001015463844e-06
1912,18315,2,2,1,3.825000021606684e-06
1913,37152,2,1,0,1.7649981600698084e-06
1914,108428,3,2,1,4.894998710369691e-06
1915,51100,2,2,1,3.4320000850129873e-06
1916,10160,3,2,1,4.933001036988571e-06
1917,124850,2,2,1,3.806002496276051e-06
1918,18356,2,2,1,4.206998710287735e-06
1919,18400,2,1,0,2.044998836936429e-06
1920,18360,2,2,1,3.693003236548975e-06
1921,103784,2,1,0,1.9039980543311685e-06
1922,16704,4,0,0,2.254000719403848e-06
1923,18361,2,2,1,4.063000233145431e-06
1924,92093,2,2,1,3.3850010368041694e-06
1925,108484,2,2,1,3.634999302448705e-06
1926,80003,2,1,0,1.8140017346013337e-06
1927,4687,2,0,0,1.7170023056678474e-06
1928,51144,2,2,1,3.749999450519681e-06
1929,108502,2,2,1,3.4900003811344504e-06
1930,116698,2,2,1,4.96500069857575e-06
1931,18397,2,2,1,3.853001544484869e-06
1932,15636,2,1,0,1.8089995137415826e-06
1933,59377,2,2,1,3.818000550381839e-06
1934,55604,2,1,0,1.7780002963263541e-06
1935,59379,2,2,1,3.877001290675253e-06
1936,92151,2,2,1,4.051998985232785e-06
1937,43003,2,2,1,3.2290008675772697e-06
1938,19205,2,1,0,1.691001671133563e-06
1939,118404,2,0,0,1.6849990061018616e-06
1940,43008,2,2,1,3.3189971873071045e-06
1941,116738,2,2,1,3.90399873140268e-06
1942,80643,2,1,0,1.8419996195007116e-06
1943,92164,2,2,1,3.987999662058428e-06
1944,10244,2,2,1,3.4239965316373855e-06
1945,36149,2,1,0,1.8269965949002653e-06
1946,100358,2,2,1,3.2240022846963257e-06
1947,18453,2,2,1,3.5470002330839634e-06
1948,116757,2,2,1,3.6239980545360595e-06
1949,51236,2,2,1,3.4430013329256326e-06
1950,18474,5,2,1,5.068999598734081e-06
1951,43052,2,2,1,3.107001248281449e-06
1952,56559,2,1,0,1.8179998733103275e-06
1953,84014,2,2,1,3.354998625582084e-06
1954,34867,2,2,1,3.260000084992498e-06
1955,51263,2,2,1,2.869001036742702e-06
1956,69885,3,1,0,2.0600018615368754e-06
1957,84039,2,2,1,1.2582000636029989e-05
1958,2124,2,2,1,3.2850002753548324e-06
1959,57016,2,1,0,1.8569990061223507e-06
1960,18508,2,2,1,3.90299828723073e-06
1961,67662,2,2,1,4.1099992813542485e-06
1962,100444,2,2,1,3.866000042762607e-06
1963,133213,2,2,1,3.5899975046049803e-06
1964,34929,2,1,0,1.8940008885692805e-06
1965,14085,2,0,0,1.7409984138794243e-06
1966,100446,2,2,1,3.549001121427864e-06
1967,133227,2,2,1,3.4939985198434442e-06
1968,110602,2,1,0,1.7710008251015097e-06
1969,46029,2,0,0,1.700998836895451e-06
1970,26733,2,2,1,3.5289995139464736e-06
1971,125039,2,2,1,3.5150005714967847e-06
1972,59505,2,2,1,3.3150026865769178e-06
1973,59508,2,2,1,3.4820004657376558e-06
1974,100471,3,2,1,4.322999302530661e-06
1975,43131,2,2,1,8.39899803395383e-06
1976,67729,2,2,1,4.863999492954463e-06
1977,34970,2,2,1,4.220997652737424e-06
1978,133278,2,2,1,3.4869990486185998e-06
1979,125090,2,2,1,3.754998033400625e-06
1980,61117,2,1,0,2.325999957975e-06
1981,84131,2,2,1,3.846002073260024e-06
1982,80189,2,1,0,1.8459977582097054e-06
1983,67756,2,2,1,3.3139986044261605e-06
1984,67775,2,2,1,3.6329984141048044e-06
1985,75977,2,2,1,3.107001248281449e-06
1986,59596,2,2,1,3.877998096868396e-06
1987,2263,2,2,1,4.1620005504228175e-06
1988,108771,2,2,1,3.560002369340509e-06
1989,100579,2,2,1,3.759996616281569e-06
1990,3541,2,1,0,1.7880011000670493e-06
1991,2278,2,2,1,3.5270022635813802e-06
1992,84198,3,2,2,4.8719994083512574e-06
1993,2280,2,2,1,3.5140001273248345e-06
1994,116972,2,2,1,9.10999733605422e-06
1995,125166,2,2,1,3.891000233124942e-06
1996,35056,2,2,1,3.502002073219046e-06
1997,116978,2,2,1,3.3610012906137854e-06
1998,125190,2,2,1,3.612000000430271e-06
1999,18694,2,2,2,4.282999725546688e-06
2000,26903,2,2,1,3.992001438746229e-06
2001,80398,2,1,0,1.9269973563496023e-06
2002,2331,2,2,1,3.936002030968666e-06
2003,12339,2,1,0,1.9309991330374032e-06
2004,88420,2,0,0,1.8259997887071222e-06
2005,26932,2,2,1,3.635999746620655e-06
2006,3551,2,1,0,1.800999598344788e-06
2007,3965,2,0,0,1.75300010596402e-06
2008,26935,2,2,1,3.331002517370507e-06
2009,125956,2,1,0,1.8089995137415826e-06
2010,117053,2,2,2,3.774002834688872e-06
2011,117054,2,2,1,3.6439996620174497e-06
2012,67918,2,2,1,3.754001227207482e-06
2013,92501,2,2,1,3.82000143872574e-06
2014,67926,2,2,1,4.109002475161105e-06
2015,35159,2,2,1,3.4619988582562655e-06
2016,67929,2,2,1,3.2579991966485977e-06
2017,96159,2,1,0,1.820000761654228e-06
2018,51546,2,2,1,3.929999365936965e-06
2019,100722,2,2,1,3.4240001696161926e-06
2020,65202,2,1,0,1.805998181225732e-06
2021,117395,2,0,0,1.6650010365992785e-06
2022,125319,2,2,1,3.2040006772149354e-06
2023,51594,2,2,1,4.110999725526199e-06
2024,2445,2,2,1,3.5510020097717643e-06
2025,4504,2,1,0,1.8569990061223507e-06
2026,4505,2,0,0,1.6119993233587593e-06
2027,43406,2,2,1,3.634999302448705e-06
2028,67992,2,2,1,3.6749988794326782e-06
2029,27036,2,2,1,3.487002686597407e-06
2030,100773,2,2,1,3.4229997254442424e-06
2031,2479,2,2,1,2.9610018827952445e-06
2032,125371,2,2,1,3.068998921662569e-06
2033,18877,2,2,1,3.388999175513163e-06
2034,125400,2,2,1,3.263001417508349e-06
2035,10718,2,2,1,3.5860030038747936e-06
2036,84459,2,2,1,2.9900002118665725e-06
2037,68082,2,2,1,3.5180019040126354e-06
2038,109043,2,2,1,3.7909994716756046e-06
2039,68086,2,2,1,3.248998837079853e-06
2040,92665,2,2,1,3.2950010790955275e-06
2041,39223,2,1,0,1.8140017346013337e-06
2042,20863,2,0,0,1.6320009308401495e-06
2043,10749,2,2,1,3.2669995562173426e-06
2044,97638,2,1,0,1.6890007827896625e-06
2045,27148,2,2,1,4.193996574031189e-06
2046,27149,2,2,1,5.683999916072935e-06
2047,51730,2,2,1,3.6290002753958106e-06
2048,100885,2,2,1,3.7989993870723993e-06
2049,84512,2,2,1,3.52500137523748e-06
2050,100907,2,2,1,3.5189987102057785e-06
2051,109105,2,2,1,3.721001121448353e-06
2052,18993,2,2,1,3.712000761879608e-06
2053,109107,2,2,1,3.50600021192804e-06
2054,10805,2,2,1,3.5940029192715883e-06
2055,27190,2,2,1,3.835997631540522e-06
2056,109111,2,2,1,3.411001671338454e-06
2057,2634,2,2,1,3.5529992601368576e-06
2058,59984,2,2,1,3.639997885329649e-06
2059,76394,2,2,1,5.249999958323315e-06
2060,88962,2,1,0,1.9470026018097997e-06
2061,117356,2,2,1,3.612996806623414e-06
2062,96923,2,1,0,1.8099999579135329e-06
2063,27252,2,2,1,3.922003088518977e-06
2064,76412,2,2,1,3.664998075691983e-06
2065,55064,2,1,0,1.8149985407944769e-06
2066,2685,2,2,1,3.6670026020146906e-06
2067,64652,2,1,0,1.8979990272782743e-06
2068,2686,2,2,1,3.760000254260376e-06
2069,101447,2,1,0,1.7999991541728377e-06
2070,117372,3,2,1,4.993002221453935e-06
2071,84610,2,2,1,3.807002940448001e-06
2072,43652,2,2,1,3.6450001061894e-06
2073,43653,2,2,1,3.5849989217240363e-06
2074,72406,2,1,0,1.7259990272577852e-06
2075,117386,2,2,1,3.9380029193125665e-06
2076,2700,2,2,1,3.417000698391348e-06
2077,47647,2,1,0,1.7189995560329407e-06
2078,109196,2,2,2,4.240002454025671e-06
2079,125937,2,1,1,2.8330032364465296e-06
2080,117396,2,2,1,3.6450001061894e-06
2081,125596,2,2,1,3.429999196669087e-06
2082,27306,2,2,1,3.363998985150829e-06
2083,52043,2,1,0,1.748998329276219e-06
2084,60078,2,2,1,3.8670004869345576e-06
2085,27312,2,2,1,3.6570017982739955e-06
2086,76464,2,2,1,3.7800018617417663e-06
2087,12151,2,1,0,1.8700011423788965e-06
2088,24175,2,0,0,1.8459977582097054e-06
2089,84662,2,2,1,3.712997568072751e-06
2090,43708,2,2,1,3.3890028134919703e-06
2091,43713,2,2,1,3.44999716617167e-06
2092,2759,2,2,1,3.2319985621143132e-06
2093,78063,2,1,0,1.749001967255026e-06
2094,60761,2,0,0,1.5650002751499414e-06
2095,43734,2,2,1,3.5039993235841393e-06
2096,27350,2,2,1,4.486999387154356e-06
2097,109272,3,2,1,5.227000656304881e-06
2098,52131,2,1,0,1.8509999790694565e-06
2099,117473,2,2,1,3.1709969334769994e-06
2100,27365,2,2,1,3.197998012183234e-06
2101,39583,2,1,0,1.7079983081202954e-06
2102,101107,2,2,1,3.3569995139259845e-06
2103,92916,2,2,1,3.4049990063067526e-06
2104,76533,2,2,1,3.3279975468758494e-06
2105,84728,2,2,1,3.4149998100474477e-06
2106,109320,2,2,1,3.0519986466970295e-06
2107,27410,2,2,1,3.773002390516922e-06
2108,119151,2,1,0,1.7149977793451399e-06
2109,62942,2,0,0,1.6339981812052429e-06
2110,109332,2,2,1,3.6810015444643795e-06
2111,2847,2,2,1,3.5770026443060488e-06
2112,119681,2,1,0,1.7650017980486155e-06
2113,125734,2,2,1,3.7749996408820152e-06
2114,14687,2,1,0,1.8360005924478173e-06
2115,2857,2,2,1,3.4900003811344504e-06
2116,101168,2,2,1,3.7940008041914552e-06
2117,60215,2,2,1,4.173001798335463e-06
2118,104265,2,1,0,1.7189995560329407e-06
2119,109373,2,2,1,3.517001459840685e-06
2120,11083,2,2,1,3.7049976526759565e-06
2121,101222,2,2,1,4.726000042865053e-06
2122,2919,2,2,1,3.5809971450362355e-06
2123,68455,2,2,1,3.224999090889469e-06
2124,101228,2,2,1,3.917997673852369e-06
2125,2925,2,2,1,4.638000973500311e-06
2126,121929,2,1,0,1.7989987100008875e-06
2127,43889,2,2,1,3.6149976949673146e-06
2128,68471,2,2,1,3.1290001061279327e-06
2129,35709,2,2,1,4.3620020733214915e-06
2130,19326,2,2,1,3.9570004446431994e-06
2131,2965,2,2,1,3.6899982660543174e-06
2132,48361,2,1,0,1.8809987523127347e-06
2133,60310,2,2,1,3.6670026020146906e-06
2134,2969,2,2,1,3.616998583311215e-06
2135,109465,2,2,1,3.697001375257969e-06
2136,96688,2,1,0,1.882002834463492e-06
2137,64482,2,0,0,1.7849997675511986e-06
2138,125854,2,2,1,3.7909994716756046e-06
2139,52130,2,2,1,3.50600021192804e-06
2140,101282,2,2,1,3.465000190772116e-06
2141,12081,2,1,0,1.7069978639483452e-06
2142,60341,2,2,1,3.7370009522419423e-06
2143,70753,2,1,0,1.8519967852625996e-06
2144,62715,2,0,0,1.6730009519960731e-06
2145,3003,2,2,1,3.444998583290726e-06
2146,19389,2,2,2,4.6819986891932786e-06
2147,11199,2,2,1,3.3289979910477996e-06
2148,101319,2,2,1,2.79700179817155e-06
2149,8488,3,1,0,2.0319967006798834e-06
2150,93132,2,2,1,3.555000148480758e-06
2151,84943,2,2,1,3.3720025385264307e-06
2152,52177,2,2,1,4.055000317748636e-06
2153,35796,2,2,1,3.7749996408820152e-06
2154,52195,2,2,1,3.3960022847168148e-06
2155,3046,2,2,1,3.6180026654619724e-06
2156,27772,2,1,0,1.7389975255355239e-06
2157,93160,2,2,1,3.364999429322779e-06
2158,109546,2,2,1,3.5090015444438905e-06
2159,76788,2,2,1,3.3270007406827062e-06
2160,125944,2,2,1,3.4370023058727384e-06
2161,76793,2,2,1,2.9420007194858044e-06
2162,125946,2,2,1,3.2669995562173426e-06
2163,3068,2,2,1,3.3610012906137854e-06
2164,3069,2,2,1,3.4320000850129873e-06
2165,109565,2,2,1,3.2619973353575915e-06
2166,30923,2,1,0,1.8129976524505764e-06
2167,6873,3,0,0,1.9899998733308166e-06
2168,125957,2,2,1,3.3989999792538583e-06
2169,60426,2,2,1,3.750999894691631e-06
2170,109581,2,2,1,1.1080999684054404e-05
2171,3088,2,2,1,3.148998075630516e-06
2172,85039,2,2,1,3.1660019885748625e-06
2173,85040,2,2,1,3.721997927641496e-06
2174,3123,2,2,1,3.5009979910682887e-06
2175,117812,2,2,1,4.1779967432376e-06
2176,101437,2,2,1,3.2909993024077266e-06
2177,68674,2,2,1,3.3129981602542102e-06
2178,3141,2,2,1,3.197998012183234e-06
2179,81004,2,1,0,1.8089995137415826e-06
2180,117831,2,2,1,4.145000275457278e-06
2181,3149,2,2,1,4.292000085115433e-06
2182,85079,2,2,1,3.6629971873480827e-06
2183,101464,2,2,1,3.6339988582767546e-06
2184,93280,4,2,1,4.773999535245821e-06
2185,27747,2,2,1,2.9431001166813076e-05
2186,35947,2,2,1,8.14200029708445e-06
2187,35953,2,2,1,4.998000804334879e-06
2188,120995,2,1,0,2.707001840462908e-06
2189,109683,2,2,2,4.855999577557668e-06
2190,85108,2,2,1,3.7989993870723993e-06
2191,19576,2,2,1,4.083001840626821e-06
2192,27775,2,2,1,3.9570004446431994e-06
2193,60810,2,1,0,1.9500002963468432e-06
2194,109699,2,2,1,3.812001523328945e-06
2195,3204,2,2,1,3.36800076183863e-06
2196,68749,2,2,1,3.1050003599375486e-06
2197,52366,4,2,1,1.0037001629825681e-05
2198,93327,2,2,1,3.7229983718134463e-06
2199,126100,3,2,1,8.833998435875401e-06
2200,126102,2,2,1,2.9990005714353174e-06
2201,76950,2,2,1,3.4900003811344504e-06
2202,3233,2,2,1,3.240002115489915e-06
2203,11430,2,2,2,3.896999260177836e-06
2204,76976,2,2,1,4.124998667975888e-06
2205,126917,2,1,0,1.8539976736065e-06
2206,11444,2,2,1,3.5480006772559136e-06
2207,85177,2,2,1,3.7810023059137166e-06
2208,36026,3,2,1,4.728997737402096e-06
2209,68797,2,2,1,3.254001057939604e-06
2210,101586,2,2,1,3.2569987524766475e-06
2211,11478,2,2,1,3.4999975468963385e-06
2212,11480,2,2,1,3.3770011214073747e-06
2213,86418,2,1,0,1.9069993868470192e-06
2214,14784,2,0,0,1.7930033209268004e-06
2215,109795,2,2,2,3.883000317728147e-06
2216,117989,2,2,1,4.75299748359248e-06
2217,52481,2,2,1,3.4519980545155704e-06
2218,60674,2,2,1,3.592998837120831e-06
2219,3331,2,2,1,4.2149986256845295e-06
2220,118025,2,2,1,4.010998964076862e-06
2221,11531,2,2,1,3.492998075671494e-06
2222,118027,2,2,1,3.6749988794326782e-06
2223,126739,2,1,0,1.87299883691594e-06
2224,36110,2,2,1,3.330002073198557e-06
2225,85274,2,2,1,3.2850002753548324e-06
2226,55714,2,1,0,1.8020000425167382e-06
2227,101662,2,2,1,3.3959986467380077e-06
2228,52520,2,2,1,3.7810023059137166e-06
2229,101673,2,2,1,3.8859980122651905e-06
2230,126260,2,2,1,3.5580014809966087e-06
2231,36151,2,2,1,3.4530021366663277e-06
2232,122352,2,1,0,1.8160026229452342e-06
2233,46032,2,0,0,1.6549965948797762e-06
2234,19773,2,2,1,3.201999788871035e-06
2235,27973,2,2,1,3.0519986466970295e-06
2236,60755,2,1,0,1.7359998309984803e-06
2237,120679,2,0,0,1.7260026652365923e-06
2238,11589,2,2,1,3.817000106209889e-06
2239,11701,2,1,0,1.844000507844612e-06
2240,96897,2,0,0,1.7179991118609905e-06
2241,3433,2,2,1,3.670000296551734e-06
2242,36202,2,2,1,3.95800088881515e-06
2243,19830,2,2,1,3.5909979487769306e-06
2244,109944,3,2,1,4.167999577475712e-06
2245,65597,3,1,1,3.0809969757683575e-06
2246,109949,2,2,1,3.716002538567409e-06
2247,28030,2,2,1,3.5760022001340985e-06
2248,28029,3,2,1,3.936998837161809e-06
2249,28035,2,2,1,4.620000254362822e-06
2250,19844,2,2,1,3.0939991120249033e-06
2251,19845,2,2,1,3.5340017348062247e-06
2252,60817,2,2,1,3.496999852359295e-06
2253,85462,2,1,0,1.9170001905877143e-06
2254,19879,2,2,1,3.153003490297124e-06
2255,75626,3,1,0,2.0980005501769483e-06
2256,19881,2,2,1,3.3479991543572396e-06
2257,5131,2,1,0,1.7089987522922456e-06
2258,48351,2,0,0,1.8800019461195916e-06
2259,93611,2,2,1,4.167999577475712e-06
2260,69052,2,2,1,3.598001057980582e-06
2261,36291,2,2,1,3.339999238960445e-06
2262,4160,2,1,0,2.091001078952104e-06
2263,69842,2,0,0,1.8909995560534298e-06
2264,101827,3,2,1,4.31899752584286e-06
2265,69066,2,2,1,3.4940021578222513e-06
2266,55051,2,1,0,1.8139980966225266e-06
2267,11723,4,2,1,4.9640002544038e-06
2268,91031,3,1,0,2.0789993868675083e-06
2269,19923,2,2,1,3.591998392948881e-06
2270,44503,2,2,1,3.372999344719574e-06
2271,85482,2,2,1,3.2269999792333692e-06
2272,28138,3,2,1,4.280002031009644e-06
2273,19952,2,2,1,3.691999154398218e-06
2274,30445,2,1,0,1.8040009308606386e-06
2275,101873,2,2,1,3.869998181471601e-06
2276,110589,2,1,0,1.891003194032237e-06
2277,3603,2,2,2,4.8820002120919526e-06
2278,69143,2,2,1,3.712000761879608e-06
2279,85536,3,2,1,4.358000296633691e-06
2280,101930,2,2,1,3.828001354122534e-06
2281,52786,2,2,1,4.051998985232785e-06
2282,3682,2,2,1,3.927998477593064e-06
2283,36455,2,2,1,3.5849989217240363e-06
2284,69236,2,2,1,3.832999937003478e-06
2285,93842,2,2,2,3.7290010368451476e-06
2286,54192,2,1,1,2.5699991965666413e-06
2287,102038,3,2,1,4.147001163801178e-06
2288,93859,2,2,1,3.2960015232674778e-06
2289,52909,3,2,1,4.3100008042529225e-06
2290,93886,2,2,1,4.041001375298947e-06
2291,77505,2,2,1,3.3950018405448645e-06
2292,95701,2,1,0,1.681997673586011e-06
2293,93891,2,2,1,4.171000909991562e-06
2294,118483,2,2,1,3.654000465758145e-06
2295,52948,2,2,1,3.441000444581732e-06
2296,36566,2,2,1,3.793000360019505e-06
2297,110296,2,2,1,3.6429992178454995e-06
2298,126684,3,2,1,4.178000381216407e-06
2299,28391,2,2,1,3.1989984563551843e-06
2300,20207,2,2,1,3.5009979910682887e-06
2301,128156,2,1,0,1.9239996618125588e-06
2302,29800,3,1,1,2.8899994504172355e-06
2303,102133,2,2,1,3.4950026019942015e-06
2304,69365,2,2,1,3.545999788912013e-06
2305,20215,2,2,1,3.80200071958825e-06
2306,61176,2,2,1,3.4229997254442424e-06
2307,52983,2,2,1,3.2009993446990848e-06
2308,3833,2,2,1,3.573000867618248e-06
2309,7592,3,1,0,2.2929998522158712e-06
2310,44795,2,2,1,3.6089986679144204e-06
2311,61435,2,1,0,1.7849997675511986e-06
2312,126724,2,2,1,3.559998731361702e-06
2313,102167,2,2,1,3.6990022636018693e-06
2314,114624,2,1,0,3.764002030948177e-06
2315,110364,2,2,1,4.086999979335815e-06
2316,110365,2,2,1,3.4990007407031953e-06
2317,118559,2,2,1,3.970999387092888e-06
2318,110367,2,2,1,4.474000888876617e-06
2319,69413,2,2,1,3.426001057960093e-06
2320,53572,2,1,0,1.87299883691594e-06
2321,96832,2,0,0,1.8479986465536058e-06
2322,12073,3,2,2,4.726000042865053e-06
2323,12077,2,2,1,3.3869982871692628e-06
2324,12078,2,2,1,3.6180026654619724e-06
2325,3888,2,2,1,3.345001459820196e-06
2326,110683,2,1,0,1.8880018615163863e-06
2327,28788,2,0,0,1.8909995560534298e-06
2328,12086,2,2,1,3.460001607891172e-06
2329,15269,2,1,0,1.796001015463844e-06
2330,32212,2,0,0,1.758002326823771e-06
2331,85837,2,2,1,3.454999387031421e-06
2332,4076,2,1,0,1.6999983927235007e-06
2333,44881,2,2,1,3.330002073198557e-06
2334,40045,3,1,0,2.1989981178194284e-06
2335,110424,2,2,1,3.107001248281449e-06
2336,21344,3,1,0,2.153999957954511e-06
2337,85857,2,2,1,3.650999133242294e-06
2338,85877,2,2,1,3.828001354122534e-06
2339,85879,2,2,1,3.4240001696161926e-06
2340,69973,3,1,0,2.1170017134863883e-06
2341,110456,2,2,1,3.6290002753958106e-06
2342,110461,2,2,1,3.2100033422466367e-06
2343,61312,2,2,1,3.635999746620655e-06
2344,44938,2,2,1,4.029996489407495e-06
2345,126862,2,2,1,3.378998371772468e-06
2346,44944,2,2,1,3.582998033380136e-06
2347,85908,2,2,1,3.3520009310450405e-06
2348,122349,2,1,0,1.8450009520165622e-06
2349,12187,2,2,1,3.258999640820548e-06
2350,110506,2,2,1,3.5579978430178016e-06
2351,36782,2,2,1,4.130000888835639e-06
2352,102330,4,2,1,4.312001692596823e-06
2353,94146,2,1,0,1.8239989003632218e-06
2354,129835,2,0,0,1.7470010789111257e-06
2355,94143,2,2,1,3.23000131174922e-06
2356,94144,2,2,1,3.2569987524766475e-06
2357,102336,2,2,1,3.7190002331044525e-06
2358,20419,2,2,1,3.5470002330839634e-06
2359,94145,2,2,1,3.83900260203518e-06
2360,4032,3,2,1,4.323002940509468e-06
2361,86525,2,1,0,1.9649996829684824e-06
2362,102345,2,2,1,4.2769970605149865e-06
2363,110547,2,2,1,4.096997145097703e-06
2364,85973,2,2,1,3.278000804129988e-06
2365,54449,2,1,0,1.830001565394923e-06
2366,69594,2,2,1,3.798002580879256e-06
2367,36827,2,2,1,3.46899832948111e-06
2368,69596,2,2,1,3.2800016924738884e-06
2369,4067,2,2,1,3.248998837079853e-06
2370,4068,2,2,1,3.5140001273248345e-06
2371,85997,3,2,1,4.383000486996025e-06
2372,73252,2,1,0,1.8169994291383773e-06
2373,86002,2,2,1,3.6470009945333004e-06
2374,61430,2,2,1,3.953002305934206e-06
2375,53239,2,2,1,8.697999874129891e-06
2376,129012,2,1,0,2.0220031728968024e-06
2377,126966,2,2,1,5.866997526027262e-06
2378,45054,2,2,1,4.007000825367868e-06
2379,61440,2,2,1,3.4010008675977588e-06
2380,104075,2,1,0,1.7949969333130866e-06
2381,86018,2,2,1,3.531000402290374e-06
2382,95879,2,1,0,1.749001967255026e-06
2383,34101,5,1,0,3.2179996196646243e-06
2384,110597,2,2,1,3.468001523287967e-06
2385,126985,2,2,1,3.960998583352193e-06
2386,81311,2,1,0,1.4613997336709872e-05
2387,110603,2,2,1,3.893001121468842e-06
2388,77836,2,2,1,3.383996954653412e-06
2389,4111,2,2,1,3.354900036356412e-05
2390,126992,2,2,1,7.844002539059147e-06
2391,86035,2,2,1,4.302000888856128e-06
2392,110623,2,2,1,3.560002369340509e-06
2393,16303,2,1,0,2.420001692371443e-06
2394,110626,3,2,1,5.080000846646726e-06
2395,28707,2,2,1,4.083998646819964e-06
2396,110631,2,2,1,3.837998519884422e-06
2397,55560,2,1,0,1.8940008885692805e-06
2398,77883,2,2,1,3.7320023693609983e-06
2399,69705,2,2,1,3.531997208483517e-06
2400,39963,2,1,0,1.8099999579135329e-06
2401,69710,2,2,1,3.591998392948881e-06
2402,127057,2,2,1,3.5800003388430923e-06
2403,102490,3,2,1,4.542001988738775e-06
2404,127067,2,2,1,3.9719998312648386e-06
2405,127070,3,2,1,4.523000825429335e-06
2406,102498,5,2,1,6.269001460168511e-06
2407,94315,2,2,1,3.9579972508363426e-06
2408,102532,2,2,1,3.836998075712472e-06
2409,16059,2,1,0,1.8419996195007116e-06
2410,127122,2,2,1,3.788998583331704e-06
2411,127123,2,2,1,3.516001015668735e-06
2412,4244,3,2,1,3.912002284778282e-06
2413,118938,2,2,1,3.1609997677151114e-06
2414,127129,2,2,1,3.529999958118424e-06
2415,12465,3,1,0,2.2319982235785574e-06
2416,46576,2,0,0,1.7689999367576092e-06
2417,45212,2,2,2,4.454999725567177e-06
2418,53405,2,2,1,3.4080003388226032e-06
2419,110750,2,2,1,3.956000000471249e-06
2420,20638,2,2,1,4.063000233145431e-06
2421,12450,2,2,1,3.463002940407023e-06
2422,77986,2,2,1,3.701999958138913e-06
2423,20656,2,2,1,3.592998837120831e-06
2424,56860,2,1,0,1.8399987311568111e-06
2425,37046,2,2,1,3.888002538587898e-06
2426,102582,4,2,1,4.433000867720693e-06
2427,29739,2,1,0,1.9040016923099756e-06
2428,94393,2,2,1,3.3679971238598228e-06
2429,102586,2,2,1,3.611003194237128e-06
2430,86204,2,2,1,3.7659992813132703e-06
2431,86210,4,2,1,4.192999767838046e-06
2432,4292,2,2,1,3.6669989640358835e-06
2433,110790,2,2,1,3.568002284737304e-06
2434,94410,2,2,1,3.979999746661633e-06
2435,94414,2,2,1,4.232002538628876e-06
2436,37071,2,2,1,3.640001523308456e-06
2437,4305,2,2,1,3.725999704329297e-06
2438,20692,3,2,1,4.327001079218462e-06
2439,28888,2,2,1,3.991000994574279e-06
2440,20698,2,2,1,5.4109987104311585e-06
2441,112509,2,1,0,1.9380022422410548e-06
2442,86234,2,2,1,3.876997652696446e-06
2443,45274,2,2,1,3.7669997254852206e-06
2444,63627,2,1,0,1.8690006982069463e-06
2445,20704,3,2,1,3.806002496276051e-06
2446,20714,2,2,1,3.5390003176871687e-06
2447,20715,2,2,1,3.5040029615629464e-06
2448,119032,2,2,1,4.08000050811097e-06
2449,28934,2,2,1,3.09200186165981e-06
2450,4378,2,2,1,3.4750009945128113e-06
2451,97608,2,1,0,1.7949969333130866e-06
2452,53531,2,2,1,3.7190002331044525e-06
2453,20779,2,2,1,3.1319978006649762e-06
2454,20781,2,2,1,3.6629971873480827e-06
2455,20783,2,2,2,3.910998202627525e-06
2456,69937,2,2,2,3.9520018617622554e-06
2457,119094,2,2,1,3.6429992178454995e-06
2458,119100,2,2,1,3.7629979487974197e-06
2459,94525,2,2,1,3.372999344719574e-06
2460,102722,2,2,1,3.7429999792948365e-06
2461,20803,2,2,1,3.872999513987452e-06
2462,94533,2,2,1,3.6450001061894e-06
2463,69960,2,2,2,4.008001269539818e-06
2464,69980,4,2,1,4.592999175656587e-06
2465,111601,2,1,0,1.8989994714502245e-06
2466,120157,2,0,0,1.7190031940117478e-06
2467,78182,2,2,1,4.287998308427632e-06
2468,119159,2,2,1,3.80200071958825e-06
2469,4475,2,2,1,3.659999492811039e-06
2470,4481,2,2,1,3.435001417528838e-06
2471,20866,2,2,1,3.535998985171318e-06
2472,45445,3,2,1,4.1099992813542485e-06
2473,97817,2,1,0,1.8600003386382014e-06
2474,45451,2,2,1,3.3799988159444183e-06
2475,20875,2,2,1,4.172001354163513e-06
2476,29067,2,2,1,3.46899832948111e-06
2477,54546,2,1,0,1.8760001694317907e-06
2478,4500,2,2,1,3.573997673811391e-06
2479,4503,2,2,1,3.727000148501247e-06
2480,97931,2,1,0,1.7359998309984803e-06
2481,95181,2,0,0,1.6389967640861869e-06
2482,102809,2,2,1,3.4510012483224273e-06
2483,45464,2,2,1,3.378001565579325e-06
2484,78236,2,2,1,3.670000296551734e-06
2485,119198,2,2,1,4.2050014599226415e-06
2486,102817,2,2,1,3.8139987736940384e-06
2487,78243,2,2,1,3.484001354081556e-06
2488,20904,2,2,1,3.6279998312238604e-06
2489,105926,2,1,0,1.8270002328790724e-06
2490,78248,3,2,1,3.848999767797068e-06
2491,87337,2,1,0,1.8020000425167382e-06
2492,20913,2,2,1,3.5720004234462976e-06
2493,53682,2,2,1,3.2099997042678297e-06
2494,4532,2,2,1,3.143999492749572e-06
2495,4541,2,2,1,3.721997927641496e-06
2496,29128,2,2,1,3.2989992178045213e-06
2497,53709,2,2,1,3.3850010368041694e-06
2498,70112,2,2,1,3.4420008887536824e-06
2499,102880,2,2,1,3.4059994504787028e-06
2500,129009,2,1,0,1.8809987523127347e-06
2501,128032,3,0,0,2.0240004232618958e-06
2502,20978,2,2,1,3.2329990062862635e-06
2503,70143,2,2,1,3.630997525760904e-06
2504,29187,2,2,1,5.066001904197037e-06
2505,78342,2,2,1,3.5810007830150425e-06
2506,78370,2,2,1,3.7429999792948365e-06
2507,56970,2,1,0,1.7319980543106794e-06
2508,12835,2,2,1,3.016000846400857e-06
2509,70202,2,2,1,3.9240003388840705e-06
2510,45652,4,2,1,4.277000698493794e-06
2511,25976,5,1,0,2.9100010578986257e-06
2512,45790,2,0,0,1.6690028132870793e-06
2513,78426,2,2,1,3.903001925209537e-06
2514,62049,2,2,1,3.650999133242294e-06
2515,106228,2,1,0,1.9360013538971543e-06
2516,103013,2,2,1,3.602999640861526e-06
2517,45671,2,2,1,3.198001650162041e-06
2518,56914,2,1,0,1.8409991753287613e-06
2519,62067,2,2,1,3.48799949279055e-06
2520,127606,2,2,1,3.845998435281217e-06
2521,29302,2,2,1,3.2320022000931203e-06
2522,62076,2,2,1,3.7720019463449717e-06
2523,57190,2,1,0,1.8089995137415826e-06
2524,86652,2,2,1,3.2559983083046973e-06
2525,104095,2,1,0,1.8470018403604627e-06
2526,70276,2,2,1,3.1700001272838563e-06
2527,70278,2,2,1,3.660003130789846e-06
2528,4742,2,2,1,3.5569973988458514e-06
2529,70337,2,1,0,1.9569997675716877e-06
2530,63113,3,0,0,2.1090017980895936e-06
2531,94858,2,2,1,2.982000296469778e-06
2532,78476,4,2,1,4.67100107925944e-06
2533,103053,2,2,1,3.520999598549679e-06
2534,94864,2,2,1,3.4330005291849375e-06
2535,78480,2,2,1,3.816003300016746e-06
2536,29328,2,2,1,3.615998139139265e-06
2537,62104,2,2,1,3.6819983506575227e-06
2538,127642,2,2,1,3.607001417549327e-06
2539,94880,2,2,1,3.6140008887741715e-06
2540,62117,2,2,1,3.5140001273248345e-06
2541,37544,2,2,1,3.4179975045844913e-06
2542,86697,2,2,1,4.0240011003334075e-06
2543,127662,2,2,1,3.2419993658550084e-06
2544,86704,2,2,1,3.506997018121183e-06
2545,5234,2,1,0,1.8999999156221747e-06
2546,129013,2,0,0,1.8860009731724858e-06
2547,4790,2,2,1,3.6560013541020453e-06
2548,12998,2,2,1,3.05499997921288e-06
2549,94918,2,2,1,3.7299978430382907e-06
2550,21202,2,2,1,3.8139987736940384e-06
2551,21203,2,2,1,3.48799949279055e-06
2552,78554,2,2,1,3.0900009733159095e-06
2553,127712,2,2,1,3.2000025385059416e-06
2554,106244,3,1,0,2.2660024114884436e-06
2555,78566,2,2,1,3.620996722020209e-06
2556,86759,2,2,1,5.345998943084851e-06
2557,13032,2,2,1,4.018998879473656e-06
2558,94963,2,2,1,3.878001734847203e-06
2559,54004,2,2,1,3.510998794808984e-06
2560,30063,2,1,0,1.9129984138999134e-06
2561,13047,2,2,1,3.534998540999368e-06
2562,119546,2,2,1,3.6009987525176257e-06
2563,54012,2,2,1,3.612000000430271e-06
2564,45826,2,2,1,3.0949995561968535e-06
2565,127749,2,2,1,3.797998942900449e-06
2566,127750,2,2,1,3.6729979910887778e-06
2567,127752,2,2,1,3.60799822374247e-06
2568,106056,2,1,0,1.8539976736065e-06
2569,78601,2,2,1,5.180001608096063e-06
2570,54026,2,2,1,3.5939992812927812e-06
2571,62220,2,2,1,3.3629985409788787e-06
2572,54030,2,2,1,3.6009987525176257e-06
2573,62226,2,2,1,3.92099900636822e-06
2574,62227,2,2,1,1.1345000530127436e-05
2575,111388,3,2,1,4.029996489407495e-06
2576,21385,2,1,0,1.9740000425372273e-06
2577,119582,2,2,1,3.7710015021730214e-06
2578,62242,2,2,1,4.0429986256640404e-06
2579,31415,2,1,0,1.8339997041039169e-06
2580,4905,2,2,1,3.0240007617976516e-06
2581,103211,2,2,1,3.621000359999016e-06
2582,54059,2,2,1,3.3770011214073747e-06
2583,103213,2,2,1,3.46899832948111e-06
2584,4911,2,2,1,3.421999281272292e-06
2585,7951,2,1,0,1.8499995348975062e-06
2586,4471,3,1,1,3.116998414043337e-06
2587,103218,2,2,1,3.6990022636018693e-06
2588,62262,2,2,1,3.316999936942011e-06
2589,86845,2,1,0,1.8600003386382014e-06
2590,86839,2,2,1,3.293000190751627e-06
2591,95786,3,1,0,2.1029991330578923e-06
2592,70460,2,2,1,3.091500184382312e-05
2593,119618,2,2,1,4.75390006613452e-05
2594,103235,2,2,1,4.55000190413557e-06
2595,6083,2,1,0,2.496999513823539e-06
2596,93970,3,1,1,3.9480000850744545e-06
2597,119622,2,2,2,4.19799835071899e-06
2598,70479,2,2,1,4.248999175615609e-06
2599,45903,3,2,1,4.698002157965675e-06
2600,54100,2,2,1,3.583001671358943e-06
2601,79630,2,1,0,1.8360005924478173e-06
2602,54102,2,2,1,4.372002877062187e-06
2603,13146,2,2,1,4.040000931126997e-06
2604,95071,2,2,1,3.659999492811039e-06
2605,103265,2,2,1,3.5240009310655296e-06
2606,78696,2,2,1,3.736000508069992e-06
2607,33513,5,1,0,3.345001459820196e-06
2608,29547,2,2,1,3.5140001273248345e-06
2609,119665,2,2,1,3.3309988793917e-06
2610,122165,2,1,0,1.7780002963263541e-06
2611,119671,2,2,2,3.974000719608739e-06
2612,4985,2,2,1,3.887002094415948e-06
2613,62349,2,2,1,3.3899996196851134e-06
2614,62362,2,2,1,3.307002771180123e-06
2615,54183,2,2,1,3.6810015444643795e-06
2616,54184,2,2,1,3.7009995139669627e-06
2617,54190,2,2,1,3.158998879371211e-06
2618,6660,2,1,0,1.7029997252393514e-06
2619,86961,2,2,1,3.612000000430271e-06
2620,86965,2,2,1,3.905999619746581e-06
2621,37818,2,2,1,3.2239986467175186e-06
2622,56224,2,1,0,1.8339997041039169e-06
2623,54207,2,2,1,3.3869982871692628e-06
2624,103364,2,2,1,3.560002369340509e-06
2625,13257,4,2,1,4.778001311933622e-06
2626,5066,2,2,1,3.2960015232674778e-06
2627,86991,2,2,1,3.60699777957052e-06
2628,21471,3,2,1,3.887002094415948e-06
2629,97218,2,1,0,1.9190010789316148e-06
2630,21472,2,2,1,3.879998985212296e-06
2631,5089,2,2,1,4.9770023906603456e-06
2632,21475,2,2,1,3.7999998312443495e-06
2633,22769,2,1,0,2.02999945031479e-06
2634,54247,2,2,1,3.4339973353780806e-06
2635,21479,2,2,1,4.178000381216407e-06
2636,70638,2,2,1,3.754001227207482e-06
2637,122160,2,1,0,1.8520004232414067e-06
2638,70639,2,2,1,3.435001417528838e-06
2639,111617,2,2,1,3.807999746641144e-06
2640,103432,2,2,1,3.507997462293133e-06
2641,111635,2,2,2,3.8430007407441735e-06
2642,37908,2,2,1,3.4129989217035472e-06
2643,95252,2,2,1,3.379002009751275e-06
2644,111640,2,2,1,3.788998583331704e-06
2645,111641,2,2,1,3.673998435260728e-06
2646,87065,4,2,1,4.628000169759616e-06
2647,48934,2,1,0,1.8320024537388235e-06
2648,62573,2,0,0,1.8509999790694565e-06
2649,103454,2,2,1,3.264001861680299e-06
2650,128033,2,2,1,3.411998477531597e-06
2651,21538,2,2,1,3.631001163739711e-06
2652,46115,2,2,1,3.6819983506575227e-06
2653,111945,2,1,0,1.8469982023816556e-06
2654,21539,2,2,1,3.4670010791160166e-06
2655,21568,2,2,1,3.6419987736735493e-06
2656,78922,2,2,1,4.007997631561011e-06
2657,62540,2,2,1,3.3220021578017622e-06
2658,78925,2,2,1,3.3190008252859116e-06
2659,81456,2,1,0,1.9370017980691046e-06
2660,46158,2,2,1,3.716999344760552e-06
2661,13396,2,2,1,3.4419972507748753e-06
2662,87130,2,2,1,3.7429999792948365e-06
2663,54364,2,2,1,3.6519995774142444e-06
2664,70752,2,2,1,3.2530006137676537e-06
2665,37987,2,2,1,4.102999810129404e-06
2666,70760,2,2,1,3.5320008464623243e-06
2667,5229,2,2,1,3.7419995351228863e-06
2668,62590,2,2,1,3.297998773632571e-06
2669,21631,2,2,1,3.19299942930229e-06
2670,70783,2,2,1,3.1900017347652465e-06
2671,54402,2,2,1,3.6530000215861946e-06
2672,54416,2,2,1,3.6299970815889537e-06
2673,29842,2,2,2,3.8569996831938624e-06
2674,54425,2,2,1,3.934001142624766e-06
2675,5284,2,2,1,3.817000106209889e-06
2676,79388,2,1,0,1.9500002963468432e-06
2677,119973,2,2,2,3.868000931106508e-06
2678,112945,5,1,1,4.644300133804791e-05
2679,54441,2,2,1,8.102000720100477e-06
2680,87502,2,1,0,2.8530012059491128e-06
2681,54451,2,2,1,4.05899845645763e-06
2682,54454,3,2,1,5.194000550545752e-06
2683,54459,2,2,1,4.1050006984733045e-06
2684,128205,2,2,1,3.7330028135329485e-06
2685,72813,2,1,0,1.8640021153260022e-06
2686,29902,3,2,1,4.329998773755506e-06
2687,62702,2,2,1,3.6450001061894e-06
2688,54527,2,2,1,3.378001565579325e-06
2689,5981,2,1,0,1.9099970813840628e-06
2690,46344,2,2,1,3.5030025173909962e-06
2691,13584,2,2,1,3.6720011848956347e-06
2692,29985,2,2,1,3.866000042762607e-06
2693,81368,2,1,0,1.7899983504321426e-06
2694,5421,2,2,1,3.5099983506370336e-06
2695,87345,2,2,1,5.4010015446692705e-06
2696,95539,2,2,1,3.7109966797288507e-06
2697,70975,2,2,1,3.5489974834490567e-06
2698,111938,2,2,1,3.7629979487974197e-06
2699,70981,2,2,2,3.999997716164216e-06
2700,13649,2,2,1,3.997000021627173e-06
2701,54614,2,2,1,3.372999344719574e-06
2702,103769,2,2,1,3.217002813471481e-06
2703,54952,2,1,0,1.8989994714502245e-06
2704,103786,2,2,1,3.654000465758145e-06
2705,87421,2,2,1,3.5289995139464736e-06
2706,87549,2,1,0,1.730000803945586e-06
2707,62849,3,2,1,3.7379977584350854e-06
2708,7472,3,1,0,2.110999048454687e-06
2709,87426,2,2,1,3.5560005926527083e-06
2710,64633,2,1,0,1.8190003174822778e-06
2711,62854,2,2,1,3.4820004657376558e-06
2712,5512,2,2,2,3.6189994716551155e-06
2713,79240,2,2,1,3.597997420001775e-06
2714,120207,2,2,1,3.2370007829740644e-06
2715,38290,2,2,1,3.359000402269885e-06
2716,15212,2,1,0,1.862998033175245e-06
2717,21914,2,2,1,3.892000677296892e-06
2718,62878,2,2,2,4.4720000005327165e-06
2719,13741,2,2,1,3.5180019040126354e-06
2720,13743,2,2,1,4.188001184957102e-06
2721,30129,2,2,2,4.003999492852017e-06
2722,13745,2,2,1,3.125998773612082e-06
2723,120252,2,2,1,3.397999535081908e-06
2724,112086,2,2,1,3.6240016925148666e-06
2725,87511,2,2,1,3.7190002331044525e-06
2726,71129,2,2,1,5.575999239226803e-06
2727,30170,2,2,1,3.895998816005886e-06
2728,46557,2,2,1,3.149998519802466e-06
2729,112094,3,2,1,3.835000825347379e-06
2730,46559,2,2,1,3.3619980968069285e-06
2731,130273,2,1,0,1.8409991753287613e-06
2732,62949,2,2,1,3.7179997889325023e-06
2733,13806,2,2,1,3.535998985171318e-06
2734,30196,2,2,1,3.592002030927688e-06
2735,62968,2,2,1,3.38700192514807e-06
2736,38417,2,2,1,3.7890022213105112e-06
2737,87664,2,1,0,1.8749997252598405e-06
2738,120338,2,2,1,3.459001163719222e-06
2739,95766,2,2,1,3.5859993658959866e-06
2740,112173,2,2,1,3.932000254280865e-06
2741,87598,2,2,1,3.4479999158065766e-06
2742,38450,2,2,1,3.6199999158270657e-06
2743,79413,2,2,1,3.645996912382543e-06
2744,47714,2,1,0,1.962001988431439e-06
2745,71226,2,2,1,3.155000740662217e-06
2746,112184,2,2,1,3.946999640902504e-06
2747,103997,2,2,1,3.326000296510756e-06
2748,104001,2,2,1,3.3659998734947294e-06
2749,13890,2,2,1,3.522000042721629e-06
2750,104005,2,2,1,3.1460003810934722e-06
2751,79450,2,2,1,4.018002073280513e-06
2752,79451,2,2,1,3.974000719608739e-06
2753,95843,2,2,1,3.917000867659226e-06
2754,95845,2,2,1,3.834000381175429e-06
2755,5736,2,2,1,3.4389995562378317e-06
2756,104041,2,2,1,3.997000021627173e-06
2757,104048,2,2,1,3.229997673770413e-06
2758,5746,2,2,1,3.6769997677765787e-06
2759,13945,2,2,1,5.197001883061603e-06
2760,112264,2,2,1,3.5960001696366817e-06
2761,63115,2,2,1,3.840999852400273e-06
2762,63121,2,2,1,3.658999048639089e-06
2763,95895,2,2,1,3.5560005926527083e-06
2764,13976,2,2,1,4.214001819491386e-06
2765,13977,2,2,1,3.825996827799827e-06
2766,104094,2,2,1,3.4270015021320432e-06
2767,71330,2,2,1,3.4619988582562655e-06
2768,5800,2,2,1,3.6669989640358835e-06
2769,5802,2,2,1,3.4190015867352486e-06
2770,87726,3,2,1,3.0466999305645004e-05
2771,112304,2,2,1,5.98800033912994e-06
2772,32721,2,1,0,2.949000190710649e-06
2773,5812,2,2,1,4.044999514007941e-06
2774,7708,2,1,0,1.981999957934022e-06
2775,46784,2,2,1,3.949997335439548e-06
2776,71371,4,2,1,4.634999640984461e-06
2777,95953,2,2,1,3.3770011214073747e-06
2778,46803,2,2,1,3.221000952180475e-06
2779,95956,2,2,2,4.21799995820038e-06
2780,71389,2,2,1,4.019999323645607e-06
2781,5867,2,2,1,4.063997039338574e-06
2782,112367,2,2,1,4.320001607993618e-06
2783,89606,2,1,0,1.920998329296708e-06
2784,30466,3,2,1,4.443998477654532e-06
2785,89836,2,1,0,1.924996468005702e-06
2786,46858,2,2,1,3.397002728888765e-06
2787,55056,2,2,1,4.2290012061130255e-06
2788,14105,2,2,1,3.1380004656966776e-06
2789,120604,2,2,1,3.6059973353985697e-06
2790,38685,2,2,1,3.2659991120453924e-06
2791,79648,2,2,1,3.35000004270114e-06
2792,30513,2,2,1,3.950997779611498e-06
2793,112435,2,2,1,3.345001459820196e-06
2794,65022,2,1,0,1.8239989003632218e-06
2795,63287,2,2,1,3.4939985198434442e-06
2796,22343,2,2,1,3.601999196689576e-06
2797,128854,2,2,1,3.2860007195267826e-06
2798,128857,2,2,1,3.811997885350138e-06
2799,128858,2,2,1,3.977998858317733e-06
2800,5980,2,2,1,3.8030011637602e-06
2801,104299,2,2,1,2.935998054454103e-06
2802,46964,2,2,1,3.3659998734947294e-06
2803,96119,2,2,1,3.3220021578017622e-06
2804,104318,3,2,1,5.126999894855544e-06
2805,128905,2,2,1,3.588000254239887e-06
2806,30601,3,2,1,4.001001798314974e-06
2807,55183,2,2,1,3.6720011848956347e-06
2808,55206,2,2,2,3.4180011425632983e-06
2809,71619,2,2,1,3.573000867618248e-06
2810,71624,3,2,1,4.608999006450176e-06
2811,55383,2,1,0,1.8880018615163863e-06
2812,120779,2,2,1,3.4629993024282157e-06
2813,30668,2,2,1,3.3279975468758494e-06
2814,88014,2,2,1,3.834000381175429e-06
2815,55247,2,2,1,3.311000909889117e-06
2816,105707,3,1,0,2.3040011001285166e-06
2817,14288,2,2,1,3.610999556258321e-06
2818,104404,2,2,1,3.7150020943954587e-06
2819,120794,2,2,1,3.6579986044671386e-06
2820,112606,2,2,1,3.3010001061484218e-06
2821,120802,2,2,1,3.3289979910477996e-06
2822,38884,2,2,1,3.2559983083046973e-06
2823,38890,3,2,1,4.020999767817557e-06
2824,57014,2,1,0,3.3180003811139613e-06
2825,104431,2,2,1,3.835997631540522e-06
2826,30704,2,2,1,3.825000021606684e-06
2827,30705,2,2,1,3.5939992812927812e-06
2828,63485,2,2,1,3.473000106168911e-06
2829,63488,2,2,1,3.7200006772764027e-06
2830,112641,2,2,1,3.815002855844796e-06
2831,40683,2,1,0,1.8499995348975062e-06
2832,120835,2,2,1,3.750999894691631e-06
2833,96262,2,2,1,3.7429999792948365e-06
2834,14342,3,2,1,4.65199991595e-06
2835,30735,2,2,1,3.4320000850129873e-06
2836,129039,2,2,1,3.7229983718134463e-06
2837,71723,2,2,1,3.5800003388430923e-06
2838,14406,2,2,1,3.3189971873071045e-06
2839,71754,4,2,2,5.007997970096767e-06
2840,38987,2,2,1,3.945999196730554e-06
2841,64570,2,1,0,1.844000507844612e-06
2842,112717,3,2,1,4.279001586837694e-06
2843,112719,2,2,1,3.558998287189752e-06
2844,55378,3,2,1,4.82600080431439e-06
2845,79975,2,2,1,3.6729979910887778e-06
2846,129149,2,2,1,3.5270022635813802e-06
2847,22655,2,2,1,3.492998075671494e-06
2848,88200,2,2,1,3.444998583290726e-06
2849,63628,2,2,1,3.5099983506370336e-06
2850,63629,2,2,1,3.0529990908689797e-06
2851,30865,2,2,1,3.8090001908130944e-06
2852,96430,2,2,1,3.82000143872574e-06
2853,129203,2,2,1,3.293000190751627e-06
2854,96437,2,2,1,3.5820012271869928e-06
2855,63673,2,2,1,3.630997525760904e-06
2856,104655,2,2,1,3.5630000638775527e-06
2857,96463,5,2,1,5.71300188312307e-06
2858,47315,2,2,1,3.383996954653412e-06
2859,14763,2,1,0,1.8140017346013337e-06
2860,6365,2,2,1,3.2079988159239292e-06
2861,63719,2,2,1,3.4510012483224273e-06
2862,55540,2,2,1,3.1999989005271345e-06
2863,55541,2,1,0,1.8550017557572573e-06
2864,63773,2,2,1,3.640998329501599e-06
2865,88357,2,2,1,4.425000952323899e-06
2866,88358,2,2,1,3.549001121427864e-06
2867,6445,2,2,1,3.3719989005476236e-06
2868,112957,2,2,1,3.5529992601368576e-06
2869,121151,2,2,1,3.5179982660338283e-06
2870,112976,4,2,1,4.520999937085435e-06
2871,96601,2,2,1,3.78400000045076e-06
2872,47449,2,2,1,3.5439989005681127e-06
2873,63842,4,2,1,4.342000465840101e-06
2874,31345,2,1,0,1.77200126927346e-06
2875,31077,2,2,1,3.8039979699533433e-06
2876,121189,5,2,1,5.3580006351694465e-06
2877,31079,2,2,1,3.492001269478351e-06
2878,96616,2,2,1,3.6679994082078338e-06
2879,22893,2,2,1,3.64600055036135e-06
2880,72048,2,2,1,3.621000359999016e-06
2881,63860,2,2,1,3.986999217886478e-06
2882,14711,2,2,1,3.3460019039921463e-06
2883,63869,2,2,1,3.373999788891524e-06
2884,32370,2,1,0,1.7799975466914475e-06
2885,121212,2,2,1,3.9950027712620795e-06
2886,121218,2,2,1,5.335998139344156e-06
2887,6530,2,2,1,3.359997208463028e-06
2888,63878,2,2,1,3.359000402269885e-06
2889,129462,4,2,2,4.82800169265829e-06
2890,6597,2,2,1,3.8039979699533433e-06
2891,6613,2,2,1,3.6000019463244826e-06
2892,96746,2,2,1,3.584002115530893e-06
2893,88571,2,2,1,3.2900024962145835e-06
2894,88578,2,2,1,3.1710005714558065e-06
2895,506,3,1,0,2.1189989638514817e-06
2896,746,6,1,1,5.864996637683362e-06
2897,39436,2,2,1,3.7950012483634055e-06
2898,39448,2,1,0,1.8050013750325888e-06
2899,104277,4,1,1,3.5010016290470958e-06
2900,88599,2,2,1,3.17399826599285e-06
2901,39450,2,2,1,3.3289979910477996e-06
2902,47643,2,2,2,3.920002200175077e-06
2903,88602,2,2,1,3.3940013963729143e-06
2904,31264,2,2,1,3.1390009098686278e-06
2905,23085,2,2,1,3.383000148460269e-06
2906,96819,2,2,1,4.2430001485627145e-06
2907,39714,2,1,0,1.7689999367576092e-06
2908,55860,2,2,1,3.4670010791160166e-06
2909,55864,2,2,1,2.707001840462908e-06
2910,80442,2,2,1,3.2050011213868856e-06
2911,72251,2,2,1,3.34899959852919e-06
2912,15274,3,1,0,2.3219981812871993e-06
2913,48874,2,0,0,1.811000402085483e-06
2914,64067,3,2,1,4.506000550463796e-06
2915,129610,2,2,1,3.631001163739711e-06
2916,88657,2,2,1,4.158999217906967e-06
2917,23122,2,2,1,3.248998837079853e-06
2918,72275,2,2,1,3.5199991543777287e-06
2919,129637,2,2,1,3.225999535061419e-06
2920,23142,2,2,1,3.3700016501825303e-06
2921,55915,2,2,1,3.678000211948529e-06
2922,47732,2,2,1,2.7380010578781366e-06
2923,113288,2,2,1,3.6430028558243066e-06
2924,105102,2,2,1,3.4910008253064007e-06
2925,72416,2,1,0,1.8099999579135329e-06
2926,55961,2,2,1,3.4719996619969606e-06
2927,64157,2,2,1,3.1659983505960554e-06
2928,31398,2,2,1,3.359000402269885e-06
2929,15016,2,2,1,3.3760006772354245e-06
2930,55978,2,2,1,3.2669995562173426e-06
2931,130660,2,1,0,1.8399987311568111e-06
2932,15019,2,2,2,3.727000148501247e-06
2933,15036,2,2,1,3.659999492811039e-06
2934,56006,3,2,1,4.257999535184354e-06
2935,57203,2,1,0,1.8419996195007116e-06
2936,121554,2,2,1,3.5660013963934034e-06
2937,47829,2,2,1,3.498000296531245e-06
2938,72408,2,2,1,3.730001481017098e-06
2939,31459,2,2,1,3.387998731341213e-06
2940,72420,2,2,1,3.649001882877201e-06
2941,72422,2,2,2,3.8050020521041006e-06
2942,105197,2,2,1,3.749999450519681e-06
2943,31470,3,2,1,4.426998202688992e-06
2944,23280,2,2,1,3.5140001273248345e-06
2945,23284,2,2,1,3.4059994504787028e-06
2946,97013,2,2,1,3.339999238960445e-06
2947,121697,2,1,0,2.0000006770715117e-06
2948,97014,2,2,1,3.244000254198909e-06
2949,97015,2,2,1,3.6099991120863706e-06
2950,80633,2,2,1,4.6240020310506225e-06
2951,6916,3,2,1,1.0079998901346698e-05
2952,80645,2,2,1,3.445002221269533e-06
2953,47883,2,2,1,3.429999196669087e-06
2954,15768,2,1,0,1.7559978005010635e-06
2955,88848,2,2,1,3.5749981179833412e-06
2956,6932,2,2,2,3.832999937003478e-06
2957,113429,2,2,1,3.2469979487359524e-06
2958,64636,2,1,0,1.7749989638105035e-06
2959,74685,3,1,1,3.483000909909606e-06
2960,113431,2,2,1,3.4530021366663277e-06
2961,39721,2,2,1,3.6860001273453236e-06
2962,39722,2,2,1,3.0529990908689797e-06
2963,72494,2,2,1,3.48799949279055e-06
2964,97070,2,2,1,3.716999344760552e-06
2965,129847,4,2,1,4.1430030250921845e-06
2966,8548,3,1,0,2.064000000245869e-06
2967,129849,2,2,1,3.6390010791365057e-06
2968,23360,2,2,1,3.4580007195472717e-06
2969,768,3,1,0,5.401998350862414e-06
2970,6978,2,2,1,6.22899824520573e-06
2971,31562,2,2,1,3.76399839296937e-06
2972,121694,2,2,1,3.5249977372586727e-06
2973,64366,2,2,1,3.2429998100269586e-06
2974,7033,2,2,1,3.630000719567761e-06
2975,7035,2,2,1,3.569999535102397e-06
2976,80764,2,2,1,3.990000550402328e-06
2977,88959,2,2,1,3.5849989217240363e-06
2978,15244,2,2,1,3.359997208463028e-06
2979,106301,3,1,0,2.1359992388170213e-06
2980,82205,3,0,0,2.214997948613018e-06
2981,39822,2,2,1,3.31199771608226e-06
2982,56210,2,2,2,5.005000275559723e-06
2983,113556,2,2,1,3.8050020521041006e-06
2984,56215,2,2,1,3.984001523349434e-06
2985,56217,2,2,1,3.5869998100679368e-06
2986,88985,2,2,1,3.372999344719574e-06
2987,72607,2,2,1,3.793000360019505e-06
2988,80804,2,2,1,2.949000190710649e-06
2989,48038,2,2,1,3.5189987102057785e-06
2990,89017,3,2,1,3.806999302469194e-06
2991,23483,4,1,0,2.4090004444587976e-06
2992,72642,2,2,1,4.023000656161457e-06
2993,105413,2,2,1,3.4620024962350726e-06
2994,48072,2,2,1,3.6189994716551155e-06
2995,130022,2,2,1,3.881999873556197e-06
2996,130023,2,2,1,4.044999514007941e-06
2997,89092,2,2,1,3.778000973397866e-06
2998,89104,2,2,1,3.6419987736735493e-06
2999,39952,2,2,1,2.9799994081258774e-06
3000,32404,2,1,0,1.881999196484685e-06
3001,39969,2,2,1,3.459997969912365e-06
3002,15407,2,2,1,3.7340032577048987e-06
3003,15409,3,2,1,4.362998879514635e-06
3004,113719,2,2,1,3.721997927641496e-06
3005,130103,2,2,1,3.324999852338806e-06
3006,64569,2,2,1,3.7769968912471086e-06
3007,56391,3,2,1,4.892001015832648e-06
3008,89164,2,2,1,3.2940006349235773e-06
3009,89166,2,2,1,3.359997208463028e-06
3010,23636,2,2,1,3.46899832948111e-06
3011,121949,2,2,1,3.6579986044671386e-06
3012,121967,2,2,1,3.474000550340861e-06
3013,121969,2,2,1,3.2089992600958794e-06
3014,130168,3,2,1,6.727001164108515e-06
3015,121989,2,2,1,3.989996912423521e-06
3016,31880,2,2,1,3.5039993235841393e-06
3017,64650,2,2,1,3.340999683132395e-06
3018,130186,2,2,1,3.697001375257969e-06
3019,130188,2,2,1,3.1339986890088767e-06
3020,15525,2,2,1,3.2850002753548324e-06
3021,122041,2,2,1,3.1899980967864394e-06
3022,130240,2,2,1,2.8509966796264052e-06
3023,97478,2,2,1,3.4100012271665037e-06
3024,97480,2,2,1,3.6130004446022213e-06
3025,97482,2,2,1,3.622000804170966e-06
3026,97483,2,2,1,3.3869982871692628e-06
3027,113870,3,2,1,4.409001121530309e-06
3028,97493,2,2,1,4.307999915909022e-06
3029,48352,2,2,1,3.440000000409782e-06
3030,130275,2,2,1,3.155000740662217e-06
3031,64741,2,2,1,3.540000761859119e-06
3032,64749,2,2,1,3.4229997254442424e-06
3033,23819,2,2,1,3.673001629067585e-06
3034,122131,3,2,1,4.359997546998784e-06
3035,122133,2,2,1,3.7289973988663405e-06
3036,32022,2,2,1,3.4470031096134335e-06
3037,40216,2,2,1,3.4430013329256326e-06
3038,48436,2,2,1,3.326000296510756e-06
3039,130357,2,2,1,2.639997546793893e-06
3040,32055,2,2,1,3.1579984351992607e-06
3041,40246,2,2,1,3.868000931106508e-06
3042,32058,2,2,1,3.1419986044056714e-06
3043,48443,2,2,1,3.492998075671494e-06
3044,64837,2,2,1,3.3859978429973125e-06
3045,122182,2,2,1,3.5140001273248345e-06
3046,97607,2,2,1,3.621000359999016e-06
3047,114017,2,2,1,3.2710013329051435e-06
3048,114018,2,2,1,3.2470015867147595e-06
3049,122815,2,1,0,1.9029976101592183e-06
3050,97672,2,2,1,3.920002200175077e-06
3051,40331,2,2,1,3.577999450499192e-06
3052,40341,2,2,1,3.9520018617622554e-06
3053,130455,2,2,1,3.5039993235841393e-06
3054,48542,2,2,1,3.4579970815684646e-06
3055,73135,2,2,1,3.5939992812927812e-06
3056,122293,2,2,1,3.1230010790750384e-06
3057,122294,2,2,1,3.5890006984118372e-06
3058,48570,2,2,1,3.2560019462835044e-06
3059,97726,2,2,1,3.584002115530893e-06
3060,56769,2,2,1,3.1990020943339914e-06
3061,81354,2,2,1,3.879002179019153e-06
3062,89549,2,2,1,3.2950010790955275e-06
3063,97749,4,2,1,4.440000338945538e-06
3064,122337,2,2,1,3.416000254219398e-06
3065,7657,7,2,1,5.802001396659762e-06
3066,122353,2,2,1,5.525998858502135e-06
3067,89591,2,2,1,3.825000021606684e-06
3068,48643,2,2,1,3.335997462272644e-06
3069,24084,2,2,1,3.80200071958825e-06
3070,89634,2,2,2,4.139001248404384e-06
3071,40496,2,2,1,3.3229989639949054e-06
3072,48691,2,2,1,3.793000360019505e-06
3073,32308,2,2,1,3.3039978006854653e-06
3074,73273,3,2,1,4.3190011638216674e-06
3075,81488,2,2,1,3.631001163739711e-06
3076,7765,3,2,1,3.641001967480406e-06
3077,56920,2,2,1,3.46999877365306e-06
3078,130663,2,2,1,3.34899959852919e-06
3079,15975,2,2,1,5.4349984566215426e-06
3080,32368,2,2,1,3.3040014386642724e-06
3081,32372,2,2,1,3.6940000427421182e-06
3082,122489,2,2,1,3.6679994082078338e-06
3083,97922,2,2,1,3.4570002753753215e-06
3084,24198,2,2,1,3.722001565620303e-06
3085,81545,2,2,1,3.6659985198639333e-06
3086,81546,2,2,1,3.896999260177836e-06
3087,7824,3,2,1,4.658999387174845e-06
3088,65172,2,2,1,3.883000317728147e-06
3089,122519,2,2,1,3.7709978641942143e-06
3090,32409,3,2,1,4.2339997889939696e-06
3091,81567,2,2,1,3.553999704308808e-06
3092,56993,2,2,1,3.7339996197260916e-06
3093,40610,2,2,1,3.2130010367836803e-06
3094,16045,2,2,1,3.416000254219398e-06
3095,122546,3,2,1,3.626002580858767e-06
3096,57013,2,2,1,4.0480008465237916e-06
3097,16057,2,2,1,3.6150013329461217e-06
3098,40642,2,2,1,3.2770003599580377e-06
3099,122572,2,1,0,1.8479986465536058e-06
3100,106179,2,2,1,3.9859987737145275e-06
3101,106296,2,1,0,1.9509971025399864e-06
3102,114379,2,2,1,3.745000867638737e-06
3103,81614,2,2,1,3.1579984351992607e-06
3104,106203,2,2,1,3.973000275436789e-06
3105,73441,2,2,1,3.1199997465591878e-06
3106,32483,2,2,1,3.183999069733545e-06
3107,122596,2,2,1,3.1579984351992607e-06
3108,65252,2,2,1,3.7680001696571708e-06
3109,65251,3,2,1,3.8909965951461345e-06
3110,98023,2,2,1,3.2910029403865337e-06
3111,16118,2,2,1,3.768996975850314e-06
3112,32507,2,2,1,3.54400253854692e-06
3113,130838,2,2,1,3.82100188289769e-06
3114,130842,2,2,1,3.3719989005476236e-06
3115,40735,3,2,1,4.092999006388709e-06
3116,7974,2,2,1,3.454002580838278e-06
3117,114474,2,2,1,3.5199991543777287e-06
3118,81706,2,2,1,3.4080003388226032e-06
3119,122668,2,2,1,3.258002834627405e-06
3120,7980,3,2,1,3.835997631540522e-06
3121,40750,2,2,1,4.104997060494497e-06
3122,40751,2,2,1,2.9940019885543734e-06
3123,7991,2,2,1,3.1180024961940944e-06
3124,40765,2,2,1,3.559001925168559e-06
3125,48970,2,2,1,3.6290002753958106e-06
3126,24413,2,2,1,3.4130025596823543e-06
3127,40824,2,2,1,3.188997652614489e-06
3128,122746,2,2,1,3.150002157781273e-06
3129,122747,2,2,1,3.7710015021730214e-06
3130,81794,2,2,1,3.74499722965993e-06
3131,57218,2,2,1,3.5609991755336523e-06
3132,57220,2,2,1,3.5099983506370336e-06
3133,57219,2,2,1,4.285000613890588e-06
3134,8071,2,2,1,3.3149990485981107e-06
3135,24456,2,2,1,3.811997885350138e-06
3136,32670,2,2,1,3.4990007407031953e-06
3137,16302,2,2,1,3.4910008253064007e-06
3138,114631,2,2,1,2.9600014386232942e-06
3139,16331,2,2,2,4.3620020733214915e-06
3140,8140,2,2,1,3.583001671358943e-06
3141,16337,2,2,1,5.005000275559723e-06
3142,90065,2,2,1,3.449000359978527e-06
3143,90071,3,2,1,4.501998773775995e-06
3144,90075,2,2,1,3.5010016290470958e-06
3145,65500,2,2,1,3.1380004656966776e-06
3146,90079,2,2,1,3.62699938705191e-06
3147,90083,3,2,1,4.1529965528752655e-06
3148,16360,2,2,1,3.420998837100342e-06
3149,81901,2,2,1,3.703000402310863e-06
3150,122862,2,2,2,4.277000698493794e-06
3151,32754,2,2,1,3.855002432828769e-06
3152,49141,2,2,1,3.0860028346069157e-06
3153,114979,3,2,1,3.899000148521736e-06
3154,90466,3,2,1,4.391997208585963e-06
3155,74181,4,2,1,4.794001142727211e-06
3156,16854,4,2,1,4.773002729052678e-06
3157,82628,4,2,0,8.687999070389196e-06
3158,2855,4,1,0,2.8379981813486665e-06
3159,90985,4,2,1,3.154099977109581e-05
3160,33686,8,2,1,8.941999112721533e-06
3161,25511,3,2,1,5.533001967705786e-06
3162,82982,3,2,1,4.400000761961564e-06
3163,66605,3,2,1,4.081997758476064e-06
3164,91227,4,2,0,6.555997970281169e-06
3165,1119,3,2,1,4.402001650305465e-06
3166,91230,4,2,1,4.898000042885542e-06
3167,66760,3,2,1,4.4910011638421565e-06
3168,34072,3,2,1,4.350000381236896e-06
3169,124313,3,2,1,3.95800088881515e-06
3170,42417,4,2,1,4.055000317748636e-06
3171,50689,3,2,1,4.3340005504433066e-06
3172,132691,6,2,1,5.476998921949416e-06
3173,18027,3,2,1,4.2769970605149865e-06
3174,26310,4,2,0,5.763999070040882e-06
3175,26317,4,2,0,5.4250012908596545e-06
3176,108456,3,2,1,4.023000656161457e-06
3177,100271,4,2,0,6.476999260485172e-06
3178,108500,3,2,1,4.339999577496201e-06
3179,3276,3,1,1,3.0139999580569565e-06
3180,83929,3,2,1,4.0099985199049115e-06
3181,125048,3,2,1,4.0429986256640404e-06
3182,67925,4,2,1,4.621000698534772e-06
3183,52256,3,2,1,4.2909996409434825e-06
3184,85363,5,2,1,5.6150020100176334e-06
3185,28034,4,2,1,4.478999471757561e-06
3186,110470,3,2,1,4.071000148542225e-06
3187,4001,3,2,1,4.010998964076862e-06
3188,102472,3,2,1,4.115001502214e-06
3189,28796,4,2,1,4.557001375360414e-06
3190,102576,6,2,1,5.945999873802066e-06
3191,78468,3,2,1,3.950997779611498e-06
3192,4874,4,2,0,5.501999112311751e-06
3193,127757,4,2,1,4.258999979356304e-06
3194,21336,4,2,0,5.904999852646142e-06
3195,45989,5,2,1,4.937999619869515e-06
3196,46404,5,2,1,4.7959983930923045e-06
3197,79448,3,2,1,3.9289989217650145e-06
3198,38578,3,2,1,4.239998816046864e-06
3199,104260,3,2,1,4.039000486955047e-06
3200,79746,4,1,1,3.234999894630164e-06
3201,55211,4,2,1,4.869998520007357e-06
3202,104859,4,2,1,4.478002665564418e-06
3203,121693,3,2,1,4.0429986256640404e-06
3204,73,4,2,1,4.703000740846619e-06
3205,80,3,1,0,2.357999619562179e-06
3206,2796,3,2,1,4.165998689131811e-06
3207,90119,3,3,1,5.22399932378903e-06
3208,122894,3,3,1,5.06599826621823e-06
3209,49487,3,2,0,2.4520013539586216e-06
3210,9069,3,1,0,2.1270025172270834e-06
3211,98319,3,3,1,5.150999641045928e-06
3212,107195,3,2,0,2.5420013116672635e-06
3213,103825,3,1,0,2.182998287025839e-06
3214,122902,3,3,1,4.222998541081324e-06
3215,100625,3,2,0,2.257998858112842e-06
3216,32799,3,3,1,5.362002411857247e-06
3217,120603,3,2,0,2.5420013116672635e-06
3218,24608,3,3,1,4.96500069857575e-06
3219,122911,3,3,1,5.3010007832199335e-06
3220,24610,3,3,1,4.934998287353665e-06
3221,111563,3,2,0,2.472999767633155e-06
3222,65570,3,3,1,5.484998837346211e-06
3223,18014,3,2,0,2.7609967219177634e-06
3224,35,5,3,1,9.239000064553693e-06
3225,75855,4,2,1,4.9679983931127936e-06
3226,98348,3,3,1,4.68900179839693e-06
3227,887,3,2,0,2.3570028133690357e-06
3228,122925,3,3,1,4.616002115653828e-06
3229,122924,5,3,1,5.9820013120770454e-06
3230,20363,3,2,0,2.4520013539586216e-06
3231,49199,3,3,1,4.658999387174845e-06
3232,122928,3,3,1,4.4720000005327165e-06
3233,120994,3,2,0,2.46399940806441e-06
3234,114132,3,1,0,2.1369996829889715e-06
3235,131122,3,3,1,4.601999535225332e-06
3236,131123,3,3,1,6.473997927969322e-06
3237,87519,3,2,0,2.530003257561475e-06
3238,98356,3,3,1,5.013000190956518e-06
3239,16445,3,3,1,4.675002855947241e-06
3240,16454,3,3,1,5.489000614034012e-06
3241,41032,3,3,1,4.880999767920002e-06
3242,24650,3,3,1,4.820998583454639e-06
3243,90189,5,3,1,5.95199890085496e-06
3244,124399,6,2,0,3.9570004446431994e-06
3245,63926,4,2,1,4.7009998525027186e-06
3246,57422,3,3,1,5.180998414289206e-06
3247,88924,3,2,0,2.8389986255206168e-06
3248,120052,3,1,0,2.329998096683994e-06
3249,38534,3,0,0,2.249002136522904e-06
3250,122961,3,3,1,4.403998900670558e-06
3251,46244,4,2,0,3.017001290572807e-06
3252,79621,4,1,0,2.5459994503762573e-06
3253,8274,3,3,1,4.82800169265829e-06
3254,115709,3,2,0,2.534001396270469e-06
3255,49246,4,3,1,5.313999281497672e-06
3256,83681,3,2,0,2.4989967641886324e-06
3257,24676,3,3,1,4.27400300395675e-06
3258,100238,3,2,0,2.430999302305281e-06
3259,111562,3,1,0,2.167002094211057e-06
3260,70029,5,1,0,3.511002432787791e-06
3261,3121,4,2,1,5.161997250979766e-06
3262,84156,4,2,0,6.017999112373218e-06
3263,114790,3,3,1,5.391000740928575e-06
3264,57447,3,3,1,5.758000042987987e-06
3265,49271,3,3,1,4.172001354163513e-06
3266,85273,3,2,0,2.454999048495665e-06
3267,124702,3,1,0,2.167002094211057e-06
3268,60963,3,0,0,2.1310006559360772e-06
3269,57465,3,3,1,6.980000762268901e-06
3270,132617,3,2,0,2.673001290531829e-06
3271,124636,3,1,0,2.183001925004646e-06
3272,131211,3,3,1,4.929999704472721e-06
3273,38319,3,2,0,2.4930013751145452e-06
3274,64129,3,1,0,2.2599997464567423e-06
3275,131212,3,3,1,5.342000804375857e-06
3276,131215,3,3,2,4.963700121152215e-05
3277,106639,3,3,1,5.384998075896874e-06
3278,131217,3,3,1,5.284000508254394e-06
3279,131222,3,3,1,5.174002581043169e-06
3280,90266,3,3,2,7.39199822419323e-06
3281,16538,3,3,1,5.376998160500079e-06
3282,90272,3,3,1,5.073001375421882e-06
3283,114850,4,3,1,5.388999852584675e-06
3284,123043,3,3,1,4.947996785631403e-06
3285,49321,4,3,1,5.680998583557084e-06
3286,90286,3,3,1,4.999001248506829e-06
3287,25622,3,2,0,2.4949986254796386e-06
3288,51307,3,1,0,2.2800013539381325e-06
3289,28546,3,0,0,2.0279985619708896e-06
3290,73904,4,3,1,5.642003088723868e-06
3291,60479,3,2,0,2.8079994081053883e-06
3292,114869,4,3,1,5.679001333191991e-06
3293,24762,3,3,1,5.311998393153772e-06
3294,82422,3,2,0,2.5650006136856973e-06
3295,65724,3,3,1,4.352001269580796e-06
3296,46739,3,2,0,2.6859997888095677e-06
3297,71948,3,1,0,2.273001882713288e-06
3298,73086,3,0,0,2.102002326864749e-06
3299,41191,3,3,1,5.194000550545752e-06
3300,131326,3,3,1,5.345998943084851e-06
3301,24832,3,3,1,5.685997166438028e-06
3302,24836,3,3,1,1.3061999197816476e-05
3303,90841,3,2,0,2.720000338740647e-06
3304,65800,3,3,1,5.210000381339341e-06
3305,75548,3,2,0,2.4660002964083105e-06
3306,8456,4,3,1,5.463996785692871e-06
3307,131344,3,3,1,4.318000719649717e-06
3308,35731,3,2,0,2.605996996862814e-06
3309,106776,4,3,1,5.9630001487676054e-06
3310,38231,3,2,0,2.5950030249077827e-06
3311,16666,3,3,1,5.384001269703731e-06
3312,18592,3,2,0,2.858003426808864e-06
3313,117837,3,1,0,2.2899985197000206e-06
3314,114971,3,3,1,5.453999619930983e-06
3315,120792,3,2,0,2.4789987946860492e-06
3316,284,3,3,1,5.065001460025087e-06
3317,294,3,3,1,9.916999260894954e-06
3318,16682,3,3,1,6.2350009102374315e-06
3319,298,3,3,1,5.433001206256449e-06
3320,82221,4,3,1,1.0387997463112697e-05
3321,27481,3,2,1,4.84700285596773e-06
3322,131375,3,3,1,5.342000804375857e-06
3323,49460,3,3,1,5.177997081773356e-06
3324,49462,3,3,2,6.972000846872106e-06
3325,49466,3,3,1,4.4049993448425084e-06
3326,85756,3,2,0,2.8180002118460834e-06
3327,56945,3,1,0,2.120999852195382e-06
3328,8508,3,3,1,5.48099706065841e-06
3329,123202,3,3,1,5.61899651074782e-06
3330,123204,3,3,1,5.20499816047959e-06
3331,123205,3,3,1,4.106001142645255e-06
3332,128852,3,2,0,2.5519984774291515e-06
3333,115016,3,3,1,4.617999366018921e-06
3334,131402,3,3,1,6.8689987529069185e-06
3335,24909,3,3,1,5.173002136871219e-06
3336,107547,3,2,0,2.6329980755690485e-06
3337,33101,3,3,1,4.432000423548743e-06
3338,42699,3,2,0,2.730997948674485e-06
3339,74082,3,1,0,2.148000930901617e-06
3340,1969,3,0,0,2.176999259972945e-06
3341,41303,3,3,1,5.366997356759384e-06
3342,106849,3,3,2,8.636998245492578e-06
3343,16851,4,2,0,6.047001079423353e-06
3344,33128,3,3,1,4.952002200298011e-06
3345,37717,3,2,0,2.649998350534588e-06
3346,97677,3,1,0,2.1279993234202266e-06
3347,33132,3,3,1,4.818997695110738e-06
3348,16757,3,3,1,4.616002115653828e-06
3349,33509,3,2,0,2.6410016289446503e-06
3350,107363,4,2,1,4.6959976316429675e-06
3351,21235,4,1,1,3.4270015021320432e-06
3352,106870,3,3,1,4.7579997044522315e-06
3353,106885,3,3,1,4.818997695110738e-06
3354,49541,3,3,1,5.099002009956166e-06
3355,16773,9,3,1,9.208000847138464e-06
3356,74131,3,3,1,4.908000846626237e-06
3357,8006,3,2,0,2.624998160172254e-06
3358,74134,3,3,1,5.0530034059192985e-06
3359,424,3,3,1,4.598001396516338e-06
3360,46671,3,2,0,2.501998096704483e-06
3361,425,3,3,1,4.498000635067001e-06
3362,427,3,3,1,4.481000360101461e-06
3363,115124,3,3,1,5.313999281497672e-06
3364,113592,3,2,0,2.6000016077887267e-06
3365,33205,3,3,1,4.774999979417771e-06
3366,82362,3,3,1,5.116002284921706e-06
3367,37843,3,2,0,2.769000275293365e-06
3368,74173,3,3,1,4.631001502275467e-06
3369,51984,3,2,0,2.487002348061651e-06
3370,115141,3,3,1,4.67000063508749e-06
3371,123347,3,3,1,4.755998816108331e-06
3372,16855,3,3,1,5.551999493036419e-06
3373,57819,3,3,1,4.453999281395227e-06
3374,16892,3,3,1,9.120001777773723e-06
3375,53246,3,2,0,2.529999619582668e-06
3376,94330,3,1,0,2.3030006559565663e-06
3377,8710,3,3,1,4.383000486996025e-06
3378,14804,3,2,0,2.3709981178399175e-06
3379,105497,3,1,0,2.16899934457615e-06
3380,8713,3,3,2,8.185998012777418e-06
3381,57866,3,3,1,4.09900167142041e-06
3382,124936,4,2,0,2.9420007194858044e-06
3383,76885,4,1,0,2.3030006559565663e-06
3384,115211,3,3,1,4.732999514089897e-06
3385,27320,3,2,0,2.5950030249077827e-06
3386,120619,3,1,0,2.086999302264303e-06
3387,97495,3,0,0,2.1119994926266372e-06
3388,131596,3,3,1,4.864999937126413e-06
3389,49676,3,3,1,5.169000360183418e-06
3390,50641,3,2,0,2.511002094252035e-06
3391,26325,3,1,0,2.1320011001080275e-06
3392,115214,3,3,1,4.907000402454287e-06
3393,115215,3,3,1,4.0661001548869535e-05
3394,54560,3,2,0,5.097001121612266e-06
3395,107019,4,3,2,8.59099964145571e-06
3396,107025,3,3,1,8.742001227801666e-06
3397,107026,3,3,1,4.829998943023384e-06
3398,16916,3,3,1,5.697998858522624e-06
3399,49691,3,3,1,3.4810000215657055e-06
3400,543,3,3,1,5.146001058164984e-06
3401,120822,5,2,0,3.5489974834490567e-06
3402,123431,3,3,1,4.78799847769551e-06
3403,90100,3,2,0,2.5519984774291515e-06
3404,110370,3,1,0,2.139000571332872e-06
3405,115240,4,3,1,5.490001058205962e-06
3406,125285,3,2,0,4.547000571619719e-06
3407,127204,3,1,0,2.1650012058671564e-06
3408,115242,3,3,2,8.440998499281704e-06
3409,123434,3,3,1,4.772999091073871e-06
3410,35429,3,2,0,2.426000719424337e-06
3411,82475,3,3,1,4.758003342431039e-06
3412,23631,4,2,0,3.0459996196441352e-06
3413,123438,3,3,1,5.649002559948713e-06
3414,107060,3,3,1,5.4060001275502145e-06
3415,82485,3,3,1,4.680001438828185e-06
3416,18092,3,2,0,2.4220025807153434e-06
3417,51660,3,1,0,2.0900006347801536e-06
3418,98873,3,3,1,4.630001058103517e-06
3419,74297,3,3,1,4.869998520007357e-06
3420,74303,3,3,1,5.035999492974952e-06
3421,131650,3,3,1,5.120997229823843e-06
3422,115271,3,3,1,5.013996997149661e-06
3423,49740,3,3,2,7.94599691289477e-06
3424,16973,3,3,1,4.916000762023032e-06
3425,25169,3,3,1,5.042998964199796e-06
3426,123478,3,3,1,6.022000889061019e-06
3427,25178,3,3,1,4.94699997943826e-06
3428,604,3,3,1,4.540001100394875e-06
3429,3681,3,2,0,2.439999661874026e-06
3430,57964,3,3,1,4.837998858420178e-06
3431,101872,3,2,0,2.730001142481342e-06
3432,66158,3,3,1,4.746998456539586e-06
3433,66160,3,3,1,4.826997610507533e-06
3434,115313,3,3,1,4.659999831346795e-06
3435,63814,3,2,0,2.50100129051134e-06
3436,74355,3,3,1,4.737001290777698e-06
3437,107352,3,2,0,2.3190004867501557e-06
3438,33401,3,3,1,4.685996827902272e-06
3439,107134,3,3,1,4.6480017772410065e-06
3440,82562,3,3,1,4.705998435383663e-06
3441,93561,3,2,0,2.469001628924161e-06
3442,646,3,3,1,5.051999323768541e-06
3443,98957,3,3,1,5.229001544648781e-06
3444,11914,3,2,0,2.4479995772708207e-06
3445,655,3,3,1,5.574998795054853e-06
3446,98961,3,3,2,6.749000021954998e-06
3447,98963,3,3,1,4.19999923906289e-06
3448,128018,3,2,0,2.755001332843676e-06
3449,126016,3,1,0,2.2099993657320738e-06
3450,41876,3,0,0,1.992000761674717e-06
3451,107166,3,3,1,4.68800135422498e-06
3452,29127,4,2,0,2.9469993023667485e-06
3453,127141,5,2,1,5.410001904238015e-06
3454,68758,5,2,1,5.917001544730738e-06
3455,74400,3,3,1,5.395999323809519e-06
3456,123558,3,3,1,4.176999937044457e-06
3457,92281,3,2,0,8.604998583905399e-06
3458,26731,4,2,1,4.326000635046512e-06
3459,66233,3,3,1,5.326997779775411e-06
3460,90812,3,3,1,6.3160005083773285e-06
3461,107198,3,3,1,5.275000148685649e-06
3462,66241,4,3,1,6.504000339191407e-06
3463,5513,3,2,0,2.6950001483783126e-06
3464,98064,4,1,0,2.4859982659108937e-06
3465,728,3,3,1,4.644000000553206e-06
3466,90853,3,3,2,6.367001333273947e-06
3467,104845,5,2,0,5.9689991758205e-06
3468,90854,3,3,1,4.655998054658994e-06
3469,107647,3,2,0,2.5700028345454484e-06
3470,4313,3,1,0,5.85000088904053e-06
3471,115433,3,3,2,1.0276999091729522e-05
3472,107254,3,3,1,7.241997082019225e-06
3473,74499,3,3,1,5.95299934502691e-06
3474,45862,3,2,0,2.6230009098071605e-06
3475,783,3,3,1,6.26700057182461e-06
3476,123671,3,3,1,4.818000888917595e-06
3477,791,3,3,1,4.904999514110386e-06
3478,8985,3,3,2,7.711998478043824e-06
3479,25372,3,3,1,4.746998456539586e-06
3480,90910,3,3,1,5.0960006774403155e-06
3481,8990,3,3,1,4.647998139262199e-06
3482,25374,3,3,1,5.832996976096183e-06
3483,58151,3,3,1,4.702000296674669e-06
3484,107309,3,3,1,4.933997843181714e-06
3485,30593,3,2,0,2.6990019250661135e-06
3486,82749,3,3,1,4.368001100374386e-06
3487,33609,3,3,1,5.24300048709847e-06
3488,74572,3,3,1,5.142999725649133e-06
3489,58189,3,3,2,7.955997716635466e-06
3490,82777,3,3,1,5.112000508233905e-06
3491,58204,3,3,1,4.5240012696012855e-06
3492,77822,3,2,0,2.5279987312387675e-06
3493,35695,4,2,1,4.287998308427632e-06
3494,89169,5,2,1,5.178000719752163e-06
3495,17244,3,3,1,4.348999937064946e-06
3496,114436,3,2,0,2.359000063734129e-06
3497,79239,3,1,0,2.1090017980895936e-06
3498,90976,3,3,1,4.554000042844564e-06
3499,95559,3,2,0,2.4559994926676154e-06
3500,17248,3,3,1,5.277997843222693e-06
3501,91028,3,2,0,2.7669993869494647e-06
3502,17249,3,3,1,4.849996912525967e-06
3503,78187,3,2,0,2.6189991331193596e-06
3504,115558,3,3,1,5.290999979479238e-06
3505,82797,3,3,1,5.246998625807464e-06
3506,82798,3,3,1,5.571000656345859e-06
3507,17265,3,3,2,7.749997166683897e-06
3508,50037,3,3,1,4.604000423569232e-06
3509,66439,3,3,1,4.090001311851665e-06
3510,127826,3,2,0,2.549000782892108e-06
3511,45214,3,1,0,2.06700133276172e-06
3512,120163,4,1,1,3.2890020520426333e-06
3513,131978,3,3,1,4.6240020310506225e-06
3514,15033,3,2,0,2.4750006559770554e-06
3515,7439,5,1,0,2.9240000003483146e-06
3516,73298,6,0,0,2.943997969850898e-06
3517,25486,3,3,1,4.953999450663105e-06
3518,91032,3,3,1,5.279998731566593e-06
3519,96356,3,2,0,2.3749998945277184e-06
3520,66465,3,3,1,4.84400152345188e-06
3521,25509,3,3,1,4.584999260259792e-06
3522,99242,3,3,2,7.457998435711488e-06
3523,132021,3,3,1,4.827998054679483e-06
3524,91062,3,3,1,6.960002792766318e-06
3525,91063,3,3,1,5.420999514171854e-06
3526,123836,3,3,1,5.133002559887245e-06
3527,99260,3,3,1,4.186997102806345e-06
3528,23916,3,2,0,2.5239969545509666e-06
3529,42357,4,1,0,2.524997398722917e-06
3530,25536,3,3,1,5.247999069979414e-06
3531,25539,3,3,1,5.24200004292652e-06
3532,25548,3,3,2,6.546000804519281e-06
3533,113057,4,2,1,4.450001142686233e-06
3534,82897,3,3,1,4.785000783158466e-06
3535,92237,3,2,0,2.4270011635962874e-06
3536,28519,4,1,0,2.439999661874026e-06
3537,66513,3,3,1,4.584999260259792e-06
3538,102808,3,2,0,2.562999725341797e-06
3539,16301,3,1,0,2.2140011424198747e-06
3540,132077,3,3,1,4.592999175656587e-06
3541,71990,3,2,0,2.672997652553022e-06
3542,75227,3,1,0,2.2950007405597717e-06
3543,9203,3,3,2,6.619000487262383e-06
3544,82948,3,3,1,4.761001036968082e-06
3545,6617,3,2,0,2.501998096704483e-06
3546,58382,3,3,1,4.471003194339573e-06
3547,52086,3,2,0,2.454999048495665e-06
3548,30589,3,1,0,2.2220010578166693e-06
3549,120169,5,2,1,5.075999069958925e-06
3550,115740,3,3,3,5.35999788553454e-06
3551,74788,3,3,1,4.564997652778402e-06
3552,82985,3,3,2,7.2260008892044425e-06
3553,99375,3,3,1,4.694000381277874e-06
3554,48091,3,2,0,2.8560025384649634e-06
3555,18456,3,1,0,2.2909989638719708e-06
3556,51979,3,0,0,2.0039988157805055e-06
3557,9267,3,3,1,5.1770002755802125e-06
3558,89163,3,2,0,2.511998900445178e-06
3559,50228,3,3,1,4.92799881612882e-06
3560,2988,4,2,0,3.2460011425428092e-06
3561,83004,3,3,1,4.765002813655883e-06
3562,9283,3,3,2,8.735001756576821e-06
3563,9284,3,3,1,4.580000677378848e-06
3564,93535,4,2,0,2.9509974410757422e-06
3565,89781,3,1,0,2.3330030671786517e-06
3566,4282,5,2,1,5.821002559969202e-06
3567,58436,3,3,1,4.270998033462092e-06
3568,29788,3,2,0,2.4620021576993167e-06
3569,83200,3,1,0,2.0419975044205785e-06
3570,110538,4,0,0,2.2759995772503316e-06
3571,115788,3,3,2,6.410999048966914e-06
3572,91216,3,3,1,5.206999048823491e-06
3573,42068,3,3,1,4.5289998524822295e-06
3574,60600,3,2,0,2.4330001906491816e-06
3575,25685,9,3,3,8.680999599164352e-06
3576,91222,3,3,1,7.313999958569184e-06
3577,72491,3,2,0,2.5720000849105418e-06
3578,50267,3,3,1,5.2059986046515405e-06
3579,124687,3,2,0,2.6400011847727e-06
3580,45185,4,1,0,2.655000571394339e-06
3581,33884,3,3,1,4.5339984353631735e-06
3582,1128,3,3,1,5.214998964220285e-06
3583,50282,3,3,1,5.583999154623598e-06
3584,83053,3,3,1,5.125999450683594e-06
3585,50292,3,3,1,4.697001713793725e-06
3586,15669,3,2,0,2.3789980332367122e-06
3587,72258,4,2,1,4.175999492872506e-06
3588,56002,3,2,1,4.182002157904208e-06
3589,9336,3,3,1,6.332000339170918e-06
3590,108213,3,2,0,2.5849985831882805e-06
3591,132218,3,3,1,5.2200011850800365e-06
3592,27147,3,2,0,2.616001438582316e-06
3593,132219,3,3,1,5.272999260341749e-06
3594,132223,3,3,1,4.696998075814918e-06
3595,109545,3,2,0,2.5980007194448262e-06
3596,23101,3,1,0,2.1930027287453413e-06
3597,124038,3,3,1,4.4049993448425084e-06
3598,25735,3,3,1,4.866000381298363e-06
3599,16117,3,2,0,2.6039997464977205e-06
3600,9356,3,3,1,4.646000888897106e-06
3601,99476,3,3,1,4.685000021709129e-06
3602,99477,3,3,1,4.836998414248228e-06
3603,83094,3,3,1,4.582001565722749e-06
3604,56389,3,2,0,2.5699991965666413e-06
3605,124027,4,2,1,4.310997610446066e-06
3606,132247,3,3,1,5.226000212132931e-06
3607,66709,3,3,1,4.812998668057844e-06
3608,76328,3,2,0,2.8840004233643413e-06
3609,129194,3,1,0,2.1140003809705377e-06
3610,91287,3,3,1,4.726000042865053e-06
3611,1183,3,3,1,5.290999979479238e-06
3612,25761,3,3,2,7.2639995778445154e-06
3613,1187,3,3,1,4.804001946467906e-06
3614,48871,3,2,0,2.4040018615778536e-06
3615,74924,3,3,1,4.610999894794077e-06
3616,25782,3,3,1,5.00300302519463e-06
3617,91320,3,3,1,5.740999768022448e-06
3618,1218,3,3,1,1.0454998118802905e-05
3619,9418,3,3,1,5.073998181615025e-06
3620,66770,3,3,1,4.387002263683826e-06
3621,38230,4,2,0,3.116998414043337e-06
3622,130479,4,1,0,2.450000465614721e-06
3623,58159,5,2,1,5.163998139323667e-06
3624,107731,4,3,1,7.814000127837062e-06
3625,124128,3,3,1,5.0249982450623065e-06
3626,59555,3,2,0,2.5619992811698467e-06
3627,7090,3,1,0,2.2280000848695636e-06
3628,17644,3,3,1,4.932000592816621e-06
3629,107761,3,3,1,5.1720016926992685e-06
3630,42226,3,3,1,4.276000254321843e-06
3631,112258,3,2,0,2.710999979171902e-06
3632,48954,3,1,0,3.1076000595930964e-05
3633,51028,3,0,0,3.031000233022496e-06
3634,1267,4,3,1,1.003299985313788e-05
3635,17652,3,3,1,7.345999620156363e-06
3636,9461,3,3,1,5.485999281518161e-06
3637,95823,3,2,0,2.554999809945002e-06
3638,124150,3,3,2,8.190003427444026e-06
3639,124153,3,3,2,6.42300074105151e-06
3640,124156,3,3,1,5.064001015853137e-06
3641,115966,3,3,1,4.7579997044522315e-06
3642,83199,3,3,1,4.624998837243766e-06
3643,38712,3,2,0,2.8329995984677225e-06
3644,59553,3,1,0,2.3089996830094606e-06
3645,119794,3,0,0,2.0949992176610976e-06
3646,132353,3,3,1,4.51400046586059e-06
3647,114679,3,2,0,2.6599991542752832e-06
3648,95538,3,1,0,2.2570020519196987e-06
3649,42500,3,0,0,2.0790030248463154e-06
3650,75006,4,3,1,9.02600004337728e-06
3651,132374,3,3,1,7.91900311014615e-06
3652,17691,3,3,1,5.7159995776601136e-06
3653,35955,3,2,0,2.6839989004656672e-06
3654,9502,3,3,1,4.843001079279929e-06
3655,55306,3,2,0,2.5320005079265684e-06
3656,124191,3,3,1,4.536999767879024e-06
3657,102479,3,2,0,2.5379995349794626e-06
3658,63244,3,1,0,2.243999915663153e-06
3659,107808,3,3,1,5.187997885514051e-06
3660,107812,3,3,1,4.760000592796132e-06
3661,42285,3,3,1,4.962003004038706e-06
3662,92128,3,2,0,2.63900074060075e-06
3663,50483,4,3,2,8.716000593267381e-06
3664,25911,3,3,1,4.854999133385718e-06
3665,42295,3,3,1,4.678000550484285e-06
3666,59551,3,2,0,2.5170011213049293e-06
3667,75068,3,3,1,4.7670000640209764e-06
3668,129066,3,2,0,2.6089983293786645e-06
3669,75069,3,3,1,4.749999789055437e-06
3670,34111,3,3,1,5.055000656284392e-06
3671,91457,3,3,1,4.620000254362822e-06
3672,73082,3,2,0,2.5219997041858733e-06
3673,119617,3,1,0,2.115000825142488e-06
3674,66883,3,3,1,5.41700137546286e-06
3675,42313,3,3,1,4.6819986891932786e-06
3676,127113,3,2,0,2.4840010155458003e-06
3677,42314,3,3,1,5.028003215556964e-06
3678,83298,3,3,3,5.636000423692167e-06
3679,58726,3,3,1,5.388999852584675e-06
3680,50545,3,3,1,4.649002221412957e-06
3681,124281,3,3,1,5.040998075855896e-06
3682,25980,3,3,1,4.495002940529957e-06
3683,87427,3,2,0,2.3909997253213078e-06
3684,124306,3,3,1,5.0489979912526906e-06
3685,58773,3,3,1,5.193000106373802e-06
3686,124317,3,3,1,4.403998900670558e-06
3687,1447,3,2,0,2.4699984351173043e-06
3688,54209,3,1,0,2.234999556094408e-06
3689,10717,3,0,0,1.968001015484333e-06
3690,34206,3,3,1,4.617999366018921e-06
3691,124319,3,3,1,4.363999323686585e-06
3692,1438,3,3,1,4.228000761941075e-06
3693,28427,3,2,0,2.6289999368600547e-06
3694,63831,3,1,0,2.1039995772298425e-06
3695,89165,3,0,0,1.9850012904498726e-06
3696,1451,5,3,1,5.690999387297779e-06
3697,83372,3,3,1,4.78999936603941e-06
3698,57187,3,2,0,2.5610024749767035e-06
3699,132528,3,3,1,5.030000465922058e-06
3700,1458,3,3,1,4.274999810149893e-06
3701,3382,4,2,0,2.902997948694974e-06
3702,17866,3,3,2,7.902999641373754e-06
3703,116174,3,3,1,5.216999852564186e-06
3704,24087,3,2,0,2.4319997464772314e-06
3705,107989,3,3,1,5.368998245103285e-06
3706,34267,3,3,1,4.241999704390764e-06
3707,58857,4,2,0,2.8239992388989776e-06
3708,71877,5,2,0,6.722999387420714e-06
3709,75228,3,3,1,4.485002136789262e-06
3710,116210,3,3,1,4.949000867782161e-06
3711,68696,3,2,0,2.3620013962499797e-06
3712,75267,3,3,1,4.6860004658810794e-06
3713,79380,3,2,0,2.5609988369978964e-06
3714,63965,3,1,0,2.14999818126671e-06
3715,132783,4,1,1,6.136997399153188e-06
3716,124432,3,3,1,4.704001185018569e-06
3717,92877,3,2,0,2.5529989216011018e-06
3718,94539,3,1,0,2.20600122702308e-06
3719,20968,3,0,0,1.9070030248258263e-06
3720,17936,3,3,1,4.149998858338222e-06
3721,39913,3,2,0,2.5660010578576475e-06
3722,73343,3,1,0,2.1089981601107866e-06
3723,84462,3,0,0,2.052998752333224e-06
3724,99878,3,3,1,4.232999344822019e-06
3725,9770,3,3,1,4.405999789014459e-06
3726,108109,3,2,0,2.4559994926676154e-06
3727,54592,3,1,0,2.182998287025839e-06
3728,30454,3,0,0,1.958000211743638e-06
3729,17968,3,3,1,4.780002200277522e-06
3730,9782,3,3,1,4.481000360101461e-06
3731,79655,3,2,0,2.262997440993786e-06
3732,67137,3,3,2,6.197002221597359e-06
3733,14960,4,2,0,3.1859999580774456e-06
3734,108098,3,3,1,4.207999154459685e-06
3735,1604,3,3,1,4.778001311933622e-06
3736,108105,3,3,1,4.446999810170382e-06
3737,7687,3,2,0,2.420001692371443e-06
3738,96747,3,1,0,2.2569984139408916e-06
3739,12615,3,0,0,1.953998435055837e-06
3740,132695,3,3,1,4.829998943023384e-06
3741,42598,4,3,1,5.031000910094008e-06
3742,98709,4,2,0,2.6909983716905117e-06
3743,117965,4,1,0,2.300999767612666e-06
3744,116339,3,3,1,4.65199991595e-06
3745,93989,3,2,0,2.445001882733777e-06
3746,46148,3,1,0,3.96000177715905e-06
3747,46149,3,0,0,2.1660016500391066e-06
3748,83572,3,3,1,4.713998350780457e-06
3749,108151,3,3,2,8.064998837653548e-06
3750,50814,4,3,1,5.786001565866172e-06
3751,75400,3,3,1,5.191999662201852e-06
3752,42636,3,3,1,4.722001904156059e-06
3753,99981,3,3,1,5.002999387215823e-06
3754,108174,4,3,2,8.212999091483653e-06
3755,78186,4,2,1,4.409001121530309e-06
3756,116367,3,3,1,4.453999281395227e-06
3757,129026,3,2,0,2.5749977794475853e-06
3758,113007,4,1,0,2.3649990907870233e-06
3759,64480,5,0,0,2.7030000637751073e-06
3760,9871,4,3,1,6.902999302837998e-06
3761,44948,4,2,0,2.7699970814865083e-06
3762,108178,3,3,1,5.4679985623806715e-06
3763,34455,3,3,1,5.8730001910589635e-06
3764,75418,4,3,1,5.112000508233905e-06
3765,1691,3,3,1,4.61399758933112e-06
3766,80604,3,2,0,2.7959977160207927e-06
3767,130836,3,1,0,2.2810017981100827e-06
3768,67498,5,1,0,3.188000846421346e-06
3769,80464,4,2,2,4.816000000573695e-06
3770,75420,3,3,1,5.607998900813982e-06
3771,132766,3,3,2,7.610000466229394e-06
3772,9887,3,3,1,4.8629990487825125e-06
3773,34463,3,3,1,4.644000000553206e-06
3774,9904,3,3,1,4.204001015750691e-06
3775,124593,3,3,1,4.612000338966027e-06
3776,108212,3,3,1,4.729998181574047e-06
3777,77270,3,2,0,2.5809968065004796e-06
3778,124596,4,3,1,7.934999302960932e-06
3779,9912,4,3,1,6.941998435650021e-06
3780,31815,3,2,0,2.6429988793097436e-06
3781,124619,3,3,1,4.323002940509468e-06
3782,9942,3,3,1,4.6530003601219505e-06
3783,124631,3,3,1,5.257003067526966e-06
3784,124633,3,3,1,5.005000275559723e-06
3785,83676,3,3,1,4.3579966586548835e-06
3786,124639,3,3,1,1.0040002962341532e-05
3787,59104,3,3,1,4.82600080431439e-06
3788,124646,4,3,1,5.908001185161993e-06
3789,116455,3,3,1,5.3349976951722056e-06
3790,124647,3,3,1,4.311001248424873e-06
3791,60424,3,2,0,2.830998710123822e-06
3792,11581,3,1,0,2.3310021788347512e-06
3793,102205,3,0,0,2.0039988157805055e-06
3794,132846,3,3,1,5.389003490563482e-06
3795,42748,4,3,1,7.613001798745245e-06
3796,108289,3,3,1,4.773999535245821e-06
3797,116489,3,3,1,5.139998393133283e-06
3798,1806,3,3,1,5.076002707937732e-06
3799,124689,3,3,1,3.113799903076142e-05
3800,27493,4,2,0,4.363999323686585e-06
3801,132883,3,3,1,5.9680023696273565e-06
3802,29115,3,2,0,2.5810004444792867e-06
3803,26394,3,3,1,5.351997970137745e-06
3804,91930,3,3,1,4.8340007197111845e-06
3805,75549,3,3,1,4.772999091073871e-06
3806,10016,7,3,1,7.493999873986468e-06
3807,127746,3,2,0,2.577002305770293e-06
3808,62305,3,1,0,2.373002644162625e-06
3809,1830,3,3,1,5.098998371977359e-06
3810,44936,3,2,0,2.5289991754107177e-06
3811,1831,3,3,1,4.67000063508749e-06
3812,132948,3,3,1,5.097997927805409e-06
3813,67412,3,3,1,4.442998033482581e-06
3814,83799,3,3,2,7.521000952692702e-06
3815,132952,3,3,1,5.04799754708074e-06
3816,92014,3,3,1,5.178997525945306e-06
3817,84645,3,2,0,2.5000008463393897e-06
3818,108406,3,3,1,5.112000508233905e-06
3819,108407,3,3,1,4.764999175677076e-06
3820,11156,3,2,0,2.835000486811623e-06
3821,106052,3,1,0,2.3180000425782055e-06
3822,69275,3,0,0,2.0179977582301944e-06
3823,83831,3,3,1,5.214998964220285e-06
3824,2264,3,2,0,2.6850029826164246e-06
3825,124793,3,3,2,6.8590015871450305e-06
3826,51071,3,3,1,4.5150009100325406e-06
3827,105927,3,2,0,2.486998710082844e-06
3828,8100,3,1,0,2.2240019461605698e-06
3829,83840,3,3,1,5.346999387256801e-06
3830,10114,4,3,1,5.683999916072935e-06
3831,92045,3,3,1,5.175999831408262e-06
3832,75665,3,3,1,4.0529994294047356e-06
3833,83861,3,3,1,4.970999725628644e-06
3834,4788,3,2,0,2.8710019250866026e-06
3835,4348,4,2,1,4.872999852523208e-06
3836,108447,3,3,1,5.306999810272828e-06
3837,108453,3,3,1,4.3099971662741154e-06
3838,10161,3,3,1,4.5859997044317424e-06
3839,116666,3,3,1,5.328998668119311e-06
3840,92094,3,3,1,4.830999387195334e-06
3841,100296,3,3,2,6.472000677604228e-06
3842,133064,3,3,1,4.715999239124358e-06
3843,55340,3,2,0,2.6519992388784885e-06
3844,20514,4,2,1,6.598998879780993e-06
3845,10195,3,3,1,4.875997547060251e-06
3846,92129,3,3,1,4.257999535184354e-06
3847,88492,3,2,0,2.4130022211465985e-06
3848,76434,3,1,0,2.2330023057293147e-06
3849,69424,3,0,0,2.06700133276172e-06
3850,92132,5,3,1,9.081999451154843e-06
3851,42995,3,3,1,5.150999641045928e-06
3852,128793,3,2,0,2.658998710103333e-06
3853,76215,4,2,1,4.803001502295956e-06
3854,116725,3,3,1,4.507000994635746e-06
3855,86063,3,2,0,2.5609988369978964e-06
3856,92152,3,3,1,4.627996531780809e-06
3857,133114,3,3,1,4.363999323686585e-06
3858,63621,3,2,0,2.48300057137385e-06
3859,108539,3,3,1,4.6530003601219505e-06
3860,75772,4,3,1,9.079998562810943e-06
3861,43014,3,3,2,6.345999281620607e-06
3862,29840,3,2,1,4.342000465840101e-06
3863,133127,3,3,1,4.916997568216175e-06
3864,59627,3,2,0,2.6179986889474094e-06
3865,92168,3,3,1,4.192999767838046e-06
3866,124937,3,3,1,4.722998710349202e-06
3867,130003,3,2,0,2.4900000425986946e-06
3868,18445,3,3,1,4.180001269560307e-06
3869,93987,3,2,0,2.3420034267473966e-06
3870,75796,3,3,1,4.497996997088194e-06
3871,21086,3,2,0,2.5700028345454484e-06
3872,18455,3,3,1,4.21699951402843e-06
3873,67620,3,3,1,5.022997356718406e-06
3874,59446,4,3,1,8.498001989210024e-06
3875,92219,3,3,1,4.7290013753809035e-06
3876,2114,3,3,1,5.041998520027846e-06
3877,108610,3,3,1,4.971003363607451e-06
3878,108612,3,3,1,5.2919967856723815e-06
3879,59467,3,3,1,4.711000656243414e-06
3880,70027,3,2,0,2.592001692391932e-06
3881,59468,3,3,1,4.718000127468258e-06
3882,125006,3,3,1,4.6670029405504465e-06
3883,68809,3,2,0,2.354001480853185e-06
3884,100443,4,3,1,5.184003384783864e-06
3885,100445,3,3,1,4.350000381236896e-06
3886,38418,3,2,0,2.573000529082492e-06
3887,100453,3,3,1,4.561999958241358e-06
3888,72819,3,2,0,2.6269990485161543e-06
3889,75879,4,3,2,9.440002031624317e-06
3890,59498,3,3,1,5.061003321316093e-06
3891,100462,3,3,1,4.985999112250283e-06
3892,108950,3,2,0,2.668999513844028e-06
3893,2161,3,3,1,4.764002369483933e-06
3894,2168,3,3,1,4.84600241179578e-06
3895,26743,8,3,0,9.384999430039898e-06
3896,97669,8,2,0,4.573001206154004e-06
3897,125049,3,3,1,4.330999217927456e-06
3898,126469,3,2,0,2.5750014174263924e-06
3899,63677,3,1,0,2.1470004867296666e-06
3900,30924,3,0,0,2.0379993657115847e-06
3901,100480,3,3,1,4.774999979417771e-06
3902,104524,3,2,0,2.554999809945002e-06
3903,16350,3,1,0,2.30699879466556e-06
3904,67717,3,3,1,4.96500069857575e-06
3905,32596,3,2,0,2.540000423323363e-06
3906,93297,3,1,0,2.300999767612666e-06
3907,67730,3,3,1,4.954999894835055e-06
3908,18587,3,3,1,4.739998985314742e-06
3909,26786,3,3,1,4.959998477715999e-06
3910,2211,3,3,2,7.970997103257105e-06
3911,4275,3,2,0,2.3989996407181025e-06
3912,100538,3,3,1,5.24200004292652e-06
3913,59579,3,3,1,4.460001946426928e-06
3914,93033,3,2,0,2.5699991965666413e-06
3915,127112,3,1,0,2.0799998310394585e-06
3916,10428,3,3,1,6.574999133590609e-06
3917,67779,3,3,1,4.8290021368302405e-06
3918,89643,3,2,0,2.558997948653996e-06
3919,59594,5,3,1,9.259001672035083e-06
3920,26831,3,3,1,5.0630005716811866e-06
3921,125137,3,3,1,5.170000804355368e-06
3922,6336,3,2,0,2.672997652553022e-06
3923,84182,3,3,1,4.4050029828213155e-06
3924,64632,3,2,0,2.3559987312182784e-06
3925,108104,4,2,1,4.889003321295604e-06
3926,108766,4,3,1,4.942001396557316e-06
3927,11572,4,2,0,2.7950009098276496e-06
3928,14403,3,1,0,2.206998033216223e-06
3929,28525,3,0,0,2.0049992599524558e-06
3930,116962,3,3,1,5.2819996199104935e-06
3931,36822,3,2,0,2.5610024749767035e-06
3932,59628,3,3,1,5.151003279024735e-06
3933,116974,3,3,1,4.908000846626237e-06
3934,80562,3,2,0,2.4670007405802608e-06
3935,67850,3,3,1,4.7290013753809035e-06
3936,100621,3,3,1,4.861001798417419e-06
3937,43278,3,3,1,4.523000825429335e-06
3938,73250,3,2,0,2.439999661874026e-06
3939,26902,3,3,1,4.975001502316445e-06
3940,108823,7,3,1,7.768998329993337e-06
3941,85858,3,2,0,2.7079986466560513e-06
3942,79631,3,1,0,2.1570012904703617e-06
3943,59681,5,3,1,5.937999958405271e-06
3944,26916,3,3,1,5.163998139323667e-06
3945,13014,3,2,0,2.487999154254794e-06
3946,35113,3,3,1,5.4629999794997275e-06
3947,84267,3,3,1,4.616002115653828e-06
3948,19945,3,2,0,2.6039997464977205e-06
3949,51506,3,3,1,4.159999662078917e-06
3950,51507,3,3,1,5.211997631704435e-06
3951,43314,3,3,1,5.075999069958925e-06
3952,67900,3,3,1,4.535999323707074e-06
3953,67911,5,3,2,8.131999493343756e-06
3954,108878,3,3,1,4.743000317830592e-06
3955,96197,3,2,0,2.3470020096283406e-06
3956,35153,3,3,1,5.215999408392236e-06
3957,125269,3,3,1,5.374000465963036e-06
3958,51543,4,3,1,8.252399857155979e-05
3959,59743,5,3,1,8.610997610958293e-06
3960,125282,3,3,1,5.808000423712656e-06
3961,84333,3,3,1,5.41800181963481e-06
3962,84336,3,3,1,4.68700091005303e-06
3963,97685,3,2,0,2.6279994926881045e-06
3964,110544,3,1,0,2.348999259993434e-06
3965,2423,3,3,2,6.7879991547670215e-06
3966,67960,3,3,1,4.949000867782161e-06
3967,109688,3,2,0,2.430999302305281e-06
3968,43408,3,3,1,5.527999746846035e-06
3969,10641,3,3,1,4.579997039400041e-06
3970,46985,3,2,0,2.586999471532181e-06
3971,27746,3,1,0,2.324002707609907e-06
3972,43411,3,3,1,5.006000719731674e-06
3973,51604,3,3,1,5.093002982903272e-06
3974,108953,3,3,1,5.2389987104106694e-06
3975,27033,3,3,1,5.0630005716811866e-06
3976,27035,3,3,1,4.793000698555261e-06
3977,100775,5,3,1,6.586000381503254e-06
3978,92584,3,3,2,1.2839998817071319e-05
3979,18859,3,3,1,5.272999260341749e-06
3980,117172,3,3,1,7.238002581289038e-06
3981,55854,3,2,0,2.4030014174059033e-06
3982,77618,3,1,0,2.044998836936429e-06
3983,49130,7,1,1,5.303998477756977e-06
3984,100794,4,3,1,8.72599775902927e-06
3985,84425,3,3,1,8.222999895224348e-06
3986,35293,3,3,1,4.563000402413309e-06
3987,104114,3,2,0,2.5519984774291515e-06
3988,109847,6,2,0,6.966998626012355e-06
3989,18910,3,3,1,5.649999366141856e-06
3990,10720,3,3,1,5.017998773837462e-06
3991,35304,3,3,1,4.425000952323899e-06
3992,20905,3,2,0,2.6380002964287996e-06
3993,109040,3,3,1,5.0529997679404914e-06
3994,51709,5,3,1,6.297999789239839e-06
3995,18957,3,3,1,5.353998858481646e-06
3996,125460,4,3,1,9.481998858973384e-06
3997,125463,3,3,1,4.847999662160873e-06
3998,73492,3,2,0,2.5560002541169524e-06
3999,125467,3,3,1,4.336001438787207e-06
4000,84510,3,3,1,4.410998371895403e-06
4001,85814,8,2,0,5.141999281477183e-06
4002,70584,3,1,0,2.1269988792482764e-06
4003,119758,3,0,0,1.9330000213813037e-06
4004,84520,4,3,2,7.05100319464691e-06
4005,18992,3,3,2,8.197999704862013e-06
4006,117298,3,3,1,5.087000317871571e-06
4007,109106,3,3,1,5.468002200359479e-06
4008,18997,3,3,1,4.640998668037355e-06
4009,27191,3,3,1,4.896999598713592e-06
4010,35412,3,3,1,4.719000571640208e-06
4011,2645,3,3,2,6.236998160602525e-06
4012,2657,3,3,1,4.370998794911429e-06
4013,109154,3,3,1,4.33699824498035e-06
4014,27246,3,3,1,5.0199996621813625e-06
4015,117359,4,3,1,8.121001883409917e-06
4016,2682,4,3,1,5.0769995141308755e-06
4017,46026,3,2,0,2.4979999579954892e-06
4018,62716,3,1,0,2.420001692371443e-06
4019,92961,3,0,0,2.1089981601107866e-06
4020,43649,3,3,1,5.988500197418034e-05
4021,117379,3,3,1,7.030001142993569e-06
4022,16058,3,2,0,3.0560004233848304e-06
4023,2702,3,3,1,5.027999577578157e-06
4024,68267,3,3,2,7.080001523718238e-06
4025,52084,6,2,1,6.841000868007541e-06
4026,43698,3,3,1,5.054000212112442e-06
4027,27806,3,2,0,2.6620000426191837e-06
4028,102955,3,1,0,2.2500025806948543e-06
4029,84663,3,3,1,4.902001819573343e-06
4030,43714,3,3,1,4.598001396516338e-06
4031,117444,3,3,1,4.440000338945538e-06
4032,109270,3,3,1,4.785997589351609e-06
4033,76511,3,3,1,4.888999683316797e-06
4034,35552,4,3,1,7.86199962021783e-06
4035,77990,3,2,0,2.700999175431207e-06
4036,119150,3,1,0,2.129003405570984e-06
4037,75338,8,1,1,5.645997589454055e-06
4038,68329,3,3,1,5.006997525924817e-06
4039,2794,5,3,1,6.466001650551334e-06
4040,112613,3,2,0,2.7049973141402006e-06
4041,60809,3,1,0,2.3419997887685895e-06
4042,125680,3,3,1,4.445999365998432e-06
4043,14468,3,2,0,2.7530004444997758e-06
4044,102337,3,1,0,2.2550011635757983e-06
4045,73350,3,0,0,2.1360028767958283e-06
4046,35597,3,3,1,4.76899731438607e-06
4047,35598,3,3,1,5.3349976951722056e-06
4048,27409,3,3,1,4.830999387195334e-06
4049,51986,3,3,1,5.154000973561779e-06
4050,109331,3,3,1,4.346002242527902e-06
4051,47030,3,2,0,2.5279987312387675e-06
4052,11041,3,3,1,4.482000804273412e-06
4053,62589,3,2,0,2.4789987946860492e-06
4054,71075,3,1,0,2.2040003386791795e-06
4055,84769,5,3,2,6.411999493138865e-06
4056,2852,5,3,1,6.848997145425528e-06
4057,101170,3,3,1,4.306999471737072e-06
4058,63713,3,2,0,2.4799992388579994e-06
4059,52498,3,1,0,2.1999985619913787e-06
4060,19775,3,0,0,1.981999957934022e-06
4061,60212,3,3,1,5.139998393133283e-06
4062,76599,3,3,1,5.4060001275502145e-06
4063,109367,3,3,2,6.299997039604932e-06
4064,84800,3,3,1,4.527999408310279e-06
4065,39192,3,2,0,2.562999725341797e-06
4066,85456,3,1,0,2.091001078952104e-06
4067,95487,5,2,1,5.37799860467203e-06
4068,84804,3,3,1,4.952002200298011e-06
4069,84813,4,3,1,5.219000740908086e-06
4070,19385,3,2,0,2.567998308222741e-06
4071,68446,3,3,1,5.370999133447185e-06
4072,2910,4,3,2,8.687999070389196e-06
4073,76641,3,3,1,4.436002200236544e-06
4074,101220,3,3,1,4.6339991968125105e-06
4075,93029,3,3,2,6.5490021370351315e-06
4076,35691,3,3,1,4.8010006139520556e-06
4077,68460,5,3,1,5.812002200400457e-06
4078,81175,3,2,0,2.6099987735506147e-06
4079,84845,3,3,1,5.212001269683242e-06
4080,43892,3,3,1,2.0855000911979005e-05
4081,60276,4,3,1,9.014998795464635e-06
4082,68470,3,3,1,4.70600207336247e-06
4083,45108,3,2,0,2.3470020096283406e-06
4084,96801,3,1,0,2.3329994291998446e-06
4085,19341,3,3,1,4.4009975681547076e-06
4086,11154,3,3,1,6.81899837218225e-06
4087,76707,3,3,1,5.095997039461508e-06
4088,84904,3,3,1,5.279998731566593e-06
4089,93098,3,3,1,4.805999196833e-06
4090,122214,3,2,0,2.5279987312387675e-06
4091,3012,3,3,1,3.052499960176647e-05
4092,85767,3,2,0,4.7100002120714635e-06
4093,109510,3,3,1,5.451998731587082e-06
4094,96327,3,2,0,2.6050001906696707e-06
4095,109518,3,3,1,5.843998224008828e-06
4096,19413,3,3,1,5.1299975893925875e-06
4097,35798,3,3,1,5.533998773898929e-06
4098,35799,3,3,1,5.016998329665512e-06
4099,101336,3,3,1,8.062997949309647e-06
4100,93155,3,3,1,5.284000508254394e-06
4101,101347,3,3,1,5.0439994083717465e-06
4102,60389,3,3,1,5.8149998949375e-06
4103,3047,3,3,1,5.210000381339341e-06
4104,87422,3,2,0,2.5619992811698467e-06
4105,109550,4,3,1,6.28400084679015e-06
4106,19439,3,3,2,7.665003067813814e-06
4107,101368,3,3,2,9.140003385255113e-06
4108,93180,3,3,1,5.868998414371163e-06
4109,27654,3,3,1,5.617999704554677e-06
4110,95292,3,2,0,2.4759974621701986e-06
4111,11274,3,3,1,5.435998900793493e-06
4112,19468,3,3,1,4.2669998947530985e-06
4113,38228,3,2,0,2.507000317564234e-06
4114,109585,5,3,1,8.999999408842996e-06
4115,85013,3,3,2,6.457998097175732e-06
4116,68630,3,3,1,5.310001142788678e-06
4117,117784,3,3,1,5.366000550566241e-06
4118,117785,3,3,1,4.720001015812159e-06
4119,117786,3,2,0,2.507000317564234e-06
4120,19485,3,3,1,4.844998329645023e-06
4121,19486,3,3,1,5.219000740908086e-06
4122,52254,3,3,1,5.164998583495617e-06
4123,95267,4,2,0,3.197998012183234e-06
4124,32530,3,1,0,2.201999450335279e-06
4125,3117,3,3,1,5.100002454128116e-06
4126,101425,3,3,1,5.2150026021990925e-06
4127,109619,3,3,1,4.702000296674669e-06
4128,93240,3,3,1,5.097001121612266e-06
4129,35916,3,3,1,4.482000804273412e-06
4130,130680,3,2,0,2.6289999368600547e-06
4131,12865,3,1,0,2.2410022211261094e-06
4132,119372,3,0,0,2.076998498523608e-06
4133,101463,3,3,1,4.617999366018921e-06
4134,27739,3,3,1,5.409001460066065e-06
4135,85092,3,3,1,5.152000085217878e-06
4136,109679,3,3,1,4.78999936603941e-06
4137,71087,3,2,0,2.3559987312182784e-06
4138,11383,3,3,2,6.6450011217966676e-06
4139,76920,3,3,1,4.990000888938084e-06
4140,109693,3,3,1,5.187001079320908e-06
4141,101626,3,2,0,2.4099972506519407e-06
4142,109707,4,3,1,5.3250005294103175e-06
4143,94637,3,2,0,2.7800015232060105e-06
4144,93326,3,3,1,5.021000106353313e-06
4145,126101,3,3,1,4.811998223885894e-06
4146,80407,3,2,0,2.5369990908075124e-06
4147,109736,3,3,1,5.0960006774403155e-06
4148,36014,3,3,1,4.66799974674359e-06
4149,86561,3,2,0,2.697997842915356e-06
4150,70227,3,1,0,2.192999090766534e-06
4151,3248,3,3,1,5.228997906669974e-06
4152,93364,3,3,1,4.557001375360414e-06
4153,93365,3,3,1,4.749999789055437e-06
4154,15252,3,2,0,2.4859982659108937e-06
4155,101557,3,3,1,5.22399932378903e-06
4156,109749,3,3,1,4.780002200277522e-06
4157,88047,3,2,0,2.687000232981518e-06
4158,60601,3,3,1,5.6249991757795215e-06
4159,60605,4,3,1,6.10999995842576e-06
4160,130835,3,2,0,2.5330009520985186e-06
4161,68799,3,3,1,6.4349987951572984e-06
4162,122742,3,2,0,2.5000008463393897e-06
4163,60612,3,3,1,5.94999801251106e-06
4164,3270,3,3,1,5.014997441321611e-06
4165,85191,3,3,1,4.4240005081519485e-06
4166,85190,3,3,1,4.819001333089545e-06
4167,27883,3,3,1,4.6770001063123345e-06
4168,118014,3,3,1,4.364999767858535e-06
4169,3890,3,2,0,2.4049986677709967e-06
4170,60675,3,3,1,4.784000338986516e-06
4171,106051,3,2,0,2.46299896389246e-06
4172,58111,4,2,1,4.4289990910328925e-06
4173,27908,3,3,1,5.114001396577805e-06
4174,118030,3,3,1,5.0150010793004185e-06
4175,68880,3,3,1,4.278001142665744e-06
4176,20257,3,2,0,2.5599983928259462e-06
4177,120804,3,1,0,2.1369996829889715e-06
4178,52497,3,3,1,4.235997039359063e-06
4179,11538,5,3,1,5.945999873802066e-06
4180,36117,8,3,1,8.065999281825498e-06
4181,89734,3,2,0,2.5139997887890786e-06
4182,60697,3,3,1,5.099002009956166e-06
4183,44325,3,3,1,4.639998223865405e-06
4184,60717,3,3,1,4.063000233145431e-06
4185,89460,3,2,0,2.4979999579954892e-06
4186,52530,4,3,1,5.7150027714669704e-06
4187,126261,3,3,1,4.369998350739479e-06
4188,70824,3,2,0,2.2420026652980596e-06
4189,118079,3,3,2,5.926001904299483e-06
4190,93505,3,3,1,5.205001798458397e-06
4191,19778,3,3,1,4.78999936603941e-06
4192,52547,3,3,2,6.324000423774123e-06
4193,93508,3,3,1,4.5480010157916695e-06
4194,77130,3,3,1,4.927002009935677e-06
4195,93520,4,3,1,7.86199962021783e-06
4196,3423,3,3,1,4.5529995986726135e-06
4197,52601,3,3,1,4.11600194638595e-06
4198,19834,3,3,1,4.718000127468258e-06
4199,52603,3,3,1,4.1479979699943215e-06
4200,87500,4,2,0,3.031000233022496e-06
4201,69097,4,1,0,2.4459986889269203e-06
4202,52602,3,3,1,4.289999196771532e-06
4203,93563,3,3,1,4.7339999582618475e-06
4204,109951,4,3,1,5.408001015894115e-06
4205,77183,3,3,1,4.344001354184002e-06
4206,22701,3,2,0,2.610002411529422e-06
4207,37254,3,1,0,2.277000021422282e-06
4208,60805,3,3,1,4.318000719649717e-06
4209,93585,3,3,1,4.300000000512227e-06
4210,60818,3,3,1,4.385001375339925e-06
4211,86305,3,2,0,2.411998138995841e-06
4212,11667,3,3,2,7.195998477982357e-06
4213,3479,5,3,1,6.4730011217761785e-06
4214,30362,4,2,0,2.9429975256789476e-06
4215,52370,5,2,1,5.327998223947361e-06
4216,110546,3,2,1,4.173998604528606e-06
4217,104466,6,2,1,5.374997272156179e-06
4218,3480,3,3,1,4.606998118106276e-06
4219,94710,4,2,0,2.8510003176052123e-06
4220,70758,4,1,0,2.269000106025487e-06
4221,19888,5,3,1,5.854999471921474e-06
4222,110004,3,3,1,5.942001735093072e-06
4223,110006,3,3,1,4.8629990487825125e-06
4224,110015,3,3,1,4.8340007197111845e-06
4225,44481,3,3,1,7.354003173531964e-06
4226,11729,3,3,1,5.062000127509236e-06
4227,77293,3,2,0,2.8790018404833972e-06
4228,101842,3,3,1,4.765999619849026e-06
4229,101848,3,3,1,5.300000339047983e-06
4230,36314,8,3,2,8.961000276030973e-06
4231,53641,3,2,1,3.7089994293637574e-06
4232,56840,5,2,1,1.1972002539550886e-05
4233,48669,3,2,1,4.23500023316592e-06
4234,3553,3,3,1,4.854999133385718e-06
4235,110343,3,2,0,2.4900000425986946e-06
4236,77787,3,1,0,2.158998540835455e-06
4237,3554,3,3,1,4.974001058144495e-06
4238,28129,3,3,1,5.2819996199104935e-06
4239,28142,3,3,2,7.613001798745245e-06
4240,101875,3,3,1,4.729998181574047e-06
4241,39962,3,2,0,2.61999957729131e-06
4242,77245,5,2,1,5.411999154603109e-06
4243,69111,3,3,1,4.658999387174845e-06
4244,13583,3,2,0,2.550001227064058e-06
4245,55679,3,1,0,2.2569984139408916e-06
4246,19973,3,3,2,3.959300011047162e-05
4247,36373,3,3,1,7.370003004325554e-06
4248,126488,3,3,1,5.498000973602757e-06
4249,93725,4,3,2,7.479000487364829e-06
4250,28190,3,3,1,4.803998308489099e-06
4251,29895,3,2,0,2.6650013751350343e-06
4252,52770,3,3,1,5.08599987369962e-06
4253,60980,3,3,1,4.736997652798891e-06
4254,85562,3,3,1,4.820001777261496e-06
4255,127275,3,2,0,2.6600027922540903e-06
4256,85566,3,3,1,7.342998287640512e-06
4257,73288,3,2,0,2.805998519761488e-06
4258,85572,3,3,1,4.680001438828185e-06
4259,44613,3,3,1,4.6909990487620234e-06
4260,69238,4,2,0,3.010998625541106e-06
4261,101958,3,3,1,4.950998118147254e-06
4262,69191,3,3,1,4.65199991595e-06
4263,79629,3,2,0,2.4670007405802608e-06
4264,28258,3,3,1,5.016001523472369e-06
4265,118378,3,3,1,5.336998583516106e-06
4266,8128,3,2,0,2.4719993234612048e-06
4267,101995,3,3,1,5.4109987104311585e-06
4268,118384,5,3,2,8.507999154971913e-06
4269,23084,3,2,1,4.264999006409198e-06
4270,69235,3,3,1,6.133999704616144e-06
4271,28287,5,3,1,8.986000466393307e-06
4272,44677,3,3,1,5.346999387256801e-06
4273,102474,3,2,0,2.8470021788962185e-06
4274,79747,3,1,0,2.319997292943299e-06
4275,11917,3,3,1,5.556998075917363e-06
4276,11922,6,3,1,6.546997610712424e-06
4277,114433,5,2,0,3.6150013329461217e-06
4278,44512,8,2,1,6.68099892209284e-06
4279,2447,5,2,1,5.211000825511292e-06
4280,20129,3,3,1,4.187000740785152e-06
4281,28327,3,3,3,4.593002813635394e-06
4282,93868,3,3,1,4.345998604549095e-06
4283,69308,3,3,2,6.8199988163542e-06
4284,69322,3,3,1,5.871999746887013e-06
4285,77515,5,3,1,5.4199990699999034e-06
4286,39372,3,2,0,2.526001480873674e-06
4287,114157,3,1,0,2.197000867454335e-06
4288,77526,3,3,1,5.098001565784216e-06
4289,77527,3,3,1,6.971000402700156e-06
4290,110295,4,3,1,8.063998393481597e-06
4291,110297,3,3,1,5.461999535327777e-06
4292,110299,3,3,1,4.430999979376793e-06
4293,110304,3,3,1,5.1200004236306995e-06
4294,28385,3,3,1,4.569999873638153e-06
4295,36580,3,3,1,4.981000529369339e-06
4296,87376,3,2,0,2.6519992388784885e-06
4297,28390,3,3,1,5.152000085217878e-06
4298,52968,3,3,1,5.5250020523089916e-06
4299,28393,4,3,1,5.584999598795548e-06
4300,20206,3,3,1,5.413003236753866e-06
4301,52979,3,3,1,5.286001396598294e-06
4302,20214,3,3,1,4.478002665564418e-06
4303,69366,3,3,1,4.913999873679131e-06
4304,126986,3,2,0,2.5760018615983427e-06
4305,3837,3,3,2,7.847997039789334e-06
4306,20228,4,3,1,5.245998181635514e-06
4307,93968,3,3,1,4.666999302571639e-06
4308,94680,3,2,0,2.549997589085251e-06
4309,69404,3,3,1,5.152000085217878e-06
4310,126762,3,3,1,4.606998118106276e-06
4311,12076,3,3,2,6.70100052957423e-06
4312,110387,4,3,1,5.213001713855192e-06
4313,118583,4,3,1,5.189001967664808e-06
4314,102201,3,3,1,4.665998858399689e-06
4315,63970,3,2,0,2.5279987312387675e-06
4316,50691,4,2,1,4.660996637539938e-06
4317,102204,3,3,1,4.787001671502367e-06
4318,110403,3,3,1,4.974997864337638e-06
4319,77642,3,3,1,4.345998604549095e-06
4320,73556,3,2,0,2.4239998310804367e-06
4321,69451,4,3,1,8.430000889347866e-06
4322,85840,3,3,1,4.802001058124006e-06
4323,112299,3,2,0,2.510001650080085e-06
4324,96831,3,1,0,2.1800005924887955e-06
4325,85841,3,3,1,4.430999979376793e-06
4326,85842,3,3,1,4.98300141771324e-06
4327,69459,4,3,1,4.946003173245117e-06
4328,44880,4,3,1,5.066001904197037e-06
4329,85859,3,3,1,4.9660011427477e-06
4330,85862,3,3,2,7.089001883286983e-06
4331,118633,3,3,2,7.5360003393143415e-06
4332,61294,3,3,1,4.716002877103165e-06
4333,85873,6,3,0,8.412000170210376e-06
4334,22299,8,2,1,6.616999598918483e-06
4335,118641,4,3,1,8.439998055109754e-06
4336,3955,3,3,1,5.128997145220637e-06
4337,85881,3,3,1,4.569999873638153e-06
4338,118655,3,3,1,4.464996891329065e-06
4339,120960,3,2,0,2.631000825203955e-06
4340,129623,3,1,0,2.262997440993786e-06
4341,103466,3,0,0,2.1099986042827368e-06
4342,102309,3,3,1,5.22099799127318e-06
4343,102334,4,3,2,7.179998647188768e-06
4344,102338,3,3,1,5.367000994738191e-06
4345,110536,3,3,1,5.484998837346211e-06
4346,102344,3,3,1,4.511002771323547e-06
4347,61384,3,3,1,4.903002263745293e-06
4348,48878,3,2,0,2.3370012058876455e-06
4349,54611,3,1,0,2.1189989638514817e-06
4350,36821,3,3,1,5.4919983085710555e-06
4351,36825,5,3,1,6.119000317994505e-06
4352,69607,3,3,2,6.569000106537715e-06
4353,85993,3,3,1,4.658002580981702e-06
4354,72171,3,2,0,4.479999915929511e-06
4355,85994,3,3,1,4.165998689131811e-06
4356,61897,3,2,0,2.501998096704483e-06
4357,69610,3,3,1,5.005000275559723e-06
4358,110583,5,3,1,5.627996870316565e-06
4359,30408,3,2,0,2.4030014174059033e-06
4360,23339,3,1,0,2.176999259972945e-06
4361,57861,9,0,0,3.7419995351228863e-06
4362,53245,3,3,1,4.831999831367284e-06
4363,102423,3,3,1,5.1630013331305236e-06
4364,110621,3,3,1,4.968998837284744e-06
4365,61482,3,3,2,6.654998287558556e-06
4366,45102,4,3,1,7.4449999374337494e-06
4367,32357,4,2,0,3.064000338781625e-06
4368,21654,6,2,1,5.551999493036419e-06
4369,69680,3,3,2,6.3019979279488325e-06
4370,94260,3,3,1,4.9100017349701375e-06
4371,61494,3,3,1,5.431000317912549e-06
4372,4154,3,3,1,4.502999217947945e-06
4373,77887,3,3,1,4.091001756023616e-06
4374,80526,3,2,0,2.491997292963788e-06
4375,12351,3,3,1,5.27900192537345e-06
4376,77888,3,3,1,4.892001015832648e-06
4377,121182,3,2,0,2.348999259993434e-06
4378,20546,3,3,1,4.306999471737072e-06
4379,86084,3,3,1,4.517001798376441e-06
4380,102480,3,3,1,4.949000867782161e-06
4381,69719,3,3,1,5.032001354265958e-06
4382,80196,3,2,0,2.5000008463393897e-06
4383,94306,3,3,1,4.957000783178955e-06
4384,28789,3,3,1,4.6769964683335274e-06
4385,12407,4,3,1,5.955000233370811e-06
4386,127096,3,3,1,5.155998223926872e-06
4387,110713,3,3,1,4.601999535225332e-06
4388,20602,3,3,1,5.187001079320908e-06
4389,94332,3,3,2,7.893999281805009e-06
4390,102525,3,3,1,4.518002242548391e-06
4391,129484,3,2,0,2.4090004444587976e-06
4392,53369,4,3,1,3.9512000512331724e-05
4393,102529,4,3,1,7.610997272422537e-06
4394,114532,3,2,0,2.7280002541374415e-06
4395,88708,4,2,1,5.068999598734081e-06
4396,102531,3,3,1,5.275000148685649e-06
4397,61574,3,3,1,4.873996658716351e-06
4398,12423,4,3,2,5.941998097114265e-06
4399,127116,3,3,1,5.044999852543697e-06
4400,110740,3,3,1,5.4770025599282235e-06
4401,4245,3,3,1,5.1200004236306995e-06
4402,127128,3,3,1,4.784000338986516e-06
4403,28827,3,3,1,4.254998202668503e-06
4404,94365,3,3,1,4.714001988759264e-06
4405,94381,3,3,1,4.227000317769125e-06
4406,4287,3,3,1,5.339999916031957e-06
4407,73454,3,2,0,2.7750029403250664e-06
4408,118981,3,3,1,4.752000677399337e-06
4409,39950,3,2,0,2.438999217702076e-06
4410,110789,3,3,1,4.7670000640209764e-06
4411,4296,5,3,1,5.67600000067614e-06
4412,110796,3,3,1,5.010999302612618e-06
4413,119273,3,2,0,2.4889995984267443e-06
4414,20685,3,3,1,4.461999196792021e-06
4415,70825,3,2,0,2.554999809945002e-06
4416,20696,3,3,1,7.433998689521104e-06
4417,4314,3,3,1,4.191999323666096e-06
4418,113718,3,2,0,2.545002644183114e-06
4419,45555,3,1,0,2.2140011424198747e-06
4420,52092,5,1,0,3.0900009733159095e-06
4421,28895,3,3,1,5.347999831428751e-06
4422,20711,3,3,2,8.479997632093728e-06
4423,20713,3,3,1,5.2199975471012294e-06
4424,69877,8,3,2,9.692001185612753e-06
4425,28918,3,3,1,4.230001650284976e-06
4426,12540,3,3,1,6.295002094702795e-06
4427,70338,3,2,0,2.65800190391019e-06
4428,79393,3,1,0,2.2940002963878214e-06
4429,53502,3,3,1,5.345998943084851e-06
4430,80651,3,2,0,2.5099980121012777e-06
4431,61701,3,3,1,5.493999196914956e-06
4432,119048,3,3,1,5.139998393133283e-06
4433,32487,3,2,0,2.60199885815382e-06
4434,69902,3,3,1,4.9390000640414655e-06
4435,37142,3,3,1,5.431000317912549e-06
4436,78106,3,3,1,4.369001544546336e-06
4437,78109,3,3,1,4.37600101577118e-06
4438,37150,3,3,1,4.37299968325533e-06
4439,28972,3,3,1,4.756002454087138e-06
4440,40769,3,2,0,2.8319991542957723e-06
4441,57011,7,2,1,6.359998224070296e-06
4442,119087,3,3,1,4.82700124848634e-06
4443,63172,3,2,0,2.4750006559770554e-06
4444,53571,3,3,1,4.768000508192927e-06
4445,53573,3,3,1,4.863999492954463e-06
4446,62078,3,2,0,2.568998752394691e-06
4447,53574,3,3,1,5.211000825511292e-06
4448,45386,3,3,2,6.332997145364061e-06
4449,29006,3,3,1,5.226000212132931e-06
4450,102749,3,3,1,4.694997187471017e-06
4451,102750,3,3,1,4.427998646860942e-06
4452,102755,3,3,1,4.888999683316797e-06
4453,53607,3,3,1,4.924000677419826e-06
4454,53611,3,3,1,4.746998456539586e-06
4455,61803,3,3,1,5.789999704575166e-06
4456,64481,3,2,0,2.5569970603100955e-06
4457,20854,5,3,0,7.009999535512179e-06
4458,61829,3,3,2,8.234001143136993e-06
4459,12681,3,3,1,5.461999535327777e-06
4460,119179,3,3,1,5.5009986681398004e-06
4461,12690,3,3,1,5.040001269662753e-06
4462,53657,3,3,1,5.08599987369962e-06
4463,127412,3,3,2,7.89900150266476e-06
4464,119220,3,3,1,5.005000275559723e-06
4465,61894,3,3,1,4.704001185018569e-06
4466,87600,3,2,0,2.5800000003073364e-06
4467,29134,3,3,1,5.302001227391884e-06
4468,45559,3,2,0,2.8510003176052123e-06
4469,84,5,2,0,6.096001015976071e-06
4470,33504,7,2,1,6.9970010372344404e-06
4471,45531,3,3,1,5.017001967644319e-06
4472,15049,3,2,0,2.773998858174309e-06
4473,102875,3,3,1,5.734000296797603e-06
4474,20967,3,3,1,4.682999133365229e-06
4475,94716,3,3,1,4.417001036927104e-06
4476,86554,4,3,1,5.277997843222693e-06
4477,94751,3,3,1,4.377998266136274e-06
4478,86562,3,3,1,4.844998329645023e-06
4479,53806,3,3,1,4.526998964138329e-06
4480,53808,3,3,1,6.672999006696045e-06
4481,62020,3,3,1,4.946003173245117e-06
4482,119365,3,3,1,4.7719986469019204e-06
4483,53830,3,3,1,4.2959982238244265e-06
4484,119370,3,3,1,5.041001713834703e-06
4485,70228,3,3,1,4.51300002168864e-06
4486,94841,3,3,1,5.137000698596239e-06
4487,29306,3,3,1,4.0380000427830964e-06
4488,129858,3,2,0,2.468001184752211e-06
4489,86655,3,3,1,5.273999704513699e-06
4490,70826,3,2,0,2.945002052001655e-06
4491,119423,4,3,1,5.928999598836526e-06
4492,70293,5,2,0,3.968998498748988e-06
4493,12929,3,3,1,5.3340008889790624e-06
4494,103049,3,3,1,4.994002665625885e-06
4495,64860,3,2,0,2.538999979151413e-06
4496,70291,3,3,1,4.386998625705019e-06
4497,94868,3,3,1,5.059002432972193e-06
4498,29336,3,3,1,4.020999767817557e-06
4499,15226,3,2,0,2.406002749921754e-06
4500,127646,4,3,1,5.183999746805057e-06
4501,86691,3,3,1,4.182998964097351e-06
4502,37542,3,3,1,4.749002982862294e-06
4503,103116,3,3,1,4.558001819532365e-06
4504,119518,6,3,1,5.252000846667215e-06
4505,120791,4,2,1,4.768000508192927e-06
4506,129288,4,1,0,2.5049994292203337e-06
4507,29408,4,3,2,5.180001608096063e-06
4508,62185,3,3,1,5.1389979489613324e-06
4509,71637,3,2,0,2.4840010155458003e-06
4510,13034,4,3,1,5.5729979067109525e-06
4511,119558,3,3,1,4.718000127468258e-06
4512,78599,3,3,1,4.818000888917595e-06
4513,103205,4,3,1,8.400998922297731e-06
4514,4907,3,3,1,5.010999302612618e-06
4515,54060,3,3,1,4.366000212030485e-06
4516,103216,4,3,1,5.178000719752163e-06
4517,103217,3,3,1,4.555000487016514e-06
4518,105362,3,2,0,2.654000127222389e-06
4519,70458,3,3,1,4.475001333048567e-06
4520,37699,3,3,2,6.447997293435037e-06
4521,119619,3,3,1,5.1200004236306995e-06
4522,119623,3,3,1,4.571000317810103e-06
4523,70480,3,3,1,4.122000973438844e-06
4524,29521,3,3,1,4.474000888876617e-06
4525,29520,3,3,2,6.062000466044992e-06
4526,13143,3,3,1,4.789002559846267e-06
4527,70491,4,3,1,5.507001333171502e-06
4528,54110,3,3,1,1.064000025507994e-05
4529,37734,3,3,1,4.8719994083512574e-06
4530,119668,3,3,1,4.63299875264056e-06
4531,54140,3,3,2,6.4209998527076095e-06
4532,21384,3,3,1,4.053999873576686e-06
4533,54173,3,3,1,4.841000190936029e-06
4534,71712,3,2,0,2.540000423323363e-06
4535,21416,3,3,1,4.827998054679483e-06
4536,46001,4,3,1,7.711998478043824e-06
4537,86963,4,3,1,6.112000846769661e-06
4538,86966,3,3,1,5.109999619890004e-06
4539,5051,3,3,1,5.249999958323315e-06
4540,54208,3,3,1,3.446699702180922e-05
4541,111560,3,3,1,7.124999683583155e-06
4542,29649,3,3,2,9.43999839364551e-06
4543,54241,4,3,1,6.083999323891476e-06
4544,119780,3,3,1,8.635997801320627e-06
4545,37860,3,3,2,8.134000381687656e-06
4546,70640,3,3,1,5.08399898535572e-06
4547,62454,3,3,2,6.442998710554093e-06
4548,78847,3,3,1,4.894001904176548e-06
4549,111631,3,3,1,4.112000169698149e-06
4550,37941,6,2,0,4.254998202668503e-06
4551,128015,3,3,1,5.313999281497672e-06
4552,128017,3,3,1,5.672001861967146e-06
4553,62481,3,3,1,5.2389987104106694e-06
4554,103456,3,3,1,4.842997441301122e-06
4555,111654,6,3,2,8.94000186235644e-06
4556,46119,3,3,1,4.837998858420178e-06
4557,78900,3,3,2,8.009999874047935e-06
4558,119864,3,3,1,4.992998583475128e-06
4559,78905,3,3,1,4.931000148644671e-06
4560,5185,3,3,1,4.912002623314038e-06
4561,46146,3,3,1,4.828998498851433e-06
4562,46147,3,3,1,4.384000931167975e-06
4563,111687,3,3,1,4.654000804293901e-06
4564,78921,3,3,1,4.658999387174845e-06
4565,95319,3,3,1,4.7670000640209764e-06
4566,54361,3,3,1,4.254998202668503e-06
4567,63870,3,2,0,2.755001332843676e-06
4568,37985,3,3,1,4.785000783158466e-06
4569,37990,3,3,2,7.892002031439915e-06
4570,70759,3,3,1,3.9810001908335835e-06
4571,79226,3,2,0,2.3279972083400935e-06
4572,20857,4,2,1,4.797002475243062e-06
4573,21646,8,3,1,8.981998689705506e-06
4574,79011,3,3,3,4.999001248506829e-06
4575,54443,3,3,1,5.67399911233224e-06
4576,87233,3,3,1,5.392001185100526e-06
4577,29891,3,3,1,4.905999958282337e-06
4578,120022,3,3,1,4.53000029665418e-06
4579,5336,3,3,1,4.645000444725156e-06
4580,120762,3,2,0,2.5430017558392137e-06
4581,62683,4,3,2,9.824001608649269e-06
4582,14867,3,2,1,4.315999831305817e-06
4583,29960,3,3,1,5.039997631683946e-06
4584,54542,3,3,1,4.516001354204491e-06
4585,5391,3,3,1,4.571000317810103e-06
4586,54548,3,3,1,4.400000761961564e-06
4587,54550,3,2,0,2.46399940806441e-06
4588,54549,3,3,1,4.830999387195334e-06
4589,54551,3,3,1,5.332000000635162e-06
4590,5399,5,3,1,9.104001946980134e-06
4591,120094,3,3,1,4.318000719649717e-06
4592,80482,3,2,0,2.677999873412773e-06
4593,5412,4,3,1,5.617999704554677e-06
4594,87334,3,3,1,4.993999027647078e-06
4595,79154,3,3,1,5.226000212132931e-06
4596,79155,3,3,1,7.282000296982005e-06
4597,5429,5,3,1,8.861999958753586e-06
4598,13625,3,3,1,5.107001925352961e-06
4599,54599,3,3,2,5.822999810334295e-06
4600,13657,3,3,1,5.245001375442371e-06
4601,111970,3,3,1,4.534998879535124e-06
4602,103783,4,3,1,6.461999873863533e-06
4603,97145,3,2,0,2.477001544320956e-06
4604,79214,4,3,1,1.412799974787049e-05
4605,38262,3,3,1,6.946000212337822e-06
4606,88705,3,2,0,2.8860013117082417e-06
4607,103805,3,3,2,8.861999958753586e-06
4608,103807,3,3,1,5.385001713875681e-06
4609,23921,3,2,0,5.475998477777466e-06
4610,7785,3,1,0,2.425000275252387e-06
4611,87425,3,3,1,4.685000021709129e-06
4612,38280,3,3,1,4.171000909991562e-06
4613,63580,3,2,0,2.425000275252387e-06
4614,120206,3,3,1,5.244997737463564e-06
4615,5530,3,3,2,8.084000000962988e-06
4616,71086,5,3,1,6.834001396782696e-06
4617,18170,5,2,0,3.434997779550031e-06
4618,38349,3,3,2,8.355000318260863e-06
4619,79312,3,3,2,7.279002602444962e-06
4620,112082,4,3,1,5.287001840770245e-06
4621,112087,3,3,1,4.842000635107979e-06
4622,30179,3,3,3,4.92599792778492e-06
4623,120294,3,3,1,4.221998096909374e-06
4624,38378,3,3,1,4.526998964138329e-06
4625,30199,3,3,2,6.9779998739250004e-06
4626,103935,3,3,1,5.341000360203907e-06
4627,79361,3,3,1,4.6100030886009336e-06
4628,23632,3,2,0,2.7130008675158024e-06
4629,103939,3,3,1,5.226000212132931e-06
4630,120336,3,3,1,5.1150018407497555e-06
4631,79383,3,3,1,5.451998731587082e-06
4632,112160,3,3,1,5.06499782204628e-06
4633,87593,3,3,2,6.522001058328897e-06
4634,79403,3,3,1,5.1770002755802125e-06
4635,13881,4,3,2,7.84299845690839e-06
4636,112218,3,3,1,5.226000212132931e-06
4637,46692,3,3,1,4.6720015234313905e-06
4638,129985,3,2,0,2.5760018615983427e-06
4639,104045,3,3,1,4.903002263745293e-06
4640,104049,3,3,1,5.173998943064362e-06
4641,38515,3,3,2,5.472400152939372e-05
4642,120438,3,3,1,5.441001121653244e-06
4643,95881,3,3,1,4.539000656222925e-06
4644,112266,3,3,1,5.083002179162577e-06
4645,120459,3,3,2,8.15499879536219e-06
4646,30353,3,3,1,4.547997377812862e-06
4647,46748,3,3,1,5.245998181635514e-06
4648,105367,3,2,0,2.5480003387201577e-06
4649,104104,3,3,1,5.293000867823139e-06
4650,104108,3,3,1,4.821999027626589e-06
4651,104109,3,3,1,1.0697996913222596e-05
4652,5813,3,3,1,4.400000761961564e-06
4653,81503,3,2,0,2.4139990273397416e-06
4654,18013,4,2,1,4.580997483571991e-06
4655,28864,5,1,0,3.5909979487769306e-06
4656,79556,5,3,1,6.472000677604228e-06
4657,71390,3,3,1,5.198999133426696e-06
4658,87780,3,3,1,5.566998879658058e-06
4659,30444,3,3,2,7.815000572009012e-06
4660,56404,3,2,0,2.411001332802698e-06
4661,5874,3,3,1,4.678000550484285e-06
4662,55047,5,3,1,6.705999112455174e-06
4663,128776,3,3,1,3.173200093442574e-05
4664,38672,3,3,1,6.177000614115968e-06
4665,55057,3,3,1,5.527002940652892e-06
4666,38681,6,3,1,6.5639978856779635e-06
4667,46915,3,3,1,4.561999958241358e-06
4668,120647,3,3,1,4.78799847769551e-06
4669,128840,3,3,1,4.637000529328361e-06
4670,128841,3,3,1,5.205001798458397e-06
4671,63312,3,3,1,9.153998689725995e-06
4672,55379,3,2,0,3.1669987947680056e-06
4673,104288,3,3,1,5.073001375421882e-06
4674,104298,3,3,1,4.470999556360766e-06
4675,16095,3,2,0,2.6240013539791107e-06
4676,55168,3,1,0,2.4230030248872936e-06
4677,71545,3,3,1,4.728997737402096e-06
4678,71548,3,3,1,4.924000677419826e-06
4679,48269,4,2,0,3.3479991543572396e-06
4680,79749,3,3,1,4.617999366018921e-06
4681,14220,3,3,1,5.317000614013523e-06
4682,87949,3,3,1,4.427001840667799e-06
4683,63375,5,3,1,6.4019986893981695e-06
4684,31166,3,2,0,2.5769986677914858e-06
4685,96147,3,3,1,4.748999344883487e-06
4686,122186,3,2,0,2.387998392805457e-06
4687,22432,6,3,1,9.571998816682026e-06
4688,128930,3,3,1,5.3820003813598305e-06
4689,22437,3,3,2,6.455000402638689e-06
4690,6059,3,3,1,4.779998562298715e-06
4691,6061,3,3,1,4.866000381298363e-06
4692,120750,3,3,1,4.985999112250283e-06
4693,38831,3,3,1,5.326000973582268e-06
4694,55213,3,3,1,4.835997970076278e-06
4695,63877,3,2,0,2.373002644162625e-06
4696,88512,3,1,0,2.1849991753697395e-06
4697,79814,3,3,2,7.561000529676676e-06
4698,63431,3,3,1,4.9960035539697856e-06
4699,120773,5,3,2,9.390001650899649e-06
4700,30666,3,3,1,4.770001396536827e-06
4701,30669,3,3,1,4.659999831346795e-06
4702,88877,3,2,0,2.6050001906696707e-06
4703,63438,3,3,1,4.707999323727563e-06
4704,104410,3,3,1,4.307999915909022e-06
4705,120810,3,3,1,4.1530001908540726e-06
4706,96244,3,3,1,3.163000656059012e-06
4707,71681,3,3,1,4.369001544546336e-06
4708,6171,3,3,1,4.988000000594184e-06
4709,71718,3,3,1,4.607001756085083e-06
4710,22569,3,3,1,3.812998329522088e-06
4711,71722,3,3,2,7.760998414596543e-06
4712,71724,3,3,1,4.785000783158466e-06
4713,71733,3,3,1,4.940997314406559e-06
4714,88117,3,3,1,5.0439994083717465e-06
4715,38985,3,3,1,4.309000360080972e-06
4716,63573,3,3,1,5.718000466004014e-06
4717,47209,3,3,1,4.5960005081724375e-06
4718,129130,3,3,1,4.904999514110386e-06
4719,55406,3,3,1,5.011999746784568e-06
4720,79988,3,3,1,5.666999641107395e-06
4721,129148,3,3,1,4.872999852523208e-06
4722,14467,3,3,1,5.1249990065116435e-06
4723,88199,3,3,1,5.049001629231498e-06
4724,88201,3,3,1,5.057001544628292e-06
4725,47243,3,3,2,6.9400011852849275e-06
4726,80012,3,3,1,5.118999979458749e-06
4727,6294,3,3,1,4.335000994615257e-06
4728,88219,3,3,2,8.143997547449544e-06
4729,96415,3,3,1,4.94599953526631e-06
4730,120993,3,3,1,4.818000888917595e-06
4731,80042,3,3,1,4.817997250938788e-06
4732,16237,3,2,0,2.6130001060664654e-06
4733,63675,3,3,1,4.8100009735208005e-06
4734,63712,3,2,0,2.7030000637751073e-06
4735,130760,3,1,0,2.1759988158009946e-06
4736,14532,3,3,1,5.502999556483701e-06
4737,30918,4,3,1,6.150999979581684e-06
4738,6350,4,3,2,8.470997272524983e-06
4739,112849,3,3,1,4.473000444704667e-06
4740,55509,3,3,1,4.306002665543929e-06
4741,55528,3,3,2,6.587000825675204e-06
4742,64345,3,2,1,4.256999091012403e-06
4743,80113,3,3,1,4.899000487057492e-06
4744,80114,3,3,1,4.975001502316445e-06
4745,55542,3,3,1,4.843001079279929e-06
4746,22781,3,3,1,4.18099807575345e-06
4747,55554,4,3,1,5.421999958343804e-06
4748,6412,3,3,2,8.423998224316165e-06
4749,47372,3,3,1,4.355002602096647e-06
4750,121103,3,3,1,4.912002623314038e-06
4751,96533,3,3,1,5.114998202770948e-06
4752,22806,3,3,1,4.68700091005303e-06
4753,55607,3,3,1,4.397003067424521e-06
4754,115330,4,2,0,2.9750008252449334e-06
4755,19441,4,1,0,2.48300057137385e-06
4756,39239,3,3,1,4.391997208585963e-06
4757,129356,3,3,1,5.178000719752163e-06
4758,63830,3,3,1,4.678000550484285e-06
4759,96599,7,3,1,1.0417999874334782e-05
4760,56532,6,2,1,5.6729986681602895e-06
4761,55644,3,3,1,4.556000931188464e-06
4762,121190,3,3,1,5.1679999160114676e-06
4763,113009,3,3,1,5.215999408392236e-06
4764,72074,6,3,3,7.054000889183953e-06
4765,31116,3,3,1,4.6530003601219505e-06
4766,15254,3,2,0,4.35399851994589e-06
4767,104851,3,3,1,4.740999429486692e-06
4768,31136,3,3,2,7.247002940857783e-06
4769,104866,3,3,1,4.745998012367636e-06
4770,88496,5,3,0,7.3310002335347235e-06
4771,32063,8,2,0,7.613998604938388e-06
4772,63950,3,3,1,3.926998033421114e-06
4773,14803,3,3,1,5.14000203111209e-06
4774,47609,3,3,1,5.195000994717702e-06
4775,88598,5,3,0,8.236002031480893e-06
4776,95,6,2,0,4.39500217908062e-06
4777,80954,9,2,0,8.168000931618735e-06
4778,31265,3,3,1,4.5769993448629975e-06
4779,47651,5,3,0,6.0010024753864855e-06
4780,55859,3,3,1,3.967998054577038e-06
4781,96820,3,3,1,4.903999069938436e-06
4782,72246,6,3,1,9.748000593390316e-06
4783,55888,3,3,1,4.082001396454871e-06
4784,72278,4,3,1,5.621001037070528e-06
4785,88664,3,3,1,4.728000931208953e-06
4786,64089,4,3,1,9.176001185551286e-06
4787,105050,3,3,1,4.462999640963972e-06
4788,113245,3,3,1,4.590001481119543e-06
4789,40420,3,2,0,2.516000677132979e-06
4790,47722,3,3,1,5.541998689295724e-06
4791,47724,3,3,1,5.2579998737201095e-06
4792,31346,3,3,1,4.1719977161847055e-06
4793,73460,7,2,0,4.449997504707426e-06
4794,59674,4,1,0,2.607001079013571e-06
4795,80960,8,1,1,5.408997822087258e-06
4796,80528,3,3,1,4.501001967582852e-06
4797,80577,3,2,0,2.4840010155458003e-06
4798,52136,4,2,1,4.151002940488979e-06
4799,80534,3,3,1,6.943999323993921e-06
4800,48541,3,2,0,2.673001290531829e-06
4801,55960,3,3,1,5.264999344944954e-06
4802,31414,4,3,2,6.788999598938972e-06
4803,72417,3,3,1,3.227799970773049e-05
4804,56038,5,3,2,1.2936998246004805e-05
4805,31467,3,3,1,7.017999450908974e-06
4806,105196,3,3,1,5.040001269662753e-06
4807,121582,3,3,1,4.98300141771324e-06
4808,31472,3,3,1,5.188998329686001e-06
4809,56055,3,3,1,4.694000381277874e-06
4810,72441,3,3,1,4.403002094477415e-06
4811,72444,3,3,2,7.654998626094311e-06
4812,47881,3,3,1,4.355002602096647e-06
4813,31502,3,3,1,4.929999704472721e-06
4814,72468,3,3,1,4.737001290777698e-06
4815,65253,3,2,0,2.4180008040275425e-06
4816,47896,3,3,1,5.164998583495617e-06
4817,121626,3,3,1,4.599001840688288e-06
4818,15150,3,3,1,4.691999492933974e-06
4819,88884,3,3,1,5.055000656284392e-06
4820,15162,3,3,1,5.271002009976655e-06
4821,113485,3,3,1,4.816000000573695e-06
4822,88931,3,3,1,4.729998181574047e-06
4823,113529,3,3,1,5.437999789137393e-06
4824,15229,3,3,1,4.304001777200028e-06
4825,97151,3,3,1,4.8290021368302405e-06
4826,72579,3,3,1,4.540001100394875e-06
4827,105361,3,3,1,5.545996828004718e-06
4828,15251,3,3,1,4.869998520007357e-06
4829,72604,3,3,1,5.134999810252339e-06
4830,121768,3,3,1,4.900000931229442e-06
4831,121770,3,3,1,4.912999429507181e-06
4832,56235,4,3,2,8.230999810621142e-06
4833,72628,3,3,2,6.395999662345275e-06
4834,105406,5,3,1,6.8779991124756634e-06
4835,48094,3,3,1,4.35599940828979e-06
4836,89073,3,3,1,5.02000330016017e-06
4837,80882,3,3,1,4.941000952385366e-06
4838,7154,3,3,1,4.4480002543423325e-06
4839,106232,4,2,0,2.9100010578986257e-06
4840,107161,4,2,1,4.535999323707074e-06
4841,39921,3,3,1,5.374000465963036e-06
4842,105478,3,3,1,4.39400173490867e-06
4843,113689,3,3,1,5.3440016927197576e-06
4844,113690,3,3,1,5.0100024964194745e-06
4845,97404,3,2,0,2.5579975044820458e-06
4846,39965,3,3,2,6.4539999584667385e-06
4847,39976,4,3,1,7.651000487385318e-06
4848,15413,4,3,1,7.367998478002846e-06
4849,56387,4,3,1,5.95199890085496e-06
4850,48196,3,3,1,5.218000296736136e-06
4851,15436,3,3,1,5.48199750483036e-06
4852,23635,3,3,2,5.808000423712656e-06
4853,130146,3,3,1,4.53100074082613e-06
4854,121961,3,3,1,4.396999429445714e-06
4855,121970,3,3,1,5.689998943125829e-06
4856,97416,3,3,1,4.659999831346795e-06
4857,64649,3,3,1,4.8389993025921285e-06
4858,81032,3,3,1,5.113000952405855e-06
4859,64654,3,3,2,7.305996405193582e-06
4860,105615,3,3,2,6.275000487221405e-06
4861,97479,3,3,1,4.574998456519097e-06
4862,23757,3,3,2,7.266000466188416e-06
4863,113898,5,3,1,5.678000889020041e-06
4864,89326,3,3,2,8.569000783609226e-06
4865,72949,3,3,2,7.293001544894651e-06
4866,113916,6,3,0,7.147002179408446e-06
4867,23821,3,3,1,5.353998858481646e-06
4868,81172,3,3,1,4.735000402433798e-06
4869,122140,3,3,1,5.28100281371735e-06
4870,122141,3,3,1,5.009002052247524e-06
4871,48424,3,3,1,4.78799847769551e-06
4872,40244,3,3,1,4.792000254383311e-06
4873,32056,3,3,1,4.1050006984733045e-06
4874,16489,7,2,0,4.469999112188816e-06
4875,123397,4,2,1,4.446999810170382e-06
4876,105784,4,3,1,5.828998837387189e-06
4877,48442,3,3,1,4.657002136809751e-06
4878,97615,3,3,1,4.4769985834136605e-06
4879,32099,4,3,2,8.338000043295324e-06
4880,81286,4,3,1,5.113000952405855e-06
4881,40346,3,3,1,5.285000952426344e-06
4882,7593,3,3,1,4.296998667996377e-06
4883,64944,6,3,0,6.605998351005837e-06
4884,32187,3,3,1,4.569999873638153e-06
4885,81355,3,3,1,4.932000592816621e-06
4886,114128,3,3,1,4.265002644388005e-06
4887,81365,4,3,1,4.697001713793725e-06
4888,37655,4,2,0,2.8479989850893617e-06
4889,40768,3,1,0,2.4420005502179265e-06
4890,32413,6,2,1,5.545000021811575e-06
4891,40417,3,3,2,7.735001418041065e-06
4892,122351,3,3,1,5.129000783199444e-06
4893,114161,3,3,1,5.275000148685649e-06
4894,73209,3,3,1,4.559002263704315e-06
4895,65018,8,3,0,8.61400258145295e-06
4896,56832,4,3,1,5.24099959875457e-06
4897,81416,3,3,1,4.557001375360414e-06
4898,48659,4,3,1,8.76600097399205e-06
4899,24086,3,3,1,4.463003278942779e-06
4900,122391,3,3,2,6.3970001065172255e-06
4901,48666,3,3,2,7.504997483920306e-06
4902,130594,3,3,2,7.262999133672565e-06
4903,24104,3,3,1,4.875000740867108e-06
4904,89644,3,3,1,4.7959983930923045e-06
4905,32300,4,3,1,8.813000022200868e-06
4906,81455,3,3,1,5.365000106394291e-06
4907,73286,3,3,1,4.331002855906263e-06
4908,97871,3,3,2,6.092999683460221e-06
4909,97872,3,3,1,4.675999662140384e-06
4910,81487,5,3,1,9.00899976841174e-06
4911,73299,3,3,1,4.685000021709129e-06
4912,122472,3,3,1,4.050001734867692e-06
4913,32362,3,3,1,4.724999598693103e-06
4914,130664,3,3,1,5.087997124064714e-06
4915,122491,5,3,2,8.47500268719159e-06
4916,130684,3,3,1,4.92799881612882e-06
4917,97920,3,3,2,7.842001650715247e-06
4918,7830,3,3,1,4.835997970076278e-06
4919,7831,3,3,1,4.245997843099758e-06
4920,73420,3,3,1,4.763001925311983e-06
4921,122583,3,3,1,5.293000867823139e-06
4922,122584,3,3,1,4.49499930255115e-06
4923,73440,3,3,1,6.1820028349757195e-06
4924,32482,4,3,1,9.415001841261983e-06
4925,65254,3,3,1,4.745001206174493e-06
4926,122601,3,3,1,7.294001989066601e-06
4927,16111,3,3,1,5.232999683357775e-06
4928,65267,3,3,1,4.765999619849026e-06
4929,7958,4,3,1,5.089998012408614e-06
4930,27498,4,2,0,2.815999323502183e-06
4931,61580,4,1,0,2.649998350534588e-06
4932,40739,3,3,2,7.347000064328313e-06
4933,81712,3,3,1,4.016001184936613e-06
4934,81713,3,3,1,4.782999894814566e-06
4935,40767,5,3,1,9.158000466413796e-06
4936,16236,3,3,1,3.497199941193685e-05
4937,57197,5,3,1,1.3314998795976862e-05
4938,130932,3,3,1,6.657999620074406e-06
4939,24443,3,3,1,5.842000973643735e-06
4940,16260,3,3,1,4.811998223885894e-06
4941,32669,4,3,2,7.906000973889604e-06
4942,90023,3,3,2,6.1780010582879186e-06
4943,106414,3,3,1,4.980000085197389e-06
4944,16306,3,3,1,5.000001692678779e-06
4945,114621,4,3,1,5.047000740887597e-06
4946,114622,3,3,1,5.10199970449321e-06
4947,114626,3,3,1,4.580000677378848e-06
4948,81909,3,3,1,4.469999112188816e-06
4949,49151,5,3,1,7.185000868048519e-06
4950,124,5,3,1,9.275001502828673e-06
4951,49296,4,3,1,8.313996659126133e-06
4952,66079,6,2,2,6.32200317340903e-06
4953,8396,5,3,1,8.423001418123022e-06
4954,9167,10,2,0,5.264002538751811e-06
4955,73962,4,3,1,6.217000191099942e-06
4956,242,5,3,2,8.635000995127484e-06
4957,90442,4,3,1,6.485002813860774e-06
4958,123271,5,3,1,9.380997653352097e-06
4959,131527,5,3,1,6.564001523656771e-06
4960,131536,5,3,1,6.485002813860774e-06
4961,57834,4,3,1,6.566002412000671e-06
4962,16899,4,3,1,6.882000889163464e-06
4963,560,6,3,3,7.403999916277826e-06
4964,82546,6,3,1,9.707997378427535e-06
4965,131741,4,3,1,8.220999006880447e-06
4966,33507,5,3,1,5.841997335664928e-06
4967,58490,4,3,1,5.714999133488163e-06
4968,1181,4,3,1,5.637000867864117e-06
4969,17932,8,2,0,4.911998985335231e-06
4970,122407,5,2,0,3.4869990486185998e-06
4971,25897,4,3,1,5.773999873781577e-06
4972,28194,4,2,0,3.0800001695752144e-06
4973,119197,4,1,0,2.687000232981518e-06
4974,9648,4,3,1,7.1780013968236744e-06
4975,124395,5,3,1,5.218997102929279e-06
4976,120832,7,2,0,6.6209977376274765e-06
4977,67141,4,3,1,5.24300048709847e-06
4978,94541,4,2,0,3.039996954612434e-06
4979,63123,4,1,0,2.592998498585075e-06
4980,124143,7,1,0,3.991000994574279e-06
4981,132728,4,3,1,6.8069966800976545e-06
4982,42685,4,3,1,5.742000212194398e-06
4983,100105,4,3,1,5.435998900793493e-06
4984,91926,5,3,0,6.952999683562666e-06
4985,116605,4,3,1,5.504000000655651e-06
4986,124829,6,3,0,8.126000466290861e-06
4987,83877,4,3,2,6.723999831592664e-06
4988,59371,4,3,1,8.267998055089265e-06
4989,71393,4,2,0,2.768996637314558e-06
4990,8389,4,2,2,6.046997441444546e-06
4991,67637,6,2,1,6.138001481303945e-06
4992,116805,6,3,1,7.713999366387725e-06
4993,84214,4,3,1,5.247999069979414e-06
4994,108856,4,3,1,5.508001777343452e-06
4995,117311,5,3,1,5.762001819675788e-06
4996,92977,4,3,1,5.762998625868931e-06
4997,125921,5,3,1,9.102997864829376e-06
4998,11448,7,3,1,1.0548003047006205e-05
4999,118320,5,3,2,9.516999853076413e-06
5000,52978,4,3,1,4.8580004659015685e-06
5001,3887,10,3,1,1.0748000931926072e-05
5002,69428,4,3,1,7.822000043233857e-06
5003,126782,4,3,1,5.627000064123422e-06
5004,110535,4,3,1,4.831003025174141e-06
5005,102485,6,3,0,6.85700069880113e-06
5006,110681,4,3,1,7.914000889286399e-06
5007,110690,5,3,0,6.680002115899697e-06
5008,94517,5,3,1,6.514001142932102e-06
5009,20872,4,3,2,7.942999218357727e-06
5010,61872,8,3,2,8.648999937577173e-06
5011,119448,7,3,1,9.862000297289342e-06
5012,4891,5,3,1,5.387999408412725e-06
5013,13084,4,3,1,8.492999768350273e-06
5014,21450,4,3,1,7.4550007411744446e-06
5015,128011,10,3,1,1.0906998795690015e-05
5016,38261,8,3,0,9.47599983192049e-06
5017,30527,4,3,1,6.6020002122968435e-06
5018,88351,4,2,0,2.7140013116877526e-06
5019,87936,7,3,0,7.30900137568824e-06
5020,80001,4,3,1,5.627000064123422e-06
5021,112956,4,3,1,7.044000085443258e-06
5022,15160,6,3,1,8.217000868171453e-06
5023,7218,4,3,2,8.167997293639928e-06
5024,40178,5,3,1,8.27699841465801e-06
5025,97658,4,3,2,8.17600084701553e-06
5026,115310,8,3,0,8.127000910462812e-06
5027,33650,6,3,1,6.919002771610394e-06
5028,75415,6,3,1,8.961000276030973e-06
5029,44870,5,2,1,5.162000888958573e-06
5030,84773,7,3,1,1.1170999641763046e-05
5031,98326,4,4,1,5.934001819696277e-06
5032,73750,4,4,1,5.53599966224283e-06
5033,104367,4,3,0,2.862998371711001e-06
5034,41995,4,2,0,3.0619994504377246e-06
5035,124324,4,1,0,2.4709988792892545e-06
5036,35295,4,0,0,2.477001544320956e-06
5037,24600,7,4,1,1.2803000572603196e-05
5038,40987,4,4,3,1.367499862681143e-05
5039,94840,5,3,0,6.592999852728099e-06
5040,32796,5,4,1,8.02000067778863e-06
5041,122914,4,4,2,1.0088999260915443e-05
5042,73766,4,4,1,7.280999852810055e-06
5043,41002,4,4,2,9.193001460516825e-06
5044,98358,4,4,2,1.2258999049663544e-05
5045,131127,4,4,1,5.098001565784216e-06
5046,120840,4,3,0,7.227001333376393e-06
5047,53608,4,2,0,3.7380013964138925e-06
5048,16443,4,4,1,9.07800131244585e-06
5049,110369,5,3,0,3.859000571537763e-06
5050,114751,4,4,1,6.9970010372344404e-06
5051,16467,5,4,1,1.0812997061293572e-05
5052,24670,5,4,2,1.1600997822824866e-05
5053,122980,4,4,1,5.863999831490219e-06
5054,64086,7,3,0,4.4819971662946045e-06
5055,27634,4,2,0,3.044002369279042e-06
5056,122993,5,4,2,1.1440999514888972e-05
5057,57461,4,4,1,6.824000593042001e-06
5058,114807,4,4,1,6.128997483756393e-06
5059,114808,4,3,0,3.2200005080085248e-06
5060,120,4,4,1,6.173999281600118e-06
5061,116516,4,3,0,3.1710005714558065e-06
5062,88217,4,2,0,2.935998054454103e-06
5063,80630,4,1,0,2.4699984351173043e-06
5064,114815,4,4,1,5.835001502418891e-06
5065,53238,4,3,0,3.0560004233848304e-06
5066,114819,4,4,1,5.821999366162345e-06
5067,73618,4,3,0,3.026001650141552e-06
5068,17441,4,2,0,2.9750008252449334e-06
5069,91798,4,1,0,2.4279979697894305e-06
5070,49294,4,4,1,6.681002560071647e-06
5071,90259,4,4,1,5.116002284921706e-06
5072,90285,4,3,0,2.9479997465386987e-06
5073,27972,4,2,0,2.862998371711001e-06
5074,40509,4,1,0,2.381999365752563e-06
5075,82072,4,4,1,6.360001862049103e-06
5076,109365,4,3,0,3.102999471593648e-06
5077,130682,4,2,0,2.9850016289856285e-06
5078,8346,4,4,1,6.055000994820148e-06
5079,41124,5,4,1,9.518997103441507e-06
5080,41128,4,4,1,6.046000635251403e-06
5081,94487,4,3,0,2.9850016289856285e-06
5082,896,4,2,0,2.686996595002711e-06
5083,123048,4,4,1,6.427999323932454e-06
5084,123051,4,4,1,5.522000719793141e-06
5085,83774,4,3,0,3.069002559641376e-06
5086,87888,5,3,1,7.620998076163232e-06
5087,33854,5,2,0,3.282002580817789e-06
5088,111607,7,2,0,4.508001438807696e-06
5089,41134,4,4,1,6.569000106537715e-06
5090,50004,4,3,0,2.681998012121767e-06
5091,106690,4,4,2,1.196000084746629e-05
5092,131273,4,4,1,6.180998752824962e-06
5093,106710,4,4,1,6.050999218132347e-06
5094,106712,4,4,1,6.2540020735468715e-06
5095,42071,4,3,0,2.9900002118665725e-06
5096,40761,4,2,0,2.9430011636577547e-06
5097,50288,4,1,0,2.654996933415532e-06
5098,123100,4,4,1,7.482001819880679e-06
5099,24804,4,4,1,5.939000402577221e-06
5100,60677,4,3,0,2.8800022846553475e-06
5101,98536,4,4,2,1.1877000360982493e-05
5102,41196,5,4,2,9.595001756679267e-06
5103,123122,4,4,1,6.669997674180195e-06
5104,123123,4,4,1,6.7830005718860775e-06
5105,120464,4,3,0,3.002998710144311e-06
5106,123127,4,4,3,9.816001693252474e-06
5107,131322,4,4,1,6.220001523615792e-06
5108,1374,4,3,0,2.8100002964492887e-06
5109,123131,4,4,3,4.811300095752813e-05
5110,65796,4,4,1,9.89099862636067e-06
5111,95426,4,3,0,3.979999746661633e-06
5112,65798,6,4,1,1.3010001566726714e-05
5113,8458,4,4,1,7.238999387482181e-06
5114,46451,5,3,0,3.6950004869140685e-06
5115,8459,4,4,1,7.87799945101142e-06
5116,106765,4,4,2,1.4470002497546375e-05
5117,10807,4,3,0,3.0459996196441352e-06
5118,31165,5,3,1,1.4958000974729657e-05
5119,8464,4,4,2,1.241100108018145e-05
5120,74024,4,4,1,6.5210006141569465e-06
5121,66515,4,3,0,3.354001819388941e-06
5122,133070,4,2,0,2.972999936901033e-06
5123,37943,4,1,0,2.3749998945277184e-06
5124,74027,4,4,1,6.3970001065172255e-06
5125,11025,4,3,0,3.036002453882247e-06
5126,131373,4,4,1,5.804999091196805e-06
5127,320,4,4,1,6.399997801054269e-06
5128,334,4,4,1,6.572001439053565e-06
5129,106835,4,4,1,5.660000169882551e-06
5130,12150,4,3,0,2.939999831141904e-06
5131,131413,5,4,1,6.941001629456878e-06
5132,20735,4,3,0,3.3430005714762956e-06
5133,79405,4,2,0,2.848999429261312e-06
5134,81639,5,1,0,2.9090006137266755e-06
5135,347,4,4,1,5.688998498953879e-06
5136,119620,4,3,0,3.1710005714558065e-06
5137,130600,4,2,0,3.163000656059012e-06
5138,42403,4,1,0,2.549000782892108e-06
5139,52129,4,0,0,2.3310021788347512e-06
5140,98654,4,4,2,1.1537998943822458e-05
5141,63669,4,3,1,5.155001417733729e-06
5142,358,4,4,1,5.306999810272828e-06
5143,15164,4,3,0,3.168002876918763e-06
5144,8590,7,2,0,4.202996933599934e-06
5145,67351,4,1,0,2.3169995984062552e-06
5146,44034,4,0,0,2.320000930922106e-06
5147,8552,4,4,2,1.3660999684361741e-05
5148,8553,4,4,1,6.633999873884022e-06
5149,18358,4,3,0,3.0669980333186686e-06
5150,123241,4,4,1,6.016001862008125e-06
5151,112265,4,3,0,3.0320006771944463e-06
5152,14862,4,2,0,2.9370021366048604e-06
5153,23256,4,1,0,2.411998138995841e-06
5154,17247,5,1,1,4.222998541081324e-06
5155,33135,7,4,1,7.894999725976959e-06
5156,124939,4,3,0,3.1609997677151114e-06
5157,87066,4,2,0,2.8460017347242683e-06
5158,54575,4,1,0,2.397002390353009e-06
5159,15153,8,1,0,3.983997885370627e-06
5160,41342,4,4,2,9.484996553510427e-06
5161,33152,6,4,3,1.9214003259548917e-05
5162,74114,4,4,1,6.694001058349386e-06
5163,74117,4,4,2,1.074099782272242e-05
5164,90507,4,4,1,6.038997526047751e-06
5165,131470,4,4,1,6.6259999584872276e-06
5166,48199,4,3,0,2.93600169243291e-06
5167,123286,4,4,2,9.852999937720597e-06
5168,98721,4,4,2,3.318900053272955e-05
5169,98722,4,4,1,1.2208001862745732e-05
5170,131492,4,4,1,7.978000212460756e-06
5171,9815,4,3,0,4.09800122724846e-06
5172,43009,4,2,0,3.3709984563756734e-06
5173,59666,7,1,0,4.5190026867203414e-06
5174,106921,4,4,1,6.570000550709665e-06
5175,74654,4,3,0,3.0859991966281086e-06
5176,426,4,4,1,7.059999916236848e-06
5177,18465,4,3,0,2.939999831141904e-06
5178,123308,8,4,1,8.933999197324738e-06
5179,65983,4,4,1,7.097998604876921e-06
5180,115142,4,4,1,6.7879991547670215e-06
5181,33224,4,4,1,9.511000826023519e-06
5182,6793,4,3,0,3.3270007406827062e-06
5183,31936,4,2,0,2.859000233002007e-06
5184,123346,4,4,1,7.229999027913436e-06
5185,78551,4,3,0,3.0850023904349655e-06
5186,131542,4,4,1,6.8779991124756634e-06
5187,131544,5,4,1,8.076000085566193e-06
5188,74203,4,4,1,6.824000593042001e-06
5189,106974,5,4,2,1.1771997378673404e-05
5190,74208,4,4,1,6.251997547224164e-06
5191,80121,4,3,0,2.9660004656761885e-06
5192,42349,4,2,0,2.802000381052494e-06
5193,26973,4,1,0,2.3280008463189006e-06
5194,90594,5,4,1,1.0988998838001862e-05
5195,57835,4,4,1,5.838999641127884e-06
5196,66033,7,4,2,1.1668998922687024e-05
5197,16886,4,4,1,6.240999937290326e-06
5198,88604,4,3,0,2.926000888692215e-06
5199,507,4,4,1,6.684000254608691e-06
5200,107009,6,4,1,7.239003025460988e-06
5201,104468,4,3,0,2.998000127263367e-06
5202,131594,4,4,1,5.617999704554677e-06
5203,49675,4,4,1,6.6259999584872276e-06
5204,25115,4,4,1,5.55700171389617e-06
5205,101334,4,3,0,2.830001903930679e-06
5206,30132,4,2,0,2.730001142481342e-06
5207,107037,4,4,1,5.288999091135338e-06
5208,123424,5,4,1,6.195001333253458e-06
5209,28974,4,3,0,3.0510018405038863e-06
5210,65257,4,2,0,2.7999994927085936e-06
5211,94921,5,1,0,2.677999873412773e-06
5212,123433,4,4,1,6.201000360306352e-06
5213,107050,4,4,1,5.658999725710601e-06
5214,82483,4,4,1,6.0489983297884464e-06
5215,98872,4,4,1,6.794998625991866e-06
5216,115257,4,4,2,1.1560001439647749e-05
5217,64648,4,3,0,2.8939975891262293e-06
5218,74296,6,4,2,6.66299820295535e-06
5219,105912,5,3,2,8.448998414678499e-06
5220,11588,4,3,1,7.68399695516564e-06
5221,73064,7,3,2,6.434001988964155e-06
5222,115259,4,4,1,5.871999746887013e-06
5223,92166,4,3,0,3.130000550299883e-06
5224,28005,4,2,0,2.8419999580364674e-06
5225,23891,4,1,0,2.315002348041162e-06
5226,82210,5,1,1,4.06099934480153e-06
5227,131649,4,4,1,5.38099993718788e-06
5228,82500,4,4,1,6.785001460229978e-06
5229,49741,4,4,1,5.755002348450944e-06
5230,74932,4,3,0,2.921002305811271e-06
5231,49751,4,4,1,5.1440001698210835e-06
5232,91977,9,3,0,5.35999788553454e-06
5233,97208,4,2,0,2.7949972718488425e-06
5234,40006,8,1,0,3.6279998312238604e-06
5235,88491,7,2,1,6.618000043090433e-06
5236,57944,4,4,1,6.473997927969322e-06
5237,57946,5,4,1,9.057999704964459e-06
5238,74353,5,4,2,1.3154000043869019e-05
5239,57974,8,4,1,1.2026001058984548e-05
5240,95291,6,3,0,7.138998626032844e-06
5241,6539,7,3,1,9.403000149177387e-06
5242,36923,8,3,2,8.389000868191943e-06
5243,61750,8,3,1,1.0528998245717958e-05
5244,59530,4,3,1,7.425001967931166e-06
5245,57982,7,4,1,1.2594999134307727e-05
5246,82560,4,4,1,6.722999387420714e-06
5247,98948,4,4,1,6.261998350964859e-06
5248,54103,4,3,0,3.0129995138850063e-06
5249,33926,4,2,0,2.8270005714148283e-06
5250,98952,4,4,1,5.9869998949579895e-06
5251,120783,7,3,0,4.621000698534772e-06
5252,98954,5,4,1,6.469999789260328e-06
5253,39438,4,3,0,2.8909998945891857e-06
5254,1868,4,2,0,2.6220004656352103e-06
5255,8844,7,4,1,7.832000846974552e-06
5256,123763,4,3,0,3.1570016290061176e-06
5257,110609,4,2,0,3.092998667852953e-06
5258,8846,4,4,2,1.2060001608915627e-05
5259,661,5,4,2,1.166800211649388e-05
5260,33431,4,4,1,6.99399970471859e-06
5261,115354,4,4,1,5.680998583557084e-06
5262,58725,5,3,0,3.430999640841037e-06
5263,116711,4,2,0,2.6939997042063624e-06
5264,131742,4,4,1,6.7399996623862535e-06
5265,115361,6,4,2,1.237700053025037e-05
5266,98983,4,4,2,1.0873998689930886e-05
5267,90806,4,4,1,6.3440020312555134e-06
5268,63859,4,3,0,2.753997250692919e-06
5269,90809,4,4,1,6.0829988797195256e-06
5270,90815,4,4,3,7.869999535614625e-06
5271,82624,4,4,1,6.120000762166455e-06
5272,28718,4,3,0,2.9790026019327343e-06
5273,41667,4,4,1,6.673999450867996e-06
5274,2859,4,3,0,3.269000444561243e-06
5275,101563,4,2,0,2.8030008252244443e-06
5276,729,4,4,1,8.601000445196405e-06
5277,30371,4,3,0,3.096996806561947e-06
5278,66301,4,4,1,5.718000466004014e-06
5279,64278,4,3,0,3.248998837079853e-06
5280,29736,4,2,0,8.695002179592848e-06
5281,7920,4,1,0,2.7429996407590806e-06
5282,91704,4,0,0,2.4229993869084865e-06
5283,25354,4,4,1,5.824000254506245e-06
5284,885,4,3,0,3.2329990062862635e-06
5285,70802,6,2,0,4.173001798335463e-06
5286,126747,4,1,0,2.444001438561827e-06
5287,110571,4,0,0,2.1949999791104347e-06
5288,82707,4,4,1,6.6590000642463565e-06
5289,25371,7,4,3,1.1336000170558691e-05
5290,82717,5,4,1,1.1140000424347818e-05
5291,82718,4,4,1,6.075999408494681e-06
5292,83582,4,3,0,2.9564998840214685e-05
5293,114250,4,2,0,4.159999662078917e-06
5294,54395,6,1,0,3.7429999792948365e-06
5295,65248,9,0,0,4.064000677317381e-06
5296,8991,4,4,1,7.531998562626541e-06
5297,86952,4,3,0,3.1710005714558065e-06
5298,58152,4,4,1,6.489000952569768e-06
5299,91689,4,3,0,3.086999640800059e-06
5300,58153,4,4,1,6.074002158129588e-06
5301,102688,4,3,0,3.3619980968069285e-06
5302,107308,4,4,1,6.7969995143357664e-06
5303,123697,4,4,1,6.5210006141569465e-06
5304,123699,4,4,1,7.0400019467342645e-06
5305,58166,4,4,1,6.417001713998616e-06
5306,74571,4,4,1,6.636000762227923e-06
5307,50003,4,4,3,1.152600088971667e-05
5308,44069,4,3,2,6.9210000219754875e-06
5309,58200,4,4,1,8.856000931700692e-06
5310,3519,4,3,0,3.0810006137471646e-06
5311,85978,4,2,0,3.006000042660162e-06
5312,46030,4,1,0,2.496999513823539e-06
5313,58203,4,4,2,1.1918000382138416e-05
5314,55689,5,3,1,6.368998583639041e-06
5315,99170,5,4,1,6.499001756310463e-06
5316,33636,4,4,1,6.375001248670742e-06
5317,32054,4,3,0,3.3139986044261605e-06
5318,53807,4,2,0,3.179000486852601e-06
5319,99177,4,4,1,6.69899964123033e-06
5320,45055,4,3,0,2.9470029403455555e-06
5321,33643,4,4,1,6.332000339170918e-06
5322,53822,4,3,0,2.892000338761136e-06
5323,79391,4,2,0,2.873999619623646e-06
5324,17266,4,4,1,6.8449990067165345e-06
5325,33658,4,4,1,5.685000360244885e-06
5326,80480,4,3,0,2.9809998522978276e-06
5327,891,4,4,1,6.4400010160170496e-06
5328,50633,4,3,0,2.906999725382775e-06
5329,9084,5,4,1,7.083999662427232e-06
5330,45533,4,3,0,2.982000296469778e-06
5331,80116,4,2,0,2.658998710103333e-06
5332,66448,7,4,1,8.115999662550166e-06
5333,57951,6,3,0,0.0012166340020485222
5334,123793,4,4,1,1.561699900776148e-05
5335,91029,4,4,1,8.686001820024103e-06
5336,113781,4,3,0,4.0570012060925364e-06
5337,123799,4,4,1,8.762002835283056e-06
5338,41885,4,4,1,7.791000825818628e-06
5339,25523,4,4,1,7.0930000219959766e-06
5340,1099,4,3,0,3.6329984141048044e-06
5341,91061,4,4,1,6.710000889142975e-06
5342,84919,4,3,0,3.4180011425632983e-06
5343,110393,4,2,0,2.682998456293717e-06
5344,25525,4,4,1,6.463000318035483e-06
5345,99258,4,4,1,5.835998308612034e-06
5346,5668,4,3,0,2.939999831141904e-06
5347,28545,5,3,1,1.1272997653577477e-05
5348,41919,4,4,1,6.6400025389157236e-06
5349,33756,4,4,1,5.055000656284392e-06
5350,120839,4,3,0,3.1990020943339914e-06
5351,93116,4,2,0,2.929999027401209e-06
5352,19421,4,1,0,2.50200173468329e-06
5353,12085,4,0,0,2.1890009520575404e-06
5354,41961,7,4,2,1.4217002899385989e-05
5355,115701,4,4,1,6.884001777507365e-06
5356,115717,4,4,2,1.0972999007208273e-05
5357,123910,4,4,1,7.321999873965979e-06
5358,115744,5,4,2,1.2209002306917682e-05
5359,57507,12,3,0,1.1691998224705458e-05
5360,69034,5,2,1,6.056998245185241e-06
5361,115753,6,4,1,9.729999874252826e-06
5362,120491,5,3,1,6.023001333232969e-06
5363,132871,8,3,0,8.895000064512715e-06
5364,17459,5,4,2,1.0608000593492761e-05
5365,115775,4,4,1,7.063001248752698e-06
5366,20527,4,3,0,3.0960000003688037e-06
5367,5389,4,2,0,2.8800022846553475e-06
5368,1095,4,4,2,1.2008000339847058e-05
5369,91217,4,4,1,6.668000423815101e-06
5370,91220,4,4,1,6.169997504912317e-06
5371,77249,4,3,0,3.248998837079853e-06
5372,74840,4,4,1,6.26600012765266e-06
5373,1122,4,4,1,6.57900091027841e-06
5374,128833,4,3,0,5.021996912546456e-06
5375,96328,4,2,0,1.0633997590048239e-05
5376,74854,4,4,1,5.394998879637569e-06
5377,52292,4,3,0,3.0800001695752144e-06
5378,95049,4,2,0,2.906999725382775e-06
5379,70488,4,1,0,2.568998752394691e-06
5380,29924,4,0,0,2.406999556114897e-06
5381,99432,4,4,1,6.4300002122763544e-06
5382,9341,6,4,1,1.0276999091729522e-05
5383,107646,4,4,1,6.350997864501551e-06
5384,9342,4,4,1,6.057998689357191e-06
5385,27171,4,3,0,2.9850016289856285e-06
5386,124034,4,4,1,6.85600025462918e-06
5387,9355,4,4,1,1.1760002962546423e-05
5388,12089,4,3,0,4.194000212009996e-06
5389,25743,4,4,1,7.239999831654131e-06
5390,31256,4,3,0,3.197998012183234e-06
5391,66708,4,4,1,7.146998541429639e-06
5392,91288,4,4,1,5.822999810334295e-06
5393,101696,4,3,0,3.1429990485776216e-06
5394,94390,4,2,0,2.8899994504172355e-06
5395,28965,4,1,0,2.543998562032357e-06
5396,53821,4,0,0,2.319997292943299e-06
5397,66726,4,4,1,5.670000973623246e-06
5398,118952,4,3,0,3.0619994504377246e-06
5399,13582,4,2,0,2.6909983716905117e-06
5400,84730,4,1,0,2.3089996830094606e-06
5401,99499,10,4,2,1.3601002137875184e-05
5402,91312,14,4,1,1.3036999007454142e-05
5403,42171,4,4,1,7.675000233575702e-06
5404,85764,4,3,0,3.092998667852953e-06
5405,91329,4,4,1,5.685000360244885e-06
5406,98087,4,3,0,3.2480020308867097e-06
5407,107714,4,4,1,6.100999598857015e-06
5408,50371,4,4,1,6.5019994508475065e-06
5409,64794,4,3,0,3.020002623088658e-06
5410,1239,5,4,2,1.077799970516935e-05
5411,132313,4,4,1,6.484999175881967e-06
5412,34207,4,3,0,2.9850016289856285e-06
5413,74972,4,4,1,6.336002115858719e-06
5414,34018,7,4,0,9.440002031624317e-06
5415,64261,5,3,2,7.3689989221747965e-06
5416,99566,4,4,2,1.1586002074182034e-05
5417,107762,4,4,1,6.000998837407678e-06
5418,124157,4,4,1,5.411002348409966e-06
5419,92562,5,3,0,3.6040000850334764e-06
5420,96355,5,2,0,3.364002623129636e-06
5421,75007,4,4,1,6.072001269785687e-06
5422,109820,4,3,0,3.2009993446990848e-06
5423,45653,4,2,0,3.0410010367631912e-06
5424,53891,4,1,0,2.425000275252387e-06
5425,132369,4,4,1,6.722999387420714e-06
5426,58655,4,4,1,6.454996764659882e-06
5427,15529,9,3,0,5.330002750270069e-06
5428,99617,4,4,1,6.176996976137161e-06
5429,99623,4,4,1,5.304002115735784e-06
5430,65462,4,3,0,3.1670024327468127e-06
5431,55096,4,2,0,3.1050003599375486e-06
5432,65485,4,1,0,2.5839981390163302e-06
5433,85192,4,0,0,2.215001586591825e-06
5434,83251,6,4,1,8.145998435793445e-06
5435,75070,4,4,1,6.612997822230682e-06
5436,66882,4,4,2,1.1658001312753186e-05
5437,124242,6,4,2,1.0288000339642167e-05
5438,56855,6,3,2,8.044000423979014e-06
5439,42327,4,4,2,1.0391002433607355e-05
5440,9561,4,4,1,5.783000233350322e-06
5441,126015,4,3,0,3.1089984986465424e-06
5442,37052,4,2,0,2.9190014174673706e-06
5443,127656,8,3,1,1.1225001799175516e-05
5444,9571,5,4,3,1.0602001566439867e-05
5445,107879,5,4,1,5.139900167705491e-05
5446,124299,4,4,1,1.1546999303391203e-05
5447,91542,4,4,1,7.207996532088146e-06
5448,34205,6,4,3,1.0637002560542896e-05
5449,31906,4,3,1,6.1399987316690385e-06
5450,116127,4,4,1,7.1400027081836015e-06
5451,1439,4,4,1,6.253001629374921e-06
5452,59689,4,3,0,3.1329982448369265e-06
5453,99774,7,4,2,1.0472998837940395e-05
5454,50640,4,4,1,6.121998012531549e-06
5455,79605,4,3,0,3.1859999580774456e-06
5456,1501,4,4,1,7.186998118413612e-06
5457,91613,4,4,1,6.542002665810287e-06
5458,116193,4,4,1,5.679998139385134e-06
5459,1507,6,4,2,1.3627999578602612e-05
5460,1510,4,4,1,6.673999450867996e-06
5461,83438,5,4,2,1.4917000953573734e-05
5462,124406,4,4,1,7.218000973807648e-06
5463,116215,4,4,1,6.031998054822907e-06
5464,105967,4,3,0,3.1659983505960554e-06
5465,70367,4,2,0,3.0100018193479627e-06
5466,58875,4,4,1,6.217000191099942e-06
5467,131126,6,3,0,4.1389976104255766e-06
5468,54799,6,2,0,3.807999746641144e-06
5469,57814,6,1,0,3.188000846421346e-06
5470,116221,4,4,1,6.334001227514818e-06
5471,42507,4,4,2,9.830000635702163e-06
5472,17943,4,4,1,7.2260008892044425e-06
5473,83489,4,4,1,5.93399818171747e-06
5474,84482,4,3,0,3.1469971872866154e-06
5475,83490,4,4,1,6.2830004026182e-06
5476,6060,4,3,0,2.9849979910068214e-06
5477,26153,4,4,2,1.0542000381974503e-05
5478,91690,4,4,1,5.8200021157972515e-06
5479,21562,4,3,0,3.1560011848341674e-06
5480,67123,4,4,1,7.2500006353948265e-06
5481,67127,4,4,1,6.469999789260328e-06
5482,67135,4,4,1,3.8479993236251175e-06
5483,75327,4,4,1,4.823999915970489e-06
5484,81565,4,3,0,2.9030015866737813e-06
5485,19206,4,2,0,2.707001840462908e-06
5486,101346,5,2,1,4.920999344903976e-06
5487,74921,5,1,0,2.9670009098481387e-06
5488,26178,4,4,2,1.3390999811235815e-05
5489,42573,4,4,1,5.998997949063778e-06
5490,67671,4,3,0,3.0859991966281086e-06
5491,27253,4,2,0,9.593000868335366e-06
5492,12050,6,3,1,9.653998858993873e-06
5493,132692,4,4,1,6.974001735216007e-06
5494,130045,4,3,0,3.097000444540754e-06
5495,132693,4,4,1,7.190999895101413e-06
5496,67158,4,4,1,6.0399979702197015e-06
5497,50809,4,4,1,5.899997631786391e-06
5498,124536,4,4,1,6.1010032368358225e-06
5499,69246,4,3,0,3.106000804109499e-06
5500,21372,4,2,0,2.968001354020089e-06
5501,38296,4,1,0,2.6130001060664654e-06
5502,81903,6,1,0,2.912199852289632e-05
5503,42624,4,4,1,9.538998710922897e-06
5504,59032,4,4,1,6.546000804519281e-06
5505,75416,4,4,1,6.733000191161409e-06
5506,67242,5,4,1,1.1475000064820051e-05
5507,9900,4,4,1,6.122001650510356e-06
5508,64836,4,3,0,2.9900002118665725e-06
5509,67917,5,2,0,3.354998625582084e-06
5510,27225,4,1,0,2.5379995349794626e-06
5511,124635,4,4,1,6.016998668201268e-06
5512,100211,4,3,0,3.031000233022496e-06
5513,91867,5,4,2,1.2672997399931774e-05
5514,34529,4,4,2,1.336299828835763e-05
5515,83686,4,4,1,6.14700184087269e-06
5516,26351,4,4,1,5.95299934502691e-06
5517,26354,4,4,1,6.312002369668335e-06
5518,26897,4,3,0,3.316999936942011e-06
5519,124658,6,4,1,1.2025000614812598e-05
5520,1804,5,4,1,1.081300069927238e-05
5521,1807,4,4,1,5.3409967222251e-06
5522,83812,4,3,0,3.215998731320724e-06
5523,65534,6,3,0,1.1039999662898481e-05
5524,92125,5,3,1,8.871997124515474e-06
5525,1808,4,4,1,5.866000719834119e-06
5526,125189,4,3,0,2.8909998945891857e-06
5527,108309,6,4,2,1.0196999937761575e-05
5528,116518,4,4,2,1.1473999620648101e-05
5529,18228,4,4,1,6.185000529512763e-06
5530,42809,4,4,1,5.337999027688056e-06
5531,13145,4,3,0,2.8369977371767163e-06
5532,116851,4,2,0,2.6609995984472334e-06
5533,18237,4,4,1,6.36799813946709e-06
5534,83775,4,4,1,5.740999768022448e-06
5535,55877,4,3,0,2.974000381072983e-06
5536,86052,4,2,0,2.7269998099654913e-06
5537,51016,4,4,1,6.68199936626479e-06
5538,83786,4,4,2,1.0616000508889556e-05
5539,18250,4,4,1,6.612997822230682e-06
5540,59214,7,4,1,1.1357002222212031e-05
5541,67411,4,4,1,6.023001333232969e-06
5542,128020,6,3,0,4.51099913334474e-06
5543,100194,4,4,2,1.1268999514868483e-05
5544,92008,4,4,1,7.261001883307472e-06
5545,108393,4,4,1,5.722002242691815e-06
5546,132969,4,4,1,6.9210000219754875e-06
5547,124780,4,4,1,7.147998985601589e-06
5548,51070,4,4,1,6.436999683501199e-06
5549,34688,5,4,1,7.13500048732385e-06
5550,18327,4,4,1,6.2449980759993196e-06
5551,27192,4,3,0,2.9570001061074436e-06
5552,18342,4,4,2,1.1444000847404823e-05
5553,34727,4,4,1,6.52199742035009e-06
5554,1958,4,4,1,5.589001375483349e-06
5555,28252,4,3,0,3.111999831162393e-06
5556,133034,4,4,3,7.790000381646678e-06
5557,100267,4,4,2,8.817998605081812e-06
5558,42926,6,4,1,1.1641001037787646e-05
5559,100272,4,4,1,5.760997737525031e-06
5560,85883,4,3,0,2.9840011848136783e-06
5561,98191,4,2,0,2.7809983293991536e-06
5562,51124,4,4,1,7.037000614218414e-06
5563,108495,4,4,1,6.103000487200916e-06
5564,113253,4,3,0,3.0480005079880357e-06
5565,67554,4,4,1,7.088998245308176e-06
5566,116710,4,4,1,6.1969985836185515e-06
5567,43116,4,3,0,2.9180009732954204e-06
5568,83942,6,4,2,1.4034998457645997e-05
5569,75753,6,4,1,7.534999895142391e-06
5570,75762,4,4,1,5.9639969549607486e-06
5571,18666,4,3,0,3.0509982025250793e-06
5572,37656,4,2,0,2.9849979910068214e-06
5573,34809,4,4,1,6.727001164108515e-06
5574,43011,4,4,1,5.840000085299835e-06
5575,79054,4,3,0,3.0269984563346952e-06
5576,133126,4,4,1,6.56100019114092e-06
5577,75787,4,4,1,6.254998879740015e-06
5578,93237,5,3,0,3.832003130810335e-06
5579,84008,4,4,1,5.441001121653244e-06
5580,61862,4,3,0,3.002998710144311e-06
5581,87597,4,2,0,2.863998815882951e-06
5582,43053,4,4,1,6.386002496583387e-06
5583,34863,4,4,1,5.0579983508214355e-06
5584,12167,4,3,0,2.7140013116877526e-06
5585,2117,5,4,1,7.188999006757513e-06
5586,59491,4,4,1,6.029997166479006e-06
5587,69344,4,3,0,3.0150004022289068e-06
5588,34916,10,4,0,1.1960997653659433e-05
5589,41882,7,3,1,6.845999450888485e-06
5590,34917,4,4,1,6.346999725792557e-06
5591,119908,4,3,0,2.9889997676946223e-06
5592,2159,4,4,1,6.033002136973664e-06
5593,129184,4,3,0,3.086999640800059e-06
5594,59506,4,4,1,5.290999979479238e-06
5595,116852,4,4,1,5.614001565845683e-06
5596,59518,4,4,1,5.706999218091369e-06
5597,125063,4,4,1,5.878002411918715e-06
5598,67723,4,4,2,9.227998816641048e-06
5599,34956,4,4,2,1.2917000276502222e-05
5600,70246,4,3,1,5.37799860467203e-06
5601,100551,4,4,3,8.638999133836478e-06
5602,75978,4,4,1,7.039001502562314e-06
5603,59605,4,4,2,8.318998879985884e-06
5604,43230,4,4,1,7.033999281702563e-06
5605,35039,4,4,1,6.399000994861126e-06
5606,26851,4,4,1,5.552999937208369e-06
5607,92391,4,4,1,6.653001037193462e-06
5608,30710,4,3,0,9.14499833015725e-06
5609,26859,4,4,2,1.1196003470104188e-05
5610,125164,4,4,2,1.0943997040158138e-05
5611,125165,4,4,1,7.261001883307472e-06
5612,116975,4,4,1,6.219997885636985e-06
5613,116988,4,4,1,5.914000212214887e-06
5614,18685,7,4,1,1.124800110119395e-05
5615,21367,9,3,2,3.376099994056858e-05
5616,35073,6,4,2,2.048299938905984e-05
5617,125188,4,4,2,1.2558000889839604e-05
5618,2330,4,4,1,8.505001460434869e-06
5619,38439,7,3,0,4.977999196853489e-06
5620,48257,4,2,0,3.125998773612082e-06
5621,59693,5,4,1,6.5300009737256914e-06
5622,43313,4,4,1,6.057001883164048e-06
5623,19620,4,3,0,3.007000486832112e-06
5624,4744,5,3,1,5.224002961767837e-06
5625,26938,6,4,1,7.066999387461692e-06
5626,78765,4,3,0,3.1529998523183167e-06
5627,103457,4,2,0,2.959000994451344e-06
5628,120682,6,1,0,3.0570008675567806e-06
5629,22531,7,2,0,6.395002856152132e-06
5630,35154,4,4,1,5.94999801251106e-06
5631,35160,4,4,1,5.164001777302474e-06
5632,63315,4,3,0,3.0990013328846544e-06
5633,11918,4,2,0,2.829998265951872e-06
5634,36619,4,1,0,2.334996679564938e-06
5635,63015,7,1,0,3.6679994082078338e-06
5636,59767,4,4,2,1.294799949391745e-05
5637,97877,4,3,1,5.0769995141308755e-06
5638,100735,4,4,1,6.216003384906799e-06
5639,130837,4,3,0,2.983000740641728e-06
5640,2448,4,4,1,5.6440003390889615e-06
5641,59795,4,4,1,6.114001735113561e-06
5642,59822,4,4,1,6.723003025399521e-06
5643,68019,4,4,1,5.9970006986986846e-06
5644,100796,4,4,1,5.369998689275235e-06
5645,106339,4,3,0,3.1419986044056714e-06
5646,94630,6,3,1,5.775000317953527e-06
5647,44878,9,3,1,8.619001164333895e-06
5648,59863,4,4,1,6.213002052390948e-06
5649,35292,4,4,2,1.1456999345682561e-05
5650,109042,4,4,1,6.2019971664994955e-06
5651,27126,4,4,1,7.2309994720853865e-06
5652,84481,6,4,1,9.277999197365716e-06
5653,15483,6,3,2,8.202998287742957e-06
5654,117291,4,4,1,6.881000444991514e-06
5655,63313,4,3,0,3.035002009710297e-06
5656,84524,6,4,2,1.2135998986195773e-05
5657,76334,5,4,1,1.0706000466598198e-05
5658,68162,4,4,2,1.3884000509278849e-05
5659,100938,4,4,1,6.370999471982941e-06
5660,43604,4,4,1,5.608002538792789e-06
5661,62298,4,3,0,3.0039991543162614e-06
5662,62299,4,2,0,2.8149988793302327e-06
5663,2647,4,4,1,5.4009979066904634e-06
5664,117351,4,4,1,7.40899849915877e-06
5665,100976,4,4,2,1.2626998795894906e-05
5666,53425,4,3,0,3.0190021789167076e-06
5667,12689,4,2,0,2.6800007617566735e-06
5668,35449,5,4,1,1.1517000530147925e-05
5669,35451,6,4,1,7.390000973828137e-06
5670,4291,4,3,0,3.0510018405038863e-06
5671,86788,4,2,0,2.9080001695547253e-06
5672,72818,6,1,0,3.225999535061419e-06
5673,117480,6,0,0,2.9319999157451093e-06
5674,84643,4,4,1,6.394999218173325e-06
5675,68724,4,3,0,2.9100010578986257e-06
5676,51877,4,4,1,6.446000043069944e-06
5677,88116,4,3,0,3.035002009710297e-06
5678,84646,4,4,1,7.202997949207202e-06
5679,27305,4,4,1,5.79499828745611e-06
5680,48952,4,3,0,3.058998117921874e-06
5681,127058,4,2,0,2.6990019250661135e-06
5682,101035,5,4,2,1.2912998499814421e-05
5683,101037,4,4,1,6.494999979622662e-06
5684,27322,4,4,1,5.770001735072583e-06
5685,84698,4,4,1,5.848996806889772e-06
5686,43742,4,4,2,1.14050017145928e-05
5687,97937,7,3,0,7.299997378140688e-06
5688,25346,8,3,1,1.0725998436100781e-05
5689,118286,9,3,0,7.1400027081836015e-06
5690,117472,5,4,1,1.0220999683951959e-05
5691,68322,5,4,1,1.5544999769190326e-05
5692,101096,4,4,1,6.786001904401928e-06
5693,125679,4,4,1,6.416998076019809e-06
5694,95537,4,3,0,3.0100018193479627e-06
5695,117498,5,4,1,6.203001248650253e-06
5696,27412,6,4,1,1.3810000382363796e-05
5697,109339,4,4,1,5.903999408474192e-06
5698,2917,4,3,0,2.89799936581403e-06
5699,109340,4,4,1,6.466998456744477e-06
5700,76594,14,4,1,1.1670999811030924e-05
5701,35640,4,4,2,1.2308999430388212e-05
5702,109379,4,4,1,6.020000000717118e-06
5703,46083,4,3,0,2.8709982871077955e-06
5704,120019,4,2,0,2.902001142501831e-06
5705,11082,4,4,1,5.6249991757795215e-06
5706,22672,4,3,0,3.044002369279042e-06
5707,89929,4,2,0,2.7530004444997758e-06
5708,87177,5,2,1,5.030997272115201e-06
5709,43859,5,4,1,1.3279997801873833e-05
5710,125789,5,4,1,7.563998224213719e-06
5711,125791,4,3,0,3.0089977371972054e-06
5712,27489,6,4,1,6.180001946631819e-06
5713,14084,6,3,0,4.3479994928929955e-06
5714,52100,5,4,1,6.703001417918131e-06
5715,4540,5,3,0,3.711000317707658e-06
5716,4917,5,2,0,3.2940006349235773e-06
5717,78935,5,1,0,2.9389993869699538e-06
5718,43925,4,4,1,6.375001248670742e-06
5719,60309,4,4,1,6.550999387400225e-06
5720,43929,4,4,1,6.165999366203323e-06
5721,109469,5,4,2,9.076000424101949e-06
5722,52133,4,4,1,6.323996785795316e-06
5723,93097,4,4,1,6.708000000799075e-06
5724,52143,7,4,1,1.208300091093406e-05
5725,93119,4,4,2,1.134799822466448e-05
5726,101324,4,4,1,6.120000762166455e-06
5727,53629,4,3,0,3.0199989851098508e-06
5728,109516,4,4,1,6.9739980972371995e-06
5729,76750,4,4,1,6.38599885860458e-06
5730,101326,5,4,1,3.692500104079954e-05
5731,3034,4,4,1,8.424001862294972e-06
5732,19435,4,4,3,1.1737996828742325e-05
5733,27640,4,4,1,6.475998816313222e-06
5734,22839,4,3,0,3.068002115469426e-06
5735,93179,6,4,1,1.2651002180064097e-05
5736,27653,4,4,1,5.445999704534188e-06
5737,52229,4,4,1,5.527002940652892e-06
5738,85010,4,4,1,5.6549979490228e-06
5739,77849,4,3,0,3.2009993446990848e-06
5740,21992,4,2,0,3.0380033422261477e-06
5741,39093,4,1,0,2.5029985408764333e-06
5742,19475,6,4,2,1.2738997611450031e-05
5743,20749,6,3,1,9.437000699108467e-06
5744,53404,7,3,0,7.97999746282585e-06
5745,117782,4,4,2,9.817002137424424e-06
5746,93229,4,4,2,1.1281001206953079e-05
5747,47295,4,3,0,2.8609974833671004e-06
5748,105277,7,3,1,7.598999218316749e-06
5749,101424,4,4,2,1.0545998520683497e-05
5750,126000,7,4,1,8.312003046739846e-06
5751,37483,7,3,0,3.912999090971425e-06
5752,52291,4,4,1,6.557002052431926e-06
5753,27742,6,4,1,6.873000529594719e-06
5754,44127,4,4,1,5.67600000067614e-06
5755,27748,4,4,1,7.504000677727163e-06
5756,109685,4,4,2,1.0596999345580116e-05
5757,76951,4,4,1,5.5820019042585045e-06
5758,103117,4,3,0,3.0410010367631912e-06
5759,55822,4,2,0,2.7710011636372656e-06
5760,81898,4,1,0,2.563003363320604e-06
5761,27301,7,2,1,6.30200156592764e-06
5762,76952,4,4,1,6.332000339170918e-06
5763,76961,4,4,1,6.8160006776452065e-06
5764,104262,4,3,0,3.068998921662569e-06
5765,60581,4,4,1,6.026999471941963e-06
5766,38590,4,3,0,3.091998223681003e-06
5767,129414,5,3,1,5.197998689254746e-06
5768,93371,9,4,3,1.1705997167155147e-05
5769,29065,4,3,2,7.864997314754874e-06
5770,117973,4,4,1,5.4440024541690946e-06
5771,68830,13,4,2,1.4983001165091991e-05
5772,68835,4,4,1,5.4250012908596545e-06
5773,73491,4,3,0,2.89799936581403e-06
5774,77054,5,4,1,6.240999937290326e-06
5775,28143,4,3,0,3.020999429281801e-06
5776,3330,4,4,1,6.762002158211544e-06
5777,109827,4,4,3,8.674000127939507e-06
5778,60692,4,4,1,6.608002877328545e-06
5779,118040,4,4,1,6.131998816272244e-06
5780,129331,4,3,0,3.167999238939956e-06
5781,11546,6,4,1,1.3539996871259063e-05
5782,44326,4,4,1,6.638998456764966e-06
5783,77099,4,4,1,7.022001227596775e-06
5784,44333,6,4,1,8.57600025483407e-06
5785,68923,4,4,2,1.0591997124720365e-05
5786,23090,4,3,2,9.71799818216823e-06
5787,96196,4,3,1,5.959998816251755e-06
5788,93506,4,4,1,6.513997504953295e-06
5789,101705,6,4,2,1.3164000847609714e-05
5790,93522,4,4,1,5.731999408453703e-06
5791,3431,4,4,1,6.037000275682658e-06
5792,19829,4,4,1,5.596000846708193e-06
5793,93565,4,4,2,8.994000381790102e-06
5794,52607,9,4,0,1.001399868982844e-05
5795,577,5,3,1,5.351001163944602e-06
5796,27248,6,3,1,8.41799919726327e-06
5797,126341,4,4,1,6.627000402659178e-06
5798,93580,4,4,1,6.276000931393355e-06
5799,85398,4,4,1,6.056998245185241e-06
5800,85400,4,4,1,6.622998625971377e-06
5801,36258,4,4,1,6.418998964363709e-06
5802,78697,4,3,0,3.0270020943135023e-06
5803,69036,6,4,1,7.652997737750411e-06
5804,63875,6,3,0,3.883000317728147e-06
5805,69204,6,2,0,3.5150005714967847e-06
5806,12148,4,1,0,2.3900029191281646e-06
5807,69040,4,4,1,5.613997927866876e-06
5808,19899,4,4,1,5.523001163965091e-06
5809,130279,4,3,0,2.8559989004861563e-06
5810,74936,6,3,0,6.3730003603268415e-06
5811,119149,6,3,1,6.40399957774207e-06
5812,110012,7,4,2,1.2606000382220373e-05
5813,3528,4,4,1,6.438000127673149e-06
5814,52683,4,4,1,6.474998372141272e-06
5815,3539,5,4,1,6.8260014813859016e-06
5816,3544,4,4,1,5.857000360265374e-06
5817,24325,4,3,0,3.0650007829535753e-06
5818,44513,4,4,1,6.016998668201268e-06
5819,44520,4,4,2,1.4141998690320179e-05
5820,105966,5,3,0,3.963999915868044e-06
5821,101894,4,4,2,1.1515996447997168e-05
5822,3597,6,4,1,1.0822001058841124e-05
5823,126478,4,4,1,6.471000233432278e-06
5824,101903,5,4,2,1.075999898603186e-05
5825,3604,4,4,1,6.407000910257921e-06
5826,3609,4,4,2,1.0930001735687256e-05
5827,52769,4,4,1,6.722002581227571e-06
5828,32079,4,3,0,3.040000592591241e-06
5829,69188,4,4,1,5.4299998737405986e-06
5830,28236,4,4,1,5.980000423733145e-06
5831,22837,4,3,0,3.025998012162745e-06
5832,28239,4,4,1,6.573998689418659e-06
5833,28250,4,4,1,6.3160005083773285e-06
5834,36444,4,4,1,6.182999641168863e-06
5835,3680,4,4,1,5.876001523574814e-06
5836,28264,4,4,2,9.970000974135473e-06
5837,28273,4,4,2,8.178998541552573e-06
5838,119757,5,3,1,5.472000339068472e-06
5839,93820,4,4,1,3.5574001230997965e-05
5840,110212,4,4,1,9.682997188065201e-06
5841,93837,5,4,1,1.8126000213669613e-05
5842,39746,5,3,1,9.502000466454774e-06
5843,3728,4,4,2,1.0121002560481429e-05
5844,3739,4,4,1,6.782000127714127e-06
5845,94025,4,3,0,3.2330026442650706e-06
5846,118439,4,4,1,6.1589998949784786e-06
5847,4535,4,3,0,2.9769980756100267e-06
5848,48051,4,2,0,2.81600296148099e-06
5849,61116,4,4,1,6.226000550668687e-06
5850,77512,4,4,2,1.2897999113192782e-05
5851,20205,4,4,1,6.256999768083915e-06
5852,102128,6,4,1,7.5310017564333975e-06
5853,93937,4,4,1,6.007998308632523e-06
5854,85748,4,4,1,7.1879985625855625e-06
5855,110327,4,4,1,5.6549979490228e-06
5856,57180,4,3,0,3.1100025807972997e-06
5857,102135,4,4,1,6.2300023273564875e-06
5858,69376,4,4,1,7.5450006988830864e-06
5859,20226,7,4,1,1.2306998542044312e-05
5860,104395,8,3,0,8.697999874129891e-06
5861,3852,4,4,1,6.5590029407758266e-06
5862,110360,4,4,2,9.288000001106411e-06
5863,69407,4,4,2,1.0824998753378168e-05
5864,118561,6,4,1,1.4688997907796875e-05
5865,122032,6,3,0,3.7200006772764027e-06
5866,85816,4,4,1,6.466001650551334e-06
5867,126783,4,4,1,6.880000000819564e-06
5868,69439,5,4,1,6.845999450888485e-06
5869,79171,5,3,0,3.7700010580010712e-06
5870,79201,5,2,0,3.4889999369625002e-06
5871,53058,4,4,2,1.1137999536003917e-05
5872,85835,4,4,1,6.16500256001018e-06
5873,40622,4,3,0,3.1000017770566046e-06
5874,85836,4,4,1,6.886999472044408e-06
5875,70856,4,3,0,3.115997969871387e-06
5876,69499,5,4,3,1.0201998520642519e-05
5877,61311,5,4,2,1.6291000065393746e-05
5878,61315,4,4,1,5.67499955650419e-06
5879,36740,4,4,1,6.99500014889054e-06
5880,3983,4,4,1,5.268000677460805e-06
5881,85941,4,4,1,5.390000296756625e-06
5882,110523,4,4,2,9.20400270842947e-06
5883,102341,6,4,2,1.208100002259016e-05
5884,110541,5,4,1,8.75200203154236e-06
5885,61394,4,4,1,5.9919984778389335e-06
5886,20440,6,4,1,4.840700057684444e-05
5887,69593,4,4,1,8.465001883450896e-06
5888,63303,6,3,0,5.276997399050742e-06
5889,63306,4,2,0,3.4530021366663277e-06
5890,13076,4,1,0,2.7520000003278255e-06
5891,114502,4,0,0,2.4719993234612048e-06
5892,77789,4,4,1,7.833998097339645e-06
5893,102365,4,4,1,5.976999091217294e-06
5894,102371,7,4,2,1.340000017080456e-05
5895,4075,4,4,1,7.103997631929815e-06
5896,126957,4,4,1,6.660000508418307e-06
5897,21883,4,3,0,2.8670001483988017e-06
5898,61431,4,4,1,6.2590006564278156e-06
5899,69622,4,4,2,1.1651998647721484e-05
5900,61434,4,4,2,1.1309999536024407e-05
5901,45051,4,4,2,1.0130999726243317e-05
5902,20490,5,4,1,9.072002285392955e-06
5903,20492,7,4,1,8.584000170230865e-06
5904,61861,7,3,0,4.2339997889939696e-06
5905,102422,6,4,1,8.529001206625253e-06
5906,110620,4,4,1,6.206999387359247e-06
5907,28712,4,4,1,6.812999345129356e-06
5908,28717,5,4,2,1.181900006486103e-05
5909,61503,4,4,1,6.042002496542409e-06
5910,36970,4,4,1,6.154998118290678e-06
5911,45168,4,4,1,6.2639992393087596e-06
5912,102524,4,4,1,5.9490012063179165e-06
5913,129635,4,3,0,3.011999069713056e-06
5914,77978,4,4,2,1.2111002433812246e-05
5915,61597,4,4,3,8.389000868191943e-06
5916,45228,4,4,1,6.749000021954998e-06
5917,64790,4,3,0,3.182998625561595e-06
5918,78003,4,4,1,6.914000550750643e-06
5919,61628,4,4,2,9.139999747276306e-06
5920,20671,4,4,3,8.677001460455358e-06
5921,118982,4,4,1,5.955997039563954e-06
5922,130840,5,3,0,3.764002030948177e-06
5923,118984,4,4,1,6.262998795136809e-06
5924,4299,5,4,2,1.2954002158949152e-05
5925,4301,5,4,1,1.4195000403560698e-05
5926,110799,4,4,1,1.1486001312732697e-05
5927,64192,4,3,0,2.963999577332288e-06
5928,53457,4,4,2,1.0801999451359734e-05
5929,45272,4,4,1,6.408001354429871e-06
5930,127201,4,4,1,7.804999768268317e-06
5931,4323,6,4,1,1.0989999282173812e-05
5932,69871,4,4,1,6.166999810375273e-06
5933,28917,7,4,2,1.3198001397540793e-05
5934,20733,4,4,1,3.1648000003769994e-05
5935,73544,4,3,0,5.666999641107395e-06
5936,102654,4,4,1,7.046997779980302e-06
5937,16312,4,3,0,3.3819997042883188e-06
5938,28935,4,4,1,6.787002348573878e-06
5939,28937,4,4,1,5.838999641127884e-06
5940,78111,4,4,2,9.993000276153907e-06
5941,94495,6,4,1,7.3499977588653564e-06
5942,8160,4,3,0,3.3100004657171667e-06
5943,79392,4,2,0,2.8480026230681688e-06
5944,87661,4,1,0,2.5480003387201577e-06
5945,86614,6,1,0,3.7280005926731974e-06
5946,102687,4,4,1,9.960996976587921e-06
5947,86314,4,4,1,6.102000043028966e-06
5948,28978,4,4,1,5.350000719772652e-06
5949,20794,5,4,1,6.1820028349757195e-06
5950,119101,4,4,1,6.694997864542529e-06
5951,94526,4,4,1,6.886999472044408e-06
5952,102720,4,4,1,5.9490012063179165e-06
5953,20800,4,4,1,5.622001481242478e-06
5954,12614,4,4,1,5.869998858543113e-06
5955,70100,4,3,0,3.0609990062657744e-06
5956,53588,4,4,1,8.15900057204999e-06
5957,130232,4,3,0,3.2850002753548324e-06
5958,102748,5,4,1,1.44240002555307e-05
5959,102754,4,4,1,7.014998118393123e-06
5960,4460,4,4,1,5.403999239206314e-06
5961,13249,4,3,0,3.1989984563551843e-06
5962,87263,4,2,0,2.793000021483749e-06
5963,46533,4,1,0,2.5230001483578235e-06
5964,119164,4,4,1,6.557002052431926e-06
5965,37247,4,4,1,6.160000339150429e-06
5966,37252,4,4,1,5.69500116398558e-06
5967,20868,4,4,1,6.0489983297884464e-06
5968,37255,4,4,1,5.647998477797955e-06
5969,37259,4,4,1,5.295001756167039e-06
5970,53651,4,4,2,8.787999831838533e-06
5971,65178,6,3,0,7.43000055081211e-06
5972,57372,6,2,0,3.645996912382543e-06
5973,102806,4,4,1,6.266996933845803e-06
5974,4502,4,4,1,6.492999091278762e-06
5975,53662,4,4,1,5.7299985201098025e-06
5976,61856,5,4,1,6.909001967869699e-06
5977,86690,5,3,0,3.825996827799827e-06
5978,64414,4,2,0,2.954999217763543e-06
5979,54574,7,3,1,9.353003406431526e-06
5980,78242,7,4,1,1.4255001588026062e-05
5981,71610,8,3,1,9.876002877717838e-06
5982,61859,5,4,1,1.355299900751561e-05
5983,111916,6,3,0,6.465001206379384e-06
5984,63840,7,3,0,7.0739988586865366e-06
5985,119213,4,4,2,1.0136998753296211e-05
5986,20914,4,4,1,6.328002200461924e-06
5987,29121,4,4,1,6.778998795198277e-06
5988,61893,4,4,1,5.631998647004366e-06
5989,53710,4,4,1,6.294001650530845e-06
5990,12758,4,4,1,6.571000994881615e-06
5991,119266,7,4,1,8.01900023361668e-06
5992,86516,4,4,2,8.950999472290277e-06
5993,119324,4,4,1,6.023001333232969e-06
5994,94752,4,4,1,6.056001438992098e-06
5995,114606,4,3,0,2.9670009098481387e-06
5996,38716,5,3,1,5.6010030675679445e-06
5997,78369,4,4,1,6.557002052431926e-06
5998,12837,5,4,1,1.018499824567698e-05
5999,102951,4,4,1,6.915997801115736e-06
6000,94780,9,4,2,1.5162000636337325e-05
6001,62016,4,4,1,6.367001333273947e-06
6002,62019,4,4,1,6.636997568421066e-06
6003,94794,4,4,1,6.747999577783048e-06
6004,103014,4,4,1,5.121997673995793e-06
6005,29293,4,4,2,1.1554999218787998e-05
6006,45677,4,4,2,9.121002221945673e-06
6007,119420,5,4,1,1.3977001799503341e-05
6008,89113,6,3,0,6.7969995143357664e-06
6009,45694,4,4,1,6.813999789301306e-06
6010,12928,4,4,1,8.259001333499327e-06
6011,86657,4,4,1,6.692000170005485e-06
6012,103059,4,4,1,5.756002792622894e-06
6013,105017,4,3,0,3.131000994471833e-06
6014,108547,6,3,0,4.433000867720693e-06
6015,21140,5,4,1,7.165999704739079e-06
6016,70294,4,4,1,6.628000846831128e-06
6017,53912,4,4,1,5.942001735093072e-06
6018,78564,4,3,0,3.1480012694373727e-06
6019,21147,4,4,1,6.115002179285511e-06
6020,21148,4,4,1,6.368998583639041e-06
6021,94879,4,4,1,5.483998393174261e-06
6022,86694,5,4,1,5.5189000704558566e-05
6023,4789,4,4,1,6.154998118290678e-06
6024,127688,7,4,2,1.1798998457379639e-05
6025,71583,5,3,1,8.105998858809471e-06
6026,127691,4,4,2,1.0551000741543248e-05
6027,21207,4,4,1,6.387999746948481e-06
6028,45789,4,4,1,6.30400245427154e-06
6029,45791,4,4,1,5.85200177738443e-06
6030,45890,4,3,0,3.0669980333186686e-06
6031,127740,6,4,0,1.6203000996029004e-05
6032,109009,7,3,0,8.106999302981421e-06
6033,54013,4,4,1,6.5639978856779635e-06
6034,62210,4,4,3,8.738999895285815e-06
6035,122218,4,3,1,6.351998308673501e-06
6036,54020,4,4,1,6.932001269888133e-06
6037,29490,4,4,1,6.381997081916779e-06
6038,21298,4,4,3,7.624999852851033e-06
6039,70487,4,4,1,3.603799996199086e-05
6040,62297,4,4,1,8.58999919728376e-06
6041,48958,4,3,0,4.16199691244401e-06
6042,46608,4,2,0,3.34899959852919e-06
6043,47648,4,1,0,2.645003405632451e-06
6044,95072,4,4,1,6.498001312138513e-06
6045,78690,4,4,1,7.13500048732385e-06
6046,78698,4,4,1,5.480000254465267e-06
6047,24107,4,3,0,2.886998117901385e-06
6048,42753,7,3,0,8.811999578028917e-06
6049,21377,5,4,2,1.3042998034507036e-05
6050,5004,10,4,1,1.588099985383451e-05
6051,15643,8,3,0,4.284000169718638e-06
6052,37786,4,4,1,7.40999894333072e-06
6053,103323,6,4,1,1.281200093217194e-05
6054,45982,4,4,2,1.0907999239861965e-05
6055,80815,4,3,1,4.983998223906383e-06
6056,119714,4,4,1,7.0930000219959766e-06
6057,54179,5,4,1,6.133002898423001e-06
6058,37798,4,4,1,6.592999852728099e-06
6059,95146,4,4,1,6.095000571804121e-06
6060,86960,4,4,1,5.841997335664928e-06
6061,37811,4,4,1,5.821999366162345e-06
6062,46003,5,4,1,1.0277999535901472e-05
6063,108148,7,3,0,6.890000804560259e-06
6064,21452,4,4,2,1.0518997441977262e-05
6065,13262,4,4,2,1.1860996892210096e-05
6066,46031,4,4,1,5.469002644531429e-06
6067,86993,5,4,1,1.0685998859116808e-05
6068,111570,4,4,1,5.8730001910589635e-06
6069,80875,4,3,0,2.9889997676946223e-06
6070,90983,5,3,1,6.602997018489987e-06
6071,46065,5,4,1,1.2838998372899368e-05
6072,54261,4,4,1,6.309001037152484e-06
6073,39951,4,3,0,3.0000010156072676e-06
6074,103437,4,4,2,1.3525997928809375e-05
6075,70669,4,4,2,1.0830997780431062e-05
6076,21537,4,4,1,7.1639988163951784e-06
6077,128250,4,3,0,2.972999936901033e-06
6078,87695,5,3,1,5.791000148747116e-06
6079,87079,4,4,2,9.06300192582421e-06
6080,103464,4,4,1,6.647002010140568e-06
6081,29758,4,4,1,6.245001713978127e-06
6082,21567,4,4,1,6.512000254588202e-06
6083,37950,4,4,1,6.350997864501551e-06
6084,46154,4,4,1,6.914000550750643e-06
6085,103498,5,4,1,6.87600186211057e-06
6086,128089,5,4,1,8.948998583946377e-06
6087,70748,6,4,1,9.187999239657074e-06
6088,37991,4,4,1,6.025999027770013e-06
6089,23158,4,3,0,3.2200005080085248e-06
6090,54415,4,4,1,6.643000233452767e-06
6091,87194,5,4,2,1.3303000741871074e-05
6092,70830,4,4,1,6.5059975895565e-06
6093,73134,4,3,0,2.921002305811271e-06
6094,111797,5,4,1,7.58600072003901e-06
6095,62660,4,4,1,5.5630007409490645e-06
6096,29906,4,4,2,1.2642001820495352e-05
6097,111832,4,4,2,1.1198000720469281e-05
6098,120032,4,4,1,7.523001841036603e-06
6099,38112,4,4,1,6.784001016058028e-06
6100,62704,4,4,2,1.2204000086057931e-05
6101,21758,4,4,1,6.38399797026068e-06
6102,21765,4,4,1,6.481001037172973e-06
6103,70918,4,4,1,6.548998499056324e-06
6104,29959,4,4,1,5.681002221535891e-06
6105,13575,5,4,1,1.338199945166707e-05
6106,29983,5,4,1,1.280899959965609e-05
6107,5420,7,4,0,1.271000292035751e-05
6108,97595,7,3,0,4.056000761920586e-06
6109,13627,4,4,1,6.958001904422417e-06
6110,111932,4,4,1,6.141999620012939e-06
6111,13630,5,4,1,7.160997483879328e-06
6112,103752,4,4,2,1.1590000212891027e-05
6113,13640,4,4,2,1.036600224324502e-05
6114,13648,4,4,1,6.026999471941963e-06
6115,38227,4,4,1,6.204998499015346e-06
6116,95609,10,4,1,1.1212003300897777e-05
6117,120205,4,4,2,1.1762000212911516e-05
6118,5541,4,4,1,7.11299799149856e-06
6119,30136,4,4,1,6.197002221597359e-06
6120,5560,4,4,1,5.6729986681602895e-06
6121,88076,4,3,0,3.1009985832497478e-06
6122,6293,5,3,1,5.197001883061603e-06
6123,46556,4,4,2,1.062400042428635e-05
6124,71135,4,4,1,5.857000360265374e-06
6125,87525,4,4,1,6.899001164129004e-06
6126,30193,4,4,1,8.392002200707793e-06
6127,113903,4,3,0,3.1199997465591878e-06
6128,120339,4,4,1,6.995996955083683e-06
6129,5667,4,4,1,6.426998879760504e-06
6130,112180,5,4,2,1.5286001143977046e-05
6131,22071,4,4,1,5.893998604733497e-06
6132,87607,5,4,2,6.439000571845099e-06
6133,79463,6,4,2,1.2600001355167478e-05
6134,5745,5,4,1,7.25099744158797e-06
6135,120463,5,4,2,1.3597000361187384e-05
6136,46747,4,4,2,1.0765001206891611e-05
6137,5801,4,4,1,3.325099896756001e-05
6138,48869,4,3,0,6.004000169923529e-06
6139,128843,4,2,0,6.723999831592664e-06
6140,104107,4,4,2,1.1578998964978382e-05
6141,22240,4,4,1,6.36699769529514e-06
6142,22241,4,4,1,7.262002327479422e-06
6143,122730,4,3,0,2.9410002753138542e-06
6144,112363,4,4,1,6.775997462682426e-06
6145,5876,4,4,2,9.390998457092792e-06
6146,79609,4,4,2,8.383001841139048e-06
6147,112390,4,4,1,6.894999387441203e-06
6148,112423,4,3,0,3.202996595064178e-06
6149,79628,4,4,2,1.314400287810713e-05
6150,72879,4,3,0,3.0939991120249033e-06
6151,3247,5,3,1,5.794001481262967e-06
6152,120588,4,4,1,6.141999620012939e-06
6153,5905,4,4,1,5.683003109879792e-06
6154,112424,4,4,1,5.698999302694574e-06
6155,112428,4,4,1,7.009999535512179e-06
6156,46905,6,4,1,7.367998478002846e-06
6157,72747,5,3,0,3.8520011003129184e-06
6158,32009,6,3,1,9.515999408904463e-06
6159,97503,7,3,1,1.0331001249141991e-05
6160,55098,4,4,1,6.032998498994857e-06
6161,128839,4,4,1,6.684000254608691e-06
6162,104266,4,4,1,5.2579998737201095e-06
6163,81357,6,3,0,4.071000148542225e-06
6164,7955,9,3,0,5.343001248547807e-06
6165,97691,7,2,0,3.797998942900449e-06
6166,111732,7,1,0,3.449000359978527e-06
6167,63311,4,4,1,6.850998033769429e-06
6168,104297,4,4,2,1.091299782274291e-05
6169,104301,4,4,1,6.043999746907502e-06
6170,128879,4,4,1,6.2539984355680645e-06
6171,114472,4,3,0,2.9040020308457315e-06
6172,92028,9,3,0,7.835002179490402e-06
6173,14208,4,4,1,6.436999683501199e-06
6174,128898,4,4,2,8.406001143157482e-06
6175,129412,6,3,0,6.933001714060083e-06
6176,46982,4,4,1,6.484999175881967e-06
6177,104328,5,4,2,1.2880998838227242e-05
6178,71576,5,4,1,9.43599661695771e-06
6179,38812,4,4,1,7.360999006778002e-06
6180,96157,10,4,1,1.6568003047723323e-05
6181,49962,11,3,0,5.498000973602757e-06
6182,55199,4,4,1,6.117999873822555e-06
6183,97481,4,3,0,3.0379997042473406e-06
6184,79382,5,3,1,5.804999091196805e-06
6185,88876,14,3,1,9.087998478207737e-06
6186,63428,5,4,2,9.961000614566728e-06
6187,47055,4,4,2,1.0550000297371298e-05
6188,88016,4,4,1,6.398000550689176e-06
6189,104401,4,4,1,5.236001015873626e-06
6190,38868,5,4,2,1.1236999853281304e-05
6191,120793,4,4,1,6.304999260464683e-06
6192,112628,12,4,0,1.2972999684279785e-05
6193,63484,4,4,3,8.343999070348218e-06
6194,22528,4,4,1,5.704998329747468e-06
6195,6145,5,4,2,1.0219999239780009e-05
6196,30733,6,4,1,7.370999810518697e-06
6197,30736,4,4,1,7.138998626032844e-06
6198,88086,5,4,1,5.5630007409490645e-06
6199,47129,4,4,1,6.672999006696045e-06
6200,38968,4,4,2,1.0195999493589625e-05
6201,112697,4,4,1,8.940998668549582e-06
6202,47175,4,4,1,6.28400084679015e-06
6203,112727,4,4,1,6.6259999584872276e-06
6204,96365,4,4,1,5.914000212214887e-06
6205,129147,4,4,1,6.54399991617538e-06
6206,6291,4,4,1,6.824000593042001e-06
6207,22683,4,4,2,1.0412997653475031e-05
6208,22684,4,4,1,6.719998054904863e-06
6209,88221,4,4,1,6.409998604794964e-06
6210,47262,4,4,1,5.980000423733145e-06
6211,14785,4,3,0,3.215998731320724e-06
6212,14507,4,4,1,6.304999260464683e-06
6213,6418,4,3,0,3.2329990062862635e-06
6214,22703,4,4,1,5.797999619971961e-06
6215,71861,5,4,2,1.1150001228088513e-05
6216,6335,4,4,2,8.017002983251587e-06
6217,96464,4,4,1,6.068999937269837e-06
6218,121041,4,4,1,5.6249991757795215e-06
6219,121075,4,4,1,6.018002750352025e-06
6220,121076,4,4,1,6.5069980337284505e-06
6221,88320,6,4,1,8.896000508684665e-06
6222,39173,4,4,1,6.900998414494097e-06
6223,129289,4,4,1,6.493999535450712e-06
6224,97037,4,3,0,3.1050003599375486e-06
6225,88356,4,4,1,6.80099765304476e-06
6226,63794,4,4,1,6.821999704698101e-06
6227,121147,6,4,0,1.0337000276194885e-05
6228,124216,9,3,0,5.966998287476599e-06
6229,9884,7,2,0,3.926001227227971e-06
6230,80193,4,4,1,6.9119996624067426e-06
6231,129358,4,4,1,6.230999133549631e-06
6232,72052,4,4,1,6.439000571845099e-06
6233,72079,9,4,0,9.259998478228226e-06
6234,104854,4,4,2,1.4659999578725547e-05
6235,113054,4,4,1,7.835998985683545e-06
6236,39341,5,4,1,7.498998456867412e-06
6237,88494,5,4,1,1.1023999832104892e-05
6238,39345,4,4,1,6.255999323911965e-06
6239,55729,4,4,1,6.149999535409734e-06
6240,6596,6,4,1,1.1297997843939811e-05
6241,6598,4,4,1,3.441700027906336e-05
6242,39375,4,4,1,9.739000233821571e-06
6243,80371,9,4,0,1.4348999684443697e-05
6244,80394,5,4,1,1.0575000487733632e-05
6245,80396,4,3,1,4.921999789075926e-06
6246,80400,5,4,1,6.919999577803537e-06
6247,105019,5,3,0,3.622000804170966e-06
6248,114614,6,3,0,6.236001354409382e-06
6249,121402,4,4,2,1.1119002010673285e-05
6250,23107,4,4,1,6.206999387359247e-06
6251,64127,4,4,1,5.346002581063658e-06
6252,64136,4,4,2,1.1027001164620742e-05
6253,88712,5,4,1,1.1428997822804376e-05
6254,64159,4,4,1,6.679001671727747e-06
6255,39587,4,4,2,1.0864998330362141e-05
6256,31404,4,4,2,1.2144999345764518e-05
6257,15026,4,4,1,6.287998985499144e-06
6258,23253,5,4,1,9.053997928276658e-06
6259,23257,4,4,1,6.9829984568059444e-06
6260,23259,4,4,1,6.6259999584872276e-06
6261,96995,4,4,1,6.302998372120783e-06
6262,64235,5,4,1,1.3346001651370898e-05
6263,97005,4,4,1,6.526999641209841e-06
6264,56053,4,4,1,6.3490006141364574e-06
6265,80631,4,4,1,8.584000170230865e-06
6266,97016,4,4,1,6.8069966800976545e-06
6267,97019,4,4,1,7.008999091340229e-06
6268,31501,7,4,1,8.43499947222881e-06
6269,31506,5,4,1,7.33000342734158e-06
6270,121630,5,4,1,6.586000381503254e-06
6271,114625,4,3,0,3.1130002753343433e-06
6272,56608,4,2,0,2.8709982871077955e-06
6273,121635,4,4,2,1.1105999874416739e-05
6274,121636,4,4,1,6.300000677583739e-06
6275,23344,6,4,2,1.0904997907346115e-05
6276,15161,4,4,1,5.57300154468976e-06
6277,88907,4,4,1,6.074002158129588e-06
6278,64338,4,4,2,1.2296000932110474e-05
6279,7009,4,4,2,1.2341999536147341e-05
6280,88953,4,4,2,8.128998160827905e-06
6281,64393,4,4,2,9.014998795464635e-06
6282,15242,5,4,1,9.51600304688327e-06
6283,48019,6,4,2,1.1812000593636185e-05
6284,15256,4,4,1,6.927999493200332e-06
6285,129948,4,4,1,6.245001713978127e-06
6286,64417,5,4,1,5.071499981568195e-05
6287,126838,8,3,0,6.476002454292029e-06
6288,23459,5,4,1,9.403000149177387e-06
6289,72616,5,4,1,1.4537999959429726e-05
6290,23470,4,4,1,7.217997335828841e-06
6291,89013,8,4,2,1.32610002765432e-05
6292,72634,7,4,1,1.2194999726489186e-05
6293,72637,4,4,1,6.023001333232969e-06
6294,80867,4,4,1,5.5009986681398004e-06
6295,121832,4,4,1,5.6870012485887855e-06
6296,42353,8,3,0,8.097998943412676e-06
6297,130046,4,4,1,6.6350003180559725e-06
6298,72703,5,4,3,1.2332999176578596e-05
6299,89120,4,4,1,6.985002983128652e-06
6300,7209,4,4,1,6.476999260485172e-06
6301,89131,5,4,2,1.249699926120229e-05
6302,48195,4,4,1,7.599002856295556e-06
6303,56402,4,4,2,8.827999408822507e-06
6304,64631,4,4,1,6.327998562483117e-06
6305,97408,6,4,2,1.3739001587964594e-05
6306,64646,7,4,1,1.369700112263672e-05
6307,72865,5,4,2,1.169900133390911e-05
6308,122078,4,4,2,1.2462001905078068e-05
6309,48360,4,4,1,6.7399996623862535e-06
6310,98643,8,3,0,5.4109987104311585e-06
6311,7462,6,4,3,9.524999768473208e-06
6312,32047,4,4,1,6.371999916154891e-06
6313,81201,4,4,1,6.193000444909558e-06
6314,32059,4,4,1,7.105998520273715e-06
6315,73036,4,4,2,9.121999028138816e-06
6316,32080,4,4,1,6.245001713978127e-06
6317,48466,7,4,2,1.0440999176353216e-05
6318,98635,5,3,1,6.055997801013291e-06
6319,19400,8,3,0,7.399001333396882e-06
6320,12704,6,3,2,2.4848002794897184e-05
6321,109378,6,3,1,9.724000847199932e-06
6322,23897,4,4,1,6.528000085381791e-06
6323,48498,5,4,3,1.0199000826105475e-05
6324,32124,4,4,2,1.0895000741584226e-05
6325,81281,4,4,1,6.705999112455174e-06
6326,15767,7,4,1,5.295099981594831e-05
6327,130456,4,4,1,8.846000127959996e-06
6328,15770,4,4,1,6.8209992605261505e-06
6329,81415,4,3,0,3.5289995139464736e-06
6330,122741,4,2,0,3.3609976526349783e-06
6331,40353,4,4,3,1.1400999937904999e-05
6332,97701,4,4,2,1.1260002793278545e-05
6333,130477,4,4,1,7.162998372223228e-06
6334,105902,4,4,1,6.037000275682658e-06
6335,105906,4,4,1,5.654001142829657e-06
6336,7614,5,4,1,9.552000847179443e-06
6337,48577,4,4,1,7.168000593082979e-06
6338,24002,5,4,1,1.4229000953491777e-05
6339,114118,4,4,1,6.6259999584872276e-06
6340,40400,6,4,2,1.1398999049561098e-05
6341,40411,4,4,3,1.0370000381954014e-05
6342,130545,5,4,1,1.1107000318588689e-05
6343,40444,4,4,1,6.40299913357012e-06
6344,122364,4,4,1,6.061996828066185e-06
6345,122368,7,4,1,9.250998118659481e-06
6346,130568,5,4,1,1.081400114344433e-05
6347,32268,4,4,1,6.631998985540122e-06
6348,32269,4,4,1,6.676000339211896e-06
6349,105999,4,4,1,6.179001502459869e-06
6350,73248,4,4,1,5.821999366162345e-06
6351,56878,4,4,1,6.158003088785335e-06
6352,48688,4,4,2,7.953000022098422e-06
6353,40497,4,4,1,6.969999958528206e-06
6354,97849,5,4,1,8.717997843632475e-06
6355,104154,12,3,0,9.557999874232337e-06
6356,32319,4,4,1,6.004000169923529e-06
6357,40516,4,4,3,8.479997632093728e-06
6358,97861,4,4,1,6.933998520253226e-06
6359,106054,6,4,1,1.2297998182475567e-05
6360,73304,7,4,1,7.966998964548111e-06
6361,81498,4,4,1,6.8920016929041594e-06
6362,15976,4,4,1,6.310998287517577e-06
6363,81615,4,3,0,3.298002411611378e-06
6364,56956,4,4,1,6.352998752845451e-06
6365,130686,4,4,2,9.088998922379687e-06
6366,81544,4,4,2,1.0145999112864956e-05
6367,81551,6,4,2,9.02600004337728e-06
6368,16021,4,4,2,1.0843999916687608e-05
6369,48793,4,4,1,6.629998097196221e-06
6370,65495,4,3,0,3.077002475038171e-06
6371,48795,4,4,1,7.1590002335142344e-06
6372,106139,4,4,1,6.589001714019105e-06
6373,81566,4,4,1,5.988997145323083e-06
6374,97966,7,4,1,1.121500099543482e-05
6375,97971,6,4,1,1.3027001841692254e-05
6376,81636,5,4,1,1.0412000847281888e-05
6377,73452,4,4,1,6.112997652962804e-06
6378,98034,5,4,1,1.3184999261284247e-05
6379,32510,4,4,1,6.234000466065481e-06
6380,81705,7,4,1,8.096001693047583e-06
6381,8803,5,3,1,6.4490013755857944e-06
6382,109055,7,3,0,7.89900150266476e-06
6383,81708,4,4,1,6.7399996623862535e-06
6384,122670,4,4,2,8.667997462907806e-06
6385,32563,4,4,1,6.466001650551334e-06
6386,24377,4,4,1,6.395999662345275e-06
6387,89924,4,4,2,8.684000931680202e-06
6388,89928,5,4,1,9.75500006461516e-06
6389,106340,4,4,1,6.704001862090081e-06
6390,122743,4,4,1,6.54199902783148e-06
6391,16250,5,4,1,7.905000529717654e-06
6392,122755,7,4,0,1.4554996596416458e-05
6393,40857,4,4,2,1.2953001714777201e-05
6394,32672,5,4,1,8.35200262372382e-06
6395,98238,5,4,2,1.2047999916831031e-05
6396,16343,4,4,1,6.191003194544464e-06
6397,90073,4,4,1,6.4259984355885535e-06
6398,98463,8,4,2,1.4503999409498647e-05
6399,82245,5,4,1,6.714999472023919e-06
6400,33099,9,4,1,1.3365999620873481e-05
6401,106844,9,4,1,1.2710999726550654e-05
6402,58887,6,3,0,4.180001269560307e-06
6403,65980,5,4,1,1.3163000403437763e-05
6404,66022,7,4,1,1.0487001418368891e-05
6405,496,5,4,1,1.0159998055314645e-05
6406,90630,10,4,1,9.6139992820099e-06
6407,80095,5,3,0,3.364999429322779e-06
6408,566,6,4,0,2.2501000785268843e-05
6409,8779,6,4,0,7.714999810559675e-06
6410,25395,9,4,1,9.193998266709968e-06
6411,867,13,4,2,1.3781002053292468e-05
6412,1105,5,4,1,7.442002242896706e-06
6413,91252,5,4,1,7.180002285167575e-06
6414,44191,5,3,0,0.00013372199828154407
6415,71084,5,2,0,6.654998287558556e-06
6416,25717,8,4,1,1.3827000657329336e-05
6417,58488,6,4,1,1.0364998161094263e-05
6418,42485,7,4,3,8.775998139753938e-06
6419,50686,5,4,1,7.613998604938388e-06
6420,108270,8,4,2,1.1689000530168414e-05
6421,67348,6,4,1,8.454997441731393e-06
6422,50987,9,4,1,1.0613999620545655e-05
6423,108345,6,4,2,1.1310999980196357e-05
6424,124840,5,4,1,1.2906002666568384e-05
6425,100404,10,4,0,1.0709001799114048e-05
6426,84135,5,4,1,5.860001692781225e-06
6427,104322,6,3,1,7.300001016119495e-06
6428,67754,5,4,1,1.038300251821056e-05
6429,125102,5,4,1,8.179998985724524e-06
6430,59672,6,4,1,1.1562999134184793e-05
6431,100785,6,4,2,6.886999472044408e-06
6432,93329,6,3,0,7.123999239411205e-06
6433,84527,8,4,1,8.789997082203627e-06
6434,92876,5,4,1,7.037000614218414e-06
6435,92930,5,4,1,1.409299875376746e-05
6436,36061,5,4,1,7.710001227678731e-06
6437,3293,5,4,1,9.463998139835894e-06
6438,52545,6,4,1,1.2636999599635601e-05
6439,20466,5,4,1,8.516999514540657e-06
6440,119089,6,4,1,1.2757001968566328e-05
6441,94530,6,4,2,1.302000237046741e-05
6442,110939,5,4,1,5.719997716369107e-06
6443,62238,11,4,2,1.1461997928563505e-05
6444,4971,8,4,2,1.2188000255264342e-05
6445,13179,5,4,2,1.2342999980319291e-05
6446,70562,8,4,1,8.734001312404871e-06
6447,54189,7,4,1,6.777998351026326e-06
6448,70718,6,4,0,1.0878000466618687e-05
6449,54399,8,4,2,1.2340999091975391e-05
6450,87168,5,4,1,8.90199953573756e-06
6451,46373,10,4,1,1.2202999641885981e-05
6452,62825,7,4,1,1.0119998478330672e-05
6453,21882,7,4,1,1.444100053049624e-05
6454,95690,7,4,3,9.14699921850115e-06
6455,62948,5,4,1,7.864997314754874e-06
6456,87728,6,4,1,1.0841999028343707e-05
6457,6170,10,4,0,1.1968000762863085e-05
6458,120951,10,4,1,1.2167998647782952e-05
6459,63827,6,4,2,1.2387998140184209e-05
6460,6545,8,4,0,9.388000762555748e-06
6461,72570,9,4,0,1.1026000720448792e-05
6462,72750,7,4,0,1.2898999557364732e-05
6463,113905,5,4,1,1.1867003195220605e-05
6464,97698,8,3,0,4.543999239103869e-06
6465,106709,7,4,0,9.087001672014594e-06
6466,43287,9,4,0,1.1135001841466874e-05
6467,59688,10,4,1,1.34149995574262e-05
6468,78179,7,4,1,9.743002010509372e-06
6469,58079,12,4,0,1.063899981090799e-05
6470,125058,5,4,2,1.0522999218665063e-05
6471,70804,5,4,1,9.544000931782648e-06
6472,89027,8,3,0,7.503997039748356e-06
6473,29131,5,4,1,1.2213000445626676e-05
6474,77827,5,5,1,8.45400063553825e-06
6475,128783,5,4,0,4.000998160336167e-06
6476,100268,5,3,0,3.6580022424459457e-06
6477,41347,12,3,0,1.0471001587575302e-05
6478,127838,12,3,1,1.0277999535901472e-05
6479,65541,5,5,1,8.890998287824914e-06
6480,65817,7,4,0,5.330999556463212e-06
6481,129112,6,4,1,7.539998478023335e-06
6482,77835,7,5,1,9.233997843693942e-06
6483,126990,5,5,1,9.438001143280417e-06
6484,105441,5,4,0,7.650000043213367e-06
6485,20501,5,5,1,1.123000038205646e-05
6486,77848,5,5,1,1.003199940896593e-05
6487,42578,5,4,0,4.115001502214e-06
6488,88313,5,3,0,3.565000952221453e-06
6489,73758,5,5,3,1.830899782362394e-05
6490,65568,5,5,1,8.094997610896826e-06
6491,36643,5,4,0,3.802997525781393e-06
6492,8107,5,3,0,3.6149976949673146e-06
6493,124305,9,3,0,8.463000995106995e-06
6494,24701,9,4,0,1.0546998964855447e-05
6495,94245,5,5,1,7.3359988164156675e-06
6496,25350,5,4,0,3.773999196710065e-06
6497,36109,6,3,0,3.9570004446431994e-06
6498,55332,5,2,0,3.3719989005476236e-06
6499,48880,5,1,0,2.8750000637955964e-06
6500,58601,6,0,0,3.0039991543162614e-06
6501,90152,5,5,1,8.77000275067985e-06
6502,24617,5,5,1,8.786999387666583e-06
6503,28714,6,5,1,9.552000847179443e-06
6504,82805,5,4,0,3.94000016967766e-06
6505,37862,5,3,0,3.274002665420994e-06
6506,100408,9,4,1,1.0847001249203458e-05
6507,36911,5,5,1,1.208300091093406e-05
6508,4320,5,4,0,4.003999492852017e-06
6509,97554,5,3,0,3.3999967854470015e-06
6510,82966,5,2,0,3.221997758373618e-06
6511,83563,8,4,2,1.3111999578541145e-05
6512,12338,5,5,1,1.01529985840898e-05
6513,92388,5,4,0,4.004003130830824e-06
6514,39543,5,3,0,3.3289979910477996e-06
6515,16444,5,5,1,9.155999578069896e-06
6516,16448,5,5,1,8.530998456990346e-06
6517,32010,5,4,0,3.4039985621348023e-06
6518,4161,5,5,1,7.481001375708729e-06
6519,16449,5,5,1,9.044997568707913e-06
6520,53941,5,4,0,3.7900026654824615e-06
6521,114761,5,5,2,1.4107001334195957e-05
6522,118860,5,5,1,8.779999916441739e-06
6523,41036,6,5,1,9.190000128000975e-06
6524,122962,5,5,1,8.008999429875985e-06
6525,16194,5,4,0,3.7760000850539654e-06
6526,118950,5,3,0,3.3510004868730903e-06
6527,94291,5,5,1,7.3690025601536036e-06
6528,80527,5,4,0,3.6370001907926053e-06
6529,24596,6,4,1,8.585000614402816e-06
6530,82010,5,5,1,8.462000550935045e-06
6531,57434,6,5,2,1.5722001990070567e-05
6532,94304,6,5,2,1.7053000192390755e-05
6533,90216,5,5,2,1.2701999366981909e-05
6534,45167,5,5,1,8.544000593246892e-06
6535,127095,5,5,2,1.7364996892865747e-05
6536,41080,5,5,1,9.200997737934813e-06
6537,118311,5,4,0,3.997000021627173e-06
6538,53942,5,3,0,3.578999894671142e-06
6539,28797,5,5,1,7.958002242958173e-06
6540,11875,5,4,0,3.460001607891172e-06
6541,11008,5,3,0,3.229997673770413e-06
6542,118584,5,2,0,3.0180017347447574e-06
6543,28811,5,5,1,8.240000170189887e-06
6544,61583,5,5,1,7.25399877410382e-06
6545,88120,5,4,0,3.739998646778986e-06
6546,110742,5,5,1,9.249000868294388e-06
6547,730,5,4,0,3.588000254239887e-06
6548,110743,5,5,1,8.024002454476431e-06
6549,45208,5,5,1,9.661998774390668e-06
6550,106651,5,5,2,1.6832000255817547e-05
6551,93402,5,4,1,6.369002221617848e-06
6552,29629,7,3,0,4.5199994929134846e-06
6553,118940,5,5,2,1.4664001355413347e-05
6554,110756,5,5,1,7.614999049110338e-06
6555,62077,5,4,0,3.8810030673630536e-06
6556,95767,5,3,0,3.493001713650301e-06
6557,63116,5,2,0,3.5390003176871687e-06
6558,31104,5,1,0,3.1609997677151114e-06
6559,54589,10,1,0,4.999001248506829e-06
6560,98477,10,5,1,1.9779003196163103e-05
6561,45230,5,5,1,9.205999958794564e-06
6562,16559,5,5,1,8.140003046719357e-06
6563,111937,5,4,0,3.961002221331e-06
6564,31336,6,4,1,8.528997568646446e-06
6565,94388,6,5,1,1.2763000995619223e-05
6566,4279,5,5,2,1.4686000213259831e-05
6567,61629,5,5,1,9.73599890130572e-06
6568,98512,5,5,1,8.112001523841172e-06
6569,12496,6,5,1,1.8872000509873033e-05
6570,80207,7,4,0,7.131999154808e-06
6571,2214,7,4,1,6.758000381523743e-06
6572,49364,6,5,2,2.074500298476778e-05
6573,45271,5,5,2,1.4889999874867499e-05
6574,4312,5,5,1,7.793998520355672e-06
6575,36568,5,4,0,4.175999492872506e-06
6576,123791,5,3,0,3.4799995773937553e-06
6577,4892,5,2,0,3.3670003176666796e-06
6578,12505,5,5,1,8.025999704841524e-06
6579,70714,5,4,0,3.78400000045076e-06
6580,58647,5,3,0,3.417000698391348e-06
6581,117456,5,2,0,3.340999683132395e-06
6582,61667,5,5,2,2.2662999981548637e-05
6583,61669,5,5,1,1.09329994302243e-05
6584,131303,5,5,1,1.2298001820454374e-05
6585,72812,5,4,0,4.0529994294047356e-06
6586,41193,5,5,1,8.933999197324738e-06
6587,77437,5,4,0,3.9429978642147034e-06
6588,8425,16,5,1,2.11750011658296e-05
6589,92588,6,4,1,1.0342002497054636e-05
6590,45303,6,5,2,1.2757001968566328e-05
6591,65795,5,5,1,9.426999895367771e-06
6592,11728,5,4,0,3.817000106209889e-06
6593,20741,5,5,1,8.667000656714663e-06
6594,12549,5,5,1,8.420000085607171e-06
6595,69904,5,5,1,7.009999535512179e-06
6596,97676,5,4,0,4.158002411713824e-06
6597,116079,5,3,0,3.612000000430271e-06
6598,98031,5,2,0,3.0269984563346952e-06
6599,115557,5,1,0,2.8079994081053883e-06
6600,103321,14,1,1,8.240000170189887e-06
6601,123153,5,5,1,8.920000254875049e-06
6602,6532,7,4,0,4.730998625745997e-06
6603,33042,5,5,2,1.7623999156057835e-05
6604,20752,8,5,2,1.5683999663451687e-05
6605,132697,5,4,1,1.2921002053190023e-05
6606,44392,7,4,1,1.4241999451769516e-05
6607,4380,5,5,1,8.10399797046557e-06
6608,37148,9,5,0,1.3042001228313893e-05
6609,74023,5,5,3,1.5005000022938475e-05
6610,102698,6,5,1,8.760998753132299e-06
6611,302,5,5,1,8.530001650797203e-06
6612,31146,5,4,0,4.073001036886126e-06
6613,65838,10,5,1,1.789700036169961e-05
6614,65841,5,5,1,8.15800012787804e-06
6615,112737,5,4,0,3.5749981179833412e-06
6616,31098,5,3,0,3.2190000638365746e-06
6617,8497,9,5,3,1.6424997738795355e-05
6618,92178,11,4,1,1.2093001714674756e-05
6619,90025,5,4,1,4.757799979415722e-05
6620,8506,8,5,1,1.3077999028610066e-05
6621,59589,7,4,0,5.63599678571336e-06
6622,121727,5,3,0,3.910001396434382e-06
6623,46069,5,2,0,3.1869967642705888e-06
6624,8507,5,5,1,9.16399949346669e-06
6625,114126,5,4,0,3.818000550381839e-06
6626,119158,6,4,1,6.6879983933176845e-06
6627,62181,6,3,0,4.003999492852017e-06
6628,127292,5,5,1,7.717000698903576e-06
6629,66727,5,4,0,3.6629971873480827e-06
6630,9888,5,3,0,3.5320008464623243e-06
6631,77985,7,3,0,7.857997843530029e-06
6632,69947,8,5,1,1.0946001566480845e-05
6633,115009,5,5,1,8.304999937536195e-06
6634,99521,5,4,0,3.612000000430271e-06
6635,129185,5,3,0,3.4580007195472717e-06
6636,82243,7,5,1,1.2568998499773443e-05
6637,90438,5,5,1,8.857998182065785e-06
6638,94538,5,5,2,1.5894001990091056e-05
6639,29005,7,5,1,1.5072000678628683e-05
6640,108094,6,4,1,7.953996828291565e-06
6641,16731,5,5,1,8.148002962116152e-06
6642,125231,5,4,0,4.018998879473656e-06
6643,107713,5,3,0,3.5890006984118372e-06
6644,128816,5,2,0,3.3910000638570637e-06
6645,119136,5,5,1,9.047998901223764e-06
6646,55498,5,4,0,3.911001840606332e-06
6647,59177,5,3,0,3.350996848894283e-06
6648,106851,6,5,1,1.604100179974921e-05
6649,12645,5,5,1,1.2250002328073606e-05
6650,102758,5,5,2,2.4959997972473502e-05
6651,12646,5,5,1,8.960999912233092e-05
6652,133098,5,4,0,5.112000508233905e-06
6653,53609,5,5,1,9.606999810785055e-06
6654,102764,5,5,3,1.4052999176783487e-05
6655,4465,7,5,1,5.3064999519847333e-05
6656,17279,7,4,0,6.061000021873042e-06
6657,76892,9,4,1,1.5613000869052485e-05
6658,53618,5,5,1,9.898001735564321e-06
6659,16755,6,5,1,1.468199843657203e-05
6660,106884,5,5,1,1.365499701933004e-05
6661,50463,5,4,0,1.1242998880334198e-05
6662,53644,5,5,2,2.1497999114217237e-05
6663,46068,11,4,0,1.067700213752687e-05
6664,64282,5,3,0,3.626002580858767e-06
6665,10678,19,4,0,1.697599873295985e-05
6666,107701,7,4,2,1.3147000572644174e-05
6667,123277,5,5,3,1.3896999007556587e-05
6668,131469,5,5,1,1.0533996828598902e-05
6669,41366,10,5,0,1.5638997865607962e-05
6670,59806,9,4,1,1.3783999747829512e-05
6671,46025,8,3,1,1.1252999684074894e-05
6672,39305,8,4,1,1.140400127042085e-05
6673,98714,6,5,1,9.123999916482717e-06
6674,33945,5,4,0,3.90299828723073e-06
6675,79656,5,3,0,3.5660013963934034e-06
6676,16796,5,5,1,1.0564002877799794e-05
6677,110334,5,4,0,3.62599894287996e-06
6678,20899,5,5,3,1.0755000403150916e-05
6679,423,5,5,2,1.6709000192349777e-05
6680,105444,5,4,1,8.863000402925536e-06
6681,29096,7,5,2,1.963199974852614e-05
6682,101196,7,4,0,4.292996891308576e-06
6683,98735,7,5,2,1.8591999833006412e-05
6684,4534,5,5,1,9.270999726140872e-06
6685,94647,5,5,3,1.3281998690217733e-05
6686,65986,5,5,1,8.978000550996512e-06
6687,106951,5,5,3,1.4869998267386109e-05
6688,102856,5,5,1,8.817998605081812e-06
6689,123341,5,5,1,8.214999979827553e-06
6690,79156,5,4,0,4.056000761920586e-06
6691,13647,5,3,0,3.6389974411576986e-06
6692,131534,11,5,2,1.6500998754054308e-05
6693,29136,5,5,1,7.523998647229746e-06
6694,12757,5,5,1,8.736999006941915e-06
6695,35058,5,4,0,3.6130004446022213e-06
6696,119254,5,5,1,8.88800059328787e-06
6697,41434,6,5,1,9.228002454619855e-06
6698,26899,5,4,0,4.020999767817557e-06
6699,36136,5,3,0,3.50700065609999e-06
6700,70109,7,5,1,1.0182997357333079e-05
6701,8692,8,5,1,1.3924000086262822e-05
6702,119286,11,5,1,1.5404999430757016e-05
6703,102912,9,5,2,6.705800115014426e-05
6704,88046,6,4,1,7.738999556750059e-06
6705,49665,10,5,2,2.0165000023553148e-05
6706,772,9,4,0,9.026996849570423e-06
6707,70146,5,5,1,7.950999133754522e-06
6708,39196,5,4,0,3.9520018617622554e-06
6709,41477,5,5,1,8.18000262370333e-06
6710,28253,5,4,0,3.78400000045076e-06
6711,41478,5,5,1,2.4113000108627602e-05
6712,36368,6,4,0,4.719000571640208e-06
6713,70151,5,5,1,8.389000868191943e-06
6714,25305,5,4,0,3.6669989640358835e-06
6715,8714,5,5,1,9.778999810805544e-06
6716,49674,11,5,2,1.5743997209938243e-05
6717,530,5,5,1,8.228998922277242e-06
6718,30455,5,4,0,4.282999725546688e-05
6719,97967,5,3,0,5.424000846687704e-06
6720,119319,7,5,1,1.1995998647762462e-05
6721,29219,5,5,1,9.997002052841708e-06
6722,66086,6,5,1,1.4662000467069447e-05
6723,107049,5,5,1,8.695998985785991e-06
6724,55095,5,4,0,3.844001184916124e-06
6725,67650,5,3,0,3.3620017347857356e-06
6726,27666,8,4,1,1.3111999578541145e-05
6727,45617,5,5,1,9.856001270236447e-06
6728,34525,5,4,0,3.8059988582972437e-06
6729,115249,5,5,1,9.21800165087916e-06
6730,53820,7,5,2,1.5058001736178994e-05
6731,82501,5,5,1,9.448998753214255e-06
6732,119374,5,5,1,9.018996934173629e-06
6733,49744,6,5,1,1.5052999515319243e-05
6734,86609,7,5,2,1.5254001482389867e-05
6735,70231,9,5,1,1.5375000657513738e-05
6736,3073,12,4,0,7.788999937474728e-06
6737,62046,5,5,1,8.517999958712608e-06
6738,41569,5,5,2,1.9849001546390355e-05
6739,29284,5,5,2,1.0473999282112345e-05
6740,74339,7,5,2,1.5041998267406598e-05
6741,115301,9,5,2,1.4352001016959548e-05
6742,41577,5,5,2,1.735399928293191e-05
6743,17570,5,4,0,3.821998689090833e-06
6744,62059,5,5,1,9.424999007023871e-06
6745,127612,6,5,1,9.405997843714431e-06
6746,88661,5,4,0,3.8809994293842465e-06
6747,103038,5,5,2,1.774100019247271e-05
6748,115328,5,5,1,1.018900002236478e-05
6749,114119,5,4,0,3.703000402310863e-06
6750,99024,5,3,0,3.3670003176666796e-06
6751,29315,5,5,2,1.7681999452179298e-05
6752,78469,5,5,1,8.462000550935045e-06
6753,72292,5,4,0,3.7420031731016934e-06
6754,90077,6,4,1,5.6150020100176334e-06
6755,57993,6,5,1,1.4280001778388396e-05
6756,103052,5,5,2,1.8151000404031947e-05
6757,37526,5,5,2,1.4654000551672652e-05
6758,665,5,5,2,1.619700196897611e-05
6759,123556,5,5,3,1.4896999346092343e-05
6760,86702,5,5,1,8.286999218398705e-06
6761,127664,5,5,1,7.966998964548111e-06
6762,116216,5,4,0,3.998000465799123e-06
6763,116218,5,3,0,3.838998964056373e-06
6764,111616,5,2,0,3.143999492749572e-06
6765,123581,7,5,1,9.406998287886381e-06
6766,79402,6,4,0,4.053003067383543e-06
6767,66245,5,5,1,7.384998752968386e-06
6768,104490,7,4,0,4.988000000594184e-06
6769,29384,7,5,1,1.7016998754115775e-05
6770,39378,6,4,0,4.147001163801178e-06
6771,90830,6,5,2,1.0671999916667119e-05
6772,113717,7,4,1,1.4552999346051365e-05
6773,14706,12,4,1,1.2250999134266749e-05
6774,21200,5,5,3,1.6415000573033467e-05
6775,99031,5,5,1,1.0710999049479142e-05
6776,25304,6,5,1,1.4242999895941466e-05
6777,45793,5,5,1,8.598999556852505e-06
6778,13046,5,5,1,8.235001587308943e-06
6779,94966,5,5,2,1.3341999874683097e-05
6780,17151,5,5,1,8.920000254875049e-06
6781,39582,5,4,0,3.6950004869140685e-06
6782,8961,5,5,1,9.069000952877104e-06
6783,67148,5,4,0,4.047000402351841e-06
6784,132884,5,3,0,3.540000761859119e-06
6785,75627,5,2,0,3.2039970392361283e-06
6786,86789,5,5,1,8.604998583905399e-06
6787,29984,5,4,0,3.6450001061894e-06
6788,106000,5,3,0,3.4990007407031953e-06
6789,106245,5,2,0,3.101999027421698e-06
6790,127751,5,5,1,8.050999895203859e-06
6791,78600,5,5,1,7.504000677727163e-06
6792,38448,5,4,0,4.09600033890456e-06
6793,20185,5,3,0,3.268000000389293e-06
6794,37944,5,2,0,2.958000550279394e-06
6795,33937,11,4,1,1.2030999641865492e-05
6796,131855,5,5,3,1.064100069925189e-05
6797,131856,5,5,1,8.252998668467626e-06
6798,112635,5,4,0,3.928002115571871e-06
6799,6647,5,3,0,3.1903997296467423e-05
6800,40762,5,2,0,6.564001523656771e-06
6801,4881,5,5,1,1.1762000212911516e-05
6802,129826,5,4,0,4.378001904115081e-06
6803,49939,5,5,3,1.557100040372461e-05
6804,790,5,5,1,1.003199940896593e-05
6805,17178,7,5,2,2.081600177916698e-05
6806,3510,5,4,1,1.0002997441915795e-05
6807,123704,6,4,1,6.081001629354432e-06
6808,129862,7,4,1,1.1264000931987539e-05
6809,90909,5,5,1,9.518000297248363e-06
6810,69227,5,4,0,3.8950020098127425e-06
6811,119581,6,5,3,1.4618999557569623e-05
6812,95839,5,4,1,1.0404000931885093e-05
6813,25388,5,5,2,1.773799885995686e-05
6814,813,5,5,1,8.930001058615744e-06
6815,127792,10,5,1,1.7885999113786966e-05
6816,17203,5,5,1,8.618000720161945e-06
6817,66356,5,5,3,1.316100315307267e-05
6818,123701,5,5,1,8.586997864767909e-06
6819,119604,5,5,1,8.840001100907102e-06
6820,58163,5,5,1,8.340000931639224e-06
6821,36066,5,4,0,4.383000486996025e-06
6822,37787,5,3,0,3.82000143872574e-06
6823,55723,8,3,0,8.586001058574766e-06
6824,58169,5,5,1,7.74100044509396e-06
6825,45889,5,5,1,9.490999218542129e-06
6826,66369,5,5,1,1.0305000614607707e-05
6827,123715,5,5,1,8.291997801279649e-06
6828,49990,5,5,1,7.054000889183953e-06
6829,29844,5,4,0,3.951001417590305e-06
6830,26352,5,3,0,3.455003025010228e-06
6831,26395,5,2,0,3.2950010790955275e-06
6832,100024,7,3,1,7.147998985601589e-06
6833,41801,5,5,1,9.120998583966866e-06
6834,120254,5,4,0,3.881999873556197e-06
6835,67553,5,3,0,3.818000550381839e-06
6836,49998,5,5,1,8.694001735420898e-06
6837,41877,5,4,0,3.896002453984693e-06
6838,107344,5,5,1,9.51200127019547e-06
6839,13144,5,5,1,1.0055002348963171e-05
6840,34726,5,4,0,4.075001925230026e-06
6841,19776,5,3,0,3.454999387031421e-06
6842,118488,5,2,0,3.1909985409583896e-06
6843,107353,5,5,1,8.306000381708145e-06
6844,67921,5,4,0,3.7819991121068597e-06
6845,23108,5,3,0,3.2770003599580377e-06
6846,21337,5,5,1,9.00899976841174e-06
6847,37721,6,5,1,1.0696996469050646e-05
6848,51593,7,4,0,4.474000888876617e-06
6849,113759,7,4,1,6.754999049007893e-06
6850,115550,7,5,1,1.652600258239545e-05
6851,62311,7,5,1,1.235499803442508e-05
6852,872,5,5,1,8.682996849529445e-06
6853,64082,5,4,0,3.7130012060515583e-06
6854,78704,6,5,2,1.881400021375157e-05
6855,89317,5,4,1,5.970003257971257e-06
6856,37747,8,5,1,1.5245001122821122e-05
6857,131981,5,5,1,8.525999874109402e-06
6858,26293,5,4,0,3.8010002754162997e-06
6859,92472,5,3,0,3.5369994293432683e-06
6860,29881,5,2,0,3.269000444561243e-06
6861,82837,5,5,2,1.3018998288316652e-05
6862,119709,9,5,2,1.6819998563732952e-05
6863,99230,7,5,2,1.553199763293378e-05
6864,119711,5,5,2,1.7751000996213406e-05
6865,21407,5,5,2,1.456300014979206e-05
6866,25507,5,5,2,1.4779001503484324e-05
6867,119719,7,5,1,9.00799932423979e-06
6868,21418,5,5,1,7.72500061430037e-06
6869,95147,5,5,1,7.923001248855144e-06
6870,107702,5,4,0,3.842000296572223e-06
6871,25516,8,5,3,1.753100150381215e-05
6872,50097,5,5,1,7.921000360511243e-06
6873,112372,5,4,0,3.7190002331044525e-06
6874,37817,6,5,2,1.2071999663021415e-05
6875,82884,9,5,1,1.1320000339765102e-05
6876,13254,9,5,1,2.0577997929649428e-05
6877,119764,5,5,1,7.43000055081211e-06
6878,105318,5,4,0,3.860001015709713e-06
6879,119766,5,3,0,3.354001819388941e-06
6880,33753,5,5,1,8.095001248875633e-06
6881,128214,5,4,0,3.565000952221453e-06
6882,51142,9,4,1,1.4819001080468297e-05
6883,101625,7,3,0,7.506001566071063e-06
6884,62425,7,5,1,4.016700040665455e-05
6885,95198,6,5,2,2.1623000066028908e-05
6886,62431,5,5,1,1.0263000149279833e-05
6887,54245,5,5,1,9.588999091647565e-06
6888,5107,5,5,3,1.424999936716631e-05
6889,9205,6,5,1,2.0485000277403742e-05
6890,132105,5,5,1,9.096002031583339e-06
6891,109953,5,4,0,4.041001375298947e-06
6892,62483,5,5,1,9.425999451195821e-06
6893,87061,5,5,1,9.226001566275954e-06
6894,95258,5,5,1,8.090999472187832e-06
6895,17453,5,5,1,8.53599703987129e-06
6896,78901,5,5,1,9.118000889429823e-06
6897,67930,5,4,0,3.984001523349434e-06
6898,99386,7,5,2,1.7007001588353887e-05
6899,83005,5,5,1,8.050999895203859e-06
6900,68445,5,4,0,3.878998541040346e-06
6901,62706,5,3,0,3.615998139139265e-06
6902,96600,5,2,0,3.2999996619764715e-06
6903,33855,5,5,1,8.598999556852505e-06
6904,115784,7,5,2,1.4787998225074261e-05
6905,70730,5,5,1,8.226001227740198e-06
6906,74834,5,5,3,1.2157997844042256e-05
6907,109791,5,4,2,1.0979001672239974e-05
6908,88115,6,4,1,1.2710999726550654e-05
6909,10490,6,4,2,1.0179999662796035e-05
6910,15077,8,4,2,1.1991000064881518e-05
6911,91221,5,5,1,9.506999049335718e-06
6912,5209,7,5,1,1.99290007003583e-05
6913,30951,6,4,0,1.1571999493753538e-05
6914,58458,6,5,2,1.7370002751704305e-05
6915,46170,7,5,1,1.700899883871898e-05
6916,122213,6,4,1,9.502000466454774e-06
6917,97847,5,4,1,7.913000445114449e-06
6918,75875,10,3,0,5.0679991545621306e-06
6919,86755,12,2,0,4.634200013242662e-05
6920,1116,8,5,0,1.6812999092508107e-05
6921,117466,6,4,1,9.96600283542648e-06
6922,132743,6,4,1,1.2681000953307375e-05
6923,33886,5,5,1,9.44299972616136e-06
6924,89249,5,4,0,3.987002855865285e-06
6925,1127,5,5,3,1.4490000467048958e-05
6926,62568,5,5,3,1.4794000890105963e-05
6927,132373,5,4,1,8.367998816538602e-06
6928,42094,6,5,1,1.824400169425644e-05
6929,83057,5,5,1,9.991999831981957e-06
6930,5235,5,5,1,8.388997230213135e-06
6931,21630,5,5,1,8.904997230274603e-06
6932,66690,6,5,2,1.7763999494491145e-05
6933,58498,9,5,0,1.4220000593923032e-05
6934,5291,9,4,0,1.5056000847835094e-05
6935,99467,5,5,1,9.116000001085922e-06
6936,54414,6,5,1,1.3552002201322466e-05
6937,53599,9,4,1,1.04649989225436e-05
6938,115363,6,4,2,1.1733998690033332e-05
6939,119959,5,5,1,8.43499947222881e-06
6940,52140,5,4,0,3.992001438746229e-06
6941,68697,5,3,0,3.768996975850314e-06
6942,107678,8,5,2,1.941000300575979e-05
6943,103587,5,5,1,9.699000656837597e-06
6944,99500,5,5,1,8.148002962116152e-06
6945,4006,5,4,0,3.6629971873480827e-06
6946,111789,5,5,1,8.089999028015882e-06
6947,95462,5,4,0,3.787001332966611e-06
6948,54448,8,5,1,1.82290023076348e-05
6949,42164,10,5,3,1.6894999134819955e-05
6950,48802,5,4,2,1.2400003470247611e-05
6951,87227,5,5,1,7.957001798786223e-06
6952,120017,9,5,1,1.2551998224807903e-05
6953,50387,5,5,2,4.6650002332171425e-05
6954,42198,10,5,2,1.6796999261714518e-05
6955,126509,8,4,1,9.775998478289694e-06
6956,124682,19,4,0,1.610699837328866e-05
6957,126291,18,3,0,1.0923002264462411e-05
6958,105609,10,3,1,9.85799852060154e-06
6959,107694,13,3,1,1.0702999134082347e-05
6960,34013,5,5,1,9.055998816620559e-06
6961,68051,5,4,0,4.065997927682474e-06
6962,74991,8,3,0,5.1240022003185e-06
6963,29923,7,5,1,1.7472000763518736e-05
6964,128229,6,5,1,1.2674001482082531e-05
6965,107759,5,5,1,8.407001587329432e-06
6966,34032,6,5,1,1.1430001904955134e-05
6967,99575,5,5,1,9.964001947082579e-06
6968,29958,5,5,3,1.4536002709064633e-05
6969,9494,6,5,1,8.189999789465219e-06
6970,27222,5,4,0,3.818000550381839e-06
6971,55298,6,3,0,3.8090001908130944e-06
6972,96802,5,2,0,3.0670016712974757e-06
6973,72402,17,1,0,6.729998858645558e-06
6974,90000,6,0,0,3.0769988370593637e-06
6975,46361,5,5,1,9.310999303124845e-06
6976,91686,5,4,0,5.8779987739399076e-06
6977,79131,5,5,2,1.3966000551590696e-05
6978,107805,5,5,2,1.1224998161196709e-05
6979,38173,5,5,2,1.3803000911138952e-05
6980,75043,5,5,1,9.152001439360902e-06
6981,87335,5,5,1,8.476999937556684e-06
6982,75047,7,5,1,1.6330002836184576e-05
6983,50478,5,5,1,8.304999937536195e-06
6984,27579,5,4,0,3.7809986679349095e-06
6985,95540,5,5,1,9.901999874273315e-06
6986,128315,5,5,2,1.9382001482881606e-05
6987,91459,5,5,2,1.3999997463542968e-05
6988,9542,5,5,1,8.080001862253994e-06
6989,124243,5,4,0,3.95800088881515e-06
6990,30023,5,5,3,1.2984997738385573e-05
6991,101806,7,4,1,9.802002750802785e-06
6992,17739,5,5,1,8.846000127959996e-06
6993,95565,5,5,1,7.654001819901168e-06
6994,47675,5,4,0,3.663997631520033e-06
6995,1367,5,5,1,9.082999895326793e-06
6996,1372,5,5,3,1.5508998330915347e-05
6997,103778,8,5,0,1.206199885928072e-05
6998,128359,5,5,1,9.203999070450664e-06
6999,65493,5,4,0,3.7680001696571708e-06
7000,21867,6,5,1,1.314400287810713e-05
7001,116980,5,4,1,5.739999323850498e-06
7002,107885,5,5,1,8.939001418184489e-06
7003,96158,5,4,0,3.818000550381839e-06
7004,111999,5,5,2,1.6693000361556187e-05
7005,7476,6,4,0,9.039002179633826e-06
7006,44105,7,4,0,8.093000360531732e-06
7007,110385,6,4,2,7.72700150264427e-06
7008,3990,6,4,1,1.004799923975952e-05
7009,1418,7,5,2,1.369600067846477e-05
7010,5515,5,5,1,9.265000699087977e-06
7011,54906,5,4,0,4.191999323666096e-06
7012,72774,5,3,0,3.814999217865989e-06
7013,65262,5,2,0,3.3760006772354245e-06
7014,9613,5,5,1,8.641000022180378e-06
7015,92882,5,4,0,4.019999323645607e-06
7016,103824,5,5,3,1.2322998372837901e-05
7017,9618,5,5,1,9.91300112218596e-06
7018,5547,5,5,2,1.9305000023450702e-05
7019,132527,6,5,1,9.991999831981957e-06
7020,5563,7,5,3,1.5613997675245628e-05
7021,124352,5,5,1,8.499999239575118e-06
7022,9671,5,5,1,8.049999451031908e-06
7023,15615,5,4,0,3.806999302469194e-06
7024,101300,7,4,0,7.3359988164156675e-06
7025,5579,5,5,1,8.830000297166407e-06
7026,38351,5,5,1,1.4983001165091991e-05
7027,81711,7,4,0,4.632001946447417e-06
7028,30160,10,5,2,1.8148999515688047e-05
7029,67791,6,4,1,7.634000212419778e-06
7030,121943,8,4,1,1.5703000826761127e-05
7031,31904,5,3,0,3.36900120601058e-06
7032,31588,15,4,3,4.4549000449478626e-05
7033,42556,7,4,0,1.3069999113213271e-05
7034,42453,14,5,2,2.2888001694809645e-05
7035,23472,7,4,0,1.0723000741563737e-05
7036,80026,7,4,1,1.239600169355981e-05
7037,71127,5,5,3,1.298700226470828e-05
7038,95704,6,5,1,1.0453000868437812e-05
7039,17885,8,5,2,1.7018999642459676e-05
7040,112097,6,5,1,9.997998859034851e-06
7041,62959,7,5,1,1.7487000150140375e-05
7042,67064,5,5,2,1.1847001587739214e-05
7043,46589,5,5,1,9.725998097565025e-06
7044,101342,5,4,0,3.887002094415948e-06
7045,13822,5,5,1,9.334002243122086e-06
7046,48362,5,4,0,4.0240011003334075e-06
7047,2111,5,3,0,3.392997314222157e-06
7048,58879,5,5,2,1.5965000784490258e-05
7049,132621,5,5,1,9.039998985826969e-06
7050,80093,5,4,0,3.830999048659578e-06
7051,15943,7,4,0,7.255999662447721e-06
7052,38415,9,5,1,1.1691001418512315e-05
7053,130929,5,4,0,3.8100006349850446e-06
7054,91672,5,5,4,1.1812000593636185e-05
7055,132633,5,5,1,8.527000318281353e-06
7056,38432,9,5,3,1.4790999557590112e-05
7057,99874,8,5,1,1.3010001566726714e-05
7058,112181,5,5,1,8.331997378263623e-06
7059,85970,5,4,0,3.62699938705191e-06
7060,47263,5,3,0,3.550001565599814e-06
7061,112183,5,5,2,1.659099871176295e-05
7062,17981,5,5,1,8.150000212481245e-06
7063,83519,5,5,1,8.137001714203507e-06
7064,9793,5,5,1,1.0027000826084986e-05
7065,108099,5,5,1,7.526999979745597e-06
7066,90074,5,4,0,3.550001565599814e-06
7067,44675,5,3,0,3.50600021192804e-06
7068,44676,5,2,0,3.302000550320372e-06
7069,42565,5,5,1,7.749997166683897e-06
7070,42572,5,5,1,9.032999514602125e-06
7071,99916,7,5,1,1.3484001101460308e-05
7072,87637,5,5,1,8.367998816538602e-06
7073,9814,9,5,0,1.5763998817419633e-05
7074,63072,5,5,1,8.441998943453655e-06
7075,95841,5,5,2,1.4747998648090288e-05
7076,18022,5,5,1,9.09800291992724e-06
7077,92881,5,4,0,3.6279998312238604e-06
7078,79467,5,5,1,8.43299858388491e-06
7079,108141,5,5,1,7.948001439217478e-06
7080,95889,5,4,0,4.120000085094944e-06
7081,122854,5,3,0,3.7330028135329485e-06
7082,83567,6,5,1,1.7346999811707065e-05
7083,124533,5,5,3,1.3200999092077836e-05
7084,18037,5,5,1,8.621002052677795e-06
7085,132726,8,5,0,1.286600308958441e-05
7086,108153,5,5,1,9.464001777814701e-06
7087,116756,5,4,0,3.7729987525381148e-06
7088,75388,6,5,3,1.413200152455829e-05
7089,18047,6,5,1,1.0756000847322866e-05
7090,75403,5,5,2,1.6914000298129395e-05
7091,112273,5,5,1,8.723996870685369e-06
7092,46738,5,5,1,7.382001058431342e-06
7093,30355,5,5,2,1.4828001440037042e-05
7094,91796,8,5,1,1.6497000615345314e-05
7095,95894,5,5,1,8.144001185428351e-06
7096,13978,5,5,1,7.798000297043473e-06
7097,132762,6,5,1,9.896997653413564e-06
7098,104093,10,5,1,1.4713998098159209e-05
7099,116385,5,5,1,8.027996955206618e-06
7100,108193,5,5,2,1.137200160883367e-05
7101,30370,10,5,2,1.9237999367760494e-05
7102,63140,8,5,4,1.633700230740942e-05
7103,54951,5,5,1,9.20200182008557e-06
7104,87719,8,5,1,1.4180001016939059e-05
7105,108201,6,5,2,1.861999771790579e-05
7106,23867,5,4,1,3.601599746616557e-05
7107,38575,5,5,2,2.2773998352931812e-05
7108,5811,7,5,1,1.6989000869216397e-05
7109,26308,6,5,2,1.5737001376692206e-05
7110,83663,5,5,3,1.2344997230684385e-05
7111,9941,5,5,1,9.28599911276251e-06
7112,109605,5,4,0,4.122000973438844e-06
7113,120833,5,3,0,3.951998223783448e-06
7114,78553,6,3,1,5.851998139405623e-06
7115,26330,5,5,1,8.602000889368355e-06
7116,5854,5,5,1,8.260001777671278e-06
7117,59103,5,5,1,8.560000424040481e-06
7118,83697,5,5,1,8.368999260710552e-06
7119,3580,5,4,0,3.698001819429919e-06
7120,124668,9,5,3,1.661400165176019e-05
7121,63625,7,4,1,1.2819000403396785e-05
7122,112384,5,5,1,7.11299799149856e-06
7123,23919,5,4,0,3.8529979065060616e-06
7124,104450,5,3,0,3.3380019885953516e-06
7125,118770,5,2,0,3.198001650162041e-06
7126,19780,5,1,0,2.9369984986260533e-06
7127,112386,5,5,1,8.348000847036019e-06
7128,2926,5,4,0,3.7570025597233325e-06
7129,42754,5,5,1,9.000999853014946e-06
7130,100103,10,5,0,1.1011001333827153e-05
7131,83722,5,5,2,1.7366997781209648e-05
7132,67350,5,5,1,8.323000656673685e-06
7133,38687,5,5,1,8.833001629682258e-06
7134,93330,5,4,0,3.945999196730554e-06
7135,80406,5,3,0,3.6519995774142444e-06
7136,128804,7,5,3,1.1692998668877408e-05
7137,91970,5,5,1,9.481998858973384e-06
7138,10055,5,5,1,8.543000149074942e-06
7139,71496,5,5,2,1.4103003195486963e-05
7140,63309,6,5,3,1.265199898625724e-05
7141,104273,5,5,1,8.963001164374873e-06
7142,15613,5,4,0,3.881999873556197e-06
7143,108991,5,3,0,3.4520016924943775e-06
7144,18258,5,5,1,8.126000466290861e-06
7145,133212,5,4,0,3.6270030250307173e-06
7146,23347,7,3,0,7.539998478023335e-06
7147,1339,10,4,0,1.209499896503985e-05
7148,59220,5,5,3,1.674899976933375e-05
7149,22358,8,5,1,1.571200118632987e-05
7150,83802,5,5,1,7.677997928112745e-06
7151,132954,5,5,1,9.260998922400177e-06
7152,100192,8,5,2,1.576000067871064e-05
7153,26474,7,5,4,1.1185002222191542e-05
7154,104300,5,5,1,8.74699981068261e-06
7155,132975,5,5,1,7.750997610855848e-06
7156,28299,5,4,0,3.807002940448001e-06
7157,124789,9,5,1,1.4322999049909413e-05
7158,104316,5,5,3,1.7644000763539225e-05
7159,55169,5,5,1,8.970000635599717e-06
7160,71558,5,5,2,1.1901000107172877e-05
7161,87947,5,5,1,8.103001164272428e-06
7162,92044,5,5,1,8.207000064430758e-06
7163,30614,11,5,1,1.3234999642008916e-05
7164,133025,5,5,1,7.339000148931518e-06
7165,59298,7,5,1,2.1109997760504484e-05
7166,42920,5,5,1,8.43499947222881e-06
7167,47272,5,4,0,3.865003236569464e-06
7168,128937,6,5,1,9.827999747358263e-06
7169,92085,6,5,1,1.6914000298129395e-05
7170,6074,6,5,1,1.5179997717496008e-05
7171,100290,5,5,3,1.5158002497628331e-05
7172,83906,10,5,2,1.8373997590970248e-05
7173,51145,5,5,1,8.135000825859606e-06
7174,22570,5,4,0,4.074998287251219e-06
7175,71627,5,5,2,1.5572997654089704e-05
7176,133069,6,5,1,8.848001016303897e-06
7177,104398,5,5,1,1.381499896524474e-05
7178,55249,7,5,1,1.409399919793941e-05
7179,55316,12,4,1,1.2633001460926607e-05
7180,120798,5,5,1,8.422000973951072e-06
7181,92134,5,5,1,9.646999387769029e-06
7182,83943,5,5,1,7.713999366387725e-06
7183,26826,5,4,0,3.825000021606684e-06
7184,59367,7,5,2,2.5433000701013952e-05
7185,30703,6,5,1,2.0536997908493504e-05
7186,59380,5,5,1,1.0296000255038962e-05
7187,116728,5,5,2,1.1546999303391203e-05
7188,34810,5,5,1,9.16600038181059e-06
7189,71677,5,5,3,1.5557001461274922e-05
7190,133117,5,5,2,1.763299951562658e-05
7191,67588,5,5,1,8.197999704862013e-06
7192,96263,5,5,1,7.768001523800194e-06
7193,101749,5,4,0,4.156001523369923e-06
7194,104545,5,3,0,3.5240009310655296e-06
7195,96602,5,2,0,3.326000296510756e-06
7196,17201,18,4,1,1.605400029802695e-05
7197,38922,5,5,1,8.292001439258456e-06
7198,120842,5,5,1,7.58500027586706e-06
7199,105037,5,4,0,4.080997314304113e-06
7200,80581,5,3,0,3.5049997677560896e-06
7201,14362,5,5,2,1.7329999536741525e-05
7202,18460,5,5,1,8.620001608505845e-06
7203,55328,5,5,2,1.442500069970265e-05
7204,116782,7,5,1,1.438399704056792e-05
7205,34864,5,5,1,8.17299951449968e-06
7206,7292,5,4,0,3.848999767797068e-06
7207,101559,5,3,0,3.3710020943544805e-06
7208,126167,6,3,1,5.195000994717702e-06
7209,34868,5,5,1,8.516999514540657e-06
7210,88131,5,5,2,1.5967001672834158e-05
7211,55371,5,5,1,8.817001798888668e-06
7212,92236,6,5,1,1.4727000234415755e-05
7213,75852,11,5,2,1.829299799283035e-05
7214,14415,6,5,1,9.06100103748031e-06
7215,24435,8,4,0,5.327998223947361e-06
7216,121625,6,3,0,3.869001375278458e-06
7217,112720,5,5,1,8.890998287824914e-06
7218,75858,5,5,1,8.644998160889372e-06
7219,49148,5,4,0,3.875000402331352e-06
7220,73133,5,3,0,3.458997525740415e-06
7221,11867,5,2,0,3.05499997921288e-06
7222,84053,5,5,1,1.3763001334154978e-05
7223,88167,5,5,1,9.810999472392723e-06
7224,86007,5,4,0,4.674999217968434e-06
7225,79978,5,5,3,1.7386999388691038e-05
7226,75882,5,5,2,1.1358002666383982e-05
7227,32562,6,4,0,1.2296997738303617e-05
7228,96921,7,4,1,9.57599695539102e-06
7229,67692,5,5,2,1.787399742170237e-05
7230,34928,5,5,2,1.514999894425273e-05
7231,43130,5,5,2,1.7343998479191214e-05
7232,19395,5,4,0,3.6339988582767546e-06
7233,79994,6,5,2,1.9028000679099932e-05
7234,2175,8,5,1,1.0038002073997632e-05
7235,47247,10,5,1,1.2026001058984548e-05
7236,89641,9,4,0,8.338000043295324e-06
7237,114579,7,3,0,4.040000931126997e-06
7238,106837,7,2,0,6.547001248691231e-06
7239,18586,5,5,1,9.644998499425128e-06
7240,59548,5,5,1,8.458999218419194e-06
7241,44386,5,4,0,3.914999979315326e-06
7242,102308,8,3,0,4.900000931229442e-06
7243,26787,5,5,1,9.925999620463699e-06
7244,120998,8,5,0,1.1675998393911868e-05
7245,14506,5,5,2,1.9131999579258263e-05
7246,125105,5,5,2,1.3562003005063161e-05
7247,96456,5,5,4,1.581400283612311e-05
7248,39113,5,5,1,8.720999176148325e-06
7249,2254,5,5,1,1.4494999049929902e-05
7250,39120,6,5,3,1.563600017107092e-05
7251,55506,6,5,2,1.5580000763293356e-05
7252,104667,9,5,1,1.1541997082531452e-05
7253,39251,9,4,0,8.696002623764798e-06
7254,55515,9,5,0,4.426300074555911e-05
7255,63711,5,5,1,1.1170999641763046e-05
7256,47331,5,5,1,9.743002010509372e-06
7257,63720,5,5,1,7.898997864685953e-06
7258,63873,5,4,0,3.998000465799123e-06
7259,110539,5,3,0,3.5750017559621483e-06
7260,72157,5,2,0,3.230998117942363e-06
7261,116969,6,5,3,1.698999767540954e-05
7262,117006,5,5,1,9.592000424163416e-06
7263,100628,5,5,1,9.186998795485124e-06
7264,51494,5,5,2,1.181900006486103e-05
7265,59695,5,5,1,8.153001544997096e-06
7266,55606,5,5,1,8.7690023065079e-06
7267,92478,5,5,1,8.844999683788046e-06
7268,92480,5,5,2,1.2953001714777201e-05
7269,88485,6,4,0,5.1960014388896525e-06
7270,117063,6,5,2,1.4086999726714566e-05
7271,88411,7,5,2,2.006700015044771e-05
7272,67938,5,5,2,1.5686000551795587e-05
7273,84332,6,5,3,1.1987998732365668e-05
7274,72049,5,5,1,8.987000910565257e-06
7275,47504,11,5,2,1.7452999600209296e-05
7276,113046,8,5,2,1.6986999980872497e-05
7277,39335,5,5,1,8.647999493405223e-06
7278,88487,5,5,1,8.229999366449192e-06
7279,93372,5,4,0,4.002002242486924e-06
7280,3768,5,3,0,3.6150013329461217e-06
7281,39339,5,5,2,1.6733996744733304e-05
7282,33380,7,4,0,4.588000592775643e-06
7283,18860,5,5,1,8.412000170210376e-06
7284,117169,8,5,0,1.0400999599369243e-05
7285,123503,8,4,0,2.0557999960146844e-05
7286,81632,8,3,0,4.432000423548743e-06
7287,117176,5,5,1,9.117997251451015e-06
7288,117184,6,5,1,1.0394000128144398e-05
7289,39367,5,5,1,8.47100091050379e-06
7290,68050,7,5,3,1.4276000001700595e-05
7291,30028,7,4,0,4.018998879473656e-06
7292,96729,5,5,1,7.744998583802953e-06
7293,18911,5,5,1,8.735001756576821e-06
7294,14864,5,5,1,8.102000720100477e-06
7295,96800,5,5,1,8.087001333478838e-06
7296,117306,5,5,2,1.6415000573033467e-05
7297,72255,5,5,2,1.7539001419208944e-05
7298,23116,6,5,1,1.904400050989352e-05
7299,64079,9,5,3,1.399300163029693e-05
7300,55906,5,5,1,8.925999281927943e-06
7301,27245,5,5,1,8.318998879985884e-06
7302,15830,5,4,0,4.122997779631987e-06
7303,31344,5,5,2,1.574199995957315e-05
7304,27251,5,5,2,1.3680000847671181e-05
7305,86014,6,5,3,1.6139001672854647e-05
7306,10873,5,5,3,1.3461998605635017e-05
7307,19076,5,5,1,8.425999112660065e-06
7308,19080,5,5,2,1.7177000700030476e-05
7309,84620,5,5,1,8.344999514520168e-06
7310,27282,5,5,1,8.464998245472088e-06
7311,76439,5,5,1,8.563001756556332e-06
7312,39578,5,5,1,8.543000149074942e-06
7313,130439,5,4,0,3.6000019463244826e-06
7314,64156,7,5,1,1.3921999197918922e-05
7315,118749,11,4,0,1.0161998943658546e-05
7316,96925,6,5,1,1.93900013982784e-05
7317,125612,5,5,3,1.0710999049479142e-05
7318,2744,5,5,1,8.214999979827553e-06
7319,32270,5,4,0,3.953999112127349e-06
7320,60104,5,5,1,8.068000170169398e-06
7321,69525,5,4,0,9.543000487610698e-06
7322,45045,5,3,0,3.7180034269113094e-06
7323,40215,5,2,0,3.0699993658345193e-06
7324,2765,6,5,3,1.5090998203959316e-05
7325,121617,7,4,0,4.0339982660952955e-06
7326,56014,5,5,2,1.4776000170968473e-05
7327,23258,5,5,1,8.810999133856967e-06
7328,27358,5,5,3,1.3025000953348354e-05
7329,96994,7,5,1,2.778699854388833e-05
7330,23267,5,5,1,1.0959000064758584e-05
7331,19174,5,5,1,8.687999070389196e-06
7332,72425,5,5,1,9.655999747337773e-06
7333,31466,5,5,1,7.372000254690647e-06
7334,39791,5,4,0,3.818000550381839e-06
7335,101683,5,3,0,3.492998075671494e-06
7336,79654,9,4,0,1.5006997273303568e-05
7337,5964,9,3,0,4.581001121550798e-06
7338,116665,11,3,0,6.341997504932806e-06
7339,56062,7,5,2,2.1304997062543407e-05
7340,89801,5,4,0,4.082001396454871e-06
7341,31491,11,5,3,1.6505997336935252e-05
7342,64267,6,5,2,1.7420999938622117e-05
7343,97036,11,5,2,2.0332998246885836e-05
7344,27407,5,5,1,8.351998985745013e-06
7345,47892,6,5,1,1.4912999176885933e-05
7346,64276,9,5,1,1.6838999727042392e-05
7347,105316,5,4,1,6.518999725813046e-06
7348,114114,8,4,0,8.949999028118327e-06
7349,94299,14,4,0,1.3783002941636369e-05
7350,102816,16,4,0,1.3018001482123509e-05
7351,47894,5,5,2,1.7683003534330055e-05
7352,129819,8,5,3,1.485800021328032e-05
7353,15163,5,5,1,9.106002835324034e-06
7354,39743,5,5,1,8.348997653229162e-06
7355,72512,5,5,1,8.685001375852153e-06
7356,101192,6,5,1,1.6152000171132386e-05
7357,84809,5,5,1,1.0237999958917499e-05
7358,113483,5,5,1,8.98899816093035e-06
7359,48876,5,4,0,3.867997293127701e-06
7360,117580,5,5,1,9.924002370098606e-06
7361,31564,6,5,1,1.698999767540954e-05
7362,12448,6,4,0,4.200999683234841e-06
7363,120689,7,4,1,8.159997378243133e-06
7364,84815,6,5,1,9.563002095092088e-06
7365,88911,7,5,1,1.383299968438223e-05
7366,88919,6,5,1,9.543000487610698e-06
7367,88925,5,5,1,8.33500234875828e-06
7368,35693,5,5,2,1.624699871172197e-05
7369,129906,5,5,1,8.921997505240142e-06
7370,97143,7,5,1,9.641000360716134e-06
7371,72617,5,4,0,3.974000719608739e-06
7372,97687,6,3,0,3.9810001908335835e-06
7373,86139,7,3,0,7.432001439156011e-06
7374,15630,20,3,0,1.3092998415231705e-05
7375,132390,9,3,1,7.70599945099093e-06
7376,19339,9,5,3,1.5804002032382414e-05
7377,35730,5,5,1,1.3752000086242333e-05
7378,11155,5,5,1,7.899998308857903e-06
7379,28003,5,4,0,3.679000656120479e-06
7380,101267,5,5,1,9.105999197345227e-06
7381,93838,5,4,0,4.068999260198325e-06
7382,15876,6,4,1,9.120001777773723e-06
7383,2964,7,5,1,1.4191999071044847e-05
7384,60312,5,5,1,7.621001714142039e-06
7385,35740,5,5,1,9.575000149197876e-06
7386,11175,5,5,2,6.256200140342116e-05
7387,27560,6,5,1,9.781000699149445e-06
7388,80809,5,5,3,1.367900040349923e-05
7389,125867,5,5,2,1.407499803462997e-05
7390,80823,5,5,3,1.8095997802447528e-05
7391,93112,6,5,2,1.6238001990132034e-05
7392,11197,6,5,3,1.4691999240312725e-05
7393,19391,5,5,1,8.215996786020696e-06
7394,129984,7,5,2,1.8842001736629754e-05
7395,105409,5,5,2,4.4011001591570675e-05
7396,84935,5,5,1,1.0910000128205866e-05
7397,48076,6,5,2,1.3347002095542848e-05
7398,5130,8,4,0,1.076099943020381e-05
7399,97675,6,4,1,8.500002877553925e-06
7400,57474,8,4,1,1.2786000297637656e-05
7401,130002,6,5,2,1.4002001989865676e-05
7402,101349,5,5,1,9.528001100989059e-06
7403,39910,6,5,1,1.561799945193343e-05
7404,89100,8,5,2,1.6521000361535698e-05
7405,101388,8,5,0,1.0968997230520472e-05
7406,117774,5,5,1,6.188001862028614e-06
7407,117775,5,5,1,9.354000212624669e-06
7408,3087,14,5,1,2.2932999854674563e-05
7409,39960,6,5,1,1.281100048799999e-05
7410,126397,5,4,1,5.28100281371735e-06
7411,109604,5,5,1,8.875998901203275e-06
7412,27690,6,5,1,1.2583001080201939e-05
7413,72783,8,5,4,1.570799940964207e-05
7414,64591,8,5,0,1.1861997336382046e-05
7415,68693,5,5,1,7.891998393461108e-06
7416,60501,8,5,2,2.336300167371519e-05
7417,52320,7,5,1,1.3876000593882054e-05
7418,52322,5,5,1,9.659997886046767e-06
7419,19556,5,5,2,1.751600211719051e-05
7420,27750,5,5,1,7.437000022036955e-06
7421,109681,7,5,1,1.4508997992379591e-05
7422,40050,7,5,2,1.9898001482943073e-05
7423,97403,5,5,1,8.867002179613337e-06
7424,68736,5,5,1,9.31799877434969e-06
7425,31875,7,5,3,1.4402001397684216e-05
7426,31878,6,5,1,1.3802000466967002e-05
7427,109712,5,5,1,8.317998435813934e-06
7428,76948,5,5,1,9.522998880129308e-06
7429,89248,7,5,3,1.5499997971346602e-05
7430,36019,5,5,2,1.3528002455132082e-05
7431,105688,5,5,1,8.539998816559091e-06
7432,117994,5,5,1,9.450002835365012e-06
7433,101622,7,5,2,1.037900074152276e-05
7434,109822,5,5,2,1.4944998838473111e-05
7435,60678,5,5,1,8.181999874068424e-06
7436,23816,9,5,4,1.2544998753583059e-05
7437,32013,5,5,2,1.8942999304272234e-05
7438,89358,5,5,1,8.146998879965395e-06
7439,15634,5,5,2,1.6991001757560298e-05
7440,122148,9,5,2,1.635400258237496e-05
7441,36141,5,5,1,8.591996447648853e-06
7442,85298,5,5,1,8.402999810641631e-06
7443,44340,6,5,1,1.4000001101521775e-05
7444,7480,8,5,2,1.9643000996438786e-05
7445,81219,5,5,3,1.5077999705681577e-05
7446,105798,16,5,0,2.011299875448458e-05
7447,97613,5,5,1,7.767997885821387e-06
7448,97618,6,5,2,1.8896000256063417e-05
7449,60756,5,5,1,8.251998224295676e-06
7450,64865,9,5,2,1.664400042500347e-05
7451,32105,5,5,1,8.866001735441387e-06
7452,23914,5,5,1,8.834998880047351e-06
7453,68969,8,5,3,1.3490996934706345e-05
7454,69519,7,4,0,7.835998985683545e-06
7455,36217,5,5,2,1.4060002285987139e-05
7456,52613,12,5,0,4.672700015362352e-05
7457,97683,11,5,3,2.0694998966064304e-05
7458,126356,6,5,1,1.6705002053640783e-05
7459,130461,5,5,1,9.506002243142575e-06
7460,56746,8,5,1,1.7846999980974942e-05
7461,81327,5,5,1,8.737999451113865e-06
7462,114097,5,5,1,7.714003004366532e-06
7463,105914,5,5,1,7.757000275887549e-06
7464,69057,7,5,2,1.3505999959306791e-05
7465,106412,5,4,1,5.709000106435269e-06
7466,122310,7,5,1,1.034199885907583e-05
7467,40394,5,5,1,8.584000170230865e-06
7468,32209,7,5,2,1.4961002307245508e-05
7469,40405,5,5,1,8.216997230192646e-06
7470,3550,6,5,2,1.138500010711141e-05
7471,122336,7,5,4,1.1288000678177923e-05
7472,52706,5,5,1,8.117000106722116e-06
7473,122341,6,5,1,1.86950019269716e-05
7474,93684,6,5,1,7.951002771733329e-06
7475,130564,5,5,1,7.94699735706672e-06
7476,89614,5,5,2,1.7562000721227378e-05
7477,114192,6,5,1,8.557999535696581e-06
7478,60958,5,5,1,8.87100031832233e-06
7479,118307,5,5,1,8.417002391070127e-06
7480,118308,5,5,1,8.717997843632475e-06
7481,101929,7,5,2,2.120799763360992e-05
7482,52785,5,5,2,1.5115001588128507e-05
7483,118326,5,5,1,8.124003215925768e-06
7484,77369,5,5,1,8.27999974717386e-06
7485,32317,9,5,2,1.6404999769292772e-05
7486,118349,5,5,1,1.5818997781025246e-05
7487,11857,5,5,1,8.404000254813582e-06
7488,69202,7,5,2,2.4178996682167053e-05
7489,44631,6,5,1,1.6950001736404374e-05
7490,93804,6,4,0,1.2619999324670061e-05
7491,96890,7,4,1,5.996000254526734e-06
7492,114283,5,5,1,9.190996934194118e-06
7493,130669,8,5,3,1.2622000213013962e-05
7494,93819,5,5,1,9.965999197447672e-06
7495,56955,5,5,1,8.53699748404324e-06
7496,130691,7,5,1,1.3773998944088817e-05
7497,118407,5,5,1,8.271999831777066e-06
7498,89737,6,5,1,9.65300205280073e-06
7499,118425,6,5,1,1.0662999557098374e-05
7500,106138,8,5,2,1.4926998119335622e-05
7501,44701,5,5,2,1.4020002709003165e-05
7502,65197,5,5,1,7.558002835139632e-06
7503,69433,5,4,0,4.069999704370275e-06
7504,85829,8,4,0,1.2877000699518248e-05
7505,57015,5,5,1,7.86600139690563e-06
7506,40636,10,5,2,1.9832001271424815e-05
7507,122562,5,5,1,8.884002454578876e-06
7508,81619,5,5,1,8.01699934527278e-06
7509,20184,6,5,1,1.2160002370364964e-05
7510,130780,5,5,1,8.520000847056508e-06
7511,40671,8,5,1,1.7975999071495607e-05
7512,33657,9,4,0,5.407000571722165e-06
7513,20211,6,5,1,7.587997970404103e-06
7514,52982,8,5,1,2.4960998416645452e-05
7515,126716,5,5,3,1.2542997865239158e-05
7516,44803,6,5,3,1.3616998330689967e-05
7517,36618,5,5,1,8.899001841200516e-06
7518,20245,5,5,2,4.1975999920396134e-05
7519,77605,5,5,1,3.452700184425339e-05
7520,20262,8,5,1,2.268699972773902e-05
7521,53896,8,4,0,5.0439994083717465e-06
7522,4910,9,4,0,1.0589999874355271e-05
7523,85810,14,5,2,1.8429000192554668e-05
7524,16191,5,5,1,9.116996807279065e-06
7525,69448,6,5,1,1.2753000191878527e-05
7526,48971,5,5,1,8.249000529758632e-06
7527,40781,6,5,3,1.864300065790303e-05
7528,110425,5,5,1,9.437000699108467e-06
7529,110427,5,5,2,1.5087000065250322e-05
7530,40797,7,5,3,1.5002002328401431e-05
7531,122718,9,5,2,2.1498999558389187e-05
7532,65408,14,4,0,7.279999408638105e-06
7533,41,9,3,2,9.830000635702163e-06
7534,65392,6,5,2,1.5770998288644478e-05
7535,85874,5,5,1,8.303999493364245e-06
7536,98170,5,5,2,1.3548000424634665e-05
7537,32663,6,5,3,1.041700306814164e-05
7538,73624,5,5,2,1.8887996702687815e-05
7539,90007,9,5,1,1.1559000995475799e-05
7540,4007,5,5,1,1.0698000551201403e-05
7541,8108,5,5,1,8.00199995865114e-06
7542,16305,5,5,2,1.586900179972872e-05
7543,16311,6,5,1,1.1503001587698236e-05
7544,85958,5,5,3,1.5872999938437715e-05
7545,32717,5,5,2,1.2987999070901424e-05
7546,32722,5,5,1,8.941999112721533e-06
7547,126933,5,5,2,1.495999822509475e-05
7548,65497,5,5,2,1.631399936741218e-05
7549,16346,5,5,1,7.052000000840053e-06
7550,57307,5,5,3,1.2903001334052533e-05
7551,116987,8,4,0,1.1094998626504093e-05
7552,65499,5,5,1,8.755003364058211e-06
7553,8161,5,5,1,7.788999937474728e-06
7554,69609,9,5,1,1.2094002158846706e-05
7555,118762,5,5,1,8.961000276030973e-06
7556,45034,8,5,2,1.1978998372796923e-05
7557,81904,5,5,1,7.2590009949635714e-06
7558,65540,9,5,1,1.6293000953737646e-05
7559,102412,7,5,2,1.3558998034568503e-05
7560,94250,7,5,0,1.874699955806136e-05
7561,123762,7,4,0,4.506997356656939e-06
7562,9810,7,3,0,3.8190009945537895e-06
7563,57459,14,5,0,2.06199983949773e-05
7564,20664,13,5,1,1.756499841576442e-05
7565,110817,7,5,1,9.989002137444913e-06
7566,98540,8,5,1,1.0129999282071367e-05
7567,310,6,5,1,7.606999133713543e-06
7568,119097,8,5,0,1.7083999409805983e-05
7569,53636,7,5,2,1.067500124918297e-05
7570,98724,6,5,1,1.4804998500039801e-05
7571,45554,8,5,1,1.4205001207301393e-05
7572,107093,18,5,1,2.2845997591502964e-05
7573,62040,12,5,0,2.8594000468729064e-05
7574,12890,16,5,1,1.3756998669123277e-05
7575,119410,13,5,1,1.8175996956415474e-05
7576,98944,8,5,0,9.729999874252826e-06
7577,57988,8,5,1,4.586899740388617e-05
7578,29334,7,5,1,1.0237999958917499e-05
7579,119452,6,5,1,1.1309002729831263e-05
7580,29380,7,5,2,1.2909000361105427e-05
7581,131869,8,5,0,1.0176998330280185e-05
7582,115537,9,5,0,1.3070999557385221e-05
7583,54206,6,5,2,1.7585996829438955e-05
7584,62418,10,5,2,1.5409001207444817e-05
7585,9212,7,5,3,1.4542001736117527e-05
7586,103429,20,5,1,2.060500264633447e-05
7587,128114,7,5,1,1.683499795035459e-05
7588,119958,10,5,1,1.0558000212768093e-05
7589,33943,6,5,1,8.983999578049406e-06
7590,128155,6,5,2,1.7268001101911068e-05
7591,70866,7,5,3,1.499900099588558e-05
7592,5388,8,5,2,1.4760000340174884e-05
7593,128375,6,5,1,1.2931999663123861e-05
7594,5539,6,5,2,1.6281999705825e-05
7595,43002,6,4,1,8.652001270093024e-06
7596,133113,6,5,3,1.2880998838227242e-05
7597,84007,7,5,1,1.4774999726796523e-05
7598,84167,6,4,1,1.1758002074202523e-05
7599,38300,7,4,1,1.14050017145928e-05
7600,47208,8,5,1,1.8161001207772642e-05
7601,51852,6,4,0,4.104997060494497e-06
7602,92276,11,5,4,1.4409000868909061e-05
7603,96436,10,5,1,1.1629002983681858e-05
7604,43281,6,5,1,1.9087001419393346e-05
7605,14878,8,5,0,1.207599780173041e-05
7606,19023,8,5,0,1.0810003004735336e-05
7607,121611,9,5,0,9.985000360757113e-06
7608,15149,12,5,1,8.561000868212432e-06
7609,56119,6,5,1,9.647999831940979e-06
7610,23769,9,5,0,9.128001693170518e-06
7611,110499,13,5,2,1.4430999726755545e-05
7612,123201,25,4,1,1.5403002180391923e-05
7613,51539,16,3,1,1.1000000085914508e-05
7614,110529,8,5,1,1.010300184134394e-05
7615,2261,9,4,0,8.151997462846339e-06
7616,131237,7,5,2,1.6058998880907893e-05
7617,12904,10,5,1,2.5208999431924894e-05
7618,45997,14,5,0,1.6406000213464722e-05
7619,10080,12,5,0,1.1330001143505797e-05
7620,19943,14,4,1,1.7578000552020967e-05
7621,81310,14,4,1,1.8882001313613728e-05
7622,64619,17,4,0,1.2295997294131666e-05
7623,59345,9,5,1,9.240997314918786e-06
7624,101457,12,5,1,1.874800000223331e-05
7625,110592,6,6,1,1.2177999451523647e-05
7626,122895,6,6,1,1.1669002560665831e-05
7627,69649,6,6,1,1.2030999641865492e-05
7628,81938,6,6,1,1.1985001037828624e-05
7629,122900,6,6,1,1.3146000128472224e-05
7630,20505,6,6,1,1.4965000445954502e-05
7631,73085,6,5,0,5.014000635128468e-06
7632,40778,6,4,0,4.2730025597848e-06
7633,52199,6,3,0,3.740999090950936e-06
7634,40783,6,2,0,3.2850002753548324e-06
7635,78250,6,1,0,3.1279996619559824e-06
7636,111877,6,0,0,2.882003172999248e-06
7637,86041,8,6,1,1.162699845735915e-05
7638,55719,8,5,0,5.031997716287151e-06
7639,90805,9,5,1,7.526999979745597e-06
7640,73765,6,6,1,4.3226998968748376e-05
7641,131523,6,5,0,7.306000043172389e-06
7642,110632,6,6,1,1.58099974214565e-05
7643,81964,9,6,1,1.4026998542249203e-05
7644,9572,6,5,0,4.930003342451528e-06
7645,34729,9,4,0,5.427998985396698e-06
7646,76855,6,3,0,3.7080026231706142e-06
7647,4445,6,2,0,3.540000761859119e-06
7648,125561,11,5,0,1.3393000699579716e-05
7649,130549,8,5,0,1.1096999514847994e-05
7650,12286,17,5,1,1.4860997907817364e-05
7651,16246,7,5,1,1.1913001799257472e-05
7652,41025,22,6,0,2.302999928360805e-05
7653,99359,10,5,2,1.4097000530455261e-05
7654,69702,9,6,1,1.5541998436674476e-05
7655,127065,6,6,2,2.915699951699935e-05
7656,77915,8,6,3,2.1443000150611624e-05
7657,49247,6,6,1,1.24100006360095e-05
7658,22525,6,5,0,4.337001882959157e-06
7659,49248,6,6,1,1.221899947267957e-05
7660,24674,6,6,1,1.0707000910770148e-05
7661,42300,6,5,0,4.462999640963972e-06
7662,103785,6,4,0,4.132998583372682e-06
7663,111622,8,4,1,9.129002137342468e-06
7664,57448,6,6,1,1.0011000995291397e-05
7665,56195,6,5,0,5.193000106373802e-06
7666,114120,6,4,0,4.2860010580625385e-06
7667,85103,6,3,0,4.120000085094944e-06
7668,19343,6,2,0,3.4910008253064007e-06
7669,109464,6,1,0,5.031997716287151e-06
7670,36198,6,0,0,3.035002009710297e-06
7671,36974,6,6,1,1.2276999768801033e-05
7672,36975,6,6,1,1.1325002560624853e-05
7673,121968,6,5,0,4.459001502254978e-06
7674,45166,7,6,2,1.3175998901715502e-05
7675,57463,7,6,1,1.2075000995537266e-05
7676,130596,7,5,0,5.2530012908391654e-06
7677,131520,6,4,0,4.140001692576334e-06
7678,40012,6,3,0,3.474000550340861e-06
7679,109338,6,2,0,3.339999238960445e-06
7680,106,10,3,1,1.0864001524168998e-05
7681,65657,11,6,1,1.3592998584499583e-05
7682,11020,8,5,0,5.2630020945798606e-06
7683,53375,7,6,2,2.1197000023676082e-05
7684,49297,6,6,1,1.132999750552699e-05
7685,3421,6,5,0,4.47499769506976e-06
7686,26475,6,4,0,4.054996679769829e-06
7687,10156,6,3,0,3.6749988794326782e-06
7688,95610,6,2,0,3.4290023904759437e-06
7689,6167,10,1,0,4.239998816046864e-06
7690,110741,6,6,1,1.3601998944068328e-05
7691,91808,6,5,0,4.6860004658810794e-06
7692,11420,7,5,1,6.812002538936213e-06
7693,82071,6,6,1,1.1169999197591096e-05
7694,111015,6,5,0,4.5720007619820535e-06
7695,21011,6,4,0,3.990000550402328e-06
7696,111986,6,3,0,3.465000190772116e-06
7697,64572,6,2,0,3.4000004234258085e-06
7698,874,6,1,0,3.0600022000726312e-06
7699,49308,6,6,1,1.2598000466823578e-05
7700,106652,6,6,1,1.0298997949576005e-05
7701,33760,6,5,0,4.63299875264056e-06
7702,84729,6,4,0,4.084999090991914e-06
7703,19446,6,3,0,3.4859986044466496e-06
7704,44688,6,2,0,3.36800076183863e-06
7705,20636,6,6,1,1.0005998774431646e-05
7706,29755,6,5,0,4.41200245404616e-06
7707,27950,10,4,0,5.9730009525083005e-06
7708,122712,6,3,0,3.6960009310860187e-06
7709,9792,6,2,0,3.492001269478351e-06
7710,26738,6,1,0,2.8849972295574844e-06
7711,77982,6,6,2,2.278800093336031e-05
7712,157,7,6,1,1.0687002941267565e-05
7713,63179,7,5,0,5.22199843544513e-06
7714,45320,6,4,0,4.1429993871133775e-06
7715,118948,6,6,1,9.449999197386205e-06
7716,6388,6,5,0,4.598998202709481e-06
7717,70457,6,4,0,3.6900019040331244e-06
7718,41304,6,3,0,3.4940021578222513e-06
7719,37986,6,2,0,3.264998667873442e-06
7720,115086,6,1,0,2.959997800644487e-06
7721,3203,8,2,1,6.493999535450712e-06
7722,16555,6,6,1,1.1167001503054053e-05
7723,35112,6,5,0,4.165998689131811e-06
7724,29741,6,4,0,3.6850033211521804e-06
7725,64068,6,3,0,3.345998266013339e-06
7726,90284,6,6,2,2.263500209664926e-05
7727,102572,14,6,1,2.037800004472956e-05
7728,19617,8,5,1,1.5557001461274922e-05
7729,24752,6,6,1,3.833599839708768e-05
7730,117779,6,5,0,6.885999027872458e-06
7731,16561,7,6,1,2.08650017157197e-05
7732,53427,7,6,2,2.2866002836963162e-05
7733,4283,6,6,1,1.164800050901249e-05
7734,4293,6,6,1,1.2422002328094095e-05
7735,94412,6,6,1,1.0583000403130427e-05
7736,38542,6,5,0,4.6629975258838385e-06
7737,38818,6,4,0,4.274999810149893e-06
7738,46232,7,4,1,8.338996849488467e-06
7739,92149,9,5,2,1.8512997485231608e-05
7740,51363,9,4,1,1.1977997928624973e-05
7741,119523,8,5,1,1.8836999515770003e-05
7742,57178,11,5,4,1.657699976931326e-05
7743,106701,6,6,2,1.936999979079701e-05
7744,1163,8,5,3,1.3389999367063865e-05
7745,86236,6,6,1,1.181799962068908e-05
7746,64401,8,5,0,5.906997103011236e-06
7747,8413,10,6,1,2.4425000447081402e-05
7748,1932,10,5,0,5.734000296797603e-06
7749,131302,12,6,3,2.2085998352849856e-05
7750,82161,6,6,1,1.2282998795853928e-05
7751,81325,6,5,0,4.5150009100325406e-06
7752,131324,6,6,1,1.1936001101275906e-05
7753,107255,6,5,0,4.54900145996362e-06
7754,26896,6,4,0,4.486999387154356e-06
7755,11007,6,3,0,3.867997293127701e-06
7756,123132,6,6,1,1.0203002602793276e-05
7757,111984,6,5,0,5.092999344924465e-06
7758,36199,6,4,0,4.09600033890456e-06
7759,63971,6,3,0,3.937002475140616e-06
7760,115440,6,2,0,3.3659998734947294e-06
7761,132982,6,1,0,3.1279996619559824e-06
7762,12547,6,6,2,1.3741999282501638e-05
7763,20740,6,6,3,5.9866997617064044e-05
7764,59889,9,5,0,1.2560998584376648e-05
7765,82185,6,6,1,1.2960001186002046e-05
7766,82197,6,6,1,1.1378000635886565e-05
7767,54172,6,5,0,4.7909998102113605e-06
7768,80192,6,4,0,4.577002982841805e-06
7769,116886,6,3,0,3.8569996831938624e-06
7770,84188,6,2,0,3.7099998735357076e-06
7771,82198,6,6,1,1.1725001968443394e-05
7772,96732,6,5,0,4.432997229741886e-06
7773,126164,10,4,0,6.007998308632523e-06
7774,68834,6,3,0,3.559001925168559e-06
7775,4376,9,6,1,2.4258999474113807e-05
7776,106777,6,6,1,1.2020998838124797e-05
7777,2642,6,5,0,4.625999281415716e-06
7778,132970,6,4,0,3.920002200175077e-06
7779,114970,7,6,2,2.7259000489721075e-05
7780,72610,7,5,0,5.095000233268365e-06
7781,60690,11,4,0,6.533002306241542e-06
7782,28235,7,3,0,3.93899972550571e-06
7783,6704,7,2,0,3.894001565640792e-06
7784,20760,8,6,2,1.8096001440426335e-05
7785,49033,6,5,3,1.47360005939845e-05
7786,102686,8,6,2,1.82939984370023e-05
7787,8485,11,6,4,1.8646998796612024e-05
7788,43031,7,5,3,1.65960009326227e-05
7789,6529,19,5,1,2.3853001039242372e-05
7790,120884,12,5,2,3.2864998502191156e-05
7791,112191,9,5,2,1.7155001842183992e-05
7792,131370,8,6,3,1.857300230767578e-05
7793,127276,6,6,1,3.838599877781235e-05
7794,85848,6,5,0,7.186998118413612e-06
7795,57644,9,6,4,2.22529997699894e-05
7796,20788,6,6,2,1.6793997929198667e-05
7797,127291,8,6,1,2.0165000023553148e-05
7798,42077,8,5,2,1.3443001080304384e-05
7799,69958,8,6,2,1.0349001968279481e-05
7800,333,10,6,3,2.5225999706890434e-05
7801,41353,6,5,2,1.3303997548064217e-05
7802,4430,7,6,3,1.7727998056216165e-05
7803,12630,6,6,3,1.4864999684505165e-05
7804,106846,6,6,1,1.2249001883901656e-05
7805,101276,6,5,0,4.544999683275819e-06
7806,94562,6,6,1,1.073999737855047e-05
7807,63176,7,5,0,5.100002454128116e-06
7808,90476,13,6,2,2.066599699901417e-05
7809,119162,7,6,1,1.1816002370323986e-05
7810,106881,6,6,1,1.3205000868765637e-05
7811,20873,6,6,1,1.1306998203508556e-05
7812,41367,6,6,1,1.1831001756945625e-05
7813,123287,6,6,1,1.1235999409109354e-05
7814,76218,6,5,0,4.37400012742728e-06
7815,66638,6,4,0,3.6299970815889537e-06
7816,9612,10,4,0,9.49500099522993e-06
7817,53661,7,6,1,1.091299782274291e-05
7818,37285,6,6,3,2.183900141972117e-05
7819,41387,8,6,3,2.3707001673756167e-05
7820,98732,6,6,1,1.1705000360962003e-05
7821,80692,6,5,0,4.2909996409434825e-06
7822,29997,6,4,0,4.045999958179891e-06
7823,37546,8,4,0,8.810999133856967e-06
7824,65978,6,6,1,1.0135001502931118e-05
7825,3432,6,5,0,4.315999831305817e-06
7826,91617,6,4,0,6.02700310992077e-06
7827,99883,6,3,0,3.5080011002719402e-06
7828,64691,8,4,1,1.5015997632872313e-05
7829,97586,7,5,0,1.0940999345621094e-05
7830,70075,6,6,1,1.2382999557303265e-05
7831,37315,8,6,1,1.2212000001454726e-05
7832,32191,6,5,0,4.120000085094944e-06
7833,2738,6,4,0,3.846002073260024e-06
7834,87692,6,3,0,3.430999640841037e-06
7835,31361,6,2,0,3.345998266013339e-06
7836,47447,7,1,0,3.239998477511108e-06
7837,85763,9,1,1,5.056997906649485e-06
7838,131525,6,6,1,1.1158001143485308e-05
7839,115678,6,5,0,4.51199957751669e-06
7840,64743,6,4,0,4.117999196751043e-06
7841,97639,6,3,0,3.5570010368246585e-06
7842,100626,6,2,0,3.3579999580979347e-06
7843,67864,6,1,0,3.011999069713056e-06
7844,46988,10,3,0,6.350001058308408e-06
7845,37316,6,6,1,1.0228999599348754e-05
7846,115143,6,6,1,1.1293999705230817e-05
7847,86506,6,6,1,1.166199945146218e-05
7848,44080,6,5,0,4.289999196771532e-06
7849,102891,8,6,4,1.641799826757051e-05
7850,95855,6,5,2,1.2976001016795635e-05
7851,45561,6,6,1,1.0611001926008612e-05
7852,83771,6,5,0,4.656001692637801e-06
7853,105085,6,4,0,4.218996764393523e-06
7854,84056,9,4,0,8.512000931659713e-06
7855,2520,8,4,1,9.502997272647917e-06
7856,70144,6,6,1,1.0515999747440219e-05
7857,27905,6,5,0,4.641999112209305e-06
7858,41475,7,6,2,2.188399957958609e-05
7859,102928,6,6,1,1.3254997611511499e-05
7860,115560,6,5,0,4.429999535204843e-06
7861,115217,6,6,1,1.1412001185817644e-05
7862,1240,6,5,0,4.4480002543423325e-06
7863,84319,6,4,0,3.818000550381839e-06
7864,107034,6,6,1,1.0245999874314293e-05
7865,120559,6,5,0,4.703000740846619e-06
7866,133277,6,4,0,4.158999217906967e-06
7867,86746,7,4,1,8.00199995865114e-06
7868,8709,9,4,1,1.5943998732836917e-05
7869,86563,6,6,1,1.1969998013228178e-05
7870,62200,6,5,0,4.401998012326658e-06
7871,74279,6,6,1,1.1224001355003566e-05
7872,53803,6,6,1,3.8156998925842345e-05
7873,6917,6,5,0,6.18300327914767e-06
7874,32416,8,5,0,1.0946998372673988e-05
7875,1883,7,5,1,1.8134000129066408e-05
7876,32302,9,5,0,1.1950000043725595e-05
7877,8751,10,6,2,2.6149999030167237e-05
7878,107057,6,6,1,1.2445001630112529e-05
7879,572,6,6,1,1.2427997717168182e-05
7880,27443,6,5,0,4.478002665564418e-06
7881,94788,6,6,1,1.1672000255202875e-05
7882,119373,6,6,1,1.1592001101234928e-05
7883,53838,7,6,2,2.0034000044688582e-05
7884,78423,11,6,1,1.5120000171009451e-05
7885,39078,12,5,1,1.4532000932376832e-05
7886,116078,12,5,0,1.1815998732345179e-05
7887,17000,6,6,1,1.136599894380197e-05
7888,85503,6,5,0,4.1719977161847055e-06
7889,4882,6,4,0,4.075998731423169e-06
7890,103018,10,6,0,1.4192999515216798e-05
7891,29294,6,6,1,1.2279000657144934e-05
7892,62073,6,6,2,2.0378996850922704e-05
7893,45689,8,6,2,1.872499706223607e-05
7894,82555,10,6,2,2.326100002392195e-05
7895,25212,6,6,1,1.2314001651247963e-05
7896,127613,6,6,1,1.2469998182496056e-05
7897,94847,12,6,1,1.952499951585196e-05
7898,113901,6,5,1,1.3621000107377768e-05
7899,131713,12,6,2,2.7737998607335612e-05
7900,91328,8,5,1,7.439997716573998e-06
7901,115331,6,6,1,1.2136999430367723e-05
7902,107141,6,6,1,1.1948002793360502e-05
7903,57991,6,6,1,1.1357002222212031e-05
7904,70282,6,6,2,2.115900133503601e-05
7905,85851,7,5,0,4.879999323748052e-06
7906,119436,6,6,2,1.5336998330894858e-05
7907,29327,7,6,3,2.1030999050708488e-05
7908,37523,9,6,4,1.8734997865976766e-05
7909,56848,9,5,1,1.9696002709679306e-05
7910,33429,6,6,1,1.197800156660378e-05
7911,53916,6,6,1,1.2271997547941282e-05
7912,37536,6,6,1,1.2835000234190375e-05
7913,25258,6,6,1,1.2314998457441106e-05
7914,103750,6,5,0,4.896999598713592e-06
7915,19946,6,4,0,4.252000508131459e-06
7916,127661,6,6,1,1.2787000741809607e-05
7917,4795,6,6,3,1.909200000227429e-05
7918,123593,13,6,1,1.7696998838800937e-05
7919,80198,6,5,0,4.638000973500311e-06
7920,17098,6,6,1,1.2529002560768276e-05
7921,86758,9,6,2,1.938299828907475e-05
7922,94958,6,6,2,1.8837999959941953e-05
7923,94962,7,6,1,1.2003001756966114e-05
7924,5549,6,5,0,1.2084998161299154e-05
7925,754,7,6,2,2.09299978450872e-05
7926,62198,9,6,2,1.6114998288685456e-05
7927,117493,7,5,3,1.5121000615181401e-05
7928,94967,6,6,1,1.0715000826166943e-05
7929,70583,6,5,0,3.2785002986202016e-05
7930,62201,6,6,1,1.3099001080263406e-05
7931,54752,6,5,0,5.3109979489818215e-06
7932,79610,6,4,0,4.4199987314641476e-06
7933,73495,8,3,0,4.827998054679483e-06
7934,44622,23,3,0,1.4179000572767109e-05
7935,8955,6,6,1,1.2951000826433301e-05
7936,62202,6,6,1,1.1399999493733048e-05
7937,38830,6,5,0,4.722998710349202e-06
7938,23130,6,4,0,4.2100000428035855e-06
7939,95536,6,3,0,3.839999408228323e-06
7940,8958,7,6,1,1.251399953616783e-05
7941,115464,6,6,1,1.1783999070758e-05
7942,82708,6,6,1,1.3196000509196892e-05
7943,25373,6,6,1,1.1163003364345059e-05
7944,99105,6,6,1,1.1636999261099845e-05
7945,119594,6,6,1,1.0847001249203458e-05
7946,49963,6,6,1,1.0321997251594439e-05
7947,98088,6,5,0,4.4049993448425084e-06
7948,17944,6,4,0,4.0049999370239675e-06
7949,115502,6,6,1,1.1678999726427719e-05
7950,49974,6,6,1,1.0822997865034267e-05
7951,107324,17,6,1,2.5225999706890434e-05
7952,41797,8,6,3,1.3624998246086761e-05
7953,108733,9,5,3,1.3630000466946512e-05
7954,64447,13,5,2,1.1743999493774027e-05
7955,70484,8,6,2,2.119200144079514e-05
7956,58198,10,6,2,1.5560002793790773e-05
7957,84052,8,5,1,1.4045999705558643e-05
7958,58199,6,6,1,1.1033000191673636e-05
7959,90981,11,6,0,1.6745001630624756e-05
7960,17263,7,6,3,1.687500116531737e-05
7961,21369,6,6,1,1.1877000360982493e-05
7962,890,6,6,1,1.0927000403171405e-05
7963,92832,6,5,0,4.622997948899865e-06
7964,91006,6,6,1,1.314000110141933e-05
7965,125994,6,5,0,4.453999281395227e-06
7966,898,6,6,1,1.0684001608751714e-05
7967,11417,6,5,0,4.641999112209305e-06
7968,2112,6,4,0,4.149002052145079e-06
7969,17295,6,3,0,3.7230020097922534e-06
7970,18686,6,2,0,3.392000508029014e-06
7971,19409,7,2,1,5.5439995776396245e-06
7972,48350,12,1,1,5.859998054802418e-06
7973,41865,7,6,1,1.6773999959696084e-05
7974,124315,8,5,0,1.1767002433771268e-05
7975,32512,8,5,0,1.1304000508971512e-05
7976,17294,6,6,2,2.1226001990726218e-05
7977,66456,6,6,2,1.555099879624322e-05
7978,17305,9,6,2,1.655999949434772e-05
7979,21405,6,6,1,1.138500010711141e-05
7980,66461,7,6,1,1.6092999430838972e-05
7981,54181,6,6,1,1.1037001968361437e-05
7982,120051,6,5,0,4.479999915929511e-06
7983,48203,6,4,0,3.963999915868044e-06
7984,82870,6,6,1,1.1364998499630019e-05
7985,54198,7,6,2,2.1439998818095773e-05
7986,103365,6,6,1,1.2912001693621278e-05
7987,2162,6,5,0,4.632001946447417e-06
7988,95180,6,6,1,1.1897001968463883e-05
7989,25549,6,6,1,1.1099997209385037e-05
7990,6705,6,5,0,4.223002179060131e-06
7991,46155,6,4,0,4.05999890062958e-06
7992,111565,6,6,1,1.0495001333765686e-05
7993,97018,6,5,0,4.291996447136626e-06
7994,127969,7,6,1,1.1293999705230817e-05
7995,60640,9,5,0,6.783997378079221e-06
7996,13709,7,4,0,6.7159999161958694e-06
7997,100452,9,3,0,5.344998498912901e-06
7998,15029,9,2,0,4.597000952344388e-06
7999,48358,7,1,0,3.4229997254442424e-06
8000,73039,9,0,0,3.574001311790198e-06
8001,87036,9,6,0,1.36399976327084e-05
8002,26994,11,5,0,1.4948000170988962e-05
8003,87038,6,6,2,2.6285997591912746e-05
8004,46088,6,6,2,1.9768001948250458e-05
8005,58390,6,6,1,1.1877000360982493e-05
8006,87076,11,6,1,2.4033000954659656e-05
8007,103461,8,6,1,1.3322998711373657e-05
8008,66608,6,6,1,1.1533000360941514e-05
8009,29753,6,6,1,1.1278003512416035e-05
8010,32049,6,5,0,4.437999450601637e-06
8011,9414,6,4,0,4.169996827840805e-06
8012,36758,6,3,0,3.4710028558038175e-06
8013,67551,6,2,0,3.17399826599285e-06
8014,33851,8,6,2,1.8979997548740357e-05
8015,126011,10,5,0,1.5809000615263358e-05
8016,78909,6,6,2,2.0887000573566183e-05
8017,119869,6,6,2,1.996200080611743e-05
8018,1102,6,6,1,1.080000220099464e-05
8019,42065,8,6,1,2.336300167371519e-05
8020,85750,8,5,0,4.883000656263903e-06
8021,13395,7,6,1,1.2560001778183505e-05
8022,39494,7,5,0,5.264002538751811e-06
8023,70743,12,6,2,2.2516000171890482e-05
8024,50264,12,6,1,1.38870018417947e-05
8025,54365,6,6,1,1.2193999282317236e-05
8026,91232,7,6,1,1.192299896501936e-05
8027,1121,6,6,1,1.2523996701929718e-05
8028,119907,6,6,1,1.0943997040158138e-05
8029,5228,7,6,2,1.556899951538071e-05
8030,107636,6,6,3,6.456700066337362e-05
8031,66683,6,6,1,1.4646000636275858e-05
8032,70784,6,6,1,1.178299862658605e-05
8033,5273,6,6,1,1.3021999620832503e-05
8034,74905,7,6,2,2.4787997972453013e-05
8035,133260,8,5,2,1.867600076366216e-05
8036,54429,6,6,3,1.3375996786635369e-05
8037,25763,6,6,2,2.474799839546904e-05
8038,70829,6,6,1,1.2152999261161312e-05
8039,11191,7,5,0,4.918998456560075e-06
8040,124794,6,4,0,4.172001354163513e-06
8041,112498,11,4,0,1.599999814061448e-05
8042,99504,11,6,3,1.7123998986789957e-05
8043,87219,8,6,1,1.779000012902543e-05
8044,25781,6,6,1,1.1891999747604132e-05
8045,111802,10,6,1,2.506199962226674e-05
8046,62652,6,6,1,1.0998002835549414e-05
8047,54461,6,6,1,1.1225998605368659e-05
8048,107717,6,6,1,1.338199945166707e-05
8049,70855,6,6,1,1.0356001439504325e-05
8050,103629,6,6,2,8.390900256927125e-05
8051,7926,6,5,1,1.1145002645207569e-05
8052,42584,7,5,1,4.882600114797242e-05
8053,102407,9,5,0,2.037199737969786e-05
8054,59624,10,5,1,1.4781999198021367e-05
8055,62295,14,5,0,1.6619000234641135e-05
8056,33751,18,4,2,1.3573000614997e-05
8057,9446,9,6,1,1.3965000107418746e-05
8058,99562,6,6,1,1.2717999197775498e-05
8059,132347,7,6,2,1.006700040306896e-05
8060,75035,7,6,1,1.9940001948270947e-05
8061,124190,8,6,0,1.2749002053169534e-05
8062,21791,9,6,3,2.2306998289423063e-05
8063,116007,6,6,3,1.725400215946138e-05
8064,75049,7,6,1,1.223900108016096e-05
8065,75172,6,5,0,4.484001692617312e-06
8066,87512,6,4,0,3.889999788952991e-06
8067,111584,9,4,0,8.69199720909819e-06
8068,91456,6,6,2,1.3992997992318124e-05
8069,125942,7,5,0,9.698000212665647e-06
8070,23832,7,5,1,1.442700158804655e-05
8071,58707,6,6,1,1.2191001587780192e-05
8072,5462,9,6,1,1.8026999896392226e-05
8073,1368,6,6,1,1.2312000762904063e-05
8074,103768,6,6,1,1.0886000382015482e-05
8075,17764,7,6,1,1.545200211694464e-05
8076,121696,6,5,1,1.4693996490677819e-05
8077,120166,7,6,1,1.1596999684115872e-05
8078,111993,9,6,2,2.66759998339694e-05
8079,25985,6,6,2,3.20939980156254e-05
8080,124294,6,6,1,1.673700171522796e-05
8081,38279,6,6,3,1.8020000425167382e-05
8082,58765,6,6,1,1.1782001820392907e-05
8083,21913,6,6,1,1.0829000530065969e-05
8084,71074,8,6,1,2.169499930460006e-05
8085,89630,10,5,1,9.221999789588153e-06
8086,71077,6,6,1,1.0460000339662656e-05
8087,114115,6,5,0,4.489000275498256e-06
8088,87460,14,6,2,2.5468001695116982e-05
8089,1453,6,6,2,1.7401001969119534e-05
8090,1456,6,6,1,1.2539996532723308e-05
8091,9649,6,6,1,1.2036001862725243e-05
8092,126259,6,5,0,4.458997864276171e-06
8093,34226,7,6,2,2.123000012943521e-05
8094,90063,8,5,2,1.325999983237125e-05
8095,1461,6,6,3,2.2132997401058674e-05
8096,34231,7,6,3,1.9154002075083554e-05
8097,68339,10,5,2,1.775800046743825e-05
8098,20040,8,5,1,1.3770997611572966e-05
8099,87488,6,6,1,1.1969001207035035e-05
8100,93872,6,5,0,4.221998096909374e-06
8101,9678,6,6,1,1.669899938860908e-05
8102,6845,6,5,0,4.753997927764431e-06
8103,125911,6,4,0,3.7819991121068597e-06
8104,11519,10,4,0,1.3460998161463067e-05
8105,34107,7,3,1,6.332000339170918e-06
8106,31259,7,5,1,9.364997822558507e-06
8107,6844,9,5,1,1.4787998225074261e-05
8108,75226,7,6,2,3.450399890425615e-05
8109,112091,6,6,2,2.2215001081349328e-05
8110,16336,6,5,1,1.4491000911220908e-05
8111,120292,6,6,1,1.1783999070758e-05
8112,103909,8,6,0,1.8342001567361876e-05
8113,116230,9,6,1,1.2983997294213623e-05
8114,75282,6,6,2,2.6898000214714557e-05
8115,79385,7,6,1,1.6691999917384237e-05
8116,79390,6,6,2,2.4466000468237326e-05
8117,63022,6,6,2,1.8596001609694213e-05
8118,112174,6,6,1,1.2923999747727066e-05
8119,91701,6,6,1,1.164299828815274e-05
8120,67126,7,6,3,2.2429998352890834e-05
8121,71223,8,6,2,1.8229999113827944e-05
8122,103995,6,6,1,1.0801999451359734e-05
8123,26175,6,6,1,1.1512998753460124e-05
8124,22083,8,6,3,1.895300010801293e-05
8125,17989,13,6,2,2.3147000320022926e-05
8126,71246,6,6,1,1.583099947310984e-05
8127,93843,6,5,0,4.854999133385718e-06
8128,95828,7,6,1,2.877800216083415e-05
8129,116322,7,6,2,2.166400008718483e-05
8130,79466,6,6,1,1.2747001164825633e-05
8131,116331,6,6,1,1.0267001925967634e-05
8132,108143,7,6,1,1.6163998225238174e-05
8133,83570,13,6,1,1.642200004425831e-05
8134,104409,6,5,0,4.627996531780809e-06
8135,38979,9,4,0,5.475001671584323e-06
8136,38980,6,3,0,3.8050020521041006e-06
8137,75380,8,6,1,2.0178998966002837e-05
8138,71297,6,6,1,1.152900222223252e-05
8139,112260,6,6,2,2.1314997866284102e-05
8140,42637,6,6,1,1.1400999937904999e-05
8141,95888,6,6,1,1.1460000678198412e-05
8142,14404,6,5,0,4.84600241179578e-06
8143,108189,6,6,1,1.1009000445483252e-05
8144,104098,7,6,1,1.2923999747727066e-05
8145,112297,8,6,1,2.6171001081820577e-05
8146,117451,9,5,1,8.284001523861662e-06
8147,64340,7,4,0,4.359000740805641e-06
8148,34479,6,6,1,1.0906001989496872e-05
8149,100029,8,6,0,1.2426000466803089e-05
8150,34494,13,6,2,2.7263002266408876e-05
8151,23798,10,5,0,6.3539991970174015e-06
8152,18325,11,4,0,5.3389994718600065e-06
8153,120527,6,6,2,1.3222001143731177e-05
8154,112640,9,5,0,1.030999919748865e-05
8155,115902,8,5,0,1.0971998563036323e-05
8156,56247,9,5,0,1.2926000636070967e-05
8157,46800,6,6,1,1.1774001904996112e-05
8158,42716,7,6,1,1.7049998859874904e-05
8159,104164,6,6,1,1.695700120762922e-05
8160,26347,9,6,3,2.1888998162467033e-05
8161,5871,6,6,2,2.5053999706869945e-05
8162,26353,6,6,1,1.1410000297473744e-05
8163,85011,6,5,0,3.16400000883732e-05
8164,55043,6,6,1,1.4831999578746036e-05
8165,9997,6,6,4,1.9641000108094886e-05
8166,30479,8,6,2,3.2780000765342265e-05
8167,67344,9,6,2,1.387100201100111e-05
8168,91923,10,6,2,2.4536999262636527e-05
8169,38675,8,6,1,2.0863997633568943e-05
8170,132889,6,6,1,1.2726999557344243e-05
8171,67359,7,6,1,2.26319971261546e-05
8172,120609,8,6,2,1.3893000868847594e-05
8173,101562,6,5,1,1.2806001905119047e-05
8174,112431,6,6,1,1.1263000487815589e-05
8175,76895,6,5,0,4.140998498769477e-06
8176,50992,6,6,1,1.1479998647700995e-05
8177,108342,7,6,6,1.8807000742526725e-05
8178,38711,7,6,3,2.1632000425597653e-05
8179,18247,8,6,3,2.1269999706419185e-05
8180,63310,6,6,1,1.1285999789834023e-05
8181,16195,6,5,0,4.5579981815535575e-06
8182,18399,7,5,1,9.406001481693238e-06
8183,23219,7,4,0,4.409001121530309e-06
8184,65116,7,3,0,4.093002644367516e-06
8185,5969,6,6,2,2.413899710518308e-05
8186,18259,6,6,1,1.1539003025973216e-05
8187,100182,6,6,1,1.3151999155525118e-05
8188,108397,6,6,1,1.1170999641763046e-05
8189,75633,13,6,1,2.255000072182156e-05
8190,83833,6,6,1,1.2342999980319291e-05
8191,47506,6,5,0,4.560999514069408e-06
8192,63356,6,6,2,2.6423000235809013e-05
8193,59277,6,6,1,1.0746996849775314e-05
8194,79756,10,6,1,1.7102000128943473e-05
8195,128928,6,6,1,1.2283999240025878e-05
8196,3272,6,5,0,4.583998816087842e-06
8197,57192,6,4,0,3.963999915868044e-06
8198,22440,7,6,1,1.6153000615304336e-05
8199,1964,6,6,3,2.1752999600721523e-05
8200,1984,8,6,4,1.793200135580264e-05
8201,108486,6,6,1,1.1464002454886213e-05
8202,79818,7,6,2,1.5764999261591583e-05
8203,116683,9,6,2,2.289300027769059e-05
8204,83924,12,6,3,2.676800068002194e-05
8205,75768,8,6,1,1.284600148210302e-05
8206,47098,6,6,2,1.747599890222773e-05
8207,124924,11,6,3,1.8792001355905086e-05
8208,18444,6,6,1,1.2226999388076365e-05
8209,75789,6,6,1,1.119299849960953e-05
8210,30738,7,6,1,1.2625998351722956e-05
8211,43032,6,6,1,1.2386997696012259e-05
8212,71728,6,5,0,4.401998012326658e-06
8213,92958,6,4,0,1.2009000784019008e-05
8214,22560,7,6,2,1.2456999684218317e-05
8215,6177,8,6,1,1.3115000911056995e-05
8216,59433,6,6,1,1.0965002729790285e-05
8217,129065,7,6,1,2.4087999918265268e-05
8218,71726,6,6,1,1.4707999071106315e-05
8219,30780,7,6,1,1.9480001355987042e-05
8220,34880,6,6,3,2.065599983325228e-05
8221,18500,9,6,3,2.1504001779248938e-05
8222,116806,6,6,1,1.0732001101132482e-05
8223,35602,7,5,0,5.236001015873626e-06
8224,110484,6,4,0,3.992998244939372e-06
8225,110486,6,3,0,3.635999746620655e-06
8226,80383,9,3,0,9.28599911276251e-06
8227,84654,9,3,1,9.678002243163064e-06
8228,79943,6,6,1,1.1690000974340364e-05
8229,84037,15,6,0,1.9932998839067295e-05
8230,82156,14,5,2,1.8517002899898216e-05
8231,100424,9,6,1,1.937100023496896e-05
8232,11856,9,5,0,1.1436997738201171e-05
8233,18507,6,6,1,1.1945001460844651e-05
8234,80190,6,5,0,5.044003046350554e-06
8235,84047,6,6,4,1.528899883851409e-05
8236,47255,10,5,1,1.4738998288521543e-05
8237,125009,8,6,2,2.3800999770173803e-05
8238,79987,6,6,3,2.0731997210532427e-05
8239,55412,6,6,2,1.8246999388793483e-05
8240,100479,6,6,1,1.253400114364922e-05
8241,55424,7,6,3,2.3923999833641574e-05
8242,80002,6,6,1,1.2202999641885981e-05
8243,116869,6,6,2,6.451899753301404e-05
8244,116876,6,6,1,1.4907000149833038e-05
8245,59535,6,6,1,1.1667998478515074e-05
8246,67728,9,6,1,2.6722002075985074e-05
8247,63646,8,6,1,1.7557002138346434e-05
8248,88224,9,6,1,1.4237997675081715e-05
8249,63671,7,6,1,1.2917000276502222e-05
8250,26821,6,6,1,1.2065996997989714e-05
8251,104669,6,6,1,1.1494998034322634e-05
8252,116957,10,6,3,1.819400131353177e-05
8253,116959,6,6,1,1.2263000826351345e-05
8254,55519,7,6,2,2.4197997845476493e-05
8255,116971,6,6,1,1.2186003004899248e-05
8256,108785,6,6,1,1.2325999705353752e-05
8257,112903,14,6,2,2.180199953727424e-05
8258,18699,8,6,2,1.3349002983886749e-05
8259,55565,8,6,2,2.2248001187108457e-05
8260,6414,6,6,4,2.375999974901788e-05
8261,92447,7,6,2,1.7833001038525254e-05
8262,6441,6,6,1,1.8868999177357182e-05
8263,26931,12,6,3,2.1896998077863827e-05
8264,47522,13,5,0,1.6812999092508107e-05
8265,67903,6,6,2,1.703000089037232e-05
8266,59717,6,6,1,3.8629001210210845e-05
8267,84299,22,6,1,3.6123998143011704e-05
8268,39244,6,6,1,1.3312001101439819e-05
8269,112973,6,6,1,1.3024000509176403e-05
8270,67920,7,6,1,1.2107000657124445e-05
8271,15231,7,5,0,5.029000021750107e-06
8272,89462,6,4,0,4.37299968325533e-06
8273,67927,6,6,1,1.2893000530311838e-05
8274,92504,8,6,1,1.850600165198557e-05
8275,51549,6,6,1,1.1853000614792109e-05
8276,51559,6,6,2,1.806599902920425e-05
8277,108918,6,6,1,1.154700294137001e-05
8278,121210,6,6,1,1.0806001228047535e-05
8279,100733,6,6,3,1.6829999367473647e-05
8280,55678,6,6,2,1.8165999790653586e-05
8281,14730,7,6,4,2.2016000002622604e-05
8282,63885,8,6,1,1.7156002286355942e-05
8283,18858,6,6,2,2.3484997655032203e-05
8284,104880,6,6,1,1.0801999451359734e-05
8285,39346,6,6,1,1.101999805541709e-05
8286,85995,6,5,0,4.67000063508749e-06
8287,68247,6,4,0,4.333000106271356e-06
8288,43457,11,6,0,1.9308001355966553e-05
8289,59864,6,6,1,1.1913001799257472e-05
8290,10726,7,6,2,2.2960000933380798e-05
8291,18923,15,6,0,1.5841000276850536e-05
8292,6637,11,6,0,2.126500112353824e-05
8293,56073,13,5,0,1.1750002158805728e-05
8294,35317,13,6,2,2.2239000827539712e-05
8295,104953,7,6,4,1.8283000827068463e-05
8296,84488,11,6,1,2.032499833148904e-05
8297,39451,6,6,1,1.0470001143403351e-05
8298,2590,6,6,1,1.0157000360777602e-05
8299,125471,11,6,1,2.056900120805949e-05
8300,84522,6,6,1,1.1702999472618103e-05
8301,109103,7,6,1,9.694002073956653e-06
8302,47669,6,6,2,1.8087997887050733e-05
8303,80440,6,6,1,1.0294999810867012e-05
8304,117307,6,6,1,1.0422998457215726e-05
8305,14910,13,6,2,1.92320003407076e-05
8306,113223,6,6,1,1.0474999726284295e-05
8307,105038,6,6,1,1.1443997209426016e-05
8308,89604,6,5,0,4.534002073341981e-06
8309,96865,7,6,3,1.600399991730228e-05
8310,47718,6,6,1,1.2335000064922497e-05
8311,88680,6,6,2,2.0362997020129114e-05
8312,109162,9,6,3,1.9908002286683768e-05
8313,68451,6,5,2,1.586099824635312e-05
8314,100974,6,6,1,1.0624997230479494e-05
8315,14958,7,6,1,2.0347000827314332e-05
8316,76406,7,6,1,2.7786001737695187e-05
8317,76408,6,6,2,1.7847996787168086e-05
8318,2693,9,6,1,5.602499732049182e-05
8319,10900,6,6,1,1.4733999705640599e-05
8320,96922,6,6,1,1.2584001524373889e-05
8321,56862,6,5,0,4.7290013753809035e-06
8322,92826,10,6,1,2.3392000002786517e-05
8323,68252,6,6,3,2.134699752787128e-05
8324,10915,6,6,1,1.0849998943740502e-05
8325,32753,6,5,0,4.566998541122302e-06
8326,43997,6,4,0,4.18099807575345e-06
8327,109159,15,5,0,1.5490997611777857e-05
8328,76451,10,6,0,1.5055000403663144e-05
8329,88744,9,6,1,1.2781998520949855e-05
8330,55977,7,6,1,2.010300158872269e-05
8331,27318,15,6,1,2.7920999855268747e-05
8332,27349,6,6,1,1.1979998816968873e-05
8333,19173,7,6,2,1.748999784467742e-05
8334,23283,6,6,3,1.8560000171419233e-05
8335,101108,6,6,1,1.2246000551385805e-05
8336,56058,6,6,3,2.5414999981876463e-05
8337,23292,7,6,3,1.910499850055203e-05
8338,117523,20,6,2,2.706999657675624e-05
8339,52768,11,5,1,1.544800034025684e-05
8340,15124,6,6,1,1.166199945146218e-05
8341,118579,6,5,0,4.378998710308224e-06
8342,109333,6,6,1,1.1023999832104892e-05
8343,76571,8,6,2,2.3394000891130418e-05
8344,2844,6,6,3,2.2655000066151842e-05
8345,101173,6,6,1,1.1104999430244789e-05
8346,76598,6,6,1,1.1721000191755593e-05
8347,121655,6,6,1,1.0986997949657962e-05
8348,68409,7,6,4,1.902499934658408e-05
8349,15440,8,5,0,1.1519998224684969e-05
8350,60219,10,6,2,2.306500027771108e-05
8351,6975,6,6,1,1.147099828813225e-05
8352,31565,6,6,1,1.0493000445421785e-05
8353,11085,6,6,1,1.0240000847261399e-05
8354,64335,11,6,3,2.0870000298600644e-05
8355,27479,6,6,1,1.1789001291617751e-05
8356,39769,10,6,2,1.781300306902267e-05
8357,52068,8,6,1,1.3347998901735991e-05
8358,68473,6,6,1,1.0930998541880399e-05
8359,109439,10,6,1,2.7180001779925078e-05
8360,56197,6,6,2,1.5808000171091408e-05
8361,101265,7,6,1,1.5785000869072974e-05
8362,11159,7,6,1,1.3889999536331743e-05
8363,31644,8,6,2,2.338300328119658e-05
8364,88994,6,6,3,1.857199822552502e-05
8365,101287,6,6,1,1.1796000762842596e-05
8366,27587,8,5,0,5.48099706065841e-06
8367,101293,9,6,1,1.2510001397458836e-05
8368,39856,12,6,1,5.2494000556180254e-05
8369,123267,15,5,1,2.4132998078130186e-05
8370,27573,8,6,3,1.727099879644811e-05
8371,11200,6,6,1,1.3331999070942402e-05
8372,97217,6,6,3,1.7643000319367275e-05
8373,93154,7,6,3,1.3451000995701179e-05
8374,56292,9,6,0,1.383299968438223e-05
8375,3045,6,6,2,2.025199864874594e-05
8376,93174,6,6,2,1.8588001694297418e-05
8377,15352,6,6,1,1.2280001101316884e-05
8378,113665,6,6,1,1.1190000805072486e-05
8379,113667,6,6,1,1.2051001249346882e-05
8380,60427,6,6,1,1.2679000064963475e-05
8381,19467,6,6,3,2.0319999748608097e-05
8382,39955,6,6,4,1.9529998098732904e-05
8383,121897,6,6,3,2.041500192717649e-05
8384,117817,6,6,1,1.3450000551529229e-05
8385,3130,9,6,1,1.7548998584970832e-05
8386,48202,6,6,1,1.2071002856828272e-05
8387,40011,6,6,2,2.3060998501023278e-05
8388,56413,6,6,1,1.062199953594245e-05
8389,93283,6,6,2,1.7974001821130514e-05
8390,126055,8,6,1,1.7469999875174835e-05
8391,130153,6,6,1,1.1324002116452903e-05
8392,15467,9,6,3,1.690299905021675e-05
8393,48243,10,6,2,1.0015999578172341e-05
8394,76916,6,6,1,1.0929998097708449e-05
8395,85112,6,6,1,1.2820997653761879e-05
8396,23673,7,6,4,1.3560998922912404e-05
8397,76930,6,6,1,1.3036999007454142e-05
8398,109701,6,6,1,1.2242002412676811e-05
8399,48277,6,6,2,1.801799953682348e-05
8400,126108,6,6,1,1.2148000678280368e-05
8401,44194,6,6,2,1.8181999621447176e-05
8402,27815,8,6,2,2.110900095431134e-05
8403,3241,8,6,3,2.185900302720256e-05
8404,28283,13,5,0,1.4723002095706761e-05
8405,73754,7,4,1,7.717997505096719e-06
8406,62011,12,5,3,1.720000000204891e-05
8407,57875,10,5,2,1.62840005941689e-05
8408,101973,10,5,2,1.5400000847876072e-05
8409,126945,8,4,1,1.2006999895675108e-05
8410,21005,11,5,3,1.4359000488184392e-05
8411,101560,6,6,1,1.2504999176599085e-05
8412,97470,6,6,1,1.148899900726974e-05
8413,109780,6,6,1,1.2132997653679922e-05
8414,113879,8,6,1,1.4747001841897145e-05
8415,122076,6,6,1,1.0700998245738447e-05
8416,36065,7,6,3,1.785999847925268e-05
8417,117993,6,6,2,2.4811000912450254e-05
8418,113910,6,6,2,4.988599903299473e-05
8419,98756,18,5,2,2.5794997782213613e-05
8420,27904,7,6,2,2.7556001441553235e-05
8421,32016,7,6,2,2.1518000721698627e-05
8422,52518,6,6,1,1.2733002222375944e-05
8423,7477,6,6,1,1.223399885930121e-05
8424,126264,6,6,2,1.8250997527502477e-05
8425,122169,6,6,3,2.0872001186944544e-05
8426,48444,6,6,1,1.1438001820351928e-05
8427,40275,6,6,1,1.5820001863176003e-05
8428,126294,6,6,1,1.9900002371286973e-05
8429,56671,6,6,2,3.601700154831633e-05
8430,89461,6,6,1,1.4433000615099445e-05
8431,118148,6,6,2,1.44240002555307e-05
8432,32156,22,6,0,6.331099939416163e-05
8433,3503,8,6,3,2.4531000235583633e-05
8434,122290,6,6,1,1.3864999345969409e-05
8435,122291,6,6,1,1.2857999536208808e-05
8436,101813,10,6,1,2.636499993968755e-05
8437,85430,15,6,1,1.55849993461743e-05
8438,101821,6,6,3,2.1028001356171444e-05
8439,11719,8,6,2,2.7572998078539968e-05
8440,77256,7,6,1,2.3384000087389722e-05
8441,7628,6,6,2,2.3399999918183312e-05
8442,114124,9,6,1,2.4386998120462522e-05
8443,44496,6,6,1,1.0682000720407814e-05
8444,32232,7,6,4,1.896699905046262e-05
8445,114154,6,6,1,1.3054999726591632e-05
8446,105970,6,6,2,2.416400093352422e-05
8447,65201,6,5,0,4.425997758517042e-06
8448,3579,10,6,3,2.657300137798302e-05
8449,101892,6,6,1,1.1395997717045248e-05
8450,48645,7,6,2,1.469899871153757e-05
8451,114190,7,6,2,1.8738999642664567e-05
8452,7706,6,6,1,1.0980002116411924e-05
8453,101936,7,6,2,6.792699787183665e-05
8454,85563,6,6,1,1.3769000361207873e-05
8455,69184,10,6,1,1.3156000932212919e-05
8456,93763,6,6,1,1.1691998224705458e-05
8457,12186,6,5,0,4.339999577496201e-06
8458,77381,8,6,1,1.3502001820597798e-05
8459,126538,6,6,5,1.5255001926561818e-05
8460,32342,10,6,3,1.962999886018224e-05
8461,11870,7,6,2,2.3425000108545646e-05
8462,122470,10,6,2,2.5895002181641757e-05
8463,93806,6,6,1,1.2586999218910933e-05
8464,69242,10,6,1,1.4453999028773978e-05
8465,81530,20,6,0,2.1047002519480884e-05
8466,103021,7,5,2,1.3501001376425847e-05
8467,126587,16,6,2,1.8858001567423344e-05
8468,3710,6,6,1,1.197600067825988e-05
8469,3712,6,6,1,1.06250008684583e-05
8470,44679,6,6,1,1.2051001249346882e-05
8471,56969,7,6,1,2.2498999896924943e-05
8472,3722,6,6,1,1.1776002793340012e-05
8473,65171,6,6,1,1.0946998372673988e-05
8474,122518,6,6,4,1.65250021382235e-05
8475,110259,11,6,1,1.5210000128718093e-05
8476,118452,10,6,0,1.4158998965285718e-05
8477,65213,6,6,2,1.5531000826740637e-05
8478,3781,6,6,1,1.260400313185528e-05
8479,118469,6,6,1,1.1467000149423257e-05
8480,36570,8,6,0,1.0549996659392491e-05
8481,36571,6,6,1,1.2000000424450263e-05
8482,3812,6,6,1,1.21000011858996e-05
8483,28389,7,6,1,1.0334999387850985e-05
8484,69356,15,6,1,2.1096002456033602e-05
8485,89840,6,6,1,1.1493000783957541e-05
8486,3832,10,6,0,1.2887998309452087e-05
8487,44793,6,6,2,1.5069999790284783e-05
8488,44794,6,6,1,1.2543001503217965e-05
8489,69372,7,6,2,1.84499986062292e-05
8490,24322,7,6,2,2.0171999494777992e-05
8491,3849,10,6,3,1.4790999557590112e-05
8492,28431,6,6,1,1.2001000868622214e-05
8493,69399,6,6,2,1.4199998986441642e-05
8494,89882,6,6,1,1.0382998880231753e-05
8495,69526,6,5,0,4.393998096929863e-06
8496,73795,11,5,0,2.1480002033058554e-05
8497,11753,14,4,0,6.958001904422417e-06
8498,126746,6,6,3,1.8088998331222683e-05
8499,12069,6,6,1,1.3411998224910349e-05
8500,102191,11,6,3,3.102899790974334e-05
8501,41946,10,5,2,1.7681999452179298e-05
8502,114482,7,6,2,1.6029996913857758e-05
8503,85822,7,6,1,4.767199789057486e-05
8504,69446,13,6,3,3.372599894646555e-05
8505,85834,7,6,2,2.445599966449663e-05
8506,110412,6,6,1,1.5080997400218621e-05
8507,122710,7,6,2,1.0439001925988123e-05
8508,106350,11,6,1,1.681900175753981e-05
8509,24593,11,5,0,6.708000000799075e-06
8510,98165,6,6,2,2.550000135670416e-05
8511,28547,6,6,1,1.2989999959245324e-05
8512,36743,6,6,2,1.772299947333522e-05
8513,12172,12,6,0,1.456500103813596e-05
8514,61343,6,6,1,1.1482999980216846e-05
8515,57262,14,6,1,2.3770997358951718e-05
8516,57276,14,6,2,2.271999983349815e-05
8517,12225,6,6,1,1.1588999768719077e-05
8518,122817,6,6,1,1.1988002370344475e-05
8519,110542,6,6,1,1.0383999324403703e-05
8520,53215,6,6,1,1.0684001608751714e-05
8521,4084,8,6,1,2.4901000870158896e-05
8522,131967,13,5,1,1.605400029802695e-05
8523,61472,9,6,2,2.0093000784981996e-05
8524,77867,9,6,1,1.2611999409273267e-05
8525,86089,11,6,1,2.1708001440856606e-05
8526,29536,16,5,0,1.2231001164764166e-05
8527,56967,7,5,2,1.809999957913533e-05
8528,110685,11,6,0,1.5076002455316484e-05
8529,16527,9,6,0,1.9496997992973775e-05
8530,114854,10,6,0,1.689000055193901e-05
8531,184,7,6,1,1.3648001186084002e-05
8532,78028,7,6,2,1.6345002222806215e-05
8533,37093,8,6,1,1.4359000488184392e-05
8534,106740,14,6,3,2.3823002265999094e-05
8535,12544,8,6,2,2.0557999960146844e-05
8536,57647,8,6,0,1.8705999536905438e-05
8537,82238,9,6,3,1.8976999854203314e-05
8538,16879,11,6,1,2.27189993893262e-05
8539,66100,7,6,1,2.681499972823076e-05
8540,78479,7,6,1,9.168998076347634e-06
8541,94926,12,6,0,1.3717999536311254e-05
8542,58132,18,6,0,1.8105998606188223e-05
8543,78695,9,6,0,2.0890998712275177e-05
8544,58385,7,6,1,1.2677002814598382e-05
8545,70823,13,6,3,1.9882001652149484e-05
8546,29934,10,6,4,2.0424002286745235e-05
8547,9564,8,6,1,8.53599703987129e-06
8548,91616,7,6,1,5.4477000958286226e-05
8549,5732,19,6,1,2.780399881885387e-05
8550,100150,11,6,1,2.1821997506776825e-05
8551,38881,10,6,4,2.2418000298785046e-05
8552,14309,9,6,1,1.7660000594332814e-05
8553,83948,9,6,0,1.6291000065393746e-05
8554,133101,8,6,1,2.1716998162446544e-05
8555,120859,9,6,3,2.0294999558245763e-05
8556,14429,7,6,1,1.3759003195445985e-05
8557,112734,9,6,3,2.2871001419844106e-05
8558,59578,10,6,1,1.089899888029322e-05
8559,105225,12,6,0,1.5213001461233944e-05
8560,105359,10,6,1,1.3914002920500934e-05
8561,76784,27,6,5,2.8159000066807494e-05
8562,48312,7,6,1,1.546600105939433e-05
8563,122288,8,6,2,1.9758001144509763e-05
8564,52705,9,6,0,2.0543000573525205e-05
8565,6870,14,6,1,2.803300230880268e-05
8566,118403,9,6,1,1.6344001778634265e-05
8567,126983,7,7,1,1.4227000065147877e-05
8568,32777,7,7,1,1.4921999536454678e-05
8569,86037,7,7,1,1.4638000720879063e-05
8570,26,10,7,5,2.5285000447183847e-05
8571,77854,10,7,1,2.21840018639341e-05
8572,9676,7,6,1,1.044699820340611e-05
8573,65571,7,7,1,1.385100040351972e-05
8574,122929,7,7,1,1.426699964213185e-05
8575,117780,7,6,0,5.771998985437676e-06
8576,62698,8,6,1,1.3437998859444633e-05
8577,4159,7,7,2,1.845099905040115e-05
8578,94274,7,7,3,2.2282001737039536e-05
8579,16463,9,7,1,2.9132999770808965e-05
8580,86117,7,7,1,1.247799809789285e-05
8581,85570,7,6,0,5.8299992815591395e-06
8582,42169,8,5,0,5.10400059283711e-06
8583,59562,10,6,2,2.3855998733779415e-05
8584,102,7,7,2,1.849000182119198e-05
8585,94313,10,7,1,2.0790001144632697e-05
8586,86146,8,7,2,2.4373999622184783e-05
8587,28807,7,7,4,2.1896001271670684e-05
8588,98441,7,7,1,1.3328000932233408e-05
8589,9565,7,6,0,1.4018001820659265e-05
8590,22586,9,5,0,6.435999239329249e-06
8591,102550,9,7,3,2.2849999368190765e-05
8592,90269,7,7,1,1.255200186278671e-05
8593,6619,7,6,0,5.068999598734081e-06
8594,101271,7,5,0,4.452002031030133e-06
8595,75546,13,6,0,5.420800152933225e-05
8596,34218,17,6,1,2.2849999368190765e-05
8597,83393,17,6,2,1.8132999684894457e-05
8598,130507,14,6,3,2.2987998818280175e-05
8599,110755,9,7,1,2.5207998987752944e-05
8600,57511,13,7,1,1.7472000763518736e-05
8601,93649,8,6,0,6.280999514274299e-06
8602,12466,7,5,0,5.017001967644319e-06
8603,29559,8,4,0,5.1440001698210835e-06
8604,91253,7,3,0,3.979999746661633e-06
8605,124249,7,2,0,3.894001565640792e-06
8606,88715,10,2,0,7.98399923951365e-06
8607,57514,7,7,3,2.3808999685570598e-05
8608,94392,7,7,1,1.3505999959306791e-05
8609,99472,11,6,0,8.129998604999855e-06
8610,83654,7,5,0,4.94499909109436e-06
8611,32100,7,4,0,4.405999789014459e-06
8612,85091,7,3,0,3.8809994293842465e-06
8613,106205,11,4,0,1.4915000065229833e-05
8614,106688,7,7,1,1.3740998838329688e-05
8615,58920,7,6,0,5.538997356779873e-06
8616,61632,9,7,2,3.55990014213603e-05
8617,94404,7,7,1,1.7881997337099165e-05
8618,45268,10,7,1,1.7166003090096638e-05
8619,57559,22,7,3,3.100200046901591e-05
8620,30400,20,6,1,5.868200241820887e-05
8621,108445,11,6,2,2.2619999072048813e-05
8622,9522,9,6,2,1.8979000742547214e-05
8623,61663,8,7,2,2.3923999833641574e-05
8624,28907,12,7,1,2.895199941121973e-05
8625,42766,11,6,1,1.878100010799244e-05
8626,39443,8,6,0,1.148499723058194e-05
8627,73449,10,5,1,1.1678999726427719e-05
8628,82158,7,7,1,1.3116998161422089e-05
8629,109217,7,6,0,6.022000889061019e-06
8630,54455,7,5,0,4.7869980335235596e-06
8631,84025,7,4,0,4.0190025174524635e-06
8632,109371,7,3,0,3.960998583352193e-06
8633,3584,9,3,0,9.310002496931702e-06
8634,130921,10,2,0,1.0004001524066553e-05
8635,73966,9,7,1,2.7284997486276552e-05
8636,69887,8,7,1,1.3797001884086058e-05
8637,82176,7,7,1,1.526999767520465e-05
8638,119041,12,7,3,2.0678999135270715e-05
8639,43098,14,6,1,2.2580003133043647e-05
8640,123148,9,7,1,1.5834000805625692e-05
8641,70762,7,6,0,1.0957999620586634e-05
8642,68735,12,6,0,1.1780000932049006e-05
8643,16056,9,5,1,1.2808002793462947e-05
8644,25483,14,5,0,1.5164001524681225e-05
8645,342,12,6,1,1.9103001250186935e-05
8646,10379,8,6,2,4.987099964637309e-05
8647,131342,7,7,4,2.1748997824033722e-05
8648,49422,7,7,1,1.555600101710297e-05
8649,123152,7,7,2,2.596199919935316e-05
8650,283,8,7,2,3.222499799448997e-05
8651,82207,7,7,2,2.6370998966740444e-05
8652,16681,10,7,3,3.281499812146649e-05
8653,131376,7,7,1,1.4274999557528645e-05
8654,131398,7,7,1,1.3842000043950975e-05
8655,80742,7,6,0,5.57300154468976e-06
8656,119110,9,7,1,1.6801997844595462e-05
8657,109771,7,6,0,5.775000317953527e-06
8658,69961,7,7,1,1.2002998118987307e-05
8659,29192,8,6,0,5.85000088904053e-06
8660,82927,7,5,0,4.819001333089545e-06
8661,62562,7,4,0,4.403002094477415e-06
8662,55413,7,3,0,3.92299989471212e-06
8663,64294,7,2,0,3.555000148480758e-06
8664,12623,7,7,1,1.634599902899936e-05
8665,85080,7,6,0,5.261998012429103e-06
8666,7265,7,5,0,4.6000022848602384e-06
8667,57681,10,7,2,3.355199805810116e-05
8668,4697,8,6,0,2.230199970654212e-05
8669,24916,8,7,4,2.6022000383818522e-05
8670,53606,12,7,4,2.3364998924080282e-05
8671,119146,7,7,1,1.2193999282317236e-05
8672,64667,7,6,0,5.022000550525263e-06
8673,102766,7,7,1,1.296800110139884e-05
8674,123247,7,7,3,2.447099905111827e-05
8675,61811,8,7,2,2.7661000785883516e-05
8676,33141,8,7,2,2.5628000003052875e-05
8677,37246,9,7,1,1.6548998246435076e-05
8678,45439,7,7,1,1.4315999578684568e-05
8679,68855,7,6,0,5.619000148726627e-06
8680,17515,7,5,0,4.9150003178510815e-06
8681,119790,9,6,2,8.789997082203627e-06
8682,119181,7,7,1,1.3996999769005924e-05
8683,30168,7,6,0,6.197999027790502e-06
8684,129360,7,5,0,5.346999387256801e-06
8685,37290,7,7,1,1.655799860600382e-05
8686,12732,7,7,3,2.6448000426171347e-05
8687,65984,7,7,1,1.565500133438036e-05
8688,61896,7,7,1,1.340000017080456e-05
8689,104043,7,6,0,7.298000127775595e-06
8690,76625,7,5,0,4.820001777261496e-06
8691,115144,7,7,1,1.4360000932356343e-05
8692,89014,7,6,0,5.686000804416835e-06
8693,74191,12,7,1,2.611899981275201e-05
8694,98772,7,7,1,1.3662000128533691e-05
8695,118480,7,6,0,5.734000296797603e-06
8696,72556,7,5,0,5.00100213685073e-06
8697,28429,11,4,0,6.6159991547465324e-06
8698,31261,10,5,1,1.3385000784182921e-05
8699,98777,7,7,1,1.4436998753808439e-05
8700,41677,7,6,0,5.489000614034012e-06
8701,60696,7,5,0,4.764002369483933e-06
8702,118328,9,5,0,5.205599882174283e-05
8703,49638,8,7,4,2.7203997888136655e-05
8704,66023,7,7,1,1.4279001334216446e-05
8705,104491,7,6,0,5.83200016990304e-06
8706,118379,7,5,0,4.80699964100495e-06
8707,53214,7,4,0,4.297002305975184e-06
8708,22807,7,3,0,3.7579993659164757e-06
8709,6909,7,2,0,3.6890014598611742e-06
8710,90604,8,7,5,1.9029997929465026e-05
8711,66040,7,7,1,1.3913002476328984e-05
8712,119669,7,6,0,5.808000423712656e-06
8713,131589,7,7,1,1.3601002137875184e-05
8714,50289,7,6,0,5.738998879678547e-06
8715,63626,7,5,0,4.893001460004598e-06
8716,114125,7,4,0,4.298999556340277e-06
8717,60808,11,3,0,6.6590000642463565e-06
8718,38284,12,5,1,1.7338003090117127e-05
8719,518,7,7,1,1.4044999261386693e-05
8720,115213,9,7,1,1.999199957936071e-05
8721,130784,7,6,1,7.45959987398237e-05
8722,45584,7,7,3,2.3427000996889547e-05
8723,49686,7,7,1,1.4000001101521775e-05
8724,5868,7,6,0,5.6390017562080175e-06
8725,47723,7,5,0,4.778001311933622e-06
8726,66075,7,7,2,2.091499845846556e-05
8727,12833,7,7,1,1.4422003005165607e-05
8728,107042,12,7,1,1.8095997802447528e-05
8729,108419,7,6,0,5.93199729337357e-06
8730,117814,7,5,0,4.523997631622478e-06
8731,126848,7,4,0,4.37400012742728e-06
8732,14504,7,3,0,4.256999091012403e-06
8733,46457,8,3,1,7.343998731812462e-06
8734,12838,7,7,1,1.391599653288722e-05
8735,121003,7,6,0,5.6729986681602895e-06
8736,107257,9,5,0,5.837999196955934e-06
8737,51257,8,5,1,1.324199911323376e-05
8738,49702,7,7,1,1.4470999303739518e-05
8739,27444,7,6,0,5.436999344965443e-06
8740,57915,9,7,3,2.1039999410277233e-05
8741,8800,11,7,1,2.416300048935227e-05
8742,109618,15,6,0,2.2834003175375983e-05
8743,111884,14,5,0,6.852998922113329e-06
8744,13393,35,6,1,2.6169000193476677e-05
8745,57953,9,7,1,1.4754998119315132e-05
8746,30927,9,6,0,6.587000825675204e-06
8747,12204,7,5,0,4.776000423589721e-06
8748,17001,7,7,1,1.298099959967658e-05
8749,113008,7,6,0,5.599002179224044e-06
8750,10399,7,5,0,4.348999937064946e-06
8751,45678,7,7,1,1.6394002159358934e-05
8752,88932,7,6,0,5.7960023696068674e-06
8753,101390,7,5,0,4.689998604590073e-06
8754,8817,7,7,1,1.3292999938130379e-05
8755,94838,8,7,1,1.8525999621488154e-05
8756,103032,7,7,1,1.3232998753665015e-05
8757,94842,7,7,1,1.3883000065106899e-05
8758,98956,7,7,2,2.7663001674227417e-05
8759,70284,7,7,1,1.3665998267242685e-05
8760,25231,7,7,1,1.2566997611429542e-05
8761,79649,7,6,0,5.51899938727729e-06
8762,70290,8,7,3,5.937700188951567e-05
8763,115351,7,7,2,2.308500188519247e-05
8764,107159,8,7,3,2.257699816254899e-05
8765,107163,7,7,1,1.605400029802695e-05
8766,62119,9,7,2,3.4269000025233254e-05
8767,2789,16,6,1,2.3787000827724114e-05
8768,52219,9,5,0,6.197999027790502e-06
8769,50319,11,5,1,1.5702000382589176e-05
8770,120522,15,6,2,2.596800186438486e-05
8771,29355,9,7,1,3.129500328213908e-05
8772,70335,15,7,0,1.748200156725943e-05
8773,41666,7,7,1,1.5270001313183457e-05
8774,90831,7,7,1,1.5282003005268052e-05
8775,6332,7,6,0,5.522000719793141e-06
8776,45786,12,7,0,1.7764999938663095e-05
8777,13025,7,7,1,1.3568002032116055e-05
8778,83700,9,6,0,7.099999493220821e-06
8779,2381,18,6,0,2.2284002625383437e-05
8780,88950,9,6,1,1.168700327980332e-05
8781,123618,8,7,4,1.709500065771863e-05
8782,126712,9,6,1,1.499199788668193e-05
8783,78563,7,7,2,3.127799936919473e-05
8784,107246,10,7,2,1.8811002519214526e-05
8785,8980,7,7,1,1.4563996955985203e-05
8786,20417,7,6,0,6.080001185182482e-06
8787,90908,8,7,1,1.9412000256124884e-05
8788,58145,7,7,1,1.3580000086221844e-05
8789,58160,7,7,1,1.2782002158928663e-05
8790,116049,7,6,0,6.1290011217352e-06
8791,132631,7,5,0,4.634999640984461e-06
8792,38557,7,4,0,4.269997589290142e-06
8793,80375,7,3,0,3.6950004869140685e-06
8794,26900,7,2,0,3.622000804170966e-06
8795,49976,7,7,1,1.326200072071515e-05
8796,85844,7,6,0,5.533001967705786e-06
8797,86840,7,7,1,1.3924000086262822e-05
8798,82754,7,6,0,5.583999154623598e-06
8799,86843,7,7,1,1.4252000255510211e-05
8800,14233,7,6,0,5.272999260341749e-06
8801,126053,7,5,0,4.719000571640208e-06
8802,82758,8,7,2,2.9677001293748617e-05
8803,29511,7,7,1,1.251600042451173e-05
8804,1341,12,6,0,8.33200101624243e-06
8805,14715,10,6,0,1.1283998901490122e-05
8806,115553,7,7,1,1.4919998648110777e-05
8807,130604,7,6,0,5.464000423671678e-06
8808,17277,10,7,1,2.3258002329384908e-05
8809,95104,25,7,1,4.715799877885729e-05
8810,99462,11,6,2,2.248000237159431e-05
8811,31133,9,6,0,1.8717000784818083e-05
8812,49626,15,6,1,2.3994998628040776e-05
8813,89857,12,6,0,2.0989999029552564e-05
8814,118510,18,6,1,2.311799835297279e-05
8815,58246,7,7,1,2.102000144077465e-05
8816,904,10,7,3,2.711100023589097e-05
8817,86923,9,7,3,2.414399932604283e-05
8818,29621,7,7,1,1.3742002920480445e-05
8819,29949,7,6,0,5.1630013331305236e-06
8820,42304,8,5,0,5.452002369565889e-06
8821,15385,8,4,0,4.76999775855802e-06
8822,84325,7,3,0,3.896999260177836e-06
8823,25528,8,7,1,3.686900163302198e-05
8824,11476,9,6,0,7.071001164149493e-06
8825,78780,7,7,1,1.3335000403458253e-05
8826,66734,7,6,0,5.592999514192343e-06
8827,9979,7,5,0,4.502002411754802e-06
8828,34954,10,5,0,1.136799983214587e-05
8829,29644,7,7,1,1.411300036124885e-05
8830,83091,7,6,0,5.57400198886171e-06
8831,119762,7,7,3,2.2527001419803128e-05
8832,37842,10,7,3,2.255100116599351e-05
8833,115670,9,7,1,2.5180001102853566e-05
8834,82905,7,7,1,1.3033000868745148e-05
8835,98780,9,6,0,6.387999746948481e-06
8836,79045,11,6,1,1.6712001524865627e-05
8837,87010,7,7,1,1.3639000826515257e-05
8838,66538,7,7,3,6.508200021926314e-05
8839,50477,7,6,1,1.1860000086016953e-05
8840,119792,8,7,1,1.857300230767578e-05
8841,80361,8,6,2,2.1929998183622956e-05
8842,119797,7,7,1,1.3910001143813133e-05
8843,115707,11,7,1,2.8367998311296105e-05
8844,58366,7,7,1,1.4203000318957493e-05
8845,70666,7,7,1,1.4205001207301393e-05
8846,3776,7,6,0,9.094997949432582e-06
8847,66637,7,5,0,5.113997758598998e-06
8848,54973,7,4,0,4.623001586878672e-06
8849,128013,7,7,1,1.334499756922014e-05
8850,42004,8,7,2,2.2030999389244244e-05
8851,107540,8,7,1,1.3151999155525118e-05
8852,62486,7,7,1,1.1436000932008028e-05
8853,88176,7,6,0,5.310001142788678e-06
8854,35318,7,5,0,4.78899892186746e-06
8855,64780,7,4,0,4.285000613890588e-06
8856,86021,11,4,1,1.6567002603551373e-05
8857,61795,11,3,0,5.312998837325722e-06
8858,46363,8,2,0,4.258999979356304e-06
8859,95257,7,7,1,1.3818000297760591e-05
8860,89645,7,6,0,5.806999979540706e-06
8861,25626,7,7,1,1.4489000022877008e-05
8862,103453,8,7,6,3.823400038527325e-05
8863,115742,7,7,1,1.463600347051397e-05
8864,29738,7,7,1,1.2559001334011555e-05
8865,32664,7,6,0,5.212001269683242e-06
8866,64191,7,5,0,4.361001629149541e-06
8867,35656,7,4,0,4.0619997889734805e-06
8868,44245,7,3,0,7.637998351128772e-06
8869,52598,8,2,0,5.484998837346211e-06
8870,29740,7,7,1,1.5989997336873785e-05
8871,119873,7,7,1,1.4678000297863036e-05
8872,83020,7,7,3,2.5035002181539312e-05
8873,25696,10,7,2,3.1602001399733126e-05
8874,62560,8,7,1,2.084500010823831e-05
8875,129046,9,6,0,1.2933000107295811e-05
8876,50295,7,7,2,2.095200034091249e-05
8877,9335,7,7,1,1.298800270888023e-05
8878,80374,7,6,0,6.0539969126693904e-06
8879,11275,7,5,0,4.874000296695158e-06
8880,11553,7,4,0,4.501001967582852e-06
8881,60820,7,3,0,3.908000508090481e-06
8882,114473,7,2,0,3.8239995774347335e-06
8883,26205,7,1,0,3.2369971449952573e-06
8884,82843,14,4,0,9.013001545099542e-06
8885,21628,7,7,1,1.4705001376569271e-05
8886,39144,7,6,0,5.465000867843628e-06
8887,119960,7,7,1,1.5261000953614712e-05
8888,58532,19,7,1,2.6842000806936994e-05
8889,21937,8,6,2,1.883100048871711e-05
8890,5286,7,7,2,2.083999788737856e-05
8891,132284,7,7,1,1.4209999790182337e-05
8892,42172,7,7,1,1.4300003385869786e-05
8893,33985,7,7,1,1.3208999007474631e-05
8894,108170,11,6,0,8.282997441710904e-06
8895,42204,7,7,1,1.4781999198021367e-05
8896,79077,8,7,3,2.372699964325875e-05
8897,62708,7,7,1,1.6702000721124932e-05
8898,107766,8,7,1,2.0542996935546398e-05
8899,87295,7,7,1,1.4705001376569271e-05
8900,120558,7,6,0,5.6820026657078415e-06
8901,21768,8,7,1,2.1167998056625947e-05
8902,23119,7,6,3,1.4225999620975927e-05
8903,92933,10,6,0,1.981999957934022e-05
8904,13577,7,7,2,1.983800029847771e-05
8905,132364,11,7,0,2.1580999600701034e-05
8906,95535,7,7,1,1.383600101689808e-05
8907,116018,7,7,1,1.5490997611777857e-05
8908,128941,7,6,0,5.7059987739194185e-06
8909,51964,7,5,0,4.732002707896754e-06
8910,75059,8,7,1,1.4495999494101852e-05
8911,76893,7,6,0,5.075002263765782e-06
8912,79157,7,7,1,1.4077002560952678e-05
8913,111931,14,7,1,2.150299769709818e-05
8914,50505,15,7,3,2.6360001356806606e-05
8915,34124,8,7,4,2.154500180040486e-05
8916,42332,7,7,1,1.2451000657165423e-05
8917,26873,7,6,0,5.925998266320676e-06
8918,27494,7,5,0,5.166999471839517e-06
8919,95588,7,7,1,1.3987002603244036e-05
8920,39447,7,6,0,5.456000508274883e-06
8921,5480,7,7,1,1.5238001651596278e-05
8922,60691,7,6,0,5.518002581084147e-06
8923,120188,7,7,1,1.5349000022979453e-05
8924,38285,7,7,1,1.808299930416979e-05
8925,129362,7,6,0,6.695998308714479e-06
8926,128403,7,7,1,1.680000059423037e-05
8927,42401,11,7,1,3.421300061745569e-05
8928,21928,11,7,2,2.6527999580139294e-05
8929,79278,7,7,1,1.5232999430736527e-05
8930,38321,9,7,1,3.278900112491101e-05
8931,13748,10,7,1,3.0615003197453916e-05
8932,101932,9,6,1,1.1967000318691134e-05
8933,132535,13,7,0,2.0849998691119254e-05
8934,71128,7,7,1,1.2215001333970577e-05
8935,116194,7,7,1,1.298200004384853e-05
8936,91619,7,7,1,1.7090998881030828e-05
8937,34457,7,6,0,5.662001058226451e-06
8938,1516,11,7,1,1.6784997569629923e-05
8939,128493,7,7,1,1.0944000678136945e-05
8940,38384,8,7,2,1.8632999854162335e-05
8941,75965,14,6,1,2.2395000996766612e-05
8942,130928,7,6,2,1.296700065722689e-05
8943,83445,7,7,2,3.465799818513915e-05
8944,124407,7,7,1,1.3636999938171357e-05
8945,18139,7,6,0,5.112000508233905e-06
8946,132599,10,7,2,2.603699977044016e-05
8947,71164,7,7,1,1.4948000170988962e-05
8948,68725,7,6,0,5.493999196914956e-06
8949,58877,8,7,1,3.0333001632243395e-05
8950,132619,7,7,2,1.8894999811891466e-05
8951,42512,9,7,3,2.151999797206372e-05
8952,22035,8,7,3,2.9738999728579074e-05
8953,1558,7,7,2,2.9070000891806558e-05
8954,17977,8,7,2,1.86970028153155e-05
8955,26173,7,7,1,1.440499909222126e-05
8956,34391,7,7,2,2.0617000700440258e-05
8957,22110,9,7,3,2.7846999728353694e-05
8958,46690,8,7,1,2.756200046860613e-05
8959,116328,10,7,3,2.4124001356540248e-05
8960,124599,9,6,1,1.630200131330639e-05
8961,126758,7,6,2,1.0666000889614224e-05
8962,108139,16,7,1,3.929800004698336e-05
8963,44033,12,6,3,1.8131999240722507e-05
8964,86781,18,6,1,6.36770018900279e-05
8965,79478,7,7,1,1.6701000276952982e-05
8966,26236,18,7,0,2.336000034119934e-05
8967,112256,11,7,4,2.5665001885499805e-05
8968,71302,7,7,1,1.4746998203918338e-05
8969,51980,7,6,0,5.769998097093776e-06
8970,46743,7,7,2,1.8335998902330175e-05
8971,75419,7,7,1,1.42659991979599e-05
8972,72636,9,6,0,7.397000445052981e-06
8973,79515,9,7,1,2.458999733789824e-05
8974,44659,13,6,0,1.8285001715412363e-05
8975,18082,7,7,1,1.4339999324874952e-05
8976,124618,14,7,1,2.1528998331632465e-05
8977,59094,8,7,1,2.252799822599627e-05
8978,30422,8,7,1,1.2001000868622214e-05
8979,55011,7,7,1,1.4740999176865444e-05
8980,39790,7,6,0,6.0540005506481975e-06
8981,52371,7,5,0,4.888999683316797e-06
8982,112371,7,7,4,2.5408000510651618e-05
8983,55040,8,7,1,3.441299850237556e-05
8984,67337,7,7,1,1.3897999451728538e-05
8985,124683,7,7,1,1.470300048822537e-05
8986,64367,7,6,0,5.936999514233321e-06
8987,125735,7,5,0,5.324000085238367e-06
8988,71438,38,7,1,4.435099981492385e-05
8989,22300,7,7,1,1.3345001207198948e-05
8990,68020,7,6,0,5.213998520048335e-06
8991,68452,7,5,0,4.612000338966027e-06
8992,112418,9,7,4,2.6120997063117102e-05
8993,42791,15,7,1,2.5006000214489177e-05
8994,120624,7,7,2,2.7313999453326687e-05
8995,46902,23,7,4,2.8757000109180808e-05
8996,132925,11,7,1,3.228299829061143e-05
8997,2121,11,6,0,6.42400118522346e-06
8998,30547,7,7,1,1.3619999663205817e-05
8999,59223,8,7,1,1.4175999240251258e-05
9000,5982,7,7,1,1.3737997505813837e-05
9001,40741,7,6,0,5.246001819614321e-06
9002,116583,7,7,2,2.9291000828379765e-05
9003,1903,14,7,0,3.2494997867615893e-05
9004,132976,7,7,1,2.3010001314105466e-05
9005,6004,7,7,1,1.3175002095522359e-05
9006,124790,7,7,1,1.7485999705968425e-05
9007,10110,20,7,2,2.19409994315356e-05
9008,14210,7,7,2,3.4636999771464616e-05
9009,6021,9,7,3,2.4413999199168757e-05
9010,14215,7,7,1,1.525900006527081e-05
9011,87944,13,7,0,2.4498000129824504e-05
9012,124824,7,7,1,1.4868997823214158e-05
9013,67482,10,7,0,1.5718000213382766e-05
9014,108446,7,7,1,1.3916000170866027e-05
9015,63399,7,7,1,1.3782002497464418e-05
9016,128935,7,7,1,1.7676000425126404e-05
9017,63401,7,7,1,1.4511002518702298e-05
9018,18344,13,7,0,1.8611000996315852e-05
9019,34745,13,7,3,2.700600089156069e-05
9020,34749,8,7,3,2.6312001864425838e-05
9021,67552,7,7,1,1.3627002772409469e-05
9022,56399,7,6,0,5.526999302674085e-06
9023,101954,7,5,0,4.84500196762383e-06
9024,2033,7,7,1,1.196100129163824e-05
9025,77048,12,6,0,8.849001460475847e-06
9026,44951,7,5,0,4.5769993448629975e-06
9027,91186,12,4,0,6.0679994930978864e-06
9028,23477,7,3,0,4.092999006388709e-06
9029,99561,14,4,0,6.638998456764966e-06
9030,116069,15,3,0,6.261001544771716e-06
9031,2311,30,6,1,3.25660002999939e-05
9032,26624,21,7,4,7.678799738641828e-05
9033,116754,10,7,3,2.3717002477496862e-05
9034,83993,7,7,1,1.6056997992563993e-05
9035,96778,8,6,0,7.058999472064897e-06
9036,59444,8,7,3,2.268800017191097e-05
9037,122460,16,6,1,2.0581002900144085e-05
9038,67664,7,7,1,1.4379998901858926e-05
9039,71762,8,7,4,2.5507997634122148e-05
9040,125019,7,7,2,3.617000038502738e-05
9041,88164,9,7,2,1.836099909269251e-05
9042,85907,10,6,2,1.759799852152355e-05
9043,130284,8,5,3,1.416700251866132e-05
9044,106619,9,6,1,1.0547002602834255e-05
9045,115731,12,6,2,2.058500103885308e-05
9046,2164,7,7,2,2.1805000869790092e-05
9047,59519,7,7,1,1.4632001693826169e-05
9048,55425,7,7,1,1.268599953618832e-05
9049,30849,10,7,2,2.6822999643627554e-05
9050,133257,7,7,3,2.3270000383490697e-05
9051,39063,7,7,1,2.0615003450075164e-05
9052,10398,7,7,1,1.5539997548330575e-05
9053,120992,9,7,2,2.6404999516671523e-05
9054,2219,7,7,1,1.4548000763170421e-05
9055,84145,12,7,2,3.0778999644098803e-05
9056,109463,18,6,4,3.0049999622860923e-05
9057,59569,9,7,2,2.1519001165870577e-05
9058,116919,7,7,3,2.655600110301748e-05
9059,2240,7,7,2,1.9467999663902447e-05
9060,84180,7,7,1,1.3532000593841076e-05
9061,15614,7,6,0,5.232002877164632e-06
9062,40498,7,5,0,4.755998816108331e-06
9063,3889,7,4,0,4.147001163801178e-06
9064,14548,11,7,2,2.188299913541414e-05
9065,26845,7,7,2,1.7988000763580203e-05
9066,108769,8,7,2,2.9981998522998765e-05
9067,28529,7,6,0,4.9199989007320255e-06
9068,80811,9,6,1,1.5499997971346602e-05
9069,35055,10,7,1,2.032499833148904e-05
9070,125169,8,7,1,2.7989000955130905e-05
9071,100624,7,7,2,2.0327999664004892e-05
9072,88339,19,7,0,2.1649997506756335e-05
9073,14614,7,7,1,1.3287000911077484e-05
9074,88349,7,7,1,1.603700002306141e-05
9075,39219,7,7,1,1.484099993831478e-05
9076,92468,12,7,1,2.646699795150198e-05
9077,51517,15,7,2,3.089500023634173e-05
9078,66766,10,6,0,1.265299943042919e-05
9079,59716,22,7,1,3.389699850231409e-05
9080,67928,7,7,1,1.4663000911241397e-05
9081,51548,7,7,1,1.459700069972314e-05
9082,63836,9,7,1,2.5531997380312532e-05
9083,31078,7,7,1,1.385300129186362e-05
9084,108917,12,7,4,2.2711003111908212e-05
9085,27009,8,7,1,1.4799999917158857e-05
9086,108930,7,7,1,1.4137000107439235e-05
9087,14726,14,7,1,3.21830011671409e-05
9088,67985,10,7,3,2.940500053227879e-05
9089,51638,9,7,2,2.877899896702729e-05
9090,113082,7,7,1,1.4446999557549134e-05
9091,125380,10,7,2,5.750900163548067e-05
9092,88923,9,6,1,1.342000177828595e-05
9093,118146,7,6,1,2.247500015073456e-05
9094,115518,14,6,0,1.4274999557528645e-05
9095,115980,10,5,1,1.1559997801668942e-05
9096,39371,9,7,1,1.554999835207127e-05
9097,68044,10,7,5,1.7523001588415354e-05
9098,43470,7,7,1,1.6465000953758135e-05
9099,92622,16,7,4,2.8230002499185503e-05
9100,6615,9,7,2,1.6565998521400616e-05
9101,39385,12,7,2,2.9650000215042382e-05
9102,31197,10,7,1,2.9987000743858516e-05
9103,72173,7,7,2,2.711200068006292e-05
9104,92663,7,7,1,1.459800114389509e-05
9105,104964,7,7,1,1.336499917670153e-05
9106,88584,7,7,1,1.770399831002578e-05
9107,35791,7,6,0,5.662997864419594e-06
9108,51722,8,7,3,2.329800190636888e-05
9109,84491,10,7,1,3.607300095609389e-05
9110,39439,7,7,1,1.2989999959245324e-05
9111,80405,8,7,3,2.278900137753226e-05
9112,130006,8,6,1,2.157400012947619e-05
9113,84514,7,7,1,1.4492001355392858e-05
9114,23741,7,6,0,5.817000783281401e-06
9115,39460,8,7,2,1.459900158806704e-05
9116,73140,8,6,2,2.0882998796878383e-05
9117,88649,7,7,1,1.4475997886620462e-05
9118,51791,13,7,2,2.917900201282464e-05
9119,2649,7,7,1,1.4676999853691086e-05
9120,69423,8,6,0,6.0679994930978864e-06
9121,113252,7,7,1,1.3349999790079892e-05
9122,52208,7,6,0,5.601999873761088e-06
9123,15848,7,5,0,4.836998414248228e-06
9124,39526,10,7,0,1.702499866951257e-05
9125,129642,7,7,1,1.4009998267283663e-05
9126,68454,8,6,0,6.275000487221405e-06
9127,117362,11,7,0,2.2038002498447895e-05
9128,39542,8,7,3,2.7520000003278255e-05
9129,27255,9,7,0,1.5216002793749794e-05
9130,44335,8,6,2,1.4975001249695197e-05
9131,96896,8,7,1,2.300999767612666e-05
9132,76433,7,7,1,2.05530013772659e-05
9133,68242,7,7,2,2.855200000340119e-05
9134,92831,7,7,1,1.749199873302132e-05
9135,27297,7,7,2,5.3310999646782875e-05
9136,35795,7,6,2,2.5917997845681384e-05
9137,72391,7,7,4,2.3736000002827495e-05
9138,56010,8,7,2,2.877899896702729e-05
9139,76509,7,7,2,1.8753002223093063e-05
9140,6880,9,7,1,2.0871000742772594e-05
9141,92957,13,7,3,2.2713000362273306e-05
9142,121637,7,7,1,1.5765999705763534e-05
9143,84806,7,7,2,1.7808997654356062e-05
9144,88906,7,7,1,1.6529000276932493e-05
9145,125775,7,7,1,1.4792000001762062e-05
9146,19282,26,7,2,3.5831999412039295e-05
9147,125786,8,7,3,3.1947001843946055e-05
9148,7005,7,7,1,1.505300315329805e-05
9149,48003,7,6,0,6.32100272923708e-06
9150,80752,8,7,2,1.7661001038504764e-05
9151,60271,12,7,5,2.5029003154486418e-05
9152,84881,7,7,2,2.0895000488962978e-05
9153,15259,7,7,2,2.789300197036937e-05
9154,97485,7,6,1,2.1217001631157473e-05
9155,87009,8,6,1,1.4900000678608194e-05
9156,121758,8,7,1,1.7793998267734423e-05
9157,125855,7,7,1,1.4813998859608546e-05
9158,15268,14,7,2,2.492700150469318e-05
9159,27578,8,7,2,1.9417999283177778e-05
9160,19417,7,7,2,3.3823002013377845e-05
9161,39908,11,7,1,2.8685000870609656e-05
9162,52204,10,7,2,2.9579998226836324e-05
9163,52211,8,7,1,1.5280002116924152e-05
9164,52224,7,7,2,2.068699905066751e-05
9165,27650,7,7,2,2.753200169536285e-05
9166,19461,10,7,3,2.1498002752196044e-05
9167,109593,14,7,2,2.770300125121139e-05
9168,23579,8,7,5,2.941299680969678e-05
9169,113703,7,7,1,1.5329998859670013e-05
9170,80945,13,7,5,2.5698998797452077e-05
9171,3124,7,7,1,1.3600001693703234e-05
9172,11337,7,7,1,1.9883002096321434e-05
9173,72795,10,7,1,2.087900065816939e-05
9174,40041,11,7,0,2.1276002371450886e-05
9175,23685,7,7,1,1.517000055173412e-05
9176,3207,9,7,1,2.5459001335548237e-05
9177,64666,7,7,1,1.5143999917199835e-05
9178,97442,8,7,2,2.278800093336031e-05
9179,64679,7,7,1,1.4664001355413347e-05
9180,48301,7,7,1,1.4632998500019312e-05
9181,117969,12,7,0,2.4559001758461818e-05
9182,8098,12,6,0,6.418998964363709e-06
9183,93396,7,7,1,1.5053999959491193e-05
9184,32724,7,6,0,5.360001523513347e-06
9185,59448,9,6,0,9.798997780308127e-06
9186,105686,10,7,1,2.465300349285826e-05
9187,60802,9,6,2,1.8196002201875672e-05
9188,130277,7,7,1,1.4419001672649756e-05
9189,27884,7,7,1,1.4475001080427319e-05
9190,109830,9,7,2,2.5805002223933116e-05
9191,97553,10,7,2,1.2800999684259295e-05
9192,32018,7,7,1,1.0218998795608059e-05
9193,60695,7,7,1,1.52689972310327e-05
9194,11551,12,7,1,6.902199675096199e-05
9195,36140,7,7,1,1.6185000276891515e-05
9196,130355,13,7,3,2.7522000891622156e-05
9197,103519,16,6,4,2.2332998923957348e-05
9198,105785,7,7,1,1.5030997019493952e-05
9199,11580,9,7,3,2.856499850167893e-05
9200,48448,7,7,2,1.7922000552061945e-05
9201,40339,11,6,0,1.1956002708757296e-05
9202,81221,7,7,3,2.4084001779556274e-05
9203,23890,7,7,1,1.5038000128697604e-05
9204,64856,8,7,1,2.6186000468442217e-05
9205,122201,13,7,1,2.772100197034888e-05
9206,101921,9,6,2,1.9869999960064888e-05
9207,3430,8,7,3,2.1882002329220995e-05
9208,77181,9,7,0,2.711400156840682e-05
9209,89483,12,7,1,2.0768002286786214e-05
9210,56718,8,7,2,3.205699977115728e-05
9211,48540,10,7,1,5.7545999879948795e-05
9212,19898,12,7,1,3.2498999644303694e-05
9213,122308,14,7,1,2.5145000108750537e-05
9214,89548,9,7,3,2.008400042541325e-05
9215,69076,9,7,2,1.587999940966256e-05
9216,101845,8,7,1,1.7237998690688983e-05
9217,52708,7,7,1,1.6114998288685456e-05
9218,11754,7,7,1,1.3594999472843483e-05
9219,40443,7,7,1,1.3782999303657562e-05
9220,73499,8,6,0,6.494999979622662e-06
9221,114623,7,5,0,4.769000952364877e-06
9222,106954,8,5,1,7.279002602444962e-06
9223,132803,8,4,1,8.745002560317516e-06
9224,77325,8,7,1,2.4045999452937394e-05
9225,7705,10,7,3,1.8968003132613376e-05
9226,118306,12,7,5,2.801500158966519e-05
9227,24100,7,7,1,1.6788999346317723e-05
9228,77370,7,7,1,1.5129000530578196e-05
9229,73280,12,7,2,2.502899951650761e-05
9230,97865,11,7,1,2.3190998035715893e-05
9231,7761,7,7,2,1.9099999917671084e-05
9232,56913,13,7,2,2.8012997063342482e-05
9233,32351,11,7,0,2.6991998311132193e-05
9234,28257,7,7,1,1.567499930388294e-05
9235,106111,7,7,3,2.1978998120175675e-05
9236,69258,8,7,2,2.432100154692307e-05
9237,56975,10,7,1,2.1512998500838876e-05
9238,65170,9,7,2,2.9326998628675938e-05
9239,32403,7,7,2,3.446600021561608e-05
9240,122521,8,7,1,1.444300141884014e-05
9241,3775,8,7,2,2.9448001441778615e-05
9242,40640,7,7,1,1.4880999515298754e-05
9243,3780,7,7,2,2.688800304895267e-05
9244,11976,7,7,4,2.8618000214919448e-05
9245,122581,7,7,3,2.563099769758992e-05
9246,118513,8,7,1,2.617299833218567e-05
9247,71552,13,6,0,1.908899866975844e-05
9248,56774,14,5,0,1.365699790767394e-05
9249,118520,7,7,1,1.4041001122677699e-05
9250,52993,9,7,1,5.8018002164317295e-05
9251,44804,7,7,1,1.7839000065578148e-05
9252,122637,28,7,0,3.058099900954403e-05
9253,20241,11,7,5,2.3530003090854734e-05
9254,122654,7,7,2,2.30289988394361e-05
9255,40736,7,7,1,1.4057000953471288e-05
9256,48931,15,7,4,2.7048001356888562e-05
9257,54011,12,6,2,1.7661001038504764e-05
9258,106303,8,7,1,1.3169999874662608e-05
9259,77641,7,7,1,1.4362001820700243e-05
9260,57163,10,7,1,1.5947000065352768e-05
9261,40790,10,7,3,3.17960002576001e-05
9262,7103,13,6,0,9.363000572193414e-06
9263,39218,18,6,0,1.5115001588128507e-05
9264,101475,11,6,0,1.3423999916994944e-05
9265,53091,9,7,2,2.2552001610165462e-05
9266,114535,8,7,2,2.8785001632058993e-05
9267,118643,8,7,1,1.541299934615381e-05
9268,49019,8,7,3,2.885899812099524e-05
9269,3967,7,7,1,1.4212000678526238e-05
9270,28549,9,7,1,2.2208998416317627e-05
9271,24455,11,7,1,2.0477000362006947e-05
9272,75264,16,6,2,2.7534999389899895e-05
9273,4012,8,7,2,2.6006000553024933e-05
9274,36783,7,7,1,1.4983001165091991e-05
9275,122808,7,7,2,1.8774000636767596e-05
9276,16313,7,7,1,1.484200038248673e-05
9277,65492,8,7,2,2.3006999981589615e-05
9278,16340,8,7,2,2.4479999410687014e-05
9279,126950,9,7,0,2.3530999897047877e-05
9280,20469,10,7,0,1.560300006531179e-05
9281,53243,7,7,3,2.5710000045364723e-05
9282,24607,12,7,2,2.650500027812086e-05
9283,65599,9,7,0,2.9364000511122867e-05
9284,28751,9,7,1,2.8231999749550596e-05
9285,90258,12,7,0,2.3963999410625547e-05
9286,119015,11,7,1,2.1547999494941905e-05
9287,127221,8,7,1,6.913499964866787e-05
9288,106875,8,7,2,3.383199873496778e-05
9289,49539,12,7,2,3.080899841734208e-05
9290,16783,11,7,4,2.284500078530982e-05
9291,29075,10,7,1,2.8973998269066215e-05
9292,119190,12,7,1,2.865799979190342e-05
9293,123293,10,7,2,2.711100023589097e-05
9294,62102,9,7,1,2.20219990296755e-05
9295,82657,9,7,1,1.311899904976599e-05
9296,8995,9,7,1,1.3043001672485843e-05
9297,37865,9,7,1,1.9111997971776873e-05
9298,46063,15,7,5,2.414399932604283e-05
9299,95283,10,7,4,2.89169984171167e-05
9300,70770,13,7,2,2.65199996647425e-05
9301,111794,8,7,1,1.0822997865034267e-05
9302,103608,14,7,3,2.508100078557618e-05
9303,39327,13,6,1,2.006499926210381e-05
9304,75055,10,7,1,2.888000017264858e-05
9305,42322,9,7,1,1.7391997971571982e-05
9306,103853,19,7,1,3.139799810014665e-05
9307,9654,12,7,0,2.3507000150857493e-05
9308,58934,8,7,1,2.47309981205035e-05
9309,132669,9,7,1,2.4643002689117566e-05
9310,59052,10,7,2,2.9877999622840434e-05
9311,92012,13,7,0,2.4293000024044886e-05
9312,120697,9,7,1,1.9703998987097293e-05
9313,47096,9,7,1,1.885000165202655e-05
9314,51211,12,7,0,3.214200114598498e-05
9315,59503,8,7,1,1.6540001524845138e-05
9316,14528,14,7,2,2.2280000848695636e-05
9317,49807,19,6,0,2.0922998373862356e-05
9318,67788,14,7,1,3.7028999940957874e-05
9319,121196,8,7,5,2.9220998840173706e-05
9320,31163,17,7,2,5.421799869509414e-05
9321,68081,9,7,0,2.6092999178217724e-05
9322,39446,9,7,1,2.4971999664558098e-05
9323,113335,15,7,2,2.13350031117443e-05
9324,2916,13,7,4,2.4821998522384092e-05
9325,76684,10,7,2,2.4557000870117918e-05
9326,95569,13,6,1,2.022500120801851e-05
9327,105366,10,7,0,2.85400019492954e-05
9328,113594,8,7,1,3.1898001907393336e-05
9329,89173,8,7,1,3.183300214004703e-05
9330,64694,8,7,1,2.815200059558265e-05
9331,122159,13,7,1,3.2175001251744106e-05
9332,40330,9,7,2,2.3030002921586856e-05
9333,93720,15,7,2,3.823799852398224e-05
9334,85559,16,7,0,8.956400051829405e-05
9335,98340,9,7,3,2.7047000912716612e-05
9336,106644,10,7,1,3.22619998769369e-05
9337,74080,10,7,5,2.4721000954741612e-05
9338,49565,15,7,3,1.9571998564060777e-05
9339,66098,11,7,1,2.073900031973608e-05
9340,33941,9,7,0,1.3187000149628147e-05
9341,117004,11,6,1,1.4533001376548782e-05
9342,59166,15,7,2,1.9600000086938962e-05
9343,80421,11,7,3,2.1899002604186535e-05
9344,97163,10,7,3,2.5885001377901062e-05
9345,62480,14,7,1,2.534200029913336e-05
9346,124823,11,7,4,2.553500235080719e-05
9347,124928,8,8,1,1.4318000467028469e-05
9348,124926,8,7,0,6.432997906813398e-06
9349,27319,8,6,0,5.586000042967498e-06
9350,40402,8,5,0,4.768000508192927e-06
9351,69903,8,4,0,4.3719992390833795e-06
9352,62017,8,3,0,4.379999154480174e-06
9353,42318,8,2,0,3.928002115571871e-06
9354,38725,8,1,0,3.4679978853091598e-06
9355,9674,14,4,0,9.187999239657074e-06
9356,20484,8,8,1,4.160300159128383e-05
9357,43012,8,8,1,2.04619973374065e-05
9358,64630,8,7,0,7.4599993240553886e-06
9359,109602,10,7,0,1.5908997738733888e-05
9360,49159,10,8,3,3.2411997381132096e-05
9361,13,12,8,4,3.221600127290003e-05
9362,77838,8,8,1,1.761499879648909e-05
9363,73744,8,8,4,3.7989000702509657e-05
9364,104400,8,7,0,6.274000043049455e-06
9365,73747,10,8,3,3.329900209791958e-05
9366,110624,8,8,1,1.4271001418819651e-05
9367,3686,8,7,0,6.407997716451064e-06
9368,62296,8,6,0,5.516001692740247e-06
9369,10000,8,5,0,4.896999598713592e-06
9370,121581,14,5,0,1.314000110141933e-05
9371,66309,15,5,0,1.9138002244289964e-05
9372,63430,14,4,0,1.2734999472741038e-05
9373,106888,12,4,0,1.1698000889737159e-05
9374,118116,17,7,1,2.2238000383367762e-05
9375,114265,23,7,2,3.6594999983208254e-05
9376,51233,9,8,2,0.00010084000314236619
9377,24616,11,8,2,2.67429968516808e-05
9378,4142,12,8,2,2.7058002160629258e-05
9379,3766,10,7,1,2.358900019316934e-05
9380,49770,11,6,1,1.495799733675085e-05
9381,35630,15,6,0,1.6204001440200955e-05
9382,18873,16,7,1,2.6616999093675986e-05
9383,87415,11,7,2,3.280599776189774e-05
9384,70570,14,7,1,3.107100201305002e-05
9385,98354,9,8,4,2.941899947472848e-05
9386,129075,13,8,1,2.565800241427496e-05
9387,22584,12,8,1,1.962699752766639e-05
9388,98432,8,7,0,6.327998562483117e-06
9389,103999,9,7,1,4.0744998841546476e-05
9390,53594,10,7,1,3.337599991937168e-05
9391,77881,9,8,2,5.4891999752726406e-05
9392,14393,9,8,5,3.028699939022772e-05
9393,43078,12,8,1,1.7890000890474766e-05
9394,79942,12,8,1,3.134600046905689e-05
9395,100425,8,8,1,1.8877999536925927e-05
9396,20553,12,8,2,3.7453002732945606e-05
9397,116813,14,8,2,2.9598999390145764e-05
9398,75857,8,8,1,1.638299727346748e-05
9399,14422,8,8,2,2.169599974877201e-05
9400,49241,8,8,1,1.5942998288664967e-05
9401,79964,9,8,2,2.1611998818116263e-05
9402,100450,9,8,2,3.214900061720982e-05
9403,88166,9,8,1,1.6656002117088065e-05
9404,10347,8,8,2,4.763999822898768e-05
9405,47213,8,8,3,2.5708999601192772e-05
9406,94855,12,7,2,2.2762000298826024e-05
9407,86126,10,8,3,2.754399974946864e-05
9408,125040,8,8,1,1.586399957886897e-05
9409,113308,8,7,0,6.197002221597359e-06
9410,64678,8,6,0,6.08899790677242e-06
9411,105781,8,5,0,5.1200004236306995e-06
9412,65719,8,4,0,4.956000339007005e-06
9413,55409,8,8,1,1.6746002074796706e-05
9414,45229,8,7,0,5.845999112352729e-06
9415,45169,8,8,1,1.718299972708337e-05
9416,104405,8,7,0,5.915000656386837e-06
9417,129146,9,8,4,3.988200114690699e-05
9418,53371,8,8,1,1.3601998944068328e-05
9419,48002,8,7,0,6.785001460229978e-06
9420,32051,8,6,0,6.221001967787743e-06
9421,124535,8,5,0,5.0679991545621306e-06
9422,124638,8,4,0,4.654000804293901e-06
9423,114812,8,8,3,3.791199924307875e-05
9424,57470,8,8,1,1.735499972710386e-05
9425,102526,8,8,1,1.744199835229665e-05
9426,76752,8,7,0,6.022000889061019e-06
9427,63616,17,8,4,2.8457998269004747e-05
9428,112833,28,7,1,3.093000123044476e-05
9429,60790,16,7,4,2.8192000172566622e-05
9430,98431,17,8,2,2.8263999411137775e-05
9431,104841,34,7,1,7.036800161586143e-05
9432,107216,11,7,3,2.302000211784616e-05
9433,92609,14,7,1,2.315500023541972e-05
9434,418,17,7,0,2.785900142043829e-05
9435,108126,12,7,1,1.7383998056175187e-05
9436,114820,8,8,1,1.733899989631027e-05
9437,115218,8,7,0,6.629998097196221e-06
9438,127117,8,8,1,1.5943998732836917e-05
9439,128370,8,7,0,6.456000846810639e-06
9440,27971,8,6,0,6.452999514294788e-06
9441,34333,8,5,0,5.316000169841573e-06
9442,9992,15,7,0,2.5619996449677274e-05
9443,69712,12,7,1,2.5996003387263045e-05
9444,16525,8,8,1,1.6213998605962843e-05
9445,8461,8,7,0,6.500999006675556e-06
9446,32158,8,6,0,5.387002602219582e-06
9447,12267,8,5,0,5.123998562339693e-06
9448,5145,8,4,0,4.894998710369691e-06
9449,3508,10,5,1,1.194099968415685e-05
9450,28022,11,5,1,1.9156999769620597e-05
9451,30864,9,8,6,3.562100027920678e-05
9452,26065,18,7,2,2.521799979149364e-05
9453,80019,8,8,1,1.4178000128595158e-05
9454,90623,13,7,0,1.3175998901715502e-05
9455,124368,9,7,1,2.0818002667510882e-05
9456,105979,11,6,0,7.709000783506781e-06
9457,73914,9,5,0,5.531001079361886e-06
9458,59760,9,4,0,5.091998900752515e-06
9459,101748,9,3,0,4.344001354184002e-06
9460,99841,14,5,1,2.0716001017717645e-05
9461,61590,11,8,1,3.822799772024155e-05
9462,98456,16,8,3,2.938599936896935e-05
9463,79412,11,7,0,1.8325001292396337e-05
9464,49305,9,8,3,2.247500015073456e-05
9465,118937,18,8,1,5.4409003496402875e-05
9466,26780,8,8,1,1.7432001186534762e-05
9467,118945,8,8,3,2.89169984171167e-05
9468,22700,8,8,1,1.8113001715391874e-05
9469,114860,9,8,2,3.1874998967396095e-05
9470,67759,12,8,2,3.9025999285513535e-05
9471,113086,9,7,0,1.701200017123483e-05
9472,25910,14,6,1,2.0976000087102875e-05
9473,94389,8,8,1,4.5811997551936656e-05
9474,3813,8,7,0,9.526000212645158e-06
9475,114151,10,7,0,1.2991000403417274e-05
9476,129208,10,8,2,3.006300175911747e-05
9477,130941,12,7,1,2.84670022665523e-05
9478,4284,8,8,1,1.7172002117149532e-05
9479,4308,8,7,0,6.370999471982941e-06
9480,54212,9,6,0,6.795002263970673e-06
9481,125116,10,8,1,2.0489002054091543e-05
9482,30920,8,8,2,2.4187000235542655e-05
9483,106703,12,8,1,1.9655999494716525e-05
9484,99470,8,7,0,6.821999704698101e-06
9485,54630,8,6,0,6.254998879740015e-06
9486,35057,8,5,0,5.390000296756625e-06
9487,125318,8,4,0,4.953999450663105e-06
9488,87216,11,5,0,8.154001989169046e-06
9489,103861,17,4,0,8.703998901182786e-06
9490,26832,8,8,1,1.8249000277137384e-05
9491,26833,8,8,1,1.633600186323747e-05
9492,69841,8,8,2,4.592600089381449e-05
9493,47311,10,8,2,3.968699820688926e-05
9494,35026,13,8,4,3.332600317662582e-05
9495,55511,8,8,2,6.76240015309304e-05
9496,127195,8,8,3,3.526799991959706e-05
9497,28893,8,8,3,2.7230002160649747e-05
9498,108776,8,8,1,1.4307999663287774e-05
9499,18665,11,8,1,2.988399864989333e-05
9500,76014,16,8,0,2.4947999918367714e-05
9501,58719,12,7,1,2.8476999432314187e-05
9502,122128,17,7,2,2.9042999813100323e-05
9503,73308,13,7,1,2.6218000130029395e-05
9504,80111,9,8,4,2.813299943227321e-05
9505,80119,8,8,1,1.768900256138295e-05
9506,32004,8,7,0,6.555001164088026e-06
9507,26876,8,8,4,3.121799818472937e-05
9508,102655,8,8,1,1.994299964280799e-05
9509,28019,8,7,0,5.8969999372493476e-06
9510,65794,22,8,4,3.7985999369993806e-05
9511,99898,14,7,5,6.680600199615583e-05
9512,67846,13,8,4,2.8816997655667365e-05
9513,47371,11,8,4,2.7309997676638886e-05
9514,124056,14,7,2,2.8349000785965472e-05
9515,69394,14,7,2,3.292499968665652e-05
9516,125206,9,8,2,3.280400051153265e-05
9517,25905,8,7,2,2.2469001123681664e-05
9518,114967,8,8,2,4.136200004722923e-05
9519,65818,8,8,1,1.8293001630809158e-05
9520,101055,8,7,0,6.85600025462918e-06
9521,19604,8,6,0,6.2850012909621e-06
9522,773,8,5,0,5.39800021215342e-06
9523,11095,16,6,1,2.5856999855022877e-05
9524,45344,8,8,1,1.6655998479109257e-05
9525,47403,8,8,3,2.816800042637624e-05
9526,90416,9,8,2,2.4935001420089975e-05
9527,63796,8,8,2,3.981600093538873e-05
9528,39221,8,8,1,1.5462002920685336e-05
9529,2966,8,7,0,6.250997103052214e-06
9530,64668,8,6,0,5.4820011428091675e-06
9531,64975,8,5,0,5.071000487077981e-06
9532,92960,9,5,1,9.542000043438748e-06
9533,121140,17,6,2,2.6530000468483195e-05
9534,98629,13,8,2,3.912900137947872e-05
9535,72239,8,7,1,1.1975000234087929e-05
9536,92145,15,7,1,1.9712999346666038e-05
9537,24903,9,8,2,3.162700159009546e-05
9538,131400,8,8,1,1.5919998986646533e-05
9539,115563,8,7,0,6.481001037172973e-06
9540,55857,9,7,1,1.2641998182516545e-05
9541,90553,11,6,1,1.7384001694153994e-05
9542,2699,12,6,1,1.2993001291761175e-05
9543,53577,8,8,1,1.728999995975755e-05
9544,84300,8,8,1,1.336499917670153e-05
9545,58646,8,7,0,5.909998435527086e-06
9546,42499,8,6,0,5.4489973990712315e-06
9547,100025,8,5,0,4.613000783137977e-06
9548,92500,8,4,0,4.5529995986726135e-06
9549,131281,10,4,0,8.355000318260863e-06
9550,50188,11,4,1,1.1009000445483252e-05
9551,89560,11,4,1,1.4530996850226074e-05
9552,125161,18,6,1,1.860499833128415e-05
9553,69965,9,8,1,2.235600186395459e-05
9554,69970,8,8,1,1.7903999832924455e-05
9555,122134,8,7,0,6.1350001487880945e-06
9556,346,8,8,3,4.098099816474132e-05
9557,16730,8,8,1,1.8315997294848785e-05
9558,25998,8,7,0,6.840997230028734e-06
9559,61814,9,8,3,3.4684999263845384e-05
9560,55675,15,8,6,3.209699934814125e-05
9561,117121,22,8,5,3.972400008933619e-05
9562,124013,24,7,2,2.9775997973047197e-05
9563,55683,9,8,4,3.432700032135472e-05
9564,123268,8,8,1,1.5418998373206705e-05
9565,129417,10,8,1,3.513299816404469e-05
9566,1518,11,7,2,1.69039994943887e-05
9567,55358,10,6,0,6.8179979280103e-06
9568,51603,11,8,3,2.0702002075267956e-05
9569,14741,12,8,4,2.6099001843249425e-05
9570,61846,14,8,5,2.9245002224342898e-05
9571,130302,17,7,1,2.694100112421438e-05
9572,20464,18,7,1,2.9958002414787188e-05
9573,65947,11,8,2,3.537500015227124e-05
9574,104865,8,8,1,1.52689972310327e-05
9575,25351,8,7,0,7.177997758844867e-06
9576,116348,11,6,0,8.038998203119263e-06
9577,10056,8,5,0,5.300000339047983e-06
9578,116228,10,5,0,1.0119998478330672e-05
9579,38564,19,5,0,1.1218002327950671e-05
9580,25338,16,4,1,1.499800055171363e-05
9581,124188,18,4,0,1.1069001629948616e-05
9582,60520,25,5,0,1.792599869077094e-05
9583,88482,8,8,1,1.7011996533256024e-05
9584,25851,8,7,0,6.303998816292733e-06
9585,65264,8,6,0,6.441001460189e-06
9586,109907,15,7,0,1.7917001969181e-05
9587,131493,8,8,1,1.5644000086467713e-05
9588,131497,8,8,1,1.5997000446077436e-05
9589,74226,8,7,0,6.473997927969322e-06
9590,79752,8,6,0,6.294001650530845e-06
9591,117161,16,8,3,3.1180999940261245e-05
9592,93936,17,7,2,2.9538001399487257e-05
9593,55725,8,8,1,1.8107999494532123e-05
9594,30192,9,7,0,7.312999514397234e-06
9595,14213,8,6,0,6.411999493138865e-06
9596,55728,9,8,1,1.91429971891921e-05
9597,53684,8,8,1,4.826700023841113e-05
9598,82359,8,8,1,1.9031998817808926e-05
9599,10719,8,7,0,6.85700069880113e-06
9600,80378,11,7,0,1.3895998563384637e-05
9601,61180,17,7,0,1.851599881774746e-05
9602,119236,13,8,4,3.278099757153541e-05
9603,49605,16,8,1,2.2280000848695636e-05
9604,82381,14,8,2,2.7109002985525876e-05
9605,3518,13,7,3,2.273700010846369e-05
9606,39374,9,8,2,2.2332002117764205e-05
9607,29142,10,8,5,2.6130997866857797e-05
9608,98776,11,8,2,3.212299998267554e-05
9609,99613,16,7,0,1.6255002265097573e-05
9610,14816,18,8,1,2.344399763387628e-05
9611,16883,8,8,3,2.5399996957276016e-05
9612,6646,16,8,1,2.8872000257251784e-05
9613,74234,11,8,5,2.9634000384248793e-05
9614,90625,9,8,1,1.7643000319367275e-05
9615,97391,9,7,0,7.129998266464099e-06
9616,131587,16,8,2,3.046200072276406e-05
9617,102926,13,8,2,3.084499985561706e-05
9618,10771,10,8,2,4.1375002183485776e-05
9619,25108,9,8,2,2.2831998649053276e-05
9620,45595,11,8,3,3.0874001822667196e-05
9621,53795,15,8,2,3.298899900983088e-05
9622,109251,20,7,0,3.322500197100453e-05
9623,43430,15,7,2,2.4216999008785933e-05
9624,55844,11,8,4,2.6739999157143757e-05
9625,843,8,7,3,2.313199729542248e-05
9626,14887,9,8,2,2.361899896641262e-05
9627,23082,13,8,3,3.537600059644319e-05
9628,123437,10,8,2,2.4731001758482307e-05
9629,18994,8,8,1,4.641700070351362e-05
9630,6838,8,7,0,9.269999281968921e-06
9631,32447,11,7,0,2.23360002564732e-05
9632,3778,10,7,1,1.3570999726653099e-05
9633,6712,14,8,0,2.5773002562345937e-05
9634,12862,8,8,1,1.7254998965654522e-05
9635,64063,8,8,1,1.7955000657821074e-05
9636,119364,8,8,1,1.5208999684546143e-05
9637,54887,10,7,0,7.931001164251938e-06
9638,42923,8,6,0,6.00800194661133e-06
9639,88650,8,8,1,1.444400186301209e-05
9640,29259,8,8,1,1.5068999346112832e-05
9641,99349,8,7,0,5.650003004120663e-06
9642,19018,15,8,2,3.80769997718744e-05
9643,64081,10,8,1,2.4828001187415794e-05
9644,70226,8,8,1,1.928500205394812e-05
9645,45654,8,8,1,1.8527000065660104e-05
9646,100962,9,8,3,3.090799873461947e-05
9647,47717,8,8,2,3.519299934851006e-05
9648,74344,8,8,1,1.5155997971305624e-05
9649,31340,11,8,1,6.549300087499432e-05
9650,29890,11,7,1,2.7411999326432124e-05
9651,42149,10,7,1,1.95419997908175e-05
9652,103034,12,8,0,2.41980014834553e-05
9653,107130,10,8,1,2.5993002054747194e-05
9654,635,12,8,4,3.260799712734297e-05
9655,119421,8,8,1,1.6527999832760543e-05
9656,7130,8,7,0,6.0919992392882705e-06
9657,100992,8,8,4,3.837999975075945e-05
9658,127635,8,8,1,1.7551999917486683e-05
9659,115353,8,8,2,3.529899913701229e-05
9660,62700,8,7,1,1.0870000551221892e-05
9661,64153,10,8,1,3.057400317629799e-05
9662,27292,12,8,4,4.6174998715287074e-05
9663,64158,8,8,1,1.707800038275309e-05
9664,94881,8,8,1,1.6897000023163855e-05
9665,25257,20,8,1,6.711799869663082e-05
9666,117419,18,8,2,4.232200080878101e-05
9667,88752,8,8,4,3.0629002139903605e-05
9668,125625,19,8,4,3.463000030023977e-05
9669,70336,8,8,1,1.4735996956005692e-05
9670,129732,13,8,2,3.0883998988429084e-05
9671,92880,9,8,2,2.7980997401755303e-05
9672,90839,14,8,0,2.1875999664189294e-05
9673,127705,8,8,2,4.537199856713414e-05
9674,43743,8,8,1,1.7655998817645013e-05
9675,68320,13,8,2,2.034399949479848e-05
9676,119534,8,8,1,1.593400156707503e-05
9677,122274,8,7,0,6.614998710574582e-06
9678,76531,8,8,1,1.5448997146449983e-05
9679,13086,8,7,0,5.803998647024855e-06
9680,73011,9,7,1,2.4442997528240085e-05
9681,27800,10,7,1,2.1914998797001317e-05
9682,92915,8,8,1,1.5677000192226842e-05
9683,70393,26,8,3,4.3379997805459425e-05
9684,51982,13,8,1,2.935000156867318e-05
9685,6930,16,8,3,4.374299896880984e-05
9686,60611,15,7,1,2.7608999516814947e-05
9687,1895,22,7,2,2.4670000129844993e-05
9688,23317,9,8,4,2.6407997211208567e-05
9689,21275,8,8,1,1.6917001630645245e-05
9690,100258,11,7,0,8.499002433381975e-06
9691,38295,8,6,0,5.7250035752076656e-06
9692,103195,13,8,1,2.407099964329973e-05
9693,90093,12,7,1,2.2449999960372224e-05
9694,119593,10,8,0,1.7102000128943473e-05
9695,123714,11,8,3,4.526300108409487e-05
9696,101212,9,7,1,2.275400038342923e-05
9697,101207,11,7,1,2.8313999791862443e-05
9698,90950,12,8,1,6.600200140383095e-05
9699,5143,10,7,4,2.043200220214203e-05
9700,107343,10,8,1,3.0010996852070093e-05
9701,36531,10,7,1,1.7397000192431733e-05
9702,35664,9,8,1,1.955799962161109e-05
9703,78673,8,8,1,1.7764003132469952e-05
9704,84823,11,8,3,3.2345000363420695e-05
9705,9049,8,8,1,1.84499986062292e-05
9706,82776,10,8,2,3.199200000381097e-05
9707,58419,10,7,2,2.7643000066746026e-05
9708,95070,9,8,4,2.826999843819067e-05
9709,115556,12,8,1,2.689999746507965e-05
9710,78699,8,8,1,1.6091998986667022e-05
9711,26085,8,7,0,6.52399830869399e-06
9712,50687,8,6,0,5.206002242630348e-06
9713,115667,8,5,0,4.847999662160873e-06
9714,59081,8,4,0,4.732999514089897e-06
9715,21374,8,8,1,1.775599957909435e-05
9716,76673,8,8,1,1.602200063643977e-05
9717,72578,12,8,1,3.0227998649934307e-05
9718,105348,12,8,1,2.6893998438026756e-05
9719,58245,9,8,1,1.785799759090878e-05
9720,56198,8,8,1,1.689100099611096e-05
9721,132973,10,7,0,7.802998879924417e-06
9722,80774,10,8,4,2.8769998607458547e-05
9723,56202,15,8,0,3.006200131494552e-05
9724,123787,15,8,1,2.1238000044832006e-05
9725,66454,10,8,2,2.474799839546904e-05
9726,121760,11,8,1,2.6570000045467168e-05
9727,56225,8,8,1,1.5158999303821474e-05
9728,81170,8,7,0,6.2630024331156164e-06
9729,42586,8,6,0,5.7489996834192425e-06
9730,29737,8,5,0,5.178000719752163e-06
9731,46152,8,4,0,4.555000487016514e-06
9732,9268,8,3,0,4.132998583372682e-06
9733,1188,8,2,0,3.90299828723073e-06
9734,52128,25,8,3,3.289800224592909e-05
9735,74659,8,8,3,2.849999873433262e-05
9736,17318,12,8,4,3.796300006797537e-05
9737,99240,8,8,1,1.803399936761707e-05
9738,99879,8,7,0,6.669997674180195e-06
9739,62610,16,7,1,1.600399991730228e-05
9740,48045,8,8,3,7.069200000842102e-05
9741,21421,9,8,1,1.7771002603694797e-05
9742,86964,8,8,1,1.8929000361822546e-05
9743,70581,11,8,2,2.306500027771108e-05
9744,132712,10,7,1,2.4976998247439042e-05
9745,89020,8,8,1,1.6628997400403023e-05
9746,46013,15,8,1,2.974800008814782e-05
9747,3010,10,8,1,1.5887999325059354e-05
9748,5872,8,7,0,6.460999429691583e-06
9749,88984,12,7,0,1.240900019183755e-05
9750,39876,8,8,2,3.6546000046655536e-05
9751,111569,8,8,2,4.742199962493032e-05
9752,33757,8,8,1,0.00010060199929284863
9753,93157,8,8,1,1.957800122909248e-05
9754,109547,8,8,1,1.8225000530947e-05
9755,5099,17,8,0,2.7149999368702993e-05
9756,5101,8,8,1,1.642200004425831e-05
9757,3167,8,7,0,6.000998837407678e-06
9758,59532,10,7,0,1.1790001735789701e-05
9759,44019,12,8,4,0.00012088799849152565
9760,54260,11,8,0,2.5625999114708975e-05
9761,48118,8,8,4,3.1876999855739996e-05
9762,29687,8,8,3,3.081200338783674e-05
9763,101371,8,8,1,1.73780026671011e-05
9764,105467,17,8,2,3.164299778291024e-05
9765,21505,8,8,1,2.5591998564777896e-05
9766,99332,12,8,0,2.0373001461848617e-05
9767,31758,8,8,1,1.5280002116924152e-05
9768,103447,14,8,0,2.320400017197244e-05
9769,72744,16,8,0,3.3354001061525196e-05
9770,11401,24,7,3,2.8652000764850527e-05
9771,58413,9,8,2,3.5920998925575987e-05
9772,50223,8,8,2,2.2922002244740725e-05
9773,87089,8,8,1,1.6693000361556187e-05
9774,123955,12,8,2,2.96280013571959e-05
9775,117816,9,8,2,3.7845999031560495e-05
9776,91196,9,8,1,4.3797997932415456e-05
9777,11335,12,8,4,2.5752000510692596e-05
9778,78920,10,8,2,3.907000063918531e-05
9779,3147,8,8,3,2.565600152593106e-05
9780,74853,11,8,2,2.716200106078759e-05
9781,38645,9,7,1,1.574600173626095e-05
9782,37831,12,7,1,6.088900045142509e-05
9783,129492,13,7,0,1.6098998457891867e-05
9784,72815,9,8,3,3.676699998322874e-05
9785,111729,9,8,3,3.2292999094352126e-05
9786,35957,9,8,1,1.805300053092651e-05
9787,128856,9,7,0,7.867998647270724e-06
9788,88727,13,7,1,3.6887999158352613e-05
9789,70776,10,8,1,3.080900205532089e-05
9790,22042,10,7,0,5.848000000696629e-06
9791,110749,13,7,0,1.7580001440364867e-05
9792,35961,10,8,1,1.7276001017307863e-05
9793,107645,10,8,4,2.787199991871603e-05
9794,93312,8,8,1,1.6682999557815492e-05
9795,52360,8,8,1,1.6377998690586537e-05
9796,99466,14,8,1,3.187200127285905e-05
9797,50312,10,8,2,2.5589997676433995e-05
9798,23691,9,8,3,3.5190998460166156e-05
9799,99474,9,8,1,2.6344001526013017e-05
9800,27796,11,8,2,3.260000084992498e-05
9801,66711,8,8,3,2.8023001505061984e-05
9802,40099,8,8,1,1.815699943108484e-05
9803,9387,8,8,1,1.6081998182926327e-05
9804,99505,8,8,1,1.6427999071311206e-05
9805,42170,8,8,1,1.7089998436858878e-05
9806,74941,8,8,1,1.54350018419791e-05
9807,69527,8,7,0,5.981000867905095e-06
9808,87232,9,8,3,3.7116999010322616e-05
9809,1216,15,8,4,3.414000093471259e-05
9810,126157,11,8,1,2.8516002203105018e-05
9811,117971,8,8,1,1.6605001292191446e-05
9812,36052,9,8,2,2.052999843726866e-05
9813,25822,14,8,2,2.731599670369178e-05
9814,9441,15,8,2,2.3705000785412267e-05
9815,95460,11,8,1,2.0870997104793787e-05
9816,64740,16,8,1,2.8875001589767635e-05
9817,81610,21,7,1,1.5264999092323706e-05
9818,34021,12,8,1,2.6121997507289052e-05
9819,94397,15,7,1,2.973600203404203e-05
9820,34023,8,8,3,3.4980999771505594e-05
9821,64753,9,8,4,3.2118001399794593e-05
9822,42228,8,8,1,2.3679000150877982e-05
9823,128248,9,8,5,2.301499989698641e-05
9824,13572,11,8,1,2.79970008705277e-05
9825,7430,8,8,3,2.9456998163368553e-05
9826,91409,8,8,1,1.526000050944276e-05
9827,107993,9,7,0,7.258000550791621e-06
9828,85775,8,6,0,6.037000275682658e-06
9829,11536,9,8,2,2.8074999136151746e-05
9830,75037,8,8,2,3.2643001759424806e-05
9831,15646,10,8,2,2.7664002118399367e-05
9832,60714,8,8,2,2.3504999262513593e-05
9833,120106,9,8,1,6.67650019749999e-05
9834,95533,8,8,1,1.8221002392238006e-05
9835,48439,10,8,2,3.802799983532168e-05
9836,30018,10,8,1,2.6736001018434763e-05
9837,122191,13,8,0,1.9896000594599172e-05
9838,40282,13,8,0,4.364699998404831e-05
9839,94634,14,7,0,7.875998562667519e-06
9840,32101,8,8,1,1.687199983280152e-05
9841,42342,8,8,1,1.7222999304067343e-05
9842,23918,8,8,2,3.985700095654465e-05
9843,93559,8,8,1,1.5158002497628331e-05
9844,93558,11,8,2,2.8088998078601435e-05
9845,126549,8,7,1,2.5543999072397128e-05
9846,2031,12,7,1,1.6860001778695732e-05
9847,32121,8,8,1,1.673099905019626e-05
9848,3529,8,7,0,6.709000444971025e-06
9849,110335,8,6,0,5.902998964302242e-06
9850,3449,13,8,4,2.0283998310333118e-05
9851,91523,9,8,1,1.6824997146613896e-05
9852,56714,8,8,1,1.5459001588169485e-05
9853,13707,12,8,1,2.7587000658968464e-05
9854,125280,13,7,2,2.3583001166116446e-05
9855,28046,8,8,1,1.6494999727001414e-05
9856,118173,11,8,2,3.108099917881191e-05
9857,28063,8,8,1,1.4834000467089936e-05
9858,38313,12,8,1,1.8230999557999894e-05
9859,93633,11,8,2,2.9104001441737637e-05
9860,77253,8,8,1,1.5542998880846426e-05
9861,38343,20,8,3,3.4545999369584024e-05
9862,101836,10,8,1,2.3028002033242956e-05
9863,97745,15,8,3,2.875900099752471e-05
9864,10191,12,7,1,1.9320999854244292e-05
9865,107988,14,8,5,3.141699926345609e-05
9866,81702,8,7,1,1.658000110182911e-05
9867,30167,9,8,1,1.3568002032116055e-05
9868,67034,8,8,1,1.7501999536762014e-05
9869,34270,13,8,0,6.486499842139892e-05
9870,106353,9,7,2,1.8915998225566e-05
9871,77279,8,8,2,2.3494998458772898e-05
9872,28133,9,8,2,3.547699816408567e-05
9873,1513,8,8,1,1.76009998540394e-05
9874,81400,9,8,1,2.0715997379738837e-05
9875,103937,8,8,3,3.276999996160157e-05
9876,79363,8,8,1,1.5951998648233712e-05
9877,102364,8,7,0,6.276000931393355e-06
9878,91654,9,8,2,2.6644996978575364e-05
9879,30224,9,8,2,2.5989000278059393e-05
9880,81435,8,8,2,2.7199002943234518e-05
9881,124448,9,8,5,2.5092998839681968e-05
9882,114208,12,8,4,3.004500103997998e-05
9883,7919,9,7,3,2.3099000827642158e-05
9884,22055,10,8,5,2.492400017217733e-05
9885,9780,9,8,3,3.0490999051835388e-05
9886,118331,8,8,1,1.7504000425105914e-05
9887,32318,8,8,1,1.5489000361412764e-05
9888,42566,8,8,1,1.4733999705640599e-05
9889,118346,8,8,6,3.8856000173836946e-05
9890,101996,8,8,1,1.677200270933099e-05
9891,36464,12,8,1,2.6871999580180272e-05
9892,13946,8,8,1,1.5996000001905486e-05
9893,97930,10,8,2,2.3267999495146796e-05
9894,7821,9,8,3,2.1642001229338348e-05
9895,118420,12,8,2,2.8635000489884987e-05
9896,5783,15,8,4,3.531299807946198e-05
9897,47608,23,7,2,2.8996000764891505e-05
9898,67225,12,8,1,1.9504001102177426e-05
9899,98229,8,7,0,6.258000212255865e-06
9900,3738,12,8,1,4.760600131703541e-05
9901,38567,8,8,2,2.6200999855063856e-05
9902,59376,10,7,0,6.206999387359247e-06
9903,18091,16,8,1,6.448400017688982e-05
9904,69303,13,8,2,4.236899985698983e-05
9905,118478,10,8,2,3.100500180153176e-05
9906,67480,9,7,1,1.840000186348334e-05
9907,16078,11,8,2,2.4509998183930293e-05
9908,88052,10,7,2,2.4375000066356733e-05
9909,91858,18,8,1,2.934899748652242e-05
9910,9940,12,8,5,2.8071000997442752e-05
9911,42714,9,8,1,1.6942998627200723e-05
9912,52956,8,8,3,3.8054000469855964e-05
9913,118493,9,8,3,2.7209000108996406e-05
9914,3816,9,8,2,3.426700277486816e-05
9915,16108,8,8,1,1.618000169401057e-05
9916,77551,10,8,4,2.7008998586097732e-05
9917,104177,15,8,3,3.369199839653447e-05
9918,3839,11,8,2,2.4068998754955828e-05
9919,104194,14,8,2,2.133200177922845e-05
9920,3842,11,8,3,3.365700104041025e-05
9921,89862,8,8,1,1.8647999240783975e-05
9922,116486,13,8,3,3.292099790996872e-05
9923,100108,8,8,1,1.6972000594250858e-05
9924,3853,8,8,1,1.475400131312199e-05
9925,128782,10,8,2,2.7004000003216788e-05
9926,55054,12,8,0,4.2206000216538087e-05
9927,98086,8,8,1,1.6347003111150116e-05
9928,122663,12,8,2,3.214599928469397e-05
9929,108329,16,8,4,3.999299951829016e-05
9930,59180,8,8,3,3.6511999496724457e-05
9931,69420,10,8,3,7.12569999450352e-05
9932,77620,8,8,2,2.493799911462702e-05
9933,104248,8,8,1,1.808399974834174e-05
9934,100152,9,8,1,1.7784001101972535e-05
9935,24378,8,8,1,1.6363999748136848e-05
9936,22330,14,8,5,3.214200114598498e-05
9937,48956,8,8,1,1.6448000678792596e-05
9938,30524,11,8,3,3.641099829110317e-05
9939,46921,11,8,3,3.33480020344723e-05
9940,69455,9,8,3,2.6022000383818522e-05
9941,53076,9,8,3,3.263500184402801e-05
9942,69471,13,8,2,3.5884000681107864e-05
9943,116576,15,8,3,4.029699994134717e-05
9944,112485,10,8,2,3.52809984178748e-05
9945,22378,12,8,5,3.393500082893297e-05
9946,92013,8,8,1,1.5516001440118998e-05
9947,114543,9,8,4,3.032400127267465e-05
9948,57202,8,8,1,1.7160000425064936e-05
9949,118645,8,8,4,3.48190005752258e-05
9950,20362,9,8,2,2.0104998839087784e-05
9951,98190,9,8,2,4.3993000872433186e-05
9952,32656,9,8,1,1.7992999346461147e-05
9953,38816,14,8,2,3.925900091417134e-05
9954,42922,10,8,3,3.5569999454310164e-05
9955,1965,8,8,1,1.661300120758824e-05
9956,10158,10,8,2,3.7739999243058264e-05
9957,92088,12,8,1,4.382299812277779e-05
9958,81855,8,8,2,7.09409978298936e-05
9959,1991,9,8,2,2.7016998501494527e-05
9960,81864,11,8,4,3.719600135809742e-05
9961,55245,14,8,2,3.008100247825496e-05
9962,1999,12,8,3,3.682100214064121e-05
9963,65532,9,7,2,2.7330999728292227e-05
9964,104408,8,8,3,3.306399958091788e-05
9965,88030,11,8,4,1.8549999367678538e-05
9966,14307,8,8,3,2.6134002837352455e-05
9967,88038,9,8,2,3.412299702176824e-05
9968,104430,13,8,2,3.0492003133986145e-05
9969,90099,8,8,4,2.4453001969959587e-05
9970,114678,8,8,1,1.6128000424942002e-05
9971,108537,8,8,2,2.2312000510282815e-05
9972,110586,10,8,2,2.8185000701341778e-05
9973,61497,9,8,2,1.850099943112582e-05
9974,114749,11,8,1,3.283899786765687e-05
9975,96326,18,8,2,3.399799970793538e-05
9976,108653,11,8,3,2.8907001251354814e-05
9977,30941,15,8,1,3.596600072341971e-05
9978,14579,24,8,1,4.21130025642924e-05
9979,45343,13,8,1,1.772099858499132e-05
9980,90450,9,8,3,3.0328999855555594e-05
9981,43371,10,8,0,1.5625999367330223e-05
9982,120187,10,7,0,7.597001967951655e-06
9983,76991,10,6,0,5.975998647045344e-06
9984,123243,10,6,1,1.1857999197673053e-05
9985,62834,13,5,0,1.4690001989947632e-05
9986,118429,15,7,1,2.10899997910019e-05
9987,100721,9,8,2,4.8833000619197264e-05
9988,106918,10,8,2,1.8441998690832406e-05
9989,53681,12,8,4,3.0989998776931316e-05
9990,2508,18,8,3,6.58369972370565e-05
9991,49641,10,8,0,1.8005997844738886e-05
9992,51707,11,8,5,4.0225000702776015e-05
9993,39435,12,8,1,3.139500040560961e-05
9994,16915,12,8,3,2.6179997803410515e-05
9995,78441,16,8,1,2.6313002308597788e-05
9996,74402,9,8,1,3.4880002203863114e-05
9997,56205,14,8,1,2.3950000468175858e-05
9998,11171,9,8,5,2.665499778231606e-05
9999,95145,13,8,1,2.0681000023614615e-05
10000,89161,16,7,1,2.5694000214571133e-05
10001,101378,12,8,1,2.4119999579852447e-05
10002,82947,21,8,5,3.5905002732761204e-05
10003,128183,9,8,2,1.8725000700214878e-05
10004,89356,18,8,4,3.221800216124393e-05
10005,13590,11,8,4,2.764899909379892e-05
10006,40225,16,8,1,2.9136001103324816e-05
10007,79176,14,8,3,2.6081001124111935e-05
10008,38276,15,8,0,1.9076996977673844e-05
10009,99930,15,8,1,4.212500061839819e-05
10010,120586,24,8,2,3.084499985561706e-05
10011,129116,12,8,1,2.9588001780211926e-05
10012,53358,10,8,6,2.5852001272141933e-05
10013,94364,10,8,1,1.8947001080960035e-05
10014,98712,13,8,0,1.659500048845075e-05
10015,4526,12,8,2,2.6444002287462354e-05
10016,126976,9,9,1,2.022199987550266e-05
10017,100354,9,9,1,2.4585999199189246e-05
10018,36020,9,8,0,8.170001819962636e-06
10019,42324,9,7,0,7.544997060904279e-06
10020,77825,9,9,1,1.5893001545919105e-05
10021,127748,9,8,0,6.731999746989459e-06
10022,129024,15,9,1,6.615999882342294e-05
10023,116737,15,9,4,4.336100028012879e-05
10024,77837,9,9,1,2.1804997231811285e-05
10025,128817,9,8,0,6.9689995143562555e-06
10026,4112,9,9,1,2.525200034142472e-05
10027,35033,10,8,0,7.238999387482181e-06
10028,124945,10,9,1,4.299299689591862e-05
10029,86042,9,9,1,1.9045997760258615e-05
10030,56180,9,8,0,6.97499854140915e-06
10031,69047,9,7,0,6.584999937331304e-06
10032,98151,9,6,0,5.898997187614441e-06
10033,106638,9,5,0,5.409001460066065e-06
10034,48192,16,5,0,1.6759997379267588e-05
10035,189,13,5,0,1.38870018417947e-05
10036,47405,14,7,2,2.769599814200774e-05
10037,91591,10,8,2,2.3060998501023278e-05
10038,86316,9,7,1,2.365600084885955e-05
10039,20862,11,8,2,2.362099985475652e-05
10040,92189,21,9,1,3.1758001568960026e-05
10041,96304,21,9,0,7.248200199683197e-05
10042,45105,9,9,1,1.8752001778921112e-05
10043,117378,9,8,0,7.238999387482181e-06
10044,20814,9,7,0,6.931000825716183e-06
10045,114627,9,6,0,6.702997779939324e-06
10046,120631,9,5,0,5.85100133321248e-06
10047,64583,9,4,0,4.816000000573695e-06
10048,124796,9,3,0,4.284000169718638e-06
10049,43162,9,2,0,4.011999408248812e-06
10050,58143,13,3,0,1.1694002751028165e-05
10051,61493,12,9,4,9.105099888984114e-05
10052,84026,9,9,1,1.802899714675732e-05
10053,53913,9,8,0,6.490998202934861e-06
10054,54440,9,7,0,6.858997949166223e-06
10055,82157,9,6,0,6.280999514274299e-06
10056,88136,9,5,0,5.330999556463212e-06
10057,57668,15,8,0,2.6901001547230408e-05
10058,104966,16,8,0,2.568800118751824e-05
10059,67643,10,9,5,4.9545000365469605e-05
10060,102456,21,9,2,3.735900099854916e-05
10061,53082,10,8,1,6.835300155216828e-05
10062,47176,9,9,1,2.0865998521912843e-05
10063,117387,9,8,0,7.504000677727163e-06
10064,39903,9,7,0,6.599999323952943e-06
10065,114160,10,7,1,1.1598000128287822e-05
10066,10194,10,6,0,5.958001565886661e-06
10067,86104,9,9,1,1.7750000552041456e-05
10068,26151,9,8,0,6.872000085422769e-06
10069,77517,9,7,0,6.631002179346979e-06
10070,127066,9,9,1,1.9547998817870393e-05
10071,133228,9,9,1,2.00809990928974e-05
10072,127222,9,8,0,6.631002179346979e-06
10073,59504,9,9,1,1.6992002201732248e-05
10074,9317,9,8,0,6.779002433177084e-06
10075,85942,9,7,0,6.761998520232737e-06
10076,69252,10,6,0,7.03300247550942e-06
10077,120029,18,8,0,2.5885001377901062e-05
10078,26084,16,7,2,3.7690999306505546e-05
10079,121596,15,6,0,7.704002200625837e-06
10080,81454,16,5,0,7.187001756392419e-06
10081,47299,12,6,0,1.3418997696135193e-05
10082,74577,11,8,1,3.964800271205604e-05
10083,26736,9,9,3,4.0061997424345464e-05
10084,49270,12,9,2,3.871100125252269e-05
10085,100478,9,9,4,3.751400072360411e-05
10086,30877,22,9,2,4.35759975516703e-05
10087,51359,9,9,1,1.5833000361453742e-05
10088,15569,9,8,0,6.8160006776452065e-06
10089,100100,9,7,0,6.927999493200332e-06
10090,101798,9,6,0,6.571000994881615e-06
10091,94916,9,5,0,5.758000042987987e-06
10092,83723,9,4,0,4.861998604610562e-06
10093,29947,12,6,1,1.7092999769374728e-05
10094,22313,22,8,2,3.8402999052777886e-05
10095,133279,9,9,1,1.820499892346561e-05
10096,80997,9,8,0,7.27099904906936e-06
10097,113826,9,7,0,6.776997906854376e-06
10098,116129,9,6,0,6.292997568380088e-06
10099,17942,9,5,0,5.156001861905679e-06
10100,56957,9,4,0,4.7339999582618475e-06
10101,118943,9,9,1,1.6704001609468833e-05
10102,52984,9,8,0,7.061000360408798e-06
10103,114972,9,7,0,6.442998710554093e-06
10104,79646,9,6,0,5.456997314468026e-06
10105,128877,9,5,0,5.473000783240423e-06
10106,21193,9,4,0,4.931000148644671e-06
10107,127744,9,3,0,4.546000127447769e-06
10108,112631,9,2,0,4.120000085094944e-06
10109,58157,10,2,1,6.908001523697749e-06
10110,114848,10,9,4,3.6769000871572644e-05
10111,16554,23,9,0,4.496899782679975e-05
10112,172,10,9,2,6.210200081113726e-05
10113,37045,12,9,2,3.707900032168254e-05
10114,128226,13,8,3,2.9798000468872488e-05
10115,78007,9,9,2,2.6509998861001804e-05
10116,127169,13,9,6,2.9660001018783078e-05
10117,49348,10,9,1,3.413499871385284e-05
10118,55495,9,9,1,1.9589002477005124e-05
10119,49352,10,9,4,4.101700324099511e-05
10120,41161,11,9,1,1.949400029843673e-05
10121,117478,11,8,2,2.3972999770194292e-05
10122,56407,11,7,0,1.3270997442305088e-05
10123,7989,15,8,3,3.802499850280583e-05
10124,30925,9,9,1,1.820699981180951e-05
10125,87501,9,8,0,7.046000973787159e-06
10126,28890,9,9,1,1.7239999579032883e-05
10127,10679,9,8,0,6.615002348553389e-06
10128,75148,9,7,0,6.655998731730506e-06
10129,44648,15,7,0,3.26510016748216e-05
10130,78590,15,8,1,2.610500087030232e-05
10131,26843,10,9,1,1.852200148277916e-05
10132,39143,11,9,1,2.1474999812198803e-05
10133,23830,9,8,0,7.239999831654131e-06
10134,88312,9,9,1,1.6727000911487266e-05
10135,87633,9,8,0,6.932001269888133e-06
10136,119411,9,7,0,6.513000698760152e-06
10137,76107,12,8,1,4.849499964620918e-05
10138,37696,11,7,0,7.216000085463747e-06
10139,39161,9,9,1,1.782500112312846e-05
10140,78443,11,8,0,8.930001058615744e-06
10141,5168,9,7,0,6.69799919705838e-06
10142,72804,9,6,0,6.620000931434333e-06
10143,119086,11,5,0,6.338003004202619e-06
10144,95532,9,4,0,5.029000021750107e-06
10145,8586,14,6,0,1.9708000763785094e-05
10146,12620,16,6,0,2.7417001547291875e-05
10147,76028,9,9,3,5.370000144466758e-05
10148,20732,14,9,3,4.72249994345475e-05
10149,119042,9,9,1,2.1987001673551276e-05
10150,33659,9,8,0,6.790000043110922e-06
10151,3335,9,7,0,6.664999091299251e-06
10152,125192,10,9,1,7.099299909896217e-05
10153,100620,13,9,3,3.529799869284034e-05
10154,29376,12,8,2,3.705199924297631e-05
10155,14612,11,9,2,3.171199932694435e-05
10156,120494,10,8,2,2.039600076386705e-05
10157,278,9,9,1,2.0294999558245763e-05
10158,128902,13,8,0,1.0208997991867363e-05
10159,126158,9,7,0,6.664999091299251e-06
10160,69921,12,9,4,2.4169003154383972e-05
10161,26922,12,9,3,3.590599953895435e-05
10162,112950,10,9,4,4.625599831342697e-05
10163,9394,10,8,0,6.979000318096951e-06
10164,131389,12,9,1,2.9865001124562696e-05
10165,39238,12,9,4,3.064299744437449e-05
10166,88768,12,8,4,2.6459998480277136e-05
10167,123099,22,8,1,3.693700273288414e-05
10168,69591,13,8,2,3.303000266896561e-05
10169,102731,12,9,2,3.299300078651868e-05
10170,353,9,9,1,1.8270999134983867e-05
10171,20903,9,8,0,7.190999895101413e-06
10172,84323,9,9,2,4.022999928565696e-05
10173,61806,9,9,1,1.6701000276952982e-05
10174,4542,9,8,0,7.434002327499911e-06
10175,60819,9,7,0,7.01200042385608e-06
10176,95284,9,6,0,6.299000233411789e-06
10177,106399,12,5,0,7.634000212419778e-06
10178,99107,13,5,0,1.1263997294008732e-05
10179,4463,9,9,1,2.0770003175130114e-05
10180,31362,9,8,0,7.439000910380855e-06
10181,4473,12,9,1,3.309800013084896e-05
10182,31099,9,9,1,2.0925999706378207e-05
10183,126492,9,8,0,7.631999324075878e-06
10184,41357,9,9,2,3.1806001061340794e-05
10185,104166,10,8,0,1.3949000276625156e-05
10186,4511,11,9,2,4.823299968848005e-05
10187,98731,11,9,4,7.461700079147704e-05
10188,8626,10,9,4,2.5717999960761517e-05
10189,61892,16,9,2,2.1395997464424e-05
10190,100815,11,9,0,3.660500078694895e-05
10191,98770,11,9,2,4.770899977302179e-05
10192,10713,18,9,4,3.733699850272387e-05
10193,86499,29,9,1,4.0507002267986536e-05
10194,82746,17,8,1,2.68340008915402e-05
10195,56795,27,8,1,4.509200152824633e-05
10196,86505,10,9,2,4.085600085090846e-05
10197,68077,13,9,2,7.69159996707458e-05
10198,16885,9,9,1,2.158999996026978e-05
10199,118654,14,8,0,1.1651998647721484e-05
10200,39418,19,9,3,4.1996001527877524e-05
10201,69028,27,8,4,3.8264999602688476e-05
10202,125454,19,8,3,3.3750999136827886e-05
10203,68629,25,8,3,4.045999958179891e-05
10204,16891,16,9,0,4.003999856649898e-05
10205,107004,10,9,1,4.5345001126406714e-05
10206,53761,14,9,1,3.106800068053417e-05
10207,16901,9,9,1,1.8612998246680945e-05
10208,68292,9,8,0,7.1309987106360495e-06
10209,4684,11,8,1,9.670999133959413e-06
10210,97004,14,8,0,2.3512999177910388e-05
10211,33448,18,8,1,8.231700121541508e-05
10212,84506,17,9,4,4.90849997731857e-05
10213,86595,22,8,0,1.9897997844964266e-05
10214,28862,20,8,1,2.695299917832017e-05
10215,29218,17,7,1,3.335899964440614e-05
10216,90970,18,8,1,3.467999704298563e-05
10217,32506,16,8,1,2.1615000150632113e-05
10218,94287,12,8,1,3.128400203422643e-05
10219,79443,18,7,0,1.1430998711148277e-05
10220,73271,16,6,0,8.562001312384382e-06
10221,47424,22,8,3,3.55119991581887e-05
10222,120622,11,8,2,2.582600063760765e-05
10223,7004,10,8,4,1.8111000827047974e-05
10224,78368,14,9,2,3.887000275426544e-05
10225,6689,15,9,1,2.6150999474339187e-05
10226,6695,10,9,3,3.4370998037047684e-05
10227,8744,19,9,2,3.310000101919286e-05
10228,55850,9,9,1,1.962999886018224e-05
10229,14304,9,8,0,7.519000064348802e-06
10230,53802,12,9,0,1.7382997612003237e-05
10231,100913,9,9,1,1.599799725227058e-05
10232,39527,9,8,0,7.121998351067305e-06
10233,44192,9,7,0,6.8119989009574056e-06
10234,19779,9,6,0,6.310998287517577e-06
10235,122040,15,6,0,1.2421998690115288e-05
10236,36125,11,5,1,8.406001143157482e-06
10237,23896,13,5,1,2.0529001631075516e-05
10238,80433,12,9,1,1.9202001567464322e-05
10239,113213,13,9,1,3.116400330327451e-05
10240,80471,14,9,2,4.5931999920867383e-05
10241,123485,10,9,2,4.4375003199093044e-05
10242,78432,9,9,4,2.9729002562817186e-05
10243,23140,9,9,1,2.027300070039928e-05
10244,126292,9,8,0,3.318900053272955e-05
10245,105077,22,9,3,4.905600144411437e-05
10246,72311,9,9,2,3.7742000131402165e-05
10247,73132,11,8,2,3.851799920084886e-05
10248,42697,12,8,0,1.2958000297658145e-05
10249,37733,15,8,4,4.0135997551260516e-05
10250,103031,12,9,1,2.36550004046876e-05
10251,8825,10,9,4,3.1908999517327175e-05
10252,29305,11,9,2,2.3345997760770842e-05
10253,98940,10,9,2,1.949600118678063e-05
10254,84609,18,9,3,3.2588999602012336e-05
10255,20438,13,8,2,2.3927997972350568e-05
10256,7686,9,8,3,2.6451001758687198e-05
10257,103048,9,9,3,3.5975001082988456e-05
10258,47772,10,9,2,5.64559995837044e-05
10259,113309,9,9,1,2.0049999875482172e-05
10260,64688,10,8,0,7.27099904906936e-06
10261,21162,14,9,4,3.5556000511860475e-05
10262,29356,9,9,1,2.0368002878967673e-05
10263,47796,10,9,2,4.324100154917687e-05
10264,21195,10,9,1,3.783600186579861e-05
10265,58068,10,9,1,2.0207000488881022e-05
10266,15847,9,8,0,7.226997695397586e-06
10267,80600,16,9,2,4.41270021838136e-05
10268,27363,11,9,2,3.7292000342858955e-05
10269,45809,13,9,1,5.040500036557205e-05
10270,107253,10,9,2,2.7636997401714325e-05
10271,64245,11,9,6,7.038399780867621e-05
10272,122386,21,8,1,3.781700070248917e-05
10273,30287,35,8,1,3.374199877725914e-05
10274,62637,14,8,6,3.477200152701698e-05
10275,41726,9,9,1,2.068599860649556e-05
10276,84740,12,9,1,4.477499896893278e-05
10277,115463,9,9,6,2.9981998522998765e-05
10278,83835,10,8,1,2.792899977066554e-05
10279,80647,9,9,1,1.8269001884618774e-05
10280,101281,10,8,0,8.188999345293269e-06
10281,62225,9,9,3,4.868700125371106e-05
10282,58136,9,9,2,5.2065002819290385e-05
10283,4893,9,9,1,2.0095001673325896e-05
10284,107297,13,9,1,3.087199729634449e-05
10285,122551,10,8,3,3.4271000913577154e-05
10286,97063,12,9,2,3.81439967895858e-05
10287,54970,12,8,1,2.114700328093022e-05
10288,119804,13,8,1,1.3655000657308847e-05
10289,99765,15,8,1,3.094899875577539e-05
10290,24665,20,8,1,3.1216000934364274e-05
10291,64296,9,9,1,1.6377001884393394e-05
10292,91658,9,8,0,6.770002073608339e-06
10293,23338,18,9,3,3.594599911593832e-05
10294,19505,10,8,2,2.884499917854555e-05
10295,72493,9,9,2,4.628200258594006e-05
10296,25400,10,9,1,4.857000021729618e-05
10297,60220,9,9,1,1.4227000065147877e-05
10298,15311,10,8,0,7.46700243325904e-06
10299,76958,10,8,1,1.7766000382835045e-05
10300,64364,14,7,0,3.698799991980195e-05
10301,100143,12,7,0,1.1292999261058867e-05
10302,82751,10,9,2,3.9236001612152904e-05
10303,3334,12,8,0,1.9589999283198267e-05
10304,52037,10,9,2,3.698700311360881e-05
10305,58184,9,9,1,1.702800000202842e-05
10306,23375,12,9,2,3.850799839710817e-05
10307,129881,10,9,6,3.254299735999666e-05
10308,64353,12,9,2,5.03209994349163e-05
10309,82796,16,9,3,4.0257000364363194e-05
10310,13169,10,9,3,3.3680000342428684e-05
10311,42386,9,8,4,1.8423001165501773e-05
10312,66464,10,8,1,2.400399898760952e-05
10313,74612,16,9,1,6.923500041011721e-05
10314,124277,15,8,4,2.6456000341568142e-05
10315,66602,18,8,4,3.086700235144235e-05
10316,42938,16,8,1,3.335899964440614e-05
10317,29557,9,9,4,3.087599907303229e-05
10318,48014,11,9,2,4.5658001909032464e-05
10319,36094,11,8,1,1.766599962138571e-05
10320,99798,10,8,2,1.795100251911208e-05
10321,25501,16,9,2,3.3043001167243347e-05
10322,82846,16,9,1,3.650700091384351e-05
10323,82848,9,9,1,1.9118997443001717e-05
10324,1217,9,8,0,2.6492001779843122e-05
10325,24324,11,8,0,1.1746000382117927e-05
10326,20600,11,7,1,1.66790014191065e-05
10327,128035,11,7,1,1.296600021305494e-05
10328,46358,17,8,0,6.11770010436885e-05
10329,9123,14,9,3,4.656999954022467e-05
10330,117678,10,9,2,4.695100142271258e-05
10331,25522,9,9,1,2.1590996766462922e-05
10332,35778,9,9,1,2.7410998882260174e-05
10333,48077,9,9,1,2.0211999071761966e-05
10334,104323,9,8,0,7.398000889224932e-06
10335,129998,22,9,0,2.9861999792046845e-05
10336,68930,19,8,0,3.31150004058145e-05
10337,125913,10,9,1,5.106399839860387e-05
10338,121903,10,8,0,7.252001523738727e-06
10339,105440,9,9,1,1.746199995977804e-05
10340,81505,9,8,0,7.0259993663057685e-06
10341,131361,17,8,1,1.8108999938704073e-05
10342,35812,9,9,1,1.705000249785371e-05
10343,98279,9,8,0,7.108999852789566e-06
10344,93158,9,9,1,1.80669994733762e-05
10345,128929,9,8,0,7.102997187757865e-06
10346,127974,11,9,2,5.091300045023672e-05
10347,80872,11,9,3,4.172999979346059e-05
10348,33777,12,9,3,2.622600004542619e-05
10349,44022,9,9,1,1.96109976968728e-05
10350,17549,9,8,0,7.053000445012003e-06
10351,111615,9,9,3,4.5533997763413936e-05
10352,23559,33,9,0,5.2323001000331715e-05
10353,114402,13,8,3,2.261299960082397e-05
10354,61974,30,8,2,3.777699748752639e-05
10355,100536,41,8,2,5.379000140237622e-05
10356,119359,25,8,3,3.663799725472927e-05
10357,58050,10,8,4,9.380499977851287e-05
10358,103473,14,9,4,4.7620000259485096e-05
10359,19510,10,9,1,4.1945000702980906e-05
10360,31930,10,8,0,7.530001312261447e-06
10361,85432,10,7,0,6.2729995988775045e-06
10362,119539,15,7,1,2.5334000383736566e-05
10363,54355,11,6,1,9.504998160991818e-06
10364,118871,29,8,4,5.4161999287316576e-05
10365,106785,24,7,0,2.5040000764420256e-05
10366,113895,21,8,1,4.400799662107602e-05
10367,101855,14,7,1,1.692300065769814e-05
10368,81500,11,7,0,1.9920000340789557e-05
10369,120112,14,7,0,2.1781001123599708e-05
10370,121916,17,9,3,4.433000140124932e-05
10371,5184,10,9,2,2.591199881862849e-05
10372,78915,12,9,4,3.997900057584047e-05
10373,5187,15,9,1,2.363800012972206e-05
10374,58435,17,9,0,2.398599826847203e-05
10375,46150,9,9,1,1.7368998669553548e-05
10376,3724,11,8,0,1.4591001672670245e-05
10377,85741,9,7,0,6.843998562544584e-06
10378,57181,9,6,0,5.8010009524878114e-06
10379,34127,12,7,1,4.012900171801448e-05
10380,89171,9,9,1,1.9142000382998958e-05
10381,60499,10,9,4,5.1545001042541116e-05
10382,72789,10,9,1,1.9428000086918473e-05
10383,64601,13,9,1,2.2492000425700098e-05
10384,35930,12,9,2,5.194800178287551e-05
10385,121966,9,9,1,1.9191000319551677e-05
10386,64754,9,8,0,7.279999408638105e-06
10387,91246,16,9,2,7.504299719585106e-05
10388,62595,12,9,2,5.2047002100152895e-05
10389,85891,15,8,0,1.0234001820208505e-05
10390,68748,11,9,4,4.1401999624213204e-05
10391,122003,9,9,7,2.5070999981835485e-05
10392,116208,9,8,6,2.3271000827662647e-05
10393,25748,10,9,3,3.0277999030658975e-05
10394,60575,9,9,5,2.9670998628716916e-05
10395,111790,9,9,1,1.938499917741865e-05
10396,36458,9,8,0,7.09699816070497e-06
10397,69187,12,8,0,1.2275999324629083e-05
10398,66741,9,9,1,1.9345003238413483e-05
10399,54458,10,9,3,4.9160997150465846e-05
10400,33984,9,9,1,1.9229002646170557e-05
10401,93376,11,9,4,3.470799856586382e-05
10402,126159,9,9,1,1.820800025598146e-05
10403,50538,9,8,0,7.01300086802803e-06
10404,25831,11,9,3,3.3576998248463497e-05
10405,126199,10,9,4,3.627199839684181e-05
10406,107770,19,9,1,4.441499913809821e-05
10407,79109,9,9,1,1.9489001715555787e-05
10408,21769,9,9,1,1.7967999156098813e-05
10409,132368,17,9,0,3.070100137847476e-05
10410,75033,21,9,3,4.270699719199911e-05
10411,107807,12,9,1,5.120700006955303e-05
10412,60712,10,9,3,5.4184001783141866e-05
10413,77107,10,9,5,3.513400224619545e-05
10414,114500,12,8,2,2.499199763406068e-05
10415,13646,9,9,3,6.362099884427153e-05
10416,32078,11,9,4,3.716400169651024e-05
10417,130384,19,9,3,4.0828999772202224e-05
10418,58703,14,9,1,3.480200030026026e-05
10419,40274,12,9,3,4.162100231042132e-05
10420,89427,9,9,2,4.191900006844662e-05
10421,23893,14,9,1,4.070599970873445e-05
10422,130409,12,9,1,2.55819977610372e-05
10423,42348,12,9,2,5.791600051452406e-05
10424,38257,12,9,3,4.700900171883404e-05
10425,11635,9,9,2,4.0211001760326326e-05
10426,11637,9,9,3,3.8679998397128657e-05
10427,118136,10,9,2,3.910799932782538e-05
10428,62850,9,9,1,1.8576000002212822e-05
10429,1411,12,9,2,3.82350008294452e-05
10430,62858,12,9,0,1.8356000509811565e-05
10431,71671,20,8,0,1.9801002054009587e-05
10432,2641,12,7,0,8.449002052657306e-06
10433,60962,14,6,0,1.3705001038033515e-05
10434,67752,24,6,0,2.5872999685816467e-05
10435,90012,17,7,1,2.056900120805949e-05
10436,28048,9,9,1,1.848199826781638e-05
10437,83362,11,9,4,3.758400271181017e-05
10438,118182,9,9,1,1.8546001228969544e-05
10439,104289,9,8,0,6.885999027872458e-06
10440,83369,13,9,3,7.24300007277634e-05
10441,7599,9,9,5,3.905199992004782e-05
10442,11700,21,9,1,4.516199987847358e-05
10443,64974,9,9,1,1.9339997379574925e-05
10444,85460,9,9,4,3.519000165397301e-05
10445,81370,9,9,1,1.947599957929924e-05
10446,40415,9,9,2,2.8236001526238397e-05
10447,56799,10,9,2,3.6334997275844216e-05
10448,71138,12,9,1,3.0733001040061936e-05
10449,30180,9,9,1,2.0163002773188055e-05
10450,44516,12,9,0,3.1145998946158215e-05
10451,19949,9,9,1,2.0818999473704025e-05
10452,110064,14,9,3,4.465900201466866e-05
10453,71157,15,9,4,3.3362997783115134e-05
10454,69109,11,9,2,4.899099803878926e-05
10455,54774,12,9,1,2.7067999326391146e-05
10456,99833,12,9,4,3.660700167529285e-05
10457,30202,13,9,1,3.672099774121307e-05
10458,91646,11,9,5,2.624300032039173e-05
10459,132623,9,9,2,6.067800131859258e-05
10460,91685,15,9,0,2.2868996893521398e-05
10461,97844,10,9,1,2.8528000257210806e-05
10462,38452,11,9,1,2.5944002118194476e-05
10463,71244,9,9,4,4.2713003495009616e-05
10464,61009,20,9,4,4.266100222594105e-05
10465,42709,10,8,1,6.782200216548517e-05
10466,98449,18,8,0,4.985200212104246e-05
10467,132043,13,7,2,2.0213999960105866e-05
10468,43647,23,7,0,2.2745000023860484e-05
10469,27872,20,6,0,1.454199809813872e-05
10470,27882,20,5,0,8.961997082224116e-06
10471,68375,23,6,3,2.532299913582392e-05
10472,114183,33,7,1,3.083100091316737e-05
10473,115344,13,8,2,3.0731000151718035e-05
10474,46532,25,8,0,3.2623000151943415e-05
10475,67163,16,9,0,2.4344997655134648e-05
10476,73315,10,9,4,3.619100243668072e-05
10477,56952,9,9,2,3.556700175977312e-05
10478,18042,15,9,1,4.481500218389556e-05
10479,44666,16,9,1,3.633999949670397e-05
10480,13950,11,9,1,3.153600118821487e-05
10481,81539,9,9,4,3.394899977138266e-05
10482,75398,18,9,3,3.9356000343104824e-05
10483,65160,16,9,7,3.438800194999203e-05
10484,46733,9,9,1,1.780700040399097e-05
10485,30372,9,8,0,7.145998097257689e-06
10486,65511,11,7,0,8.474999049212784e-06
10487,110464,16,8,0,2.9052000172669068e-05
10488,25621,13,7,0,1.4206001651473343e-05
10489,27652,15,6,0,7.5409989221952856e-06
10490,107720,14,6,0,1.5976002032402903e-05
10491,112272,10,9,1,1.8794002244248986e-05
10492,89746,9,9,1,1.9087001419393346e-05
10493,34462,9,9,3,3.53579998773057e-05
10494,118438,9,9,1,1.973399776034057e-05
10495,122555,9,9,1,1.7615002434467897e-05
10496,95940,9,9,2,5.064899960416369e-05
10497,128940,9,8,0,6.821999704698101e-06
10498,128709,27,9,0,4.804399941349402e-05
10499,120525,11,9,1,2.1251998987281695e-05
10500,20181,12,9,0,2.1050000214017928e-05
10501,77542,11,9,0,1.7485999705968425e-05
10502,50918,10,9,3,3.1591996958013624e-05
10503,12011,9,9,1,1.893499938887544e-05
10504,16110,9,9,2,5.1990999054396525e-05
10505,5904,10,9,4,3.431599907344207e-05
10506,38697,16,9,1,2.3949000024003908e-05
10507,12658,16,8,0,9.154002327704802e-06
10508,118639,9,7,0,6.793001375626773e-06
10509,14768,12,8,2,3.952100087190047e-05
10510,126769,12,9,3,3.736399958143011e-05
10511,42808,19,9,2,4.241799979354255e-05
10512,42810,9,9,1,1.902099756989628e-05
10513,128851,21,9,1,4.054999953950755e-05
10514,108376,16,9,0,3.3265001547988504e-05
10515,106338,10,9,2,3.113300044788048e-05
10516,130919,26,9,1,4.096499833394773e-05
10517,6002,9,9,1,2.080399644910358e-05
10518,130931,9,9,2,4.363900006865151e-05
10519,98162,12,9,4,5.636100104311481e-05
10520,28538,9,9,3,3.5951998142991215e-05
10521,73603,9,9,3,2.523500006645918e-05
10522,69515,10,9,1,7.464900045306422e-05
10523,71566,10,9,3,2.9132999770808965e-05
10524,112529,9,9,1,2.1062001906102523e-05
10525,73625,9,9,1,2.2152999008540064e-05
10526,47005,15,9,3,3.970699981437065e-05
10527,108450,10,9,1,1.928100027726032e-05
10528,4005,14,9,1,3.9653001294936985e-05
10529,122802,9,9,1,1.7310001567238942e-05
10530,10163,11,9,1,2.1763000404462218e-05
10531,122805,13,9,2,3.462099994067103e-05
10532,10168,11,9,1,2.8433998522814363e-05
10533,98234,10,9,3,4.152000110480003e-05
10534,94140,9,9,1,1.8612001440487802e-05
10535,71618,10,9,2,8.408400026382878e-05
10536,128969,12,9,4,3.3767999411793426e-05
10537,51157,11,9,2,2.8611000743694603e-05
10538,96963,16,8,6,3.764800203498453e-05
10539,16349,9,9,2,3.127099989796989e-05
10540,126956,11,9,3,3.3766998967621475e-05
10541,116720,14,9,2,4.146799983573146e-05
10542,90104,9,9,4,3.962399932788685e-05
10543,122873,11,9,4,2.8313999791862443e-05
10544,117076,12,8,1,1.76860012288671e-05
10545,49147,10,9,2,3.161999848089181e-05
10546,81922,19,9,1,8.660200182930566e-05
10547,4531,12,8,0,2.8148002456873655e-05
10548,9080,18,8,0,3.476300116744824e-05
10549,96448,20,7,0,1.1046999134123325e-05
10550,23648,25,6,0,2.770300125121139e-05
10551,118568,14,7,0,1.9502000213833526e-05
10552,57368,12,9,0,2.0575000235112384e-05
10553,77858,19,9,1,3.915399793186225e-05
10554,51265,10,9,1,1.4397002814803272e-05
10555,92248,13,9,0,3.34249998559244e-05
10556,26764,23,9,2,3.475600169622339e-05
10557,129201,13,9,1,2.296399907208979e-05
10558,84162,12,9,2,4.246000025887042e-05
10559,86266,18,9,1,3.576800008886494e-05
10560,49495,15,9,4,3.625699901022017e-05
10561,117094,17,9,2,2.65240014414303e-05
10562,53617,14,9,1,3.004300015163608e-05
10563,96641,11,9,1,5.146999683347531e-05
10564,100911,11,9,1,1.9828999938908964e-05
10565,121552,10,8,0,8.271003025583923e-06
10566,3166,11,8,3,2.5563000235706568e-05
10567,125563,12,9,0,3.841400030069053e-05
10568,66300,23,9,0,4.730500222649425e-05
10569,95646,26,8,0,1.3615001080324873e-05
10570,94946,22,8,2,3.9667000237386674e-05
10571,88981,17,9,3,4.250900019542314e-05
10572,52176,17,9,0,3.153900252073072e-05
10573,19428,16,9,0,6.510700040962547e-05
10574,109544,15,9,1,3.3370000892318785e-05
10575,113780,14,9,3,3.226699845981784e-05
10576,9334,11,9,3,3.503599873511121e-05
10577,68808,10,9,1,5.118099943501875e-05
10578,106355,10,8,0,7.648999599041417e-06
10579,130272,19,9,2,4.498499765759334e-05
10580,75134,10,9,2,3.272899994044565e-05
10581,71064,12,9,2,2.7851001505041495e-05
10582,58831,24,9,6,4.502800220507197e-05
10583,99793,24,9,3,4.331699892645702e-05
10584,79423,14,9,1,2.6841997168958187e-05
10585,63076,11,9,2,2.62120011029765e-05
10586,30542,20,9,3,3.942300099879503e-05
10587,55195,17,9,4,3.30299990309868e-05
10588,90127,13,9,0,1.841400080593303e-05
10589,65620,14,9,3,3.331600237288512e-05
10590,90251,27,9,2,3.807800021604635e-05
10591,43613,17,9,2,3.301500328234397e-05
10592,101682,13,9,1,2.2897998860571533e-05
10593,36244,27,9,1,3.943900082958862e-05
10594,63109,12,9,3,4.7761001042090356e-05
10595,67587,10,10,2,6.768300227122381e-05
10596,61449,10,10,3,6.641100117121823e-05
10597,18442,12,10,7,3.6134002584731206e-05
10598,4110,19,10,3,3.046600249945186e-05
10599,28692,11,10,3,4.738599818665534e-05
10600,65566,10,10,1,3.0712999432580546e-05
10601,65567,10,10,1,2.0924999262206256e-05
10602,71856,12,9,0,1.0317999112885445e-05
10603,89093,10,8,0,7.5120005931239575e-06
10604,107790,14,7,0,1.0241998097626492e-05
10605,73007,10,6,0,6.40500002191402e-06
10606,65569,10,10,1,1.951999729499221e-05
10607,816,10,9,0,7.56800000090152e-06
10608,87493,10,8,0,7.38899689167738e-06
10609,87521,10,7,0,7.136000931495801e-06
10610,110650,10,6,0,6.548998499056324e-06
10611,70751,14,7,1,2.3542001144960523e-05
10612,3691,13,7,1,1.884899756987579e-05
10613,92194,10,10,4,4.886099850409664e-05
10614,120865,10,10,3,5.1680999604286626e-05
10615,28709,11,10,2,3.98580014007166e-05
10616,77863,12,10,1,4.0448998333886266e-05
10617,122921,11,10,3,3.765799920074642e-05
10618,54582,10,9,0,6.3590014178771526e-06
10619,112937,17,9,3,4.7252000513253734e-05
10620,95424,22,9,0,3.6614001146517694e-05
10621,20526,14,10,2,4.447199899004772e-05
10622,76498,18,9,1,4.255299791111611e-05
10623,116784,12,10,3,5.236599827185273e-05
10624,45107,10,10,1,2.2903997887624428e-05
10625,110648,13,10,3,4.7214998630806804e-05
10626,116800,20,10,4,5.208900256548077e-05
10627,80745,14,9,1,3.2212003134191036e-05
10628,38540,12,9,1,2.054599826806225e-05
10629,34883,10,10,1,2.390200097579509e-05
10630,16113,13,9,0,1.0509000276215374e-05
10631,96101,10,8,0,7.378999725915492e-06
10632,82023,14,8,0,3.2470001315232366e-05
10633,78582,14,7,0,8.566003089072183e-06
10634,59459,17,10,1,2.8208000003360212e-05
10635,86094,11,10,3,4.3117997847730294e-05
10636,86096,10,10,1,2.0632000087061897e-05
10637,52225,10,9,0,7.946000550873578e-06
10638,9483,10,8,0,7.482001819880679e-06
10639,68246,12,9,1,1.4287998055806383e-05
10640,113244,16,9,1,2.3404998501064256e-05
10641,41031,16,9,1,2.407300053164363e-05
10642,88198,17,9,2,2.7292997401673347e-05
10643,20204,14,9,5,4.0571998397354037e-05
10644,48969,20,9,1,4.400500256451778e-05
10645,92243,17,8,0,2.0955998479621485e-05
10646,28753,10,10,1,1.9369002984603867e-05
10647,116949,10,9,0,7.615999493282288e-06
10648,41217,10,8,0,7.245998858707026e-06
10649,25533,10,7,0,6.842001312179491e-06
10650,123303,10,6,0,6.692000170005485e-06
10651,21010,10,5,0,5.914000212214887e-06
10652,30149,10,4,0,5.180998414289206e-06
10653,31103,10,3,0,4.408997483551502e-06
10654,59812,10,2,0,4.423000063979998e-06
10655,3018,14,3,0,1.2229997082613409e-05
10656,127061,10,10,1,2.209800004493445e-05
10657,78672,10,9,0,7.460999768227339e-06
10658,64483,10,8,0,7.39199822419323e-06
10659,34957,10,7,0,7.0930000219959766e-06
10660,110682,10,10,1,1.818999953684397e-05
10661,62471,10,9,0,7.620001269970089e-06
10662,113774,10,8,0,6.971000402700156e-06
10663,63717,10,7,0,6.965001375647262e-06
10664,62707,10,6,0,6.2110011640470475e-06
10665,46416,10,5,0,5.947000317974016e-06
10666,63618,10,4,0,5.22399932378903e-06
10667,110752,10,3,0,4.745998012367636e-06
10668,46461,10,2,0,9.607996616978198e-06
10669,47670,10,1,0,4.179000825388357e-06
10670,133211,15,10,5,3.4943997889058664e-05
10671,65627,12,10,2,8.30409990157932e-05
10672,63578,13,10,4,3.455199839663692e-05
10673,68284,19,9,7,3.1526997190667316e-05
10674,64470,17,9,1,3.310400279588066e-05
10675,69726,13,10,2,5.6539000070188195e-05
10676,114789,10,10,1,2.2849999368190765e-05
10677,23910,10,9,0,8.1349971878808e-06
10678,122995,10,8,0,6.850001227576286e-06
10679,65643,10,10,1,2.049799877568148e-05
10680,45207,17,9,0,1.4066998119233176e-05
10681,88175,24,10,2,5.027000224799849e-05
10682,12410,10,10,1,2.1203999494900927e-05
10683,57508,10,9,0,7.881997589720413e-06
10684,96450,10,8,0,7.306000043172389e-06
10685,27408,10,7,0,6.6159991547465324e-06
10686,82216,11,6,0,7.389000529656187e-06
10687,119533,17,7,0,4.620699837687425e-05
10688,100476,11,10,4,3.796400051214732e-05
10689,101374,10,9,2,3.387499964446761e-05
10690,103201,12,9,6,2.79949999821838e-05
10691,127115,13,10,2,6.343899804051034e-05
10692,37910,13,9,0,9.936000424204394e-06
10693,116883,10,10,2,3.6981000448577106e-05
10694,76954,11,9,1,2.871200194931589e-05
10695,50544,17,9,0,2.1422998543130234e-05
10696,58706,12,9,1,1.3626999134430662e-05
10697,130407,22,9,1,3.1512001442024484e-05
10698,90270,10,10,1,2.2569998691324145e-05
10699,108946,10,9,0,7.327998901018873e-06
10700,37832,10,8,0,7.589998858748004e-06
10701,46735,12,9,1,3.715799903147854e-05
10702,110751,10,10,1,2.08630008273758e-05
10703,124297,10,9,0,7.372000254690647e-06
10704,84128,10,10,1,4.6678997023263946e-05
10705,122556,10,9,0,1.0263000149279833e-05
10706,91179,10,8,0,7.720002031419426e-06
10707,49991,10,7,0,7.574999472126365e-06
10708,8804,10,6,0,6.862999725854024e-06
10709,56039,10,5,0,6.002999725751579e-06
10710,40784,10,4,0,5.283000064082444e-06
10711,747,10,3,0,4.494002496358007e-06
10712,12080,10,2,0,4.1719977161847055e-06
10713,2206,26,10,2,4.4182001147419214e-05
10714,2220,10,10,1,1.9015002180822194e-05
10715,20665,10,9,0,7.632002962054685e-06
10716,66730,10,8,0,7.115002517821267e-06
10717,46672,10,7,0,6.809998012613505e-06
10718,21149,10,6,0,5.601999873761088e-06
10719,7521,10,5,0,5.77599712414667e-06
10720,10565,10,4,0,5.022000550525263e-06
10721,39536,16,6,1,2.6132998755201697e-05
10722,37141,35,9,3,3.9030001062201336e-05
10723,47277,10,10,1,1.6461999621242285e-05
10724,20816,10,9,0,7.663002179469913e-06
10725,40675,11,8,0,7.287002517841756e-06
10726,38863,10,7,0,7.053000445012003e-06
10727,27285,10,6,0,6.595000741071999e-06
10728,94399,10,5,0,5.507998139364645e-06
10729,68695,10,4,0,8.961000276030973e-06
10730,21205,10,3,0,4.51300002168864e-06
10731,45905,10,2,0,4.1909988794941455e-06
10732,113723,11,1,0,4.136996722081676e-06
10733,128153,10,0,0,3.417000698391348e-06
10734,78002,11,10,4,0.0001095810002880171
10735,69321,14,9,1,3.2449999707750976e-05
10736,129204,10,10,1,2.378300268901512e-05
10737,15647,10,9,0,7.520997314713895e-06
10738,110795,16,10,3,4.42749987996649e-05
10739,100574,10,10,1,2.1751999156549573e-05
10740,127200,12,10,5,5.654399865306914e-05
10741,82144,11,10,1,2.7418998797656968e-05
10742,35042,13,10,1,4.32010019721929e-05
10743,116961,15,10,1,3.366599776200019e-05
10744,88543,11,9,0,2.7587997465161607e-05
10745,81826,14,9,0,4.083599924342707e-05
10746,91015,13,9,1,5.349499770090915e-05
10747,120161,16,8,0,2.5280001864302903e-05
10748,62586,19,8,1,2.305300222360529e-05
10749,132387,13,9,0,2.6183999580098316e-05
10750,92390,14,10,1,6.953599950065836e-05
10751,69863,15,9,0,2.860500171664171e-05
10752,21136,12,8,1,2.3661999875912443e-05
10753,123121,29,10,1,5.2888997743139043e-05
10754,6397,19,10,1,3.830700006801635e-05
10755,61703,12,10,2,5.406700074672699e-05
10756,24842,10,10,1,2.1872998331673443e-05
10757,51196,11,9,0,8.135000825859606e-06
10758,49421,31,10,2,5.1162001909688115e-05
10759,24847,15,10,1,2.4138000298989937e-05
10760,20762,11,10,1,2.3714997951174155e-05
10761,296,10,10,1,2.1465999452630058e-05
10762,22836,10,10,1,1.9769002392422408e-05
10763,82249,15,9,0,1.2210999557282776e-05
10764,9218,10,8,0,7.451999408658594e-06
10765,23898,10,7,0,6.775000656489283e-06
10766,85784,24,8,0,2.4070002837106586e-05
10767,119099,10,10,2,3.102999835391529e-05
10768,92475,15,10,1,3.959100286010653e-05
10769,115005,10,10,1,2.3006999981589615e-05
10770,88381,11,10,1,1.679900015005842e-05
10771,94747,12,9,0,7.719001587247476e-06
10772,59217,10,8,0,6.860002031316981e-06
10773,115745,10,7,0,6.8920016929041594e-06
10774,2968,12,6,0,7.3880000854842365e-06
10775,25599,15,6,1,1.1225998605368659e-05
10776,35426,14,5,0,1.0843999916687608e-05
10777,35946,20,6,2,2.143099845852703e-05
10778,118958,16,5,0,2.124700040440075e-05
10779,74202,14,4,1,1.2084001355106011e-05
10780,80928,19,9,2,8.297300155390985e-05
10781,57666,19,10,3,6.191300053615123e-05
10782,115012,13,10,1,2.8876998840132728e-05
10783,37867,11,9,0,2.07110024348367e-05
10784,4422,10,10,2,3.624099917942658e-05
10785,127302,12,10,6,5.774500095867552e-05
10786,47437,13,10,5,3.899500006809831e-05
10787,76111,12,10,3,5.04729978274554e-05
10788,60279,12,9,4,4.025199814350344e-05
10789,2389,12,10,2,8.555800013709813e-05
10790,53591,11,10,1,2.2539999918080866e-05
10791,11258,10,9,0,8.791001164354384e-06
10792,29026,15,10,5,5.4592997912550345e-05
10793,103767,21,9,0,2.4373999622184783e-05
10794,79531,14,8,2,3.6837998777627945e-05
10795,36562,19,9,0,3.76170028175693e-05
10796,12539,18,8,0,1.5789002645760775e-05
10797,8546,29,9,2,4.622299820766784e-05
10798,99959,17,9,5,4.964100298820995e-05
10799,97541,32,9,3,4.4272997911321e-05
10800,50448,25,9,2,7.318799907807261e-05
10801,33127,10,10,1,2.683300044736825e-05
10802,61802,15,10,1,3.9358001231448725e-05
10803,7140,20,9,1,3.5101998946629465e-05
10804,27686,25,9,1,3.591600034269504e-05
10805,61805,11,10,1,3.0152998078847304e-05
10806,74113,13,10,4,4.063700180267915e-05
10807,102818,10,10,1,2.19389985431917e-05
10808,47524,10,10,1,2.2588999854633585e-05
10809,117988,10,9,0,8.050999895203859e-06
10810,123300,12,10,2,3.465799818513915e-05
10811,27062,24,10,2,4.7932000597938895e-05
10812,109016,10,10,2,3.07080008496996e-05
10813,49630,11,10,1,2.3892000172054395e-05
10814,35299,13,10,0,2.5508001272100955e-05
10815,25061,13,10,1,4.2080999264726415e-05
10816,6648,10,10,1,1.9655999494716525e-05
10817,12012,10,9,0,7.782997272443026e-06
10818,131988,10,8,0,7.075999747030437e-06
10819,126770,10,7,0,6.664999091299251e-06
10820,102905,14,10,2,3.627299884101376e-05
10821,55807,10,10,1,2.1063999156467617e-05
10822,6659,12,10,1,1.9810999219771475e-05
10823,65266,10,9,0,7.832000846974552e-06
10824,9263,10,8,0,6.838003173470497e-06
10825,103698,10,7,0,6.770002073608339e-06
10826,15617,10,6,0,6.7019973357673734e-06
10827,1897,10,5,0,5.86900205234997e-06
10828,133066,10,4,0,5.521000275621191e-06
10829,32485,10,3,0,4.877998435404152e-06
10830,35029,14,4,0,1.388800228596665e-05
10831,6655,15,3,0,6.509999366244301e-06
10832,34725,20,4,0,1.1891002941410989e-05
10833,39429,17,10,5,6.142900019767694e-05
10834,100888,10,10,2,3.4009997762041166e-05
10835,47646,12,10,1,5.711499761673622e-05
10836,86579,21,10,3,5.037200025981292e-05
10837,39478,19,10,3,3.725500209839083e-05
10838,39480,11,10,1,3.404999733902514e-05
10839,68156,12,10,5,3.9319998904829845e-05
10840,62018,10,10,1,1.9948998669860885e-05
10841,108488,10,9,0,8.170001819962636e-06
10842,112073,10,8,0,7.495000318158418e-06
10843,112075,10,7,0,7.541999366367236e-06
10844,63071,13,6,0,9.190996934194118e-06
10845,2643,10,5,0,6.1920000007376075e-06
10846,123458,10,10,1,2.140099968528375e-05
10847,28394,10,9,0,7.424998329952359e-06
10848,2630,11,10,4,4.7670000640209764e-05
10849,59980,24,10,4,4.3578002077993006e-05
10850,1444,19,9,0,3.332800042699091e-05
10851,25168,11,10,2,3.723500049090944e-05
10852,103567,24,9,3,4.944399915984832e-05
10853,70225,15,10,2,5.1590999646577984e-05
10854,88658,10,10,1,2.1243002265691757e-05
10855,38633,10,9,0,7.976999768288806e-06
10856,2653,15,10,2,2.479999966453761e-05
10857,82535,16,10,5,5.869999949936755e-05
10858,117370,17,10,2,4.0352002542931587e-05
10859,94862,12,10,1,2.266999945277348e-05
10860,99482,10,9,0,7.834001735318452e-06
10861,15769,10,8,0,7.538001227658242e-06
10862,59677,13,8,0,3.539700264809653e-05
10863,37791,15,8,0,1.371500184177421e-05
10864,92817,12,10,3,7.622799967066385e-05
10865,38446,10,9,3,4.2553001549094915e-05
10866,80531,11,10,4,4.1339000745210797e-05
10867,56411,15,9,0,2.621100065880455e-05
10868,88734,15,10,2,6.159000258776359e-05
10869,109778,17,9,1,0.00011365699901944026
10870,2720,13,10,5,0.00014093400022829883
10871,109216,19,10,1,3.936600114684552e-05
10872,31397,11,10,2,5.117099863127805e-05
10873,10926,16,10,4,4.509900099947117e-05
10874,45747,10,10,1,2.5663000997155905e-05
10875,29390,10,9,0,8.180999429896474e-06
10876,113336,10,10,1,2.5541998184053227e-05
10877,56042,12,10,2,3.612200089264661e-05
10878,101103,10,10,1,2.2535001335199922e-05
10879,107724,12,9,0,1.0117000783793628e-05
10880,46664,10,8,0,7.373000698862597e-06
10881,101105,15,8,0,1.515500116511248e-05
10882,78575,14,10,4,6.1034999816911295e-05
10883,72434,13,10,4,8.334800077136606e-05
10884,58147,10,10,2,6.780100011383183e-05
10885,68398,25,10,2,5.3757998102810234e-05
10886,109600,16,9,0,3.372200080775656e-05
10887,82734,20,10,0,4.000699846073985e-05
10888,125745,14,10,2,2.7988000510958955e-05
10889,52870,16,9,0,2.6871999580180272e-05
10890,20256,13,9,2,3.402400034246966e-05
10891,49973,10,10,1,2.286000017193146e-05
10892,81618,10,9,0,8.220002200687304e-06
10893,119616,10,10,1,2.0578001567628235e-05
10894,60234,10,10,2,4.302299930714071e-05
10895,18236,14,9,3,4.755400004796684e-05
10896,122538,10,8,0,8.064998837653548e-06
10897,76618,10,10,2,6.162099816720001e-05
10898,43887,13,10,3,4.511199949774891e-05
10899,119667,11,9,2,4.863099820795469e-05
10900,129905,12,10,5,4.75249980809167e-05
10901,56179,14,10,3,4.891700154985301e-05
10902,129910,10,10,1,2.080999911413528e-05
10903,116343,10,9,0,7.434002327499911e-06
10904,50039,10,10,1,2.339599814149551e-05
10905,4984,14,10,2,3.618199843913317e-05
10906,56194,11,10,3,4.9301001126877964e-05
10907,32120,14,9,2,2.7321999368723482e-05
10908,66438,15,10,1,3.936199937015772e-05
10909,123798,11,10,2,5.686399890691973e-05
10910,31638,39,10,2,7.071900108712725e-05
10911,66469,10,10,1,2.1741001546615735e-05
10912,29620,17,10,4,4.511000224738382e-05
10913,3008,10,10,3,5.64479996683076e-05
10914,72640,11,10,2,4.1157996747642756e-05
10915,86978,17,10,0,4.117400021641515e-05
10916,64457,10,10,1,2.416400093352422e-05
10917,48073,10,10,1,2.506600139895454e-05
10918,82899,10,10,1,2.0415998733369634e-05
10919,66518,11,10,1,4.1522998799337074e-05
10920,60376,26,10,3,5.8433000958757475e-05
10921,113652,16,9,4,2.808600038406439e-05
10922,62430,12,10,1,4.21960030507762e-05
10923,7146,12,10,2,3.4705000871326774e-05
10924,80874,12,10,0,2.292900171596557e-05
10925,37997,12,9,2,0.00015095100025064312
10926,96261,14,9,5,3.224199826945551e-05
10927,58365,10,10,1,3.880099757225253e-05
10928,132104,12,10,2,6.228799975360744e-05
10929,130068,13,10,3,2.6492001779843122e-05
10930,19479,11,10,3,4.20239994127769e-05
10931,117789,10,10,1,2.2714000806445256e-05
10932,118134,10,9,0,7.657999958610162e-06
10933,89117,12,10,5,5.047300146543421e-05
10934,56366,18,10,1,3.935099812224507e-05
10935,66607,10,10,3,3.902000025846064e-05
10936,78916,10,10,1,2.4714001483516768e-05
10937,108330,10,9,0,7.967999408720061e-06
10938,70729,12,10,6,4.932099909638055e-05
10939,6082,11,9,2,3.4961998608196154e-05
10940,60491,13,10,2,2.246400254080072e-05
10941,85986,17,9,5,4.0711001929594204e-05
10942,74828,10,10,1,2.0613002561731264e-05
10943,32719,10,9,0,8.230999810621142e-06
10944,101232,14,9,0,1.5333000192185864e-05
10945,25211,13,9,1,2.502899951650761e-05
10946,12471,16,9,1,2.8753001970471814e-05
10947,35917,10,10,1,2.3166001483332366e-05
10948,60495,10,10,2,4.367099973023869e-05
10949,44111,12,10,1,4.593699850374833e-05
10950,101465,10,10,1,2.3289001546800137e-05
10951,76896,10,10,1,2.9597998945973814e-05
10952,29807,11,10,2,3.816800017375499e-05
10953,15476,13,10,2,4.602799890562892e-05
10954,85113,10,10,1,2.0007002603961155e-05
10955,27902,10,9,0,7.386999641312286e-06
10956,51066,13,9,0,1.3561002560891211e-05
10957,79517,14,9,0,6.563300121342763e-05
10958,3194,10,10,1,2.455799767631106e-05
10959,29829,13,10,6,3.337699672556482e-05
10960,29833,12,10,1,3.790399932768196e-05
10961,5283,16,10,3,5.399499787017703e-05
10962,64676,10,10,4,5.1819999498547986e-05
10963,101556,30,10,1,6.561100235558115e-05
10964,79035,10,10,3,4.483900193008594e-05
10965,107715,10,10,1,2.161200245609507e-05
10966,97476,13,10,2,4.289899879950099e-05
10967,85187,15,10,2,4.4301999878371134e-05
10968,60618,11,10,4,4.24899990321137e-05
10969,42223,10,10,1,2.4269000277854502e-05
10970,79108,13,10,2,5.019200034439564e-05
10971,56614,11,10,1,4.5463999413186684e-05
10972,109896,10,10,2,0.00010462200225447305
10973,44687,10,9,0,8.798000635579228e-06
10974,45565,14,9,1,2.808099816320464e-05
10975,55331,12,9,1,2.35030020121485e-05
10976,17736,13,10,1,3.4945998777402565e-05
10977,25934,11,10,1,2.0557999960146844e-05
10978,87375,14,10,3,5.386200064094737e-05
10979,52564,16,10,1,4.605100184562616e-05
10980,73044,16,10,1,6.79240001772996e-05
10981,36183,10,10,1,2.2766998881706968e-05
10982,1370,10,10,1,2.618999860715121e-05
10983,83295,21,10,3,0.00010270900020259432
10984,71009,12,10,1,4.8937999963527545e-05
10985,130454,18,10,3,5.672400220646523e-05
10986,85399,10,10,1,2.2070998966228217e-05
10987,5666,10,9,0,7.84700023359619e-06
10988,40343,11,10,1,4.4667998736258596e-05
10989,21920,16,10,3,4.274399907444604e-05
10990,5548,10,10,1,2.2741998691344634e-05
10991,16116,10,9,0,8.478000381728634e-06
10992,118193,12,10,4,4.910700226901099e-05
10993,103857,22,10,0,3.620999996201135e-05
10994,69046,20,10,1,8.975099990493618e-05
10995,112059,23,10,3,5.033499837736599e-05
10996,64973,14,10,3,3.733999983523972e-05
10997,93661,14,10,3,4.034000085084699e-05
10998,15840,11,10,3,4.809299935004674e-05
10999,101860,17,10,2,4.944499960402027e-05
11000,119195,15,9,1,3.9113001548685133e-05
11001,116214,14,10,5,6.369999755406752e-05
11002,46583,12,10,4,4.887700197286904e-05
11003,58872,11,10,3,4.671900023822673e-05
11004,62967,11,10,3,5.04790004924871e-05
11005,83474,12,10,2,2.7296999178361148e-05
11006,83492,10,10,1,2.3094999050954357e-05
11007,48707,11,10,3,4.5656001020688564e-05
11008,20036,14,10,1,3.610600106185302e-05
11009,71240,16,10,2,7.849399844417349e-05
11010,3926,13,9,2,2.1841999114258215e-05
11011,26187,10,10,1,3.655199907370843e-05
11012,54859,12,10,2,5.083699943497777e-05
11013,87690,17,9,0,4.672900104196742e-05
11014,95832,10,10,3,5.970500205876306e-05
11015,81496,14,10,4,6.806100282119587e-05
11016,1826,12,9,1,4.4404998334357515e-05
11017,65120,12,10,3,4.252399958204478e-05
11018,12058,17,9,3,5.093900108477101e-05
11019,58984,16,10,2,4.205900040687993e-05
11020,32379,11,10,2,3.800100239459425e-05
11021,71296,30,10,2,5.828299981658347e-05
11022,3713,10,10,1,2.3906999558676034e-05
11023,42633,27,10,1,6.983999992371537e-05
11024,93835,13,10,2,3.3232001442229375e-05
11025,30352,12,10,4,5.1105998863931745e-05
11026,97956,13,10,1,5.75420017412398e-05
11027,40618,19,10,1,4.296500264899805e-05
11028,14009,11,10,1,2.801600203383714e-05
11029,93889,10,10,2,3.605800156947225e-05
11030,52949,10,10,1,2.2771997464587912e-05
11031,77530,10,10,1,5.413100006990135e-05
11032,3810,13,10,0,4.084000102011487e-05
11033,65263,10,10,1,2.051900082733482e-05
11034,12079,10,9,0,7.441001798724756e-06
11035,63225,27,10,2,4.9753998609958217e-05
11036,20218,11,10,1,3.893099710694514e-05
11037,44797,11,10,2,4.672599970945157e-05
11038,61196,10,10,1,2.32539969147183e-05
11039,20251,11,10,2,5.4629999794997275e-05
11040,3877,22,10,3,4.8261001211358234e-05
11041,92123,18,9,1,3.778599784709513e-05
11042,126760,11,10,1,6.750700049451552e-05
11043,22314,10,10,1,2.1479998395079747e-05
11044,102198,11,10,1,2.07070006581489e-05
11045,126780,11,10,5,3.3180000173160806e-05
11046,16222,10,10,1,2.8929000109201297e-05
11047,114533,10,10,1,2.2729000193066895e-05
11048,114537,11,10,3,4.1208997572539374e-05
11049,108396,10,10,1,2.391399902990088e-05
11050,118638,10,10,1,2.3110998881747946e-05
11051,8057,14,10,1,3.8891001167939976e-05
11052,46969,12,10,3,4.2823998228413984e-05
11053,120705,10,10,1,3.000799915753305e-05
11054,128934,12,10,1,4.656499731936492e-05
11055,12224,18,10,3,8.403799802181311e-05
11056,126924,11,10,3,5.2182000217726454e-05
11057,108494,14,10,0,5.293999856803566e-05
11058,128985,13,10,3,4.6870998630765826e-05
11059,67548,21,10,0,4.445000013220124e-05
11060,66750,27,9,0,4.1215000237571076e-05
11061,118763,10,10,1,2.2356998670147732e-05
11062,86003,10,10,1,2.1252999431453645e-05
11063,126965,14,10,3,4.4167001760797575e-05
11064,18459,14,10,0,7.919700146885589e-05
11065,84013,19,10,1,4.7547000576741993e-05
11066,14382,17,10,3,3.947200093534775e-05
11067,51262,15,10,3,3.820500205620192e-05
11068,14413,19,10,1,4.894599987892434e-05
11069,53347,13,10,1,1.9967999833170325e-05
11070,94360,12,10,1,6.624799789278768e-05
11071,127659,12,9,0,9.373998182127252e-06
11072,106698,11,10,1,2.153999957954511e-05
11073,84207,11,10,1,4.732699744636193e-05
11074,125204,22,10,4,4.770099985762499e-05
11075,67896,12,10,1,2.4993001716211438e-05
11076,29835,12,9,0,9.94600122794509e-06
11077,81402,12,8,0,7.812999683665112e-06
11078,11925,14,8,0,2.7925001631956547e-05
11079,34539,12,7,0,8.33000012789853e-06
11080,40431,14,6,0,8.242997864726931e-06
11081,126989,14,5,0,7.168000593082979e-06
11082,87083,16,4,0,8.841998351272196e-06
11083,55559,18,5,0,2.2263000573730096e-05
11084,22851,13,10,0,3.3800999517552555e-05
11085,96657,25,10,2,5.732999852625653e-05
11086,74130,19,10,0,2.4789998860796914e-05
11087,113081,12,10,1,4.966000051354058e-05
11088,98761,11,10,1,2.188900180044584e-05
11089,6612,15,10,4,3.5815999581245705e-05
11090,74207,11,10,2,4.8539000999880955e-05
11091,123421,15,10,2,3.97120020352304e-05
11092,123609,17,10,4,4.806300057680346e-05
11093,107251,17,10,2,4.233100116834976e-05
11094,103208,12,10,2,4.301099761505611e-05
11095,66350,18,10,1,3.648399797384627e-05
11096,107317,26,10,1,4.235400047036819e-05
11097,25490,14,10,1,2.664099883986637e-05
11098,94490,13,9,0,9.963001502910629e-06
11099,42413,16,9,1,2.5661996915005147e-05
11100,101332,18,10,0,3.505499989842065e-05
11101,33781,12,10,1,6.990399924688973e-05
11102,7432,12,9,0,9.159000910585746e-06
11103,119833,27,10,2,4.593499761540443e-05
11104,105705,22,10,2,3.958999877795577e-05
11105,120257,12,10,3,4.061499930685386e-05
11106,28331,12,10,0,3.1597999623045325e-05
11107,114435,11,10,1,2.6274999981978908e-05
11108,18354,16,10,3,4.432800051290542e-05
11109,116742,13,11,3,5.670699829352088e-05
11110,104474,11,11,1,2.764999953797087e-05
11111,9506,17,10,0,1.3589997251983732e-05
11112,48648,11,9,0,8.079998224275187e-06
11113,89755,11,8,0,6.842998118372634e-06
11114,19619,19,8,0,2.0732997654704377e-05
11115,86901,26,10,1,3.3770000300137326e-05
11116,77850,11,11,1,2.2557000193046406e-05
11117,132221,11,10,0,8.222999895224348e-06
11118,128903,11,9,0,8.046998118516058e-06
11119,21878,11,8,0,7.498998456867412e-06
11120,126861,11,7,0,7.477003236999735e-06
11121,36815,11,6,0,7.204998837551102e-06
11122,4319,11,5,0,5.915000656386837e-06
11123,86311,19,7,3,2.4092998501146212e-05
11124,70983,15,6,0,2.417499854345806e-05
11125,2421,18,5,0,2.0161001884844154e-05
11126,106934,15,10,3,4.067999907420017e-05
11127,45086,12,11,1,2.69900010607671e-05
11128,129856,11,10,0,8.58899875311181e-06
11129,51545,11,9,0,7.86199962021783e-06
11130,61479,12,11,2,4.090600123163313e-05
11131,80092,12,10,0,8.03500006441027e-06
11132,110635,11,11,1,2.065700027742423e-05
11133,4816,11,10,0,8.560000424040481e-06
11134,129949,11,9,0,7.052000000840053e-06
11135,5601,11,8,0,7.4460003816057e-06
11136,30060,11,7,0,7.316000846913084e-06
11137,26091,11,6,0,7.066999387461692e-06
11138,97444,11,5,0,1.1252999684074894e-05
11139,122863,11,4,0,5.373000021791086e-06
11140,44256,11,3,0,5.178000719752163e-06
11141,44674,18,6,2,3.836899850284681e-05
11142,94743,20,5,0,3.8664002204313874e-05
11143,98349,11,11,1,2.601999949547462e-05
11144,75004,11,10,0,9.090999810723588e-06
11145,32529,11,9,0,8.231996616814286e-06
11146,85779,11,8,0,7.234000804601237e-06
11147,34882,11,7,0,7.472001016139984e-06
11148,3910,11,6,0,6.987000233493745e-06
11149,82559,11,5,0,5.9820013120770454e-06
11150,35157,13,4,0,6.325000867946073e-06
11151,6795,13,3,0,5.41800181963481e-06
11152,3569,15,6,1,2.640000093379058e-05
11153,38970,11,11,1,2.2709999029757455e-05
11154,112071,11,10,0,8.519000402884558e-06
11155,75547,11,9,0,7.384001946775243e-06
11156,132974,11,8,0,7.42900010664016e-06
11157,113490,16,7,0,1.1034000635845587e-05
11158,4318,16,6,0,9.610001143300906e-06
11159,46295,11,5,0,6.040998414391652e-06
11160,38530,11,4,0,5.457000952446833e-06
11161,132845,16,3,0,6.5300009737256914e-06
11162,80996,25,3,0,1.1041000107070431e-05
11163,86872,47,7,1,6.135500007076189e-05
11164,100411,16,11,4,6.586700328625739e-05
11165,76400,14,10,2,3.515099888318218e-05
11166,20554,11,11,1,2.5191002350766212e-05
11167,47194,17,11,5,6.720099918311462e-05
11168,127071,11,11,1,2.4668999685673043e-05
11169,65638,11,11,1,2.111899812007323e-05
11170,67687,23,11,3,5.370399958337657e-05
11171,116866,11,11,1,2.5810997613007203e-05
11172,103455,11,10,0,8.72799864737317e-06
11173,38806,11,9,0,7.72199928178452e-06
11174,116894,11,8,0,7.11599932401441e-06
11175,48537,11,7,0,7.423001079587266e-06
11176,57630,11,6,0,6.510999810416251e-06
11177,45194,14,11,5,5.5549000535393134e-05
11178,28810,12,11,1,2.1495001419680193e-05
11179,116874,13,11,4,6.304199996520765e-05
11180,106635,18,11,0,8.100699778879061e-05
11181,127120,15,11,2,3.165599991916679e-05
11182,55462,30,11,1,5.077999958302826e-05
11183,82834,22,10,2,4.646700108423829e-05
11184,102361,17,10,0,4.275299943401478e-05
11185,94435,22,9,0,1.2932003301102668e-05
11186,37088,29,10,1,4.625099973054603e-05
11187,70163,24,10,1,5.250699905445799e-05
11188,20901,13,10,2,5.4766998800914735e-05
11189,43451,13,9,0,9.933999535860494e-06
11190,15025,16,9,2,8.097599857137538e-05
11191,12667,25,8,0,2.6603000151226297e-05
11192,49251,17,8,1,2.9792001441819593e-05
11193,118487,13,10,1,3.3158998121507466e-05
11194,51504,16,9,1,4.371899922261946e-05
11195,121002,17,11,1,5.637600042973645e-05
11196,125100,13,11,1,3.604499943321571e-05
11197,8377,14,11,2,5.239999882178381e-05
11198,65723,14,11,1,3.191900032106787e-05
11199,45246,11,11,4,4.009199983556755e-05
11200,24768,11,11,1,5.599100040853955e-05
11201,57537,14,11,5,4.447999890544452e-05
11202,30921,11,11,1,2.293200304848142e-05
11203,61664,11,10,0,8.895000064512715e-06
11204,2797,11,9,0,7.80799746280536e-06
11205,17280,11,8,0,7.714999810559675e-06
11206,32675,13,8,1,1.807400258257985e-05
11207,125136,25,11,3,6.069699884392321e-05
11208,105955,27,10,4,4.2842999391723424e-05
11209,20693,11,11,1,2.2241001715883613e-05
11210,63804,11,10,0,8.621998858870938e-06
11211,125940,11,9,0,7.72700150264427e-06
11212,61898,11,8,0,7.577000360470265e-06
11213,38309,11,7,0,7.697999535594136e-06
11214,60108,11,6,0,6.767000741092488e-06
11215,61476,22,7,2,2.6509998861001804e-05
11216,117262,21,10,1,3.763499989872798e-05
11217,131030,17,9,1,3.674400068121031e-05
11218,108762,11,11,3,4.0899998566601425e-05
11219,58109,15,10,1,1.74449996848125e-05
11220,121054,11,11,1,2.2505999368149787e-05
11221,132882,11,10,0,8.095001248875633e-06
11222,71738,19,10,0,3.3506999898236245e-05
11223,30320,13,10,2,1.62799988174811e-05
11224,16359,19,9,0,2.2058000467950478e-05
11225,100254,13,8,2,1.351799801341258e-05
11226,88082,17,7,0,1.4240002201404423e-05
11227,38226,16,7,1,1.4932997146388516e-05
11228,119210,21,8,4,4.350800008978695e-05
11229,101890,37,8,3,5.626499842037447e-05
11230,114965,17,10,1,6.628299888689071e-05
11231,109192,12,10,7,3.8053000025684014e-05
11232,73956,14,11,4,9.144499927060679e-05
11233,79360,19,10,0,1.3586999557446688e-05
11234,2277,17,11,5,4.770300074596889e-05
11235,80880,11,10,2,3.448899951763451e-05
11236,14570,22,11,2,4.9783997383201495e-05
11237,6374,15,11,3,4.755799818667583e-05
11238,2312,11,11,1,2.4361997930100188e-05
11239,73421,11,10,0,1.5591998817399144e-05
11240,51985,11,9,0,8.422000973951072e-06
11241,131541,15,9,1,1.945599797181785e-05
11242,59510,15,9,1,4.277600237401202e-05
11243,24841,20,11,0,3.988900061813183e-05
11244,121100,16,11,2,4.416999945533462e-05
11245,39186,15,11,4,4.021399945486337e-05
11246,22805,11,11,1,2.957399919978343e-05
11247,46497,11,10,0,9.210001735482365e-06
11248,24853,13,11,7,6.770199979655445e-05
11249,53530,29,11,1,6.493099863291718e-05
11250,1881,17,10,1,5.7404999097343534e-05
11251,640,12,9,1,3.4048000088660046e-05
11252,90213,30,10,4,5.523999789147638e-05
11253,47569,24,10,1,4.212699786876328e-05
11254,53079,17,10,1,5.744800000684336e-05
11255,92454,11,11,1,2.626200148370117e-05
11256,43304,11,11,1,2.6229998184135184e-05
11257,90408,13,11,1,4.669100235332735e-05
11258,125230,17,11,1,5.121399954077788e-05
11259,131975,22,10,2,4.936600089422427e-05
11260,110055,19,10,1,1.732300006551668e-05
11261,8503,15,11,1,2.5820001610554755e-05
11262,129359,11,11,1,2.4357999791391194e-05
11263,25213,11,10,0,8.633000106783584e-06
11264,37697,11,9,0,8.655999408802018e-06
11265,101323,11,8,0,7.942999218357727e-06
11266,28711,12,8,1,1.4606997865485027e-05
11267,33109,11,11,1,2.783599848044105e-05
11268,43733,12,10,0,9.258998034056276e-06
11269,97542,11,9,0,7.927999831736088e-06
11270,92538,11,8,0,6.770998879801482e-06
11271,13878,12,7,0,7.434999133693054e-06
11272,56879,11,6,0,6.500999006675556e-06
11273,112427,12,5,0,6.416998076019809e-06
11274,7816,12,4,0,5.6960016081575304e-06
11275,55640,13,11,3,6.507400030386634e-05
11276,112982,23,11,2,7.619700045324862e-05
11277,12633,15,11,2,5.8410998462932184e-05
11278,35165,11,11,7,4.6785000449744985e-05
11279,113041,12,10,3,3.795299926423468e-05
11280,102756,11,11,1,0.00018659100169315934
11281,603,11,10,0,1.5083001926541328e-05
11282,73253,11,9,0,8.33100057207048e-06
11283,45697,11,8,0,7.5549978646449745e-06
11284,9980,11,7,0,7.2549992182757705e-06
11285,33833,11,6,0,6.9759989855811e-06
11286,18357,11,5,0,6.080001185182482e-06
11287,59749,12,11,1,3.0201998015400022e-05
11288,14694,11,11,1,2.4937002308433875e-05
11289,109513,11,10,0,8.836999768391252e-06
11290,71440,11,9,0,7.86600139690563e-06
11291,89922,15,8,0,1.2094002158846706e-05
11292,128160,13,9,2,2.6697998691815883e-05
11293,24771,14,9,2,2.4093998945318162e-05
11294,32738,21,9,2,2.2346997866407037e-05
11295,517,19,10,0,3.345799996168353e-05
11296,37231,11,11,1,2.4387998564634472e-05
11297,16752,11,11,1,2.8181999368825927e-05
11298,100730,11,11,1,2.5269000616390258e-05
11299,106894,11,11,1,6.11770010436885e-05
11300,103028,11,10,0,1.048099875333719e-05
11301,11198,11,9,0,7.058999472064897e-06
11302,9389,14,9,1,1.7083999409805983e-05
11303,104850,12,11,5,6.073199983802624e-05
11304,74133,11,11,1,2.549199780332856e-05
11305,39343,12,11,1,4.228000034345314e-05
11306,18878,11,11,1,2.4574001145083457e-05
11307,64680,11,10,0,8.625000191386789e-06
11308,81900,11,9,0,7.42900010664016e-06
11309,51668,13,11,2,4.491700019570999e-05
11310,70107,19,11,2,5.321500066202134e-05
11311,16881,11,11,1,2.79970008705277e-05
11312,122067,11,10,0,7.964001270011067e-06
11313,17971,11,9,0,7.387003279291093e-06
11314,128938,11,8,0,7.58399983169511e-06
11315,118007,13,9,1,9.700499867904e-05
11316,16884,11,11,1,2.649000089149922e-05
11317,85668,11,10,0,8.703002094989643e-06
11318,20984,21,11,1,5.991700163576752e-05
11319,26433,14,10,4,3.82250000257045e-05
11320,110431,11,10,3,3.3714997698552907e-05
11321,70142,12,11,7,4.130700108362362e-05
11322,88576,13,11,1,2.8630998713197187e-05
11323,1904,11,10,0,8.302999049192294e-06
11324,45603,14,11,3,6.561400005011819e-05
11325,34535,15,10,4,4.168199666310102e-05
11326,59946,27,11,5,5.353200322133489e-05
11327,16959,11,11,2,8.287599848699756e-05
11328,123456,18,11,5,4.2097999539691955e-05
11329,23110,11,11,1,2.4221997591666877e-05
11330,78424,11,11,1,2.6926998543785885e-05
11331,35428,11,11,2,3.2692001695977524e-05
11332,2662,18,11,1,4.14140013162978e-05
11333,107124,15,11,3,6.010600191075355e-05
11334,82557,11,11,1,3.269800072303042e-05
11335,115326,19,11,0,4.692000220529735e-05
11336,96909,12,11,4,7.154299964895472e-05
11337,53914,11,11,1,2.5993998860940337e-05
11338,70800,11,10,0,8.980998245533556e-06
11339,113868,11,9,0,8.203998731914908e-06
11340,680,17,11,4,4.310400254325941e-05
11341,121513,32,11,6,5.920299736317247e-05
11342,41668,11,11,1,2.5872999685816467e-05
11343,68291,13,11,4,3.391199788893573e-05
11344,58053,12,11,1,3.409799683140591e-05
11345,41676,13,11,3,3.454600300756283e-05
11346,121553,11,11,1,2.1602001652354375e-05
11347,54352,11,10,0,7.959999493323267e-06
11348,38983,12,10,1,5.21100009791553e-05
11349,103120,20,11,1,5.0360999011900276e-05
11350,15064,11,11,6,4.495599932852201e-05
11351,47831,12,11,3,7.174699931056239e-05
11352,96987,19,11,3,5.902499833609909e-05
11353,107306,18,10,1,3.746699803741649e-05
11354,132342,24,9,2,3.931300307158381e-05
11355,130091,23,8,1,2.2864998754812405e-05
11356,66274,14,11,2,5.525599772226997e-05
11357,94960,11,11,2,5.8236997574567795e-05
11358,27918,14,10,1,2.0449999283300713e-05
11359,123677,16,11,0,3.1543997465632856e-05
11360,21292,16,11,3,6.399900303222239e-05
11361,123695,22,11,2,8.039699969231151e-05
11362,49970,19,11,3,7.191700206021778e-05
11363,29945,12,10,1,4.12539993703831e-05
11364,58980,17,10,2,4.665899905376136e-05
11365,4930,18,11,2,4.989800072507933e-05
11366,29517,18,11,3,4.790700040757656e-05
11367,11091,14,11,2,3.959300011047162e-05
11368,112490,16,10,1,4.799399903276935e-05
11369,121939,14,10,2,5.876099749002606e-05
11370,21333,21,11,4,4.4716998672811314e-05
11371,88917,14,11,0,5.607699858956039e-05
11372,9052,11,11,2,6.695800038869493e-05
11373,13152,14,11,4,6.041899905540049e-05
11374,80740,12,11,4,9.164600123767741e-05
11375,87716,19,10,5,6.45990003249608e-05
11376,43891,11,11,2,6.772699998691678e-05
11377,55045,11,10,0,9.427996701560915e-06
11378,25535,11,9,0,7.738999556750059e-06
11379,114635,13,9,0,2.405299892416224e-05
11380,50036,26,11,1,5.64500005566515e-05
11381,48906,19,10,3,4.771499880007468e-05
11382,56206,11,11,1,2.5736000679899007e-05
11383,33692,11,11,3,4.651899871532805e-05
11384,101278,11,11,1,6.285999916144647e-05
11385,74656,11,10,0,1.1910000466741621e-05
11386,5275,11,9,0,8.88800059328787e-06
11387,26042,11,8,0,7.952003215905279e-06
11388,91657,15,8,1,2.1532003302127123e-05
11389,82175,15,7,0,1.5811001503607258e-05
11390,66459,12,11,2,3.895500049111433e-05
11391,23461,11,11,3,6.008099808241241e-05
11392,23468,15,11,2,4.734799949801527e-05
11393,74680,24,11,1,4.6756002120673656e-05
11394,55167,26,10,3,7.129399818950333e-05
11395,70589,11,11,3,0.0001584940000611823
11396,115992,11,10,0,1.0150000889552757e-05
11397,25538,12,11,2,4.517699926509522e-05
11398,91556,14,10,1,4.8622998292557895e-05
11399,25543,14,11,0,2.798000059556216e-05
11400,11705,15,10,0,2.127900006598793e-05
11401,86990,17,11,1,3.053299951716326e-05
11402,100260,11,10,0,8.562998118577525e-06
11403,78810,24,11,3,5.491499905474484e-05
11404,110422,16,10,3,4.101800004718825e-05
11405,40350,16,10,1,4.8382000386482105e-05
11406,37328,23,10,0,6.899499931023456e-05
11407,107633,18,10,5,3.208799898857251e-05
11408,3043,11,11,4,3.4237000363646075e-05
11409,125928,19,11,2,3.940099850296974e-05
11410,101365,11,11,3,5.486599911819212e-05
11411,46081,11,11,4,6.256800043047406e-05
11412,107542,11,11,1,2.5440000172238797e-05
11413,87060,13,11,4,4.4075997720938176e-05
11414,117788,11,11,2,5.534899901249446e-05
11415,95261,11,11,3,7.90170015534386e-05
11416,39968,12,11,1,3.856699913740158e-05
11417,119847,15,11,0,3.107099837507121e-05
11418,9276,17,11,2,3.61319980584085e-05
11419,35952,12,11,1,5.896500078961253e-05
11420,27811,12,10,0,9.659001079853624e-06
11421,105840,12,9,0,8.517999958712608e-06
11422,52743,18,10,1,5.833999966853298e-05
11423,54401,11,11,2,4.141099998378195e-05
11424,124221,17,10,0,2.036099976976402e-05
11425,68739,12,11,1,5.082200004835613e-05
11426,52355,17,11,0,2.752799991867505e-05
11427,110672,15,10,0,4.089199865120463e-05
11428,5253,20,11,3,4.742199962493032e-05
11429,38533,12,11,3,5.907100057811476e-05
11430,28298,15,11,1,4.195400106254965e-05
11431,19603,30,11,3,5.5233998864423484e-05
11432,72150,20,10,4,4.5670996769331396e-05
11433,54423,16,11,2,7.261599967023358e-05
11434,71323,17,11,3,5.211900133872405e-05
11435,8349,17,11,0,9.462399975745939e-05
11436,68842,23,10,1,5.061800038674846e-05
11437,2217,17,9,0,1.101899761124514e-05
11438,55974,18,11,2,4.57479982287623e-05
11439,125005,17,10,1,4.3847998313140124e-05
11440,122536,18,11,7,4.995600102120079e-05
11441,57006,11,11,1,2.5706998712848872e-05
11442,42674,13,11,3,4.736499977298081e-05
11443,97463,13,11,6,4.406399966683239e-05
11444,11963,14,11,5,6.920300074853003e-05
11445,40639,11,11,3,4.387700028019026e-05
11446,74951,22,11,0,3.945299977203831e-05
11447,77516,11,11,1,2.2068998077884316e-05
11448,108160,12,10,0,9.308998414780945e-06
11449,36567,11,9,0,7.97999746282585e-06
11450,85820,12,8,0,7.524999091401696e-06
11451,94023,11,7,0,7.5600000855047256e-06
11452,77786,11,6,0,6.356000085361302e-06
11453,98282,18,8,0,2.446000144118443e-05
11454,47306,21,8,1,3.011700027855113e-05
11455,114586,16,7,1,2.4726999981794506e-05
11456,56689,16,10,4,3.790700066019781e-05
11457,7721,16,10,5,3.379299960215576e-05
11458,93395,23,11,1,6.308600131887943e-05
11459,1820,19,10,0,3.142800051136874e-05
11460,65517,22,10,1,8.727699969313107e-05
11461,12501,12,11,1,3.683199975057505e-05
11462,120021,14,11,1,4.6870998630765826e-05
11463,91863,17,11,2,7.533199823228642e-05
11464,97499,15,11,1,4.265999814379029e-05
11465,66267,17,11,3,3.2781001209514216e-05
11466,120185,13,10,4,4.188800085103139e-05
11467,38632,25,11,4,4.7411002014996484e-05
11468,118516,12,11,2,9.361199772683904e-05
11469,103674,11,11,1,2.888000017264858e-05
11470,36099,11,11,1,2.4847999156918377e-05
11471,104197,13,11,2,3.5015997127629817e-05
11472,5898,17,11,3,4.7509998694295064e-05
11473,77581,11,11,1,2.2121999791124836e-05
11474,58931,11,10,0,8.201997843571007e-06
11475,14093,13,11,6,4.849499964620918e-05
11476,4880,14,11,5,4.6321001718752086e-05
11477,78104,21,11,0,3.339599788887426e-05
11478,29468,25,11,1,4.915400131721981e-05
11479,60708,12,11,3,7.52320011088159e-05
11480,38185,11,11,7,4.020600317744538e-05
11481,118068,11,11,1,2.537399996072054e-05
11482,70972,11,11,1,2.5560999347362667e-05
11483,81724,16,11,2,5.527900066226721e-05
11484,75077,29,11,1,5.9526002587517723e-05
11485,111967,15,11,2,3.9618000300833955e-05
11486,104287,16,11,6,4.662300125346519e-05
11487,65895,13,11,1,3.18830025207717e-05
11488,59753,15,11,0,9.84779981081374e-05
11489,78191,16,11,0,3.0103001336101443e-05
11490,114648,14,10,2,4.570200326270424e-05
11491,36213,18,11,3,6.427400148822926e-05
11492,53110,17,11,4,5.400500231189653e-05
11493,111996,11,11,1,2.8909002139698714e-05
11494,13693,29,11,4,0.0001712160010356456
11495,120704,14,11,2,3.298400042694993e-05
11496,81280,25,11,1,6.411800131900236e-05
11497,32131,11,11,1,2.634599877637811e-05
11498,16261,11,11,1,2.6212997909169644e-05
11499,63366,13,11,2,9.016599869937636e-05
11500,14221,11,11,1,2.5202996766893193e-05
11501,55182,16,11,1,5.093400250189006e-05
11502,118675,19,11,4,4.455499947653152e-05
11503,123284,18,11,3,6.968799789319746e-05
11504,38805,11,11,1,2.7606998628471047e-05
11505,110587,11,10,0,9.095998393604532e-06
11506,87454,11,11,1,2.4995999410748482e-05
11507,118174,11,11,1,2.676599979167804e-05
11508,19363,19,11,2,5.9851998230442405e-05
11509,3649,12,10,0,8.948998583946377e-06
11510,36657,23,10,2,4.9609996494837105e-05
11511,30630,12,11,2,7.91019992902875e-05
11512,124838,12,11,3,6.128599852672778e-05
11513,104366,11,11,1,2.626100103952922e-05
11514,122292,11,11,1,5.629099905490875e-05
11515,102326,12,11,2,3.2939002267085016e-05
11516,26040,17,11,0,3.264599945396185e-05
11517,101318,15,11,2,4.62970019725617e-05
11518,98759,21,11,0,7.726700277999043e-05
11519,14292,11,11,3,7.317000199691392e-05
11520,52693,22,11,1,4.8143003368750215e-05
11521,125399,12,11,5,3.773099888348952e-05
11522,69604,18,11,1,4.145899947616272e-05
11523,32743,17,11,1,3.3645999792497605e-05
11524,96235,11,11,1,2.5855002604657784e-05
11525,110577,13,11,3,5.925500227021985e-05
11526,86006,13,11,2,3.33440002577845e-05
11527,73207,11,11,3,4.04739985242486e-05
11528,28156,19,11,1,6.209600178408436e-05
11529,51713,14,11,1,2.1390998881543055e-05
11530,56837,12,11,1,2.5041001208592206e-05
11531,87565,11,11,1,2.4783003027550876e-05
11532,102417,16,11,0,4.689900015364401e-05
11533,17939,17,11,1,0.00010068999836221337
11534,69144,11,11,1,2.795699765556492e-05
11535,87584,15,11,3,6.767999730072916e-05
11536,73762,19,11,2,4.40339972556103e-05
11537,24135,15,10,0,2.9628998163389042e-05
11538,88128,14,11,0,4.595000064000487e-05
11539,94792,13,11,1,2.809999932651408e-05
11540,77384,11,11,2,3.382399881957099e-05
11541,77388,18,11,1,4.744800025946461e-05
11542,95824,11,11,1,2.7351001335773617e-05
11543,56925,11,11,4,8.955800149124116e-05
11544,128093,15,11,0,5.5669999710517004e-05
11545,95860,12,11,2,5.863700062036514e-05
11546,54904,11,11,3,6.299099914031103e-05
11547,132731,13,11,5,5.427200085250661e-05
11548,42623,13,11,0,2.3838001652620733e-05
11549,27779,16,11,1,3.4324999433010817e-05
11550,95391,28,11,1,4.8332000005757436e-05
11551,21799,18,10,0,2.530499841668643e-05
11552,40108,25,11,1,7.601000106660649e-05
11553,113867,24,11,3,4.569800148601644e-05
11554,95438,22,11,4,6.316199869615957e-05
11555,106721,16,11,3,5.9819998568855226e-05
11556,58605,22,11,0,5.225200220593251e-05
11557,58099,21,11,0,3.261299934820272e-05
11558,11038,16,11,2,5.365200195228681e-05
11559,128806,14,11,1,3.0727998819202185e-05
11560,56168,24,11,3,5.495000004884787e-05
11561,108929,24,11,0,2.9879000067012385e-05
11562,45462,21,11,0,5.33519996679388e-05
11563,106409,23,11,3,6.041499727871269e-05
11564,9696,32,11,2,5.8047997299581766e-05
11565,56822,27,11,1,4.8747999244369566e-05
11566,67585,15,11,1,2.4429002223769203e-05
11567,75794,21,11,1,5.105300078867003e-05
11568,86671,25,11,3,5.877099829376675e-05
11569,23306,18,11,2,7.899500269559212e-05
11570,50174,21,11,0,3.68370019714348e-05
11571,125044,16,11,3,4.3682000978151336e-05
11572,5523,23,11,1,4.979699951945804e-05
11573,122883,13,12,5,8.713599891052581e-05
11574,61452,15,12,1,2.986599793075584e-05
11575,83374,14,11,0,1.0995998309226707e-05
11576,51215,14,12,5,5.588500062003732e-05
11577,28933,17,11,1,4.2449002648936585e-05
11578,68854,19,11,2,6.205699901329353e-05
11579,90128,12,12,1,2.964500163216144e-05
11580,117384,12,11,0,9.16600038181059e-06
11581,117443,12,10,0,8.849001460475847e-06
11582,20500,12,12,1,2.7183999918634072e-05
11583,68078,12,11,0,9.00699888006784e-06
11584,98325,28,12,0,5.372500163502991e-05
11585,20503,14,12,2,4.460499985725619e-05
11586,77847,27,12,1,5.947000317974016e-05
11587,14365,12,12,1,2.5172001187456772e-05
11588,28251,12,11,0,9.395000233780593e-06
11589,3168,12,10,0,8.668001100886613e-06
11590,124669,12,9,0,8.423998224316165e-06
11591,55507,12,8,0,1.4860997907817364e-05
11592,77960,12,7,0,8.335999154951423e-06
11593,3545,12,6,0,7.272003131220117e-06
11594,40412,12,5,0,6.5920030465349555e-06
11595,68752,14,5,0,1.0202002158621326e-05
11596,114187,22,8,0,7.338599971262738e-05
11597,104483,17,12,6,8.078099926933646e-05
11598,47880,16,11,5,4.910099960397929e-05
11599,51255,12,12,1,2.7678001060849056e-05
11600,50449,12,11,0,9.588999091647565e-06
11601,97589,12,10,0,8.503000572090968e-06
11602,20248,18,9,0,1.4771998394280672e-05
11603,122497,18,8,0,1.10889995994512e-05
11604,119093,18,7,0,1.2131000403314829e-05
11605,119,18,6,0,9.742001566337422e-06
11606,82709,12,5,0,6.673999450867996e-06
11607,113666,12,4,0,5.98800033912994e-06
11608,47174,24,12,5,4.3554999137995765e-05
11609,122958,12,12,1,2.5560002541169524e-05
11610,98636,12,11,0,9.49400055105798e-06
11611,122195,15,10,0,1.1221000022487715e-05
11612,107773,12,9,0,7.5930001912638545e-06
11613,83441,13,8,0,8.390998118557036e-06
11614,56237,21,8,0,1.981100285775028e-05
11615,44343,15,8,1,1.411300036124885e-05
11616,40732,20,8,0,3.4411001252010465e-05
11617,52041,20,7,0,2.638300065882504e-05
11618,127060,12,12,2,8.737000098335557e-05
11619,86103,15,12,9,6.54540017421823e-05
11620,79961,12,12,1,2.5924000510713086e-05
11621,108366,13,11,0,1.1124000593554229e-05
11622,97725,21,10,0,1.6261001292150468e-05
11623,6996,12,9,0,8.201997843571007e-06
11624,62705,12,8,0,7.855000148992985e-06
11625,63238,13,8,1,1.0994001058861613e-05
11626,9296,18,8,0,3.176500104018487e-05
11627,37743,21,8,1,2.273800055263564e-05
11628,107671,31,8,2,3.4430002415319905e-05
11629,113172,34,10,1,7.726200055913068e-05
11630,82788,13,11,2,3.9390000893035904e-05
11631,65637,15,12,5,4.9944999773288146e-05
11632,120961,12,12,1,2.807899727486074e-05
11633,85909,12,11,0,8.90700175659731e-06
11634,89110,12,10,0,7.894999725976959e-06
11635,106636,12,12,1,2.2965999960433692e-05
11636,109515,16,11,0,1.243000224349089e-05
11637,23848,12,10,0,8.529998012818396e-06
11638,84882,12,9,0,8.168997737811878e-06
11639,67244,12,8,0,7.750000804662704e-06
11640,53084,17,7,0,1.3053002476226538e-05
11641,42675,12,6,0,7.442002242896706e-06
11642,128794,12,5,0,6.685000698780641e-06
11643,76463,19,4,0,1.0563999239820987e-05
11644,74359,14,5,1,1.2904998584417626e-05
11645,96765,27,5,1,3.7411999073810875e-05
11646,65012,37,10,3,4.3525000364752486e-05
11647,49319,13,12,4,8.740599878365174e-05
11648,12462,17,12,0,3.314100104034878e-05
11649,77367,18,11,5,4.448999970918521e-05
11650,93855,16,11,0,2.3071999748935923e-05
11651,94385,12,12,3,4.362099934951402e-05
11652,20666,12,12,1,2.8459002351155505e-05
11653,61789,13,11,0,1.034600063576363e-05
11654,114632,12,10,0,8.55599864735268e-06
11655,125119,19,12,1,4.002299829153344e-05
11656,45692,13,11,2,5.880599928786978e-05
11657,39111,13,12,1,4.7639001422794536e-05
11658,121039,15,12,1,9.167700045509264e-05
11659,56954,12,11,1,2.2058000467950478e-05
11660,60285,15,11,3,4.534299660008401e-05
11661,63707,20,12,2,6.309200034593232e-05
11662,39140,27,12,2,6.0411999584175646e-05
11663,69864,12,12,1,2.3311997210839763e-05
11664,131471,12,11,0,8.926999726099893e-06
11665,2766,12,10,0,8.152001100825146e-06
11666,26437,12,9,0,7.923998055048287e-06
11667,4029,12,8,0,7.3549999797251076e-06
11668,109109,14,8,0,2.5305002054665238e-05
11669,21566,16,7,0,1.5115001588128507e-05
11670,26436,14,6,0,7.86199962021783e-06
11671,6951,14,5,0,7.15300120646134e-06
11672,32400,14,4,0,6.288999429671094e-06
11673,82170,14,12,1,3.3389002055628225e-05
11674,4349,12,12,1,2.3787000827724114e-05
11675,101383,15,11,0,1.1164000170538202e-05
11676,28300,12,10,0,8.494000212522224e-06
11677,295,12,9,0,7.835002179490402e-06
11678,85765,12,8,0,8.217000868171453e-06
11679,55555,12,12,1,2.6451001758687198e-05
11680,110239,12,11,0,9.150000551017001e-06
11681,104115,12,10,0,8.500999683747068e-06
11682,59851,12,9,0,8.252998668467626e-06
11683,39193,12,8,0,7.913000445114449e-06
11684,87781,12,7,0,8.048002200666815e-06
11685,39194,12,6,0,7.205999281723052e-06
11686,101229,12,5,0,6.5399981394875795e-06
11687,80372,12,4,0,5.6819990277290344e-06
11688,82184,20,12,1,5.5741998949088156e-05
11689,120154,15,11,4,5.13359991600737e-05
11690,96530,17,12,3,3.8299000152619556e-05
11691,39187,12,12,1,2.2517000616062433e-05
11692,385,12,11,0,1.021000207401812e-05
11693,98056,12,10,0,9.438001143280417e-06
11694,43603,12,9,0,8.052000339375809e-06
11695,115348,12,8,0,7.313999958569184e-06
11696,42939,12,7,0,1.2598000466823578e-05
11697,51978,12,6,0,7.52999767428264e-06
11698,44344,12,5,0,6.5059975895565e-06
11699,114284,12,4,0,5.976999091217294e-06
11700,84818,12,3,0,5.003999831387773e-06
11701,36741,12,2,0,4.813002306036651e-06
11702,4787,12,1,0,4.180001269560307e-06
11703,26909,12,12,1,5.8862999139819294e-05
11704,131593,12,11,0,1.166299989563413e-05
11705,89646,12,10,0,9.245002729585394e-06
11706,92445,15,12,3,6.697699791402556e-05
11707,121965,16,11,2,4.750399966724217e-05
11708,86304,43,12,1,7.7631000749534e-05
11709,18909,15,11,2,4.1055998735828325e-05
11710,86312,12,12,1,2.7368001610739157e-05
11711,28968,13,12,1,2.2314001398626715e-05
11712,29194,12,11,0,9.181996574625373e-06
11713,7923,12,10,0,8.33500234875828e-06
11714,15227,12,9,0,7.6219985203351825e-06
11715,15250,20,8,0,1.3965000107418746e-05
11716,64576,16,7,0,1.1331001587677747e-05
11717,60651,12,6,0,7.27199949324131e-06
11718,60814,12,5,0,6.572001439053565e-06
11719,90072,12,4,0,5.608002538792789e-06
11720,28430,12,3,0,4.999001248506829e-06
11721,111829,12,2,0,4.845998773816973e-06
11722,90455,16,1,0,5.740999768022448e-06
11723,9429,12,0,0,3.8380021578632295e-06
11724,69935,21,12,6,7.741799709037878e-05
11725,74060,12,12,1,2.105499879689887e-05
11726,81464,12,11,0,8.806000550976023e-06
11727,14289,12,10,0,8.252998668467626e-06
11728,4996,12,9,0,8.066999725997448e-06
11729,91131,12,8,0,7.382001058431342e-06
11730,89838,12,7,0,7.361999450949952e-06
11731,21276,12,6,0,6.9829984568059444e-06
11732,17920,12,5,0,6.459998985519633e-06
11733,67961,12,4,0,5.178000719752163e-06
11734,23307,12,3,0,4.8050023906398565e-06
11735,105439,18,5,0,2.0510000467766076e-05
11736,69969,13,12,3,4.329799776314758e-05
11737,90452,12,12,1,3.044400000362657e-05
11738,14686,12,12,1,2.9639999411301687e-05
11739,352,13,12,1,7.085600009304471e-05
11740,24946,20,12,1,8.037299994612113e-05
11741,106882,12,12,1,3.194699820596725e-05
11742,65118,12,11,0,9.275001502828673e-06
11743,45449,13,12,2,4.419499964569695e-05
11744,130110,17,11,3,4.380700192996301e-05
11745,41354,12,12,1,2.5941997591871768e-05
11746,12925,12,11,0,8.808001439319924e-06
11747,103812,12,10,0,8.622999303042889e-06
11748,114483,12,9,0,7.519000064348802e-06
11749,55200,12,8,0,1.4298999303719029e-05
11750,118693,13,7,0,9.151000995188951e-06
11751,3532,16,10,3,6.197200127644464e-05
11752,35972,16,9,1,2.7948997740168124e-05
11753,123345,18,9,0,3.726499926415272e-05
11754,100418,28,11,2,4.1347997466800734e-05
11755,12683,12,12,2,0.00010432099952595308
11756,27175,13,11,0,1.0634001228027046e-05
11757,100778,16,11,1,2.230500103905797e-05
11758,49551,14,12,7,4.445000013220124e-05
11759,86417,14,12,2,4.155699934926815e-05
11760,10649,13,12,6,4.984299812349491e-05
11761,31138,15,12,1,8.079200051724911e-05
11762,127641,19,11,1,6.729300002916716e-05
11763,27308,16,11,2,7.647900201845914e-05
11764,107032,19,11,0,4.17219998780638e-05
11765,58924,18,11,1,5.294099901220761e-05
11766,26301,17,11,2,5.494499782798812e-05
11767,12048,24,11,1,6.84649967297446e-05
11768,118573,24,10,1,5.0637998356251046e-05
11769,29091,14,12,4,5.3864998335484415e-05
11770,29974,22,11,1,4.429399996297434e-05
11771,9352,18,11,1,8.254499698523432e-05
11772,14762,23,12,4,5.695000072591938e-05
11773,91334,17,11,2,5.777200203738175e-05
11774,33202,15,12,1,5.588500062003732e-05
11775,108989,20,12,2,5.8035002439282835e-05
11776,65982,12,12,3,8.438599979854189e-05
11777,113087,12,12,1,3.236900010961108e-05
11778,122155,13,11,0,1.0928000847343355e-05
11779,6593,52,12,3,0.00012076599887222983
11780,92626,12,12,1,2.6428999262861907e-05
11781,110413,12,11,0,1.0042000212706625e-05
11782,77785,14,10,0,1.0472998837940395e-05
11783,51729,12,9,0,7.971997547429055e-06
11784,43744,12,8,0,8.276001608464867e-06
11785,46360,12,7,0,7.752001693006605e-06
11786,52139,12,6,0,7.507998816436157e-06
11787,86521,16,12,2,6.180600030347705e-05
11788,53759,16,12,6,4.056000034324825e-05
11789,80387,12,12,5,6.749499880243093e-05
11790,59925,16,12,5,5.137100015417673e-05
11791,14870,12,12,4,5.022999903303571e-05
11792,100897,21,12,3,5.514700023923069e-05
11793,109095,12,12,1,2.5444001948926598e-05
11794,72235,12,12,1,2.6146000891458243e-05
11795,126468,12,11,0,9.684998076409101e-06
11796,32410,12,10,0,9.117000445257872e-06
11797,112916,14,10,0,2.7324000257067382e-05
11798,29227,12,12,1,2.406999919912778e-05
11799,109101,16,12,1,5.2755000069737434e-05
11800,80439,12,12,1,2.5813998945523053e-05
11801,123457,12,12,1,2.599899744382128e-05
11802,16972,19,12,1,6.485999983851798e-05
11803,127565,12,12,1,3.475400080787949e-05
11804,2656,16,12,2,7.449599797837436e-05
11805,117383,14,12,5,7.212700074887834e-05
11806,111244,16,12,5,4.445300146471709e-05
11807,60164,15,11,3,5.212800169829279e-05
11808,124390,19,11,3,5.42090019735042e-05
11809,37519,26,12,3,5.690800026059151e-05
11810,96913,16,12,0,3.07890004478395e-05
11811,129898,18,11,4,4.702500154962763e-05
11812,25995,14,11,3,3.664500036393292e-05
11813,107351,19,11,0,4.843100032303482e-05
11814,123549,12,12,6,5.918900205870159e-05
11815,92829,13,12,1,2.8369999199640006e-05
11816,74615,12,11,0,9.32200055103749e-06
11817,39718,13,10,0,9.118000889429823e-06
11818,30195,12,9,0,7.770002412144095e-06
11819,102194,13,8,0,8.233000698965043e-06
11820,84942,19,9,1,3.382700015208684e-05
11821,12509,18,9,0,6.218500129762106e-05
11822,43469,18,8,0,1.1190000805072486e-05
11823,118558,25,11,1,4.676999742514454e-05
11824,65814,25,11,0,6.808699981775135e-05
11825,51876,15,12,5,5.133499871590175e-05
11826,25757,14,11,5,5.861099998583086e-05
11827,98981,12,12,1,3.277600262663327e-05
11828,53929,15,12,6,7.043000005069189e-05
11829,19113,28,12,6,6.188699990161695e-05
11830,47787,13,12,6,5.4700001783203334e-05
11831,13031,14,12,2,6.83189973642584e-05
11832,51956,17,12,2,7.331700180657208e-05
11833,94969,13,12,1,8.570299905841239e-05
11834,78598,19,12,3,5.856600182596594e-05
11835,42668,17,11,2,4.188599996268749e-05
11836,54029,12,12,1,2.924499858636409e-05
11837,91403,12,11,0,1.0125000699190423e-05
11838,41883,12,10,0,9.284001862397417e-06
11839,19877,12,9,0,8.27599797048606e-06
11840,54028,14,9,0,1.3185999705456197e-05
11841,46006,13,8,1,1.1167998309247196e-05
11842,119585,14,12,1,3.266999920015223e-05
11843,129367,15,11,0,1.6392998077208176e-05
11844,55345,14,11,1,1.5860001440159976e-05
11845,70733,22,10,0,3.24220018228516e-05
11846,90043,19,10,1,4.51989981229417e-05
11847,98030,18,10,1,7.414100036839955e-05
11848,42867,24,10,2,5.106699973111972e-05
11849,56214,19,9,1,4.848000025958754e-05
11850,3708,23,11,2,5.2892999519826844e-05
11851,50316,16,10,2,4.691600042860955e-05
11852,46108,29,11,3,5.762000000686385e-05
11853,27428,31,12,2,5.120200148667209e-05
11854,51318,22,11,2,5.895600043004379e-05
11855,115497,14,12,4,6.912899698363617e-05
11856,37704,19,12,1,6.377400131896138e-05
11857,74581,14,12,2,4.927499685436487e-05
11858,23384,19,12,2,3.180699786753394e-05
11859,101218,23,12,1,5.987399708828889e-05
11860,11117,19,12,5,5.083499854663387e-05
11861,41839,22,12,5,7.320999793591909e-05
11862,21368,12,12,1,6.544099960592575e-05
11863,101672,12,11,0,1.2189997505629435e-05
11864,13624,12,10,0,8.934999641496688e-06
11865,76894,12,9,0,7.601000106660649e-06
11866,18229,12,8,0,7.529000868089497e-06
11867,40848,12,7,0,7.959999493323267e-06
11868,895,12,12,4,5.570299981627613e-05
11869,91027,14,12,2,6.741900142515078e-05
11870,101270,14,11,0,1.001499913400039e-05
11871,99219,20,12,0,4.799000089406036e-05
11872,54182,12,12,1,2.7778998628491536e-05
11873,86974,22,12,2,8.682999759912491e-05
11874,62406,12,12,1,2.7067999326391146e-05
11875,76959,12,11,0,8.913997589843348e-06
11876,115675,12,12,5,6.169900007080287e-05
11877,127983,18,12,1,4.273499871487729e-05
11878,66544,13,12,6,6.401700011338107e-05
11879,46607,12,11,5,4.8342997615691274e-05
11880,62450,12,12,8,5.2580999181373045e-05
11881,54262,12,12,1,2.6842000806936994e-05
11882,31876,12,11,0,9.727002179715782e-06
11883,130550,12,10,0,8.680002792971209e-06
11884,16693,15,10,0,1.4590998034691438e-05
11885,32053,14,9,0,1.6082001820905134e-05
11886,64348,16,10,2,0.0001594440000189934
11887,70652,21,12,4,7.215200093924068e-05
11888,77378,22,11,1,0.00013947600018582307
11889,27644,15,12,3,7.361700045294128e-05
11890,41992,25,12,2,4.415700095705688e-05
11891,58381,23,12,2,5.0954000471392646e-05
11892,111875,21,11,5,4.1947001591324806e-05
11893,91154,12,12,1,2.8054000722477213e-05
11894,40209,12,11,0,8.957998943515122e-06
11895,50428,12,10,0,8.006998541532084e-06
11896,91169,19,12,1,4.553899998427369e-05
11897,13353,56,12,2,6.724200284224935e-05
11898,91190,15,12,2,4.4615000660996884e-05
11899,101436,14,12,5,5.3935000323690474e-05
11900,54360,22,12,5,8.425000123679638e-05
11901,108780,16,11,5,0.00010468899927218445
11902,113753,13,12,1,3.7686997529817745e-05
11903,27738,19,12,3,8.191099914256483e-05
11904,107618,15,12,4,4.6887998905731365e-05
11905,91237,19,12,1,4.479899871512316e-05
11906,133125,18,11,2,6.952199692022987e-05
11907,107097,15,11,1,4.8837002395885065e-05
11908,124032,20,12,2,9.647499973652884e-05
11909,122577,21,11,0,1.4845001715002581e-05
11910,33921,13,12,3,3.092499900958501e-05
11911,67134,20,11,0,3.4062999475281686e-05
11912,121988,21,12,1,4.613400233210996e-05
11913,33932,17,12,5,7.551599992439151e-05
11914,87181,13,12,2,6.533399937325157e-05
11915,116135,15,11,2,4.28040002589114e-05
11916,99481,13,12,2,5.7754001318244264e-05
11917,31898,14,12,1,7.975399785209447e-05
11918,99568,14,12,3,4.068999987794086e-05
11919,35044,14,11,1,4.873599755228497e-05
11920,120055,18,12,1,6.669099821010605e-05
11921,72972,14,12,3,5.432900070445612e-05
11922,54541,25,12,0,6.273799954215065e-05
11923,46353,15,12,4,4.570900273392908e-05
11924,87336,12,12,1,2.785299875540659e-05
11925,97866,12,11,0,9.7720003395807e-06
11926,58666,20,12,5,0.00012033399980282411
11927,60716,13,12,1,2.7008998586097732e-05
11928,73006,12,12,1,2.65889975707978e-05
11929,54576,12,12,1,2.606999987619929e-05
11930,13622,21,12,1,3.649800055427477e-05
11931,81214,20,12,7,5.833400064148009e-05
11932,34908,24,11,2,3.785600347328e-05
11933,42610,21,10,1,3.626100078690797e-05
11934,109894,37,12,5,7.675899905734695e-05
11935,126295,12,12,1,5.421599780675024e-05
11936,120156,12,12,1,2.8894002753077075e-05
11937,46445,17,12,6,0.00010141199891222641
11938,128380,14,12,3,6.12559997534845e-05
11939,75156,15,12,3,7.317299969145097e-05
11940,28062,20,12,2,5.3190000471659005e-05
11941,11685,18,12,5,6.066499918233603e-05
11942,109997,21,12,6,5.082600182504393e-05
11943,19890,16,12,2,6.903400208102539e-05
11944,48575,13,12,1,3.766499867197126e-05
11945,105923,15,12,4,4.3661999370669946e-05
11946,98085,19,11,3,3.9493999793194234e-05
11947,15829,15,12,3,5.223100015427917e-05
11948,3542,12,12,1,2.7176000003237277e-05
11949,5599,12,12,2,9.182699795928784e-05
11950,83443,16,12,0,4.679700214182958e-05
11951,105980,12,12,1,3.333200220367871e-05
11952,94026,12,11,0,1.1427000572439283e-05
11953,108395,13,11,1,4.629400064004585e-05
11954,92477,13,10,0,1.013299697660841e-05
11955,52735,18,12,1,4.819600144401193e-05
11956,14522,32,11,3,5.63810026505962e-05
11957,103938,12,12,1,2.952099748654291e-05
11958,19970,16,12,5,4.79240006825421e-05
11959,26147,13,11,5,4.460199852474034e-05
11960,79371,20,12,1,3.922900214092806e-05
11961,42719,18,11,3,4.6974997530924156e-05
11962,48657,12,12,4,5.848100045113824e-05
11963,17941,14,12,1,4.5140001020627096e-05
11964,73238,12,12,1,2.7774996851803735e-05
11965,124458,19,12,3,4.9445003241999075e-05
11966,10785,20,11,1,4.435099981492385e-05
11967,109118,17,11,1,3.6041001294506714e-05
11968,26172,12,12,3,4.675700256484561e-05
11969,28246,22,12,3,7.353199907811359e-05
11970,32345,13,12,4,7.860699770390056e-05
11971,16168,17,11,4,5.97930011281278e-05
11972,91756,12,12,1,2.8660000680247322e-05
11973,26591,12,11,0,9.730996680445969e-06
11974,77425,12,12,6,6.925399793544784e-05
11975,130674,17,12,3,4.514700049185194e-05
11976,83811,17,11,1,5.611400047200732e-05
11977,120437,18,12,2,5.023400080972351e-05
11978,36471,19,12,2,5.938200047239661e-05
11979,38529,15,12,1,4.5869001041864976e-05
11980,7836,12,12,3,5.60629996471107e-05
11981,5799,14,12,3,4.1614999645389616e-05
11982,11945,20,12,4,5.297499956213869e-05
11983,75457,25,12,3,5.3292998927645385e-05
11984,95937,13,12,3,7.173399717430584e-05
11985,124629,15,12,3,6.248600038816221e-05
11986,57050,26,12,1,7.888799882493913e-05
11987,36579,12,12,6,0.0001583379998919554
11988,116453,19,12,4,0.00017987899991567247
11989,52975,18,12,1,5.7667999499244615e-05
11990,50940,13,12,2,0.0001280249998671934
11991,110333,13,12,3,6.454300091718324e-05
11992,12033,25,12,2,7.442700007231906e-05
11993,30476,16,12,4,5.821299782837741e-05
11994,122664,12,12,1,3.081500108237378e-05
11995,14128,12,12,4,4.9023998144548386e-05
11996,3894,16,12,3,6.554400169989094e-05
11997,5966,15,12,0,2.877599763451144e-05
11998,104272,13,12,5,0.00011006599743268453
11999,16211,21,12,6,5.436399806058034e-05
12000,100187,16,12,0,3.529999958118424e-05
12001,3937,16,12,3,7.306800034712069e-05
12002,26468,17,12,1,3.3405001886421815e-05
12003,59237,21,12,3,5.689599856850691e-05
12004,16235,13,12,2,8.308100223075598e-05
12005,55179,13,12,1,2.7484999009175226e-05
12006,51090,12,12,3,5.4590997024206445e-05
12007,71574,13,12,1,2.9170998459449038e-05
12008,12185,25,12,1,5.1904000429203734e-05
12009,8139,17,12,2,4.2797000787686557e-05
12010,30698,21,12,0,4.3411997467046604e-05
12011,118769,16,12,2,5.0839997129514813e-05
12012,23161,15,11,3,6.647000191151164e-05
12013,129018,13,12,4,5.289300315780565e-05
12014,77819,14,12,5,9.430900172446854e-05
12015,110644,16,11,3,5.196799975237809e-05
12016,51206,20,12,0,4.3713000195566565e-05
12017,26797,23,11,0,2.2853000700706616e-05
12018,86058,19,12,2,7.921799988253042e-05
12019,24682,22,12,2,5.2167000831104815e-05
12020,125098,28,12,1,5.6277000112459064e-05
12021,118966,20,12,5,7.102500239852816e-05
12022,24760,17,12,3,4.631200135918334e-05
12023,53486,15,12,3,6.0321999626467004e-05
12024,39172,25,12,2,7.082299998728558e-05
12025,63769,20,12,0,2.8504000511020422e-05
12026,93762,18,11,2,3.6698998883366585e-05
12027,121831,21,11,0,1.8132999684894457e-05
12028,26972,23,12,6,7.477400140487589e-05
12029,82400,20,12,3,5.368599886423908e-05
12030,27281,29,12,5,0.00010810499952640384
12031,58023,15,12,5,7.041599747026339e-05
12032,17175,18,12,3,6.132199996500276e-05
12033,60187,19,12,3,5.619999865302816e-05
12034,56230,23,12,1,3.711500175995752e-05
12035,125892,32,12,0,5.9211997722741216e-05
12036,5063,22,12,3,6.42850027361419e-05
12037,72699,31,12,0,7.649199687875807e-05
12038,19508,14,12,1,3.384999945410527e-05
12039,29787,24,12,1,4.228599937050603e-05
12040,48310,30,12,2,4.7724002797622234e-05
12041,3328,16,12,4,3.240400110371411e-05
12042,46439,16,12,2,4.356499994173646e-05
12043,71055,35,12,0,6.0533002397278324e-05
12044,32217,15,12,4,5.8272999012842774e-05
12045,71134,16,12,2,7.332299719564617e-05
12046,46698,25,12,0,6.523599950014614e-05
12047,122485,16,12,4,6.719299926771782e-05
12048,28321,14,12,2,0.00013296600081957877
12049,112293,19,12,1,5.5529999372083694e-05
12050,18176,15,12,3,6.04719971306622e-05
12051,20355,16,12,4,4.2112998926313594e-05
12052,88032,15,12,0,2.6753001293400303e-05
12053,49569,15,12,1,4.215900116832927e-05
12054,90550,16,12,1,3.579199983505532e-05
12055,5060,24,12,3,5.612699897028506e-05
12056,113773,27,12,2,6.0272999689914286e-05
12057,97571,28,11,1,4.645200169761665e-05
12058,78269,28,11,0,3.694699989864603e-05
12059,16219,20,12,3,5.5831002100603655e-05
12060,51756,24,12,3,0.00012059899745509028
12061,10243,34,13,4,7.896199895185418e-05
12062,69648,15,13,3,5.764399975305423e-05
12063,63505,17,13,4,6.517700239783153e-05
12064,83998,15,13,7,5.1160001021344215e-05
12065,28704,27,13,2,5.7425000704824924e-05
12066,27633,23,12,3,6.377200043061748e-05
12067,77558,20,12,4,6.745700011379085e-05
12068,120894,15,13,2,6.083599873818457e-05
12069,130883,28,12,3,7.337199713219889e-05
12070,85962,15,11,1,4.748399805976078e-05
12071,23684,17,10,2,4.66839992441237e-05
12072,47271,28,12,2,6.448799831559882e-05
12073,1134,23,12,2,6.543800191138871e-05
12074,110341,16,12,4,9.372500062454492e-05
12075,113238,19,12,1,3.9132002711994573e-05
12076,124118,20,12,1,5.8188001275993884e-05
12077,108883,15,12,1,4.0589999116491526e-05
12078,69703,13,13,1,3.0326998967211694e-05
12079,8588,13,12,0,1.022300057229586e-05
12080,55370,13,13,1,2.4832999770296738e-05
12081,6706,13,12,0,9.356997907161713e-06
12082,11477,13,11,0,9.031999070430174e-06
12083,18347,19,10,0,1.4212000678526238e-05
12084,29607,13,9,0,8.200000593205914e-06
12085,36133,20,9,0,1.8602000636747107e-05
12086,5212,24,10,0,3.1128998671192676e-05
12087,55497,17,10,1,2.633099938975647e-05
12088,92239,18,13,1,3.1337000109488145e-05
12089,123698,13,12,0,1.0831998224603012e-05
12090,25832,13,11,0,9.766001312527806e-06
12091,27580,13,10,0,8.803999662632123e-06
12092,81552,13,9,0,8.334998710779473e-06
12093,12463,13,8,0,7.953000022098422e-06
12094,99469,13,7,0,8.125996828312054e-06
12095,76831,13,6,0,7.499998901039362e-06
12096,98057,13,5,0,6.828999175922945e-06
12097,29893,18,4,0,8.123999577946961e-06
12098,97704,16,4,0,1.2455999240046367e-05
12099,16700,14,3,1,9.539999155094847e-06
12100,112312,22,4,1,1.9142000382998958e-05
12101,22316,19,3,0,1.0306001058779657e-05
12102,16468,13,13,1,2.8305003070272505e-05
12103,91668,15,12,0,1.0597002983558923e-05
12104,78091,13,11,0,9.3039998319e-06
12105,104155,13,10,0,8.25799725134857e-06
12106,14104,16,9,0,9.590999979991466e-06
12107,32744,13,8,0,8.078000973910093e-06
12108,67778,16,8,0,1.3622997357742861e-05
12109,89191,30,8,0,2.6655001420294866e-05
12110,60978,19,7,0,2.8884998755529523e-05
12111,94835,19,8,0,3.018700226675719e-05
12112,72876,21,9,0,4.049600102007389e-05
12113,16480,19,13,4,0.00010262299838359468
12114,57451,13,13,3,5.791299918200821e-05
12115,2160,13,13,1,2.5681998522486538e-05
12116,48662,15,12,0,1.1192001693416387e-05
12117,53652,13,11,0,9.687999408924952e-06
12118,63715,18,10,0,1.397300002281554e-05
12119,25775,18,9,0,1.0816998837981373e-05
12120,17029,13,8,0,8.514001820003614e-06
12121,81491,18,7,0,1.091599915525876e-05
12122,86692,13,6,0,7.828002708265558e-06
12123,18995,13,5,0,6.886002665851265e-06
12124,54024,22,5,0,1.993699697777629e-05
12125,96359,22,4,0,9.51300171436742e-06
12126,71388,30,9,0,3.897300121025182e-05
12127,57475,13,13,1,2.5746001483639702e-05
12128,48879,13,12,0,1.1017000360880047e-05
12129,54244,13,11,0,9.603001672076061e-06
12130,39197,13,10,0,9.072002285392955e-06
12131,45345,13,9,0,9.359999239677563e-06
12132,129853,13,8,0,8.646999049233273e-06
12133,508,13,7,0,8.183000318240374e-06
12134,50286,13,6,0,8.025999704841524e-06
12135,42202,13,5,0,7.136000931495801e-06
12136,42222,17,4,0,9.63300044531934e-06
12137,52196,13,3,0,5.717000021832064e-06
12138,60701,15,2,0,6.000998837407678e-06
12139,11109,16,2,0,1.1018000805051997e-05
12140,8445,27,12,4,5.930699990130961e-05
12141,411,29,12,3,4.1522998799337074e-05
12142,133255,20,13,4,5.759100167779252e-05
12143,118930,13,13,1,2.957299875561148e-05
12144,128313,13,12,0,9.592000424163416e-06
12145,120557,13,11,0,8.928996976464987e-06
12146,98589,13,10,0,8.150000212481245e-06
12147,90260,13,13,1,2.2774998797103763e-05
12148,62843,13,12,0,9.852999937720597e-06
12149,80650,22,11,0,1.680100103840232e-05
12150,64405,19,10,0,1.0972999007208273e-05
12151,89167,13,9,0,8.688999514561146e-06
12152,72786,18,8,0,1.168100061477162e-05
12153,91693,13,7,0,8.260001777671278e-06
12154,92109,13,6,0,7.353999535553157e-06
12155,27751,13,5,0,1.2590000551426783e-05
12156,15831,13,4,0,5.918001988902688e-06
12157,118898,17,5,0,1.5809000615263358e-05
12158,53533,21,5,0,1.2803000572603196e-05
12159,815,21,4,0,8.029997843550518e-06
12160,55713,30,12,5,6.935400233487599e-05
12161,119969,20,12,3,5.0954000471392646e-05
12162,45221,21,12,3,5.514700023923069e-05
12163,59547,14,13,1,3.464000110398047e-05
12164,108409,13,12,0,1.0061001376016065e-05
12165,111887,15,12,0,1.5953999536577612e-05
12166,76963,16,12,0,1.9618000806076452e-05
12167,47261,13,13,3,9.635199967306107e-05
12168,52297,19,12,1,0.0001258550000784453
12169,64747,14,12,1,3.625599856604822e-05
12170,82953,14,12,1,4.5705997763434425e-05
12171,84127,19,13,4,8.857400098349899e-05
12172,112814,29,13,6,5.6917997426353395e-05
12173,64665,22,12,1,4.849200195167214e-05
12174,116478,20,12,3,5.6500997743569314e-05
12175,276,31,12,4,7.945000106701627e-05
12176,95062,20,12,2,6.814299922552891e-05
12177,116397,15,12,3,3.3817999792518094e-05
12178,47290,18,13,2,7.542000093962997e-05
12179,3675,20,12,1,5.602999954135157e-05
12180,94403,17,13,0,4.930199793307111e-05
12181,110788,13,13,1,3.14009994326625e-05
12182,26825,17,13,2,6.099700112827122e-05
12183,26830,18,13,1,5.5824999435571954e-05
12184,84179,15,13,1,7.539999933214858e-05
12185,129235,19,13,3,6.314699930953793e-05
12186,80089,34,13,3,6.246700286283158e-05
12187,35034,13,13,1,2.7633002900984138e-05
12188,78705,13,12,0,9.639999916544184e-06
12189,128378,13,11,0,9.153998689725995e-06
12190,48197,13,10,0,9.320003300672397e-06
12191,82770,14,10,1,1.1985001037828624e-05
12192,61345,18,11,3,6.260699956328608e-05
12193,30952,13,13,1,3.8350000977516174e-05
12194,94445,27,13,0,8.130700007313862e-05
12195,67827,39,13,3,8.224100020015612e-05
12196,82168,15,13,4,3.773400021600537e-05
12197,131352,17,13,5,9.004599996842444e-05
12198,6440,17,13,4,6.842699804110453e-05
12199,114994,16,13,7,6.400599886546843e-05
12200,114365,25,12,3,5.164300091564655e-05
12201,23702,34,12,1,6.014800237608142e-05
12202,22842,17,13,1,6.615600068471394e-05
12203,67901,13,13,1,3.089600068051368e-05
12204,4419,13,13,1,3.056599962292239e-05
12205,29001,17,13,5,6.875499821035191e-05
12206,51554,15,13,3,8.191900269594043e-05
12207,92540,13,13,1,3.113999991910532e-05
12208,112070,13,12,0,1.6967998817563057e-05
12209,106880,16,13,1,4.710199937107973e-05
12210,20867,13,13,1,5.949799742666073e-05
12211,47046,13,12,0,1.1945998267037794e-05
12212,118766,17,11,0,1.4478999219136313e-05
12213,60694,16,10,0,1.0358999134041369e-05
12214,119186,13,13,1,2.960900019388646e-05
12215,78235,28,13,3,6.163999933050945e-05
12216,84764,15,12,5,3.5523000406101346e-05
12217,15990,22,12,2,5.844200131832622e-05
12218,125350,18,13,5,6.45180007268209e-05
12219,18867,14,13,2,9.86239974736236e-05
12220,45542,13,13,1,2.6912999601336196e-05
12221,125420,25,13,2,6.384600055753253e-05
12222,10767,30,13,1,6.13269985478837e-05
12223,49687,13,13,1,3.173300137859769e-05
12224,48193,13,12,0,1.0824998753378168e-05
12225,74259,31,13,2,6.0411999584175646e-05
12226,47640,16,13,2,6.0859998484374955e-05
12227,14884,15,13,1,3.4237000363646075e-05
12228,55849,15,13,5,6.185899837873876e-05
12229,76862,14,12,4,9.158600005321205e-05
12230,29226,13,13,4,8.927399903768674e-05
12231,29228,13,13,1,2.8387999918777496e-05
12232,31931,13,12,0,9.997002052841708e-06
12233,22036,13,11,0,9.28499866859056e-06
12234,6934,14,10,0,9.539999155094847e-06
12235,18257,15,11,1,2.8472000849433243e-05
12236,31097,21,10,1,2.5754001399036497e-05
12237,18505,16,10,2,1.8665999959921464e-05
12238,26849,18,9,0,2.0497001969488338e-05
12239,121209,19,9,0,2.8917998861288652e-05
12240,98871,18,13,4,4.449900006875396e-05
12241,94787,19,13,3,0.00010339599975850433
12242,4028,17,12,1,4.306499977246858e-05
12243,129609,13,13,1,2.8301001293584704e-05
12244,42639,15,12,0,1.1730000551324338e-05
12245,69511,19,11,0,1.4197998098097742e-05
12246,80477,16,13,5,8.687700028531253e-05
12247,100988,17,13,1,3.6114000977249816e-05
12248,127626,20,13,1,6.0893999034306034e-05
12249,92813,16,13,3,0.00017179600035888143
12250,105110,13,13,1,3.069300146307796e-05
12251,90096,17,12,0,1.4047000149730593e-05
12252,50042,14,11,0,1.017199974739924e-05
12253,15275,13,10,0,9.310999303124845e-06
12254,113874,17,10,0,1.7333000869257376e-05
12255,26359,16,10,2,5.200400119065307e-05
12256,65507,20,10,2,5.8992001868318766e-05
12257,61624,18,10,1,5.0137001380790025e-05
12258,96663,23,12,2,7.294399983948097e-05
12259,98970,33,13,2,0.00011893400005646981
12260,14232,18,12,0,6.529699749080464e-05
12261,88957,14,12,3,5.026900180382654e-05
12262,51878,13,13,1,2.6927998987957835e-05
12263,37992,13,12,0,1.0457999451318756e-05
12264,46354,13,11,0,9.00499799172394e-06
12265,69058,13,10,0,9.168001270154491e-06
12266,42317,16,12,1,9.471399971516803e-05
12267,127716,16,11,0,1.207599780173041e-05
12268,45015,16,10,0,1.034099841490388e-05
12269,73223,19,12,1,9.379699986311607e-05
12270,5912,19,11,0,3.878399729728699e-05
12271,58059,19,10,0,1.4495999494101852e-05
12272,63019,19,9,0,1.168000017059967e-05
12273,125609,18,13,6,7.094999818946235e-05
12274,29353,18,13,5,6.536799992318265e-05
12275,34478,14,13,8,5.756799873779528e-05
12276,90800,24,13,3,7.923299926915206e-05
12277,64190,20,13,2,6.329499956336804e-05
12278,93890,13,13,1,3.080099850194529e-05
12279,66767,13,12,0,1.0588999430183321e-05
12280,16075,13,13,4,6.073300028219819e-05
12281,29389,13,13,1,2.546500036260113e-05
12282,102117,13,12,0,9.986997611122206e-06
12283,11022,13,11,0,9.16299904929474e-06
12284,62946,17,11,0,4.144799822825007e-05
12285,87302,17,10,0,1.1470001481939107e-05
12286,85876,17,9,0,1.0458999895490706e-05
12287,30062,17,8,0,1.0200998076470569e-05
12288,26908,18,9,1,3.018600182258524e-05
12289,89745,22,8,0,2.632499672472477e-05
12290,55805,22,8,0,2.4559001758461818e-05
12291,87760,31,13,5,7.702000220888294e-05
12292,106833,33,12,4,8.192400127882138e-05
12293,123602,16,13,0,0.00011992099825874902
12294,99029,13,13,1,3.019900032086298e-05
12295,6871,13,13,1,3.165599991916679e-05
12296,58494,13,12,0,9.301002137362957e-06
12297,120626,14,12,1,2.301399945281446e-05
12298,40666,22,13,5,7.262100189109333e-05
12299,109286,19,13,3,5.5209002312039956e-05
12300,59111,27,13,0,4.372100011096336e-05
12301,128266,19,12,1,3.068800288019702e-05
12302,108261,15,13,8,7.721099973423406e-05
12303,51951,28,13,1,3.363699943292886e-05
12304,16163,22,12,1,5.199399674893357e-05
12305,97012,19,13,5,8.863000039127655e-05
12306,127734,22,13,5,5.3318002755986527e-05
12307,72438,16,13,1,5.138200140208937e-05
12308,44791,13,13,1,2.6478999643586576e-05
12309,84774,13,12,0,9.806000889511779e-06
12310,68728,14,11,0,1.0114999895449728e-05
12311,30050,13,10,0,9.145001968136057e-06
12312,83466,13,9,0,8.324001100845635e-06
12313,25521,19,11,0,2.5976998585974798e-05
12314,36604,13,13,2,0.00010824000128195621
12315,43779,19,13,6,6.519399903481826e-05
12316,115459,22,13,1,4.583400004776195e-05
12317,101695,33,12,0,6.013200254528783e-05
12318,27397,19,13,6,5.9243997384328395e-05
12319,98980,41,12,1,4.190099934930913e-05
12320,42758,19,13,2,0.00011086700033047237
12321,10199,19,12,1,5.149499702383764e-05
12322,22280,26,13,3,7.864199869800359e-05
12323,103354,24,12,4,6.361799751175568e-05
12324,83244,22,11,3,4.3505999201443046e-05
12325,105725,22,12,4,5.7059998653130606e-05
12326,108535,28,12,4,6.122700142441317e-05
12327,15122,31,11,3,0.0001045360004354734
12328,34051,22,12,8,6.125900108600035e-05
12329,119569,21,13,4,6.58429999020882e-05
12330,69410,16,13,4,8.129800335154869e-05
12331,112430,18,13,0,4.662400169763714e-05
12332,33604,14,13,6,8.415599950239994e-05
12333,29508,17,13,3,5.052900087321177e-05
12334,22342,17,13,3,8.895000064512715e-05
12335,60232,14,13,3,8.08810000307858e-05
12336,115531,16,13,9,6.385099914041348e-05
12337,108363,18,13,9,7.84050025686156e-05
12338,124751,13,13,6,5.7337998441653326e-05
12339,18255,15,13,4,0.00012298900037421845
12340,46937,21,13,5,6.455699985963292e-05
12341,76634,14,13,3,6.858400229248218e-05
12342,16221,13,13,1,3.000599826918915e-05
12343,126935,13,12,0,9.249000868294388e-06
12344,44900,21,13,2,4.6488999942084774e-05
12345,16248,14,13,1,3.2777999876998365e-05
12346,116603,23,13,1,5.469800089485943e-05
12347,55177,16,13,5,6.279699664446525e-05
12348,106377,19,13,5,6.016899715177715e-05
12349,21448,26,12,1,5.0514998292783275e-05
12350,63479,18,13,2,5.4301999625749886e-05
12351,124849,17,13,4,6.0673002735711634e-05
12352,101298,21,13,2,6.811400089645758e-05
12353,78793,15,13,9,5.872699694009498e-05
12354,65498,13,13,1,2.974800008814782e-05
12355,110557,24,13,4,6.93160000082571e-05
12356,123878,13,13,2,0.00012843700096709654
12357,98278,18,13,5,6.523100091726519e-05
12358,56733,24,12,3,4.735200127470307e-05
12359,127035,37,12,5,8.008700024220161e-05
12360,48104,20,13,4,8.516700108884834e-05
12361,129004,16,13,1,2.962900180136785e-05
12362,95213,15,13,3,5.2846000471618026e-05
12363,53232,23,13,4,7.080599971232004e-05
12364,133109,15,13,5,5.248299930826761e-05
12365,6137,32,13,5,7.200300024123862e-05
12366,105471,13,13,5,7.057399852783419e-05
12367,87046,23,13,3,5.708599928766489e-05
12368,132121,24,13,2,6.458300049416721e-05
12369,99327,16,13,3,0.00010756799747468904
12370,51254,35,13,0,4.244100273353979e-05
12371,81974,28,13,0,6.809899787185714e-05
12372,111688,13,13,1,3.398199987714179e-05
12373,48201,15,13,1,4.6282999392133206e-05
12374,112715,16,13,1,5.3203999414108694e-05
12375,103500,13,13,2,6.882399975438602e-05
12376,120911,18,13,5,0.00011361400174791925
12377,46435,16,12,3,7.05599995853845e-05
12378,52314,19,13,5,5.890700049349107e-05
12379,35933,16,13,0,4.386299769976176e-05
12380,79974,20,13,1,4.261399953975342e-05
12381,116850,20,13,0,2.703999780351296e-05
12382,42098,15,13,3,7.196500155259855e-05
12383,7287,19,13,3,0.0001065399992512539
12384,31870,25,13,0,6.0022997786290944e-05
12385,32109,20,12,0,3.3808002626756206e-05
12386,18585,27,13,1,2.9771999834338203e-05
12387,98471,21,13,6,6.042000313755125e-05
12388,36024,15,13,4,7.036600072751753e-05
12389,17606,15,13,2,8.055900252657011e-05
12390,95431,18,13,5,7.901100252638571e-05
12391,95442,15,13,5,7.434399958583526e-05
12392,3289,18,13,6,6.0010999732185155e-05
12393,61659,35,13,0,7.522799933212809e-05
12394,89308,32,13,4,7.14859997970052e-05
12395,58635,18,13,2,8.618199717602693e-05
12396,52493,14,13,11,0.00012472299931687303
12397,103701,16,13,2,8.051400072872639e-05
12398,60699,13,13,1,3.258400101913139e-05
12399,118312,13,12,0,1.0551000741543248e-05
12400,23846,23,13,2,5.285500083118677e-05
12401,120103,14,13,5,6.337200102279894e-05
12402,89387,27,13,4,6.387200119206682e-05
12403,118065,13,13,3,5.914599751122296e-05
12404,25906,13,13,1,3.0955998227000237e-05
12405,38219,25,13,4,5.348799822968431e-05
12406,5476,22,13,3,7.376700159511529e-05
12407,83303,13,13,1,3.1788000342203304e-05
12408,9577,14,13,2,9.916599810821936e-05
12409,38251,24,13,3,5.453599806060083e-05
12410,93554,32,13,1,9.307900108979084e-05
12411,75131,16,13,6,7.00310010870453e-05
12412,103811,18,13,1,3.253499744459987e-05
12413,100740,22,13,1,3.8050999137340114e-05
12414,25993,28,13,6,6.984900028328411e-05
12415,56722,21,13,0,6.38230012555141e-05
12416,50588,16,13,0,2.9589002224383876e-05
12417,50592,22,13,1,5.349600178305991e-05
12418,96680,29,13,3,8.083699867711402e-05
12419,50608,16,13,6,6.092499825172126e-05
12420,72114,40,13,2,9.843400039244443e-05
12421,95680,20,13,1,4.510799772106111e-05
12422,11727,14,13,2,6.880400178488344e-05
12423,14802,17,13,3,4.918899867334403e-05
12424,64984,34,13,0,8.393300231546164e-05
12425,81394,20,13,1,5.7387998822377995e-05
12426,13821,14,13,7,8.847599747241475e-05
12427,129553,30,13,2,8.448299922747537e-05
12428,36372,13,13,6,8.174899994628504e-05
12429,52762,32,13,6,8.461600009468384e-05
12430,63013,18,13,2,8.285699732368812e-05
12431,51769,19,13,3,4.994899791199714e-05
12432,113711,16,12,2,4.185499710729346e-05
12433,79418,19,13,1,3.560199911589734e-05
12434,40508,17,13,4,5.399600195232779e-05
12435,85565,13,13,2,5.420800152933225e-05
12436,63073,13,13,1,3.0166997021296993e-05
12437,114289,14,13,4,7.724999886704609e-05
12438,20113,28,13,4,8.905399954528548e-05
12439,38549,15,13,4,9.124299685936421e-05
12440,44696,26,13,1,7.263999941642396e-05
12441,108188,22,13,2,7.290400026249699e-05
12442,108191,13,13,1,3.289900269010104e-05
12443,56992,15,13,2,4.59789989690762e-05
12444,96928,17,13,1,3.4665998100535944e-05
12445,106202,39,13,3,5.416999920271337e-05
12446,128742,17,13,4,6.836299871793017e-05
12447,106223,31,13,5,7.98740002210252e-05
12448,50945,23,13,2,7.824399654055014e-05
12449,81792,17,12,1,5.287000021780841e-05
12450,4870,23,13,2,4.966200140188448e-05
12451,100210,29,13,3,7.112399907782674e-05
12452,35739,20,13,1,0.00011453399929450825
12453,51099,24,13,2,0.00010758799908217043
12454,114604,17,13,2,4.320600055507384e-05
12455,124874,29,13,0,5.2823997975792736e-05
12456,69661,16,13,2,9.77890013018623e-05
12457,132217,21,13,1,8.38410014694091e-05
12458,93818,18,12,3,5.468000017572194e-05
12459,100573,16,13,0,2.3544002033304423e-05
12460,36089,25,13,6,5.757599865319207e-05
12461,94560,24,13,3,5.2111998229520395e-05
12462,65164,28,13,0,5.8257999626221135e-05
12463,16102,25,13,2,7.101499795680866e-05
12464,7950,19,13,0,7.368200022028759e-05
12465,83959,18,13,3,9.514600242255256e-05
12466,110596,14,14,1,3.3526001061545685e-05
12467,126982,15,14,3,8.004499977687374e-05
12468,37292,14,13,5,8.725999941816553e-05
12469,126984,14,14,1,3.1629999284632504e-05
12470,10273,20,14,5,6.675099939457141e-05
12471,72231,21,13,6,6.742299956385978e-05
12472,41333,17,13,9,7.456300227204338e-05
12473,71727,14,14,1,2.393300019321032e-05
12474,106883,14,13,0,1.0734998795669526e-05
12475,85910,14,12,0,9.602001227904111e-06
12476,66947,14,11,0,9.457999112783e-06
12477,114152,14,10,0,8.711002010386437e-06
12478,86369,14,9,0,8.556002285331488e-06
12479,27172,14,8,0,8.217000868171453e-06
12480,19432,14,7,0,8.1369980762247e-06
12481,65985,14,6,0,7.491998985642567e-06
12482,33402,14,5,0,6.722999387420714e-06
12483,29423,14,4,0,5.865000275662169e-06
12484,21419,14,3,0,5.505000444827601e-06
12485,54351,14,2,0,5.117002729093656e-06
12486,42444,20,3,1,1.4946999726817012e-05
12487,71543,20,5,0,1.227100074174814e-05
12488,49197,16,14,10,6.572599886567332e-05
12489,57398,39,14,6,0.00010374900011811405
12490,30790,19,14,6,0.00012340700050117448
12491,65610,15,14,5,7.558799916296266e-05
12492,22604,43,14,2,7.941299918456934e-05
12493,94290,16,14,1,3.249600194976665e-05
12494,86113,30,14,3,7.713999730185606e-05
12495,129132,14,14,3,7.069799903547391e-05
12496,30829,14,14,1,7.448099859175272e-05
12497,40740,14,13,0,1.3781998859485611e-05
12498,93404,17,12,0,1.3427001249510795e-05
12499,131180,29,14,0,8.473900015815161e-05
12500,50670,22,13,3,4.587500006891787e-05
12501,62097,18,13,2,4.632600030163303e-05
12502,76040,16,13,1,5.711999983759597e-05
12503,60598,24,13,3,5.1299000915605575e-05
12504,129156,21,14,5,0.0001571709981362801
12505,88202,14,14,1,3.625500175985508e-05
12506,19167,14,13,0,1.0760002624010667e-05
12507,41132,15,14,3,9.781900007510558e-05
12508,127152,21,14,7,9.216899707098491e-05
12509,65718,18,13,3,0.00010456600284669548
12510,29200,24,12,0,1.9568000425351784e-05
12511,55901,33,11,1,7.572500180685893e-05
12512,85667,20,13,1,7.378599912044592e-05
12513,117751,21,13,3,4.701999932876788e-05
12514,3566,22,12,3,4.4250999053474516e-05
12515,130017,32,13,0,7.842600098229013e-05
12516,70275,55,13,2,0.00012796699957107194
12517,127780,53,13,1,7.611799810547382e-05
12518,84903,29,13,2,6.598599793505855e-05
12519,52967,24,13,1,5.587300256593153e-05
12520,51977,21,12,4,5.40550026926212e-05
12521,56694,19,13,5,6.60619989503175e-05
12522,63665,15,14,2,3.910300074494444e-05
12523,8373,18,14,8,7.920400094008073e-05
12524,123065,26,14,4,8.085700028459541e-05
12525,2241,14,14,1,2.9710001399507746e-05
12526,75972,26,14,4,8.92369971552398e-05
12527,107290,40,13,1,6.458700227085501e-05
12528,116941,29,13,2,5.70740012335591e-05
12529,109204,35,13,1,7.83159994171001e-05
12530,121608,22,13,2,0.00010165200001210906
12531,39108,25,14,5,7.817100049578585e-05
12532,121030,21,14,3,6.742599725839682e-05
12533,78026,14,14,1,3.0817998776910827e-05
12534,98511,17,14,2,6.761900294804946e-05
12535,69861,21,14,7,7.679199916310608e-05
12536,122594,23,13,3,5.9001999034080654e-05
12537,131309,18,14,5,7.041099888738245e-05
12538,13894,20,13,2,5.200200030230917e-05
12539,45294,23,14,3,7.686900062253699e-05
12540,121081,15,14,3,5.127400072524324e-05
12541,17651,16,13,1,2.8433998522814363e-05
12542,26883,30,14,4,0.00011054000060539693
12543,12737,24,13,3,0.00011962599819526076
12544,28943,24,14,3,7.138799992389977e-05
12545,94504,21,14,0,3.3332999009871855e-05
12546,125235,16,14,0,2.5215002096956596e-05
12547,123538,20,13,0,2.100300116580911e-05
12548,123541,18,12,0,1.9687999156303704e-05
12549,7620,24,13,4,7.800700041116215e-05
12550,119107,15,14,4,7.929100320325233e-05
12551,119153,16,14,3,0.00017401700097252615
12552,113013,14,14,3,0.00011787899711634964
12553,37263,23,14,1,8.360900028492324e-05
12554,47527,14,14,6,8.726500163902529e-05
12555,100791,21,14,5,0.00011120899944216944
12556,50470,23,13,0,5.168899951968342e-05
12557,57793,26,14,5,7.945900142658502e-05
12558,59850,20,14,5,7.25009995221626e-05
12559,63964,17,14,10,7.790900053805672e-05
12560,25057,19,14,9,7.642900163773447e-05
12561,35302,14,14,1,3.487999856588431e-05
12562,49669,15,14,4,6.926999776624143e-05
12563,121403,14,14,1,3.738500163308345e-05
12564,26170,14,13,0,1.0711999493651092e-05
12565,78470,14,12,0,9.996001608669758e-06
12566,12860,42,14,0,8.136600081343204e-05
12567,42659,36,13,0,6.2036000599619e-05
12568,38721,19,13,2,7.039699994493276e-05
12569,573,14,14,1,3.627299884101376e-05
12570,51778,17,14,4,0.00012125799912610091
12571,53829,15,14,1,9.9638997198781e-05
12572,19016,22,14,4,8.357700062333606e-05
12573,88678,23,14,1,5.67579991184175e-05
12574,129641,16,14,3,6.106999717303552e-05
12575,47029,21,13,5,5.853400216437876e-05
12576,45675,15,14,5,0.00011241199899814092
12577,37488,18,14,2,6.654699973296374e-05
12578,12914,18,14,4,7.522300074924715e-05
12579,127604,26,14,2,7.422400085488334e-05
12580,21134,23,13,3,7.970099977683276e-05
12581,125766,28,13,3,0.00010230499901808798
12582,24138,17,13,1,7.016800009296276e-05
12583,100990,14,14,1,3.430699871387333e-05
12584,111232,24,14,0,4.728900239570066e-05
12585,117377,20,14,3,7.917400216683745e-05
12586,64132,16,14,1,3.718099833349697e-05
12587,72466,15,13,0,1.1602001904975623e-05
12588,98949,14,14,1,2.6449000870343298e-05
12589,32665,14,13,0,1.0273000953020528e-05
12590,49799,35,14,0,5.749900083173998e-05
12591,654,21,14,2,5.246499858913012e-05
12592,23889,24,13,0,5.1977000111946836e-05
12593,94866,18,14,0,3.20979997923132e-05
12594,127634,19,14,2,7.898100011516362e-05
12595,113426,16,13,3,4.7491997975157574e-05
12596,10172,30,12,2,6.517700239783153e-05
12597,66200,30,14,7,0.00013131499872542918
12598,130825,28,13,5,6.429800123441964e-05
12599,66875,44,13,1,7.156100036809221e-05
12600,83746,35,13,2,6.915199992363341e-05
12601,4390,27,13,3,6.208199920365587e-05
12602,113310,14,14,1,3.231500159017742e-05
12603,87456,14,13,0,1.1438998626545072e-05
12604,60603,16,12,0,1.2689997674897313e-05
12605,54432,15,12,1,3.705500057549216e-05
12606,75233,19,12,1,0.00015627099855919369
12607,119457,19,14,3,5.898000017623417e-05
12608,64940,19,13,4,5.913800123380497e-05
12609,128407,19,12,1,1.7066999134840444e-05
12610,64925,26,12,1,3.8283000321825966e-05
12611,6835,17,14,3,0.00010617299994919449
12612,64186,30,14,0,0.00012503000107244588
12613,60116,14,14,1,3.492299947538413e-05
12614,119535,14,13,0,1.1168001947226003e-05
12615,31465,27,14,2,6.944699998712167e-05
12616,80831,37,13,1,6.889900032547303e-05
12617,115439,14,14,1,3.2309999369317666e-05
12618,33532,15,14,5,9.3913000455359e-05
12619,109678,22,13,0,2.0272997062420473e-05
12620,131840,15,14,6,8.575299943913706e-05
12621,97026,19,14,3,7.582800026284531e-05
12622,62221,14,14,1,2.942400169558823e-05
12623,64292,20,14,7,9.178999971481971e-05
12624,127795,14,14,1,3.436399856582284e-05
12625,121653,23,14,3,5.382299787015654e-05
12626,86838,22,14,0,5.1295999583089724e-05
12627,88889,16,14,5,0.00011883800107170828
12628,49997,15,14,3,5.801399674965069e-05
12629,76621,17,14,1,3.678100256365724e-05
12630,70485,14,14,1,3.468000068096444e-05
12631,13175,15,14,6,8.06540010671597e-05
12632,13181,16,14,1,2.5910001568263397e-05
12633,119683,14,14,1,3.223300154786557e-05
12634,131980,14,14,1,3.0308998248074204e-05
12635,118028,14,13,0,1.0673000360839069e-05
12636,38379,14,12,0,9.492003300692886e-06
12637,51143,14,11,0,9.366998710902408e-06
12638,83475,14,10,0,8.88299837242812e-06
12639,21457,14,9,0,8.302999049192294e-06
12640,5102,14,8,0,7.974998879944906e-06
12641,81324,21,8,0,2.0898998627671972e-05
12642,131986,27,10,2,6.0495000070659444e-05
12643,78348,24,13,1,6.384500011336058e-05
12644,64403,17,14,0,1.9901999621652067e-05
12645,82904,23,14,1,5.6837001466192305e-05
12646,89619,18,13,2,7.872700007283129e-05
12647,127967,21,14,5,7.037199975457042e-05
12648,21474,16,14,1,0.0001373189988953527
12649,21486,21,14,6,7.276899850694463e-05
12650,56310,15,14,9,0.00011143799929413944
12651,5157,16,14,3,9.351800326840021e-05
12652,5167,14,14,1,3.845699757221155e-05
12653,3811,14,13,0,1.1050000466639176e-05
12654,93235,32,14,2,6.252399907680228e-05
12655,5166,21,14,4,9.57000011112541e-05
12656,61381,17,13,4,8.413799878326245e-05
12657,119863,27,14,2,6.657899939455092e-05
12658,19517,19,14,3,8.378200072911568e-05
12659,40000,14,14,1,3.987099989899434e-05
12660,88015,14,13,0,1.1567997717065737e-05
12661,32122,14,12,0,1.0374998964834958e-05
12662,25665,36,14,3,0.00011702399933710694
12663,66632,30,14,2,7.834399730199948e-05
12664,40037,14,14,3,6.765799844288267e-05
12665,50310,19,14,3,8.68620008986909e-05
12666,36608,17,13,1,2.579200008767657e-05
12667,97415,21,14,9,0.00018548700245446526
12668,93318,19,14,2,0.00018489300055080093
12669,63882,18,13,0,1.4510998880723491e-05
12670,17593,26,14,1,7.338200157391839e-05
12671,97859,20,13,3,6.536400178447366e-05
12672,132295,29,14,5,0.00013045499872532673
12673,83142,21,14,7,7.849600297049619e-05
12674,23752,17,14,3,6.107700028223917e-05
12675,95456,21,14,4,0.00010869499965338036
12676,63352,21,13,4,7.627599916304462e-05
12677,79079,18,14,1,4.610700125340372e-05
12678,17642,35,14,6,8.177400013664737e-05
12679,64784,25,14,2,6.264200055738911e-05
12680,64789,21,13,1,3.733599805855192e-05
12681,109843,16,14,5,7.978999929036945e-05
12682,99634,23,14,3,4.9177997425431386e-05
12683,13652,14,14,2,0.00011996999819530174
12684,103773,20,14,0,6.433800081140362e-05
12685,19839,17,14,2,6.525400021928363e-05
12686,42389,16,14,2,6.379999831551686e-05
12687,95649,14,14,1,3.282200123067014e-05
12688,61342,14,13,0,1.0809999366756529e-05
12689,85409,29,14,1,7.421800182783045e-05
12690,112060,14,14,1,3.136700252071023e-05
12691,114111,20,14,3,6.818000110797584e-05
12692,42433,14,14,1,3.190700226696208e-05
12693,77252,15,14,2,0.0001071619990398176
12694,79297,33,14,0,6.584600123460405e-05
12695,85455,22,14,1,4.1145001887343824e-05
12696,1986,18,13,0,1.4328001270769164e-05
12697,79863,19,13,1,1.725300171528943e-05
12698,86549,20,12,1,4.0831000660546124e-05
12699,114709,29,13,5,7.077999907778576e-05
12700,64995,35,14,0,9.775299986358732e-05
12701,52726,20,14,4,5.5414002417819574e-05
12702,71163,17,14,2,9.489900185144506e-05
12703,48640,14,14,3,0.00010020500121754594
12704,103942,15,14,3,8.040000102482736e-05
12705,126491,16,14,1,4.962499951943755e-05
12706,83507,24,14,6,5.4051997722126544e-05
12707,97860,14,14,1,3.468100112513639e-05
12708,59278,14,13,0,1.1359999916749075e-05
12709,56540,22,13,1,3.53720024577342e-05
12710,85774,16,13,1,4.331999662099406e-05
12711,92024,22,13,1,2.753000080701895e-05
12712,95495,21,12,0,2.1372998162405565e-05
12713,12613,20,11,1,6.677599958493374e-05
12714,42564,20,14,2,6.271299935178831e-05
12715,99908,27,14,2,8.096399687929079e-05
12716,48712,24,14,0,8.654100020066835e-05
12717,67157,24,14,1,7.396699948003516e-05
12718,24174,16,14,1,3.820600250037387e-05
12719,62873,16,13,0,1.2872998922830448e-05
12720,54099,16,12,0,1.1600001016631722e-05
12721,77450,31,14,4,8.579299901612103e-05
12722,110223,17,14,4,7.415800064336509e-05
12723,38589,16,14,5,0.00014528700194205157
12724,97983,17,14,4,8.098599937511608e-05
12725,16091,30,14,0,4.376099968794733e-05
12726,89820,21,14,5,6.672400195384398e-05
12727,104163,17,14,2,5.591999797616154e-05
12728,123889,21,13,1,6.178400144563057e-05
12729,122598,14,14,4,0.00016452199997729622
12730,79595,20,14,5,6.246200064197183e-05
12731,95981,35,14,3,0.00010246699821436778
12732,108287,19,14,2,0.00010424100037198514
12733,118637,19,13,0,2.1390998881543055e-05
12734,63559,20,13,2,0.00014442899919231422
12735,3851,14,14,1,4.004000220447779e-05
12736,14101,14,14,3,9.479599975747988e-05
12737,102166,20,14,2,5.340599818737246e-05
12738,16193,15,14,3,5.094399966765195e-05
12739,110411,21,14,4,0.00011313100185361691
12740,98143,38,14,5,8.66189984662924e-05
12741,20331,21,14,3,5.148899799678475e-05
12742,40839,22,14,2,7.052799992379732e-05
12743,81804,19,14,1,6.364200089592487e-05
12744,79758,17,14,1,4.129399894736707e-05
12745,100286,20,14,7,7.248200199683197e-05
12746,8127,23,14,4,7.976000051712617e-05
12747,61375,34,14,0,5.379999856813811e-05
12748,8129,14,14,1,3.355199805810116e-05
12749,116680,19,14,2,9.169400073005818e-05
12750,69614,18,14,2,5.477499871631153e-05
12751,57429,20,13,0,2.2700001863995567e-05
12752,71674,26,14,5,0.00014077900050324388
12753,76597,26,13,0,2.0621999283321202e-05
12754,91037,22,13,4,6.166000093799084e-05
12755,77830,18,14,2,7.172600089688785e-05
12756,49163,20,14,0,5.1830997108481824e-05
12757,53280,28,14,2,5.869799861102365e-05
12758,14397,19,14,1,4.309799987822771e-05
12759,53365,19,14,3,0.00010078800187329762
12760,108712,40,14,1,7.203199857030995e-05
12761,35152,28,14,0,5.820200021844357e-05
12762,131647,24,13,1,8.338999759871513e-05
12763,119779,31,13,0,2.4479999410687014e-05
12764,92513,41,14,2,0.00010301500151399523
12765,41321,26,14,1,7.706199903623201e-05
12766,20842,55,14,2,0.00011175499821547419
12767,43379,21,14,1,6.911099990247749e-05
12768,67959,21,14,1,6.079699960537255e-05
12769,131639,28,14,12,8.887299918569624e-05
12770,10905,17,14,1,4.9546000809641555e-05
12771,111411,18,14,1,0.00011220200030948035
12772,52171,19,14,1,3.8776001019869e-05
12773,25591,18,14,5,0.00010691199713619426
12774,31782,29,14,3,6.31949988019187e-05
12775,99755,27,14,3,6.585600203834474e-05
12776,7636,19,14,4,9.388800026499666e-05
12777,101940,21,14,3,8.740099656279199e-05
12778,110238,28,14,1,5.7986002502730116e-05
12779,77783,31,14,1,3.448499774094671e-05
12780,23129,33,14,4,0.00011090099724242464
12781,118393,28,14,0,5.493299977388233e-05
12782,108753,35,14,3,5.918500028201379e-05
12783,81925,17,15,1,3.855700197163969e-05
12784,36466,18,14,0,1.5997000446077436e-05
12785,7359,24,13,0,2.187300196965225e-05
12786,64796,18,12,0,1.255000097444281e-05
12787,79751,16,11,0,1.1446001735748723e-05
12788,95681,15,10,0,1.032799991662614e-05
12789,102618,15,9,0,9.695002518128604e-06
12790,106717,30,10,0,2.9237999115139246e-05
12791,109053,20,9,2,7.672900028410368e-05
12792,10834,38,10,1,5.877700095879845e-05
12793,128980,24,10,0,4.111599992029369e-05
12794,105961,37,11,2,0.00010378200022387318
12795,51229,40,11,1,9.519500235910527e-05
12796,59295,20,13,1,4.735700349556282e-05
12797,126533,59,13,1,5.661300019710325e-05
12798,21737,32,13,2,7.584499689983204e-05
12799,87412,22,14,5,8.741499914322048e-05
12800,100033,20,13,2,6.521999966935255e-05
12801,114509,24,12,1,5.85429988859687e-05
12802,65751,51,14,1,8.437300130026415e-05
12803,90919,24,14,4,6.657099947915412e-05
12804,73780,21,14,3,5.8451001677894965e-05
12805,43015,15,15,1,3.749200186575763e-05
12806,129031,17,15,5,6.774500070605427e-05
12807,122899,17,15,6,0.0001691879988356959
12808,112696,15,15,1,3.797200042754412e-05
12809,124401,15,14,0,1.223499930347316e-05
12810,29202,20,14,0,2.1929001377429813e-05
12811,94269,15,15,1,3.310500324005261e-05
12812,88568,17,14,0,1.3403998309513554e-05
12813,11273,19,13,0,1.546400017105043e-05
12814,18650,17,12,0,1.1381001968402416e-05
12815,117422,15,11,0,9.896997653413564e-06
12816,115140,15,10,0,9.543000487610698e-06
12817,23903,19,9,0,1.2399999832268804e-05
12818,81361,15,8,0,8.913997589843348e-06
12819,32787,25,8,0,1.881800199043937e-05
12820,95045,19,8,0,1.739099752740003e-05
12821,17731,26,7,0,2.2075000742916018e-05
12822,105423,32,9,0,3.6753001040779054e-05
12823,110601,26,10,1,4.708699998445809e-05
12824,85532,29,10,2,4.66860001324676e-05
12825,88361,24,10,1,3.726399881998077e-05
12826,73237,32,14,4,0.0001041550021909643
12827,122072,20,14,1,5.068900281912647e-05
12828,101178,24,14,0,3.5551998735172674e-05
12829,9199,21,14,3,8.229000013670884e-05
12830,97953,36,13,2,8.546299795852974e-05
12831,89794,31,12,2,8.555599924875423e-05
12832,90113,20,13,4,8.299900218844414e-05
12833,34881,15,15,1,4.131100286031142e-05
12834,125007,15,15,1,3.492199903121218e-05
12835,126839,15,14,0,1.1699998140102252e-05
12836,24769,15,13,0,1.1670999811030924e-05
12837,45053,15,12,0,1.0705000022426248e-05
12838,79055,15,11,0,9.865001629805192e-06
12839,72580,15,10,0,1.0129999282071367e-05
12840,9442,15,9,0,9.899002179736272e-06
12841,36456,15,8,0,9.04500120668672e-06
12842,52231,20,9,0,2.1766998543171212e-05
12843,42067,18,8,0,1.8236998585052788e-05
12844,31883,24,12,3,0.00011647099745459855
12845,55375,18,15,2,7.53900021663867e-05
12846,26526,34,14,5,7.78499997977633e-05
12847,69718,22,15,1,5.7772998843574896e-05
12848,68722,26,14,3,6.216299880179577e-05
12849,112756,16,15,3,7.538399950135499e-05
12850,102523,26,15,4,0.00011809300121967681
12851,125061,18,15,4,9.687900092103519e-05
12852,12449,15,15,1,4.153199915890582e-05
12853,66234,15,14,0,1.149200033978559e-05
12854,35599,15,13,0,1.1133997759316117e-05
12855,22698,15,15,1,4.142499892623164e-05
12856,14692,15,14,0,1.2542001059046015e-05
12857,2238,15,15,1,3.72280010196846e-05
12858,105687,15,14,0,1.1026000720448792e-05
12859,96449,15,15,1,3.028499850188382e-05
12860,122816,15,14,0,1.1902000551344827e-05
12861,102200,15,13,0,1.0497002222109586e-05
12862,64835,15,12,0,1.0798998118843883e-05
12863,96818,15,11,0,9.466999472351745e-06
12864,129946,15,10,0,9.373998182127252e-06
12865,50283,15,9,0,9.083996701519936e-06
12866,51193,15,8,0,8.318998879985884e-06
12867,52197,15,7,0,8.537001122022048e-06
12868,58183,15,6,0,8.131002687150612e-06
12869,101322,19,6,1,1.9155002519255504e-05
12870,15632,19,5,0,1.5104000340215862e-05
12871,65546,21,5,0,1.3372999092098325e-05
12872,27805,23,4,0,1.3813001714879647e-05
12873,104654,18,15,1,3.789299807976931e-05
12874,51159,15,14,0,1.2518998119048774e-05
12875,26299,15,13,0,1.0576000931905583e-05
12876,45861,16,13,1,2.639900048961863e-05
12877,131329,17,12,1,1.6859001334523782e-05
12878,59058,20,12,0,2.27169985009823e-05
12879,6140,21,11,0,4.231300044921227e-05
12880,48049,22,11,1,2.6342000637669116e-05
12881,47731,25,12,1,5.4214000556385145e-05
12882,49391,25,14,0,0.00010148399815079756
12883,2262,15,15,1,3.44360014423728e-05
12884,26324,15,14,0,1.300300209550187e-05
12885,25742,15,13,0,1.5698999050073326e-05
12886,64669,15,12,0,1.0575997293926775e-05
12887,46558,15,11,0,1.0762996680568904e-05
12888,7629,15,10,0,1.0330000804970041e-05
12889,22578,29,10,0,3.082399780396372e-05
12890,97918,19,12,1,2.8922000637976453e-05
12891,63437,26,13,3,7.631300104549155e-05
12892,92387,18,15,13,7.365500277956016e-05
12893,113751,23,14,3,5.932600106461905e-05
12894,102661,17,15,3,9.334299829788506e-05
12895,57618,33,15,2,9.584099825588055e-05
12896,2329,15,15,1,4.02369987568818e-05
12897,78105,15,15,1,3.424299939069897e-05
12898,109603,15,14,0,1.1661002645269036e-05
12899,108951,15,13,0,1.0670999472495168e-05
12900,35111,31,15,8,8.942600106820464e-05
12901,102874,28,14,2,6.732700057909824e-05
12902,75731,45,14,3,8.133200026350096e-05
12903,43312,18,15,5,0.00010589199882815592
12904,94513,21,15,4,0.00013233500067144632
12905,2372,19,15,6,9.3913000455359e-05
12906,76104,26,15,2,9.765699724084698e-05
12907,55632,19,15,1,4.103600076632574e-05
12908,106952,15,14,0,1.2779000826412812e-05
12909,117352,15,13,0,1.1771000572480261e-05
12910,86656,15,12,0,1.1002997780451551e-05
12911,6914,15,11,0,1.0506999387871474e-05
12912,62426,15,10,0,9.532999683870003e-06
12913,85193,15,9,0,9.143001079792157e-06
12914,37945,15,8,0,8.595998224336654e-06
12915,98155,19,8,0,1.734300167299807e-05
12916,17595,19,10,1,3.025600017281249e-05
12917,122729,23,11,3,3.971600017393939e-05
12918,16725,25,15,1,6.589199983864091e-05
12919,81166,29,14,2,7.126899799914099e-05
12920,33797,23,13,3,9.388800026499666e-05
12921,102752,18,15,1,4.3453001126181334e-05
12922,47895,15,14,0,1.1850999726448208e-05
12923,61812,15,15,1,3.7726000300608575e-05
12924,3552,15,14,0,1.1830001312773675e-05
12925,87510,17,14,0,2.2328997147269547e-05
12926,45441,16,15,2,7.037100294837728e-05
12927,16068,17,14,0,2.7836002118419856e-05
12928,92559,15,15,1,3.62150021828711e-05
12929,131491,32,15,6,7.530699804192409e-05
12930,10009,19,14,8,0.0001263129997823853
12931,18864,25,15,1,8.036500003072433e-05
12932,100813,39,15,4,8.893600170267746e-05
12933,94726,23,15,3,8.736400195630267e-05
12934,13404,23,14,3,6.769999890821055e-05
12935,70453,30,14,1,7.30460014892742e-05
12936,80392,22,15,2,5.674099884345196e-05
12937,60637,31,14,1,9.106599827646278e-05
12938,96776,22,15,8,9.484399924986064e-05
12939,117259,16,15,6,0.00013061999925412238
12940,31255,26,15,0,6.86349994794e-05
12941,113178,17,15,9,0.0001270300017495174
12942,29220,15,15,1,3.45090011251159e-05
12943,51934,15,14,0,1.1696000001393259e-05
12944,116048,15,13,0,1.0566000128164887e-05
12945,40324,32,12,0,2.5260000256821513e-05
12946,69037,15,11,0,1.0471001587575302e-05
12947,63142,15,10,0,1.0376999853178859e-05
12948,44329,19,10,0,1.7956001101993024e-05
12949,131849,21,11,0,2.694100112421438e-05
12950,110747,23,13,3,5.513999713002704e-05
12951,27243,15,15,1,6.938300066394731e-05
12952,127627,15,15,1,3.651500082924031e-05
12953,43697,21,15,9,8.895900100469589e-05
12954,53943,15,15,1,3.839599958155304e-05
12955,66685,15,14,0,1.1198000720469281e-05
12956,72415,17,15,6,9.290900197811425e-05
12957,23265,15,15,6,9.125200085691176e-05
12958,90850,19,15,2,7.930499850772321e-05
12959,113386,39,15,4,0.00010558000212768093
12960,61193,20,14,6,6.336000296869315e-05
12961,83080,36,14,2,7.618099698447622e-05
12962,112362,20,14,8,7.767300121486187e-05
12963,27792,24,14,5,0.00010646199734765105
12964,37937,35,14,0,7.922300210339017e-05
12965,782,30,15,3,0.00010349099829909392
12966,789,17,15,4,7.880900011514314e-05
12967,58155,16,15,1,3.8771002436988056e-05
12968,91192,16,14,0,1.2697997590294108e-05
12969,51662,16,14,1,4.787299985764548e-05
12970,29525,22,14,0,6.345500150928274e-05
12971,88881,28,15,2,6.390500129782595e-05
12972,99131,15,15,1,4.224499934935011e-05
12973,6976,15,15,1,3.8629001210210845e-05
12974,11084,15,15,1,3.889599975082092e-05
12975,97101,22,15,13,7.372599793598056e-05
12976,2906,28,15,2,0.00010483200094313361
12977,105336,22,15,6,0.00013441700139082968
12978,11176,15,15,1,3.6461002309806645e-05
12979,66634,15,14,0,1.2368000170681626e-05
12980,5558,19,14,0,2.1617001038976014e-05
12981,40407,17,13,0,3.454200123087503e-05
12982,69375,17,12,1,2.1551000827457756e-05
12983,21755,22,14,3,3.6437999369809404e-05
12984,124196,22,13,1,6.248000136110932e-05
12985,97207,19,15,2,0.00010828899758053012
12986,119739,18,15,11,0.00013083600060781464
12987,39872,15,15,1,3.749700044863857e-05
12988,52976,15,14,0,1.1955999070778489e-05
12989,110942,17,14,0,1.6344998584827408e-05
12990,102725,17,14,1,1.788000008673407e-05
12991,15309,36,15,3,5.943200085312128e-05
12992,15342,24,15,8,9.022799713420682e-05
12993,126354,17,14,3,5.3814001148566604e-05
12994,63284,30,14,5,0.00012100900130462833
12995,44087,33,15,1,7.246799941640347e-05
12996,70713,28,15,8,0.00010080300125991926
12997,25672,17,15,8,0.00010341199958929792
12998,19553,19,15,1,3.945299977203831e-05
12999,23780,15,14,0,1.2721000530291349e-05
13000,117867,16,15,5,7.046799873933196e-05
13001,105590,23,15,7,0.00010200199903920293
13002,56448,24,15,3,8.917699960875325e-05
13003,105610,15,15,1,3.441399894654751e-05
13004,58985,15,14,0,1.2895001418655738e-05
13005,109834,18,14,1,5.04039999214001e-05
13006,101528,27,15,4,0.0001261100005649496
13007,130202,19,15,4,0.0001392900012433529
13008,46294,19,15,7,7.140199886634946e-05
13009,15610,15,15,2,0.00012403300206642598
13010,19736,38,15,4,9.734899867908098e-05
13011,11560,17,15,2,6.655899778706953e-05
13012,42281,20,15,10,6.367600144585595e-05
13013,87340,15,15,6,0.0001080009969882667
13014,73004,18,15,4,0.00010482899961061776
13015,95534,15,15,1,3.3336000342387706e-05
13016,113964,37,15,10,9.991300248657353e-05
13017,57035,23,14,9,0.00011243900007684715
13018,107830,15,15,1,4.259500201442279e-05
13019,77113,17,15,5,0.00010656900121830404
13020,87353,31,15,0,9.06449968169909e-05
13021,48454,27,15,0,5.895000140299089e-05
13022,1366,24,15,1,7.8089000453474e-05
13023,75098,30,15,1,4.5898999815108255e-05
13024,128369,36,15,1,7.330700100283138e-05
13025,105851,19,15,2,9.085799683816731e-05
13026,9606,22,15,2,8.085199806373566e-05
13027,105871,20,15,11,8.80859988683369e-05
13028,81296,37,15,2,0.00013955699978396297
13029,5824,40,14,2,0.00010094000026583672
13030,19893,17,15,2,9.21380014915485e-05
13031,93627,15,15,1,3.790800110436976e-05
13032,3527,25,15,2,7.487499897251837e-05
13033,12218,19,14,1,0.00011542399806785397
13034,108302,18,13,0,1.338400034001097e-05
13035,128471,19,15,7,9.998099994845688e-05
13036,58865,18,14,6,6.670500079053454e-05
13037,45365,19,14,7,7.09470004949253e-05
13038,97754,18,15,1,5.087099998490885e-05
13039,132589,36,15,3,0.00013194799976190552
13040,97788,32,15,2,8.077199890976772e-05
13041,56835,19,15,2,6.596399907721207e-05
13042,30234,22,15,3,6.471899905591272e-05
13043,58919,31,15,1,5.152900121174753e-05
13044,69169,21,15,2,8.532900028512813e-05
13045,91700,15,15,1,3.679599831230007e-05
13046,20126,30,15,3,7.458400068571791e-05
13047,122543,21,15,1,5.752200013375841e-05
13048,69327,18,15,1,0.00010554899927228689
13049,79603,20,15,3,6.77700008964166e-05
13050,102132,21,15,3,0.00017978899995796382
13051,77560,17,15,2,7.822599945939146e-05
13052,110363,21,14,0,2.7385001885704696e-05
13053,112410,25,15,2,5.1923001592513174e-05
13054,24376,24,15,8,8.417100252700038e-05
13055,77634,17,15,2,8.674999844515696e-05
13056,42843,19,15,2,6.2876999436412e-05
13057,84968,28,14,3,7.641999764018692e-05
13058,22369,16,15,5,7.084499884513207e-05
13059,96100,17,15,3,8.369100032723509e-05
13060,6017,21,15,5,0.00010892799764405936
13061,14230,24,15,1,9.110199971473776e-05
13062,106397,16,15,2,0.00018072499733534642
13063,51125,15,15,1,3.389199991943315e-05
13064,59334,26,15,1,8.265900032711215e-05
13065,1582,27,14,0,4.2414001654833555e-05
13066,57446,26,15,1,7.551400267402641e-05
13067,22697,28,15,0,7.156600258895196e-05
13068,29996,26,14,0,1.7588001355761662e-05
13069,67189,23,13,0,3.2652998925186694e-05
13070,71329,28,14,1,6.210599894984625e-05
13071,63813,22,15,2,0.00010060299973702058
13072,47442,22,15,3,7.344199912040494e-05
13073,33108,20,15,1,5.996499749016948e-05
13074,131468,27,15,1,9.59230019361712e-05
13075,107023,16,15,2,8.788199920672923e-05
13076,93967,43,15,5,9.365100049762987e-05
13077,95251,21,15,3,7.046700193313882e-05
13078,25875,26,15,4,7.815800199750811e-05
13079,11298,61,15,2,0.00016988800052786246
13080,129315,28,15,0,5.89400005992502e-05
13081,81321,19,15,1,5.68369978282135e-05
13082,101422,18,15,4,8.38289997773245e-05
13083,70193,43,15,1,0.00010635600119712763
13084,133188,42,15,4,0.00012435200187610462
13085,62404,21,15,3,6.369200127664953e-05
13086,69190,16,15,1,3.740499960258603e-05
13087,13259,19,14,0,2.0417999621713534e-05
13088,106121,24,14,0,2.3215001419885084e-05
13089,44706,24,13,0,2.0073999621672556e-05
13090,129044,24,12,0,1.8735998310148716e-05
13091,4467,18,11,0,1.3977998605696484e-05
13092,6369,24,10,0,1.663400325924158e-05
13093,107040,22,9,0,1.5178000467130914e-05
13094,103234,22,8,0,1.400700057274662e-05
13095,82803,24,7,0,1.3143999240128323e-05
13096,99454,18,6,0,1.0497002222109586e-05
13097,46263,23,5,0,1.0431002010591328e-05
13098,106392,22,5,0,1.5067002095747739e-05
13099,105345,28,11,1,9.301899990532547e-05
13100,84933,22,15,2,3.91569992643781e-05
13101,54477,21,15,4,7.391600229311734e-05
13102,121948,22,15,0,5.861499812453985e-05
13103,623,26,15,2,6.601600034628063e-05
13104,11270,20,15,7,8.32900004752446e-05
13105,80798,26,15,5,0.00013429099999484606
13106,119998,39,15,2,8.515299850841984e-05
13107,18425,25,15,6,9.57000011112541e-05
13108,120849,21,16,2,0.00010078700142912567
13109,28706,19,16,2,0.00011927399827982299
13110,56768,22,15,3,6.202900112839416e-05
13111,66880,22,15,4,5.413300095824525e-05
13112,28730,22,16,5,0.0001036769972415641
13113,53097,19,15,2,7.899599950178526e-05
13114,2109,32,16,0,9.22880026337225e-05
13115,85360,32,15,4,0.00013579399819718674
13116,124998,28,16,0,4.746999911731109e-05
13117,35703,18,15,4,0.00010957799895550124
13118,104522,33,16,3,6.213400047272444e-05
13119,18575,30,15,3,5.7549001212464646e-05
13120,3201,28,15,9,0.0001284829995711334
13121,72511,40,15,6,0.00016049199984990992
13122,4374,27,15,7,0.00010222200216958299
13123,15668,44,15,1,0.00010577500142971985
13124,112725,16,16,2,0.0001758030011842493
13125,74064,16,15,0,1.4571000065188855e-05
13126,104548,19,16,0,0.0001204330001201015
13127,78633,21,15,0,3.606400059652515e-05
13128,5050,42,15,1,9.875100295175798e-05
13129,85977,20,15,0,0.00012538000009953976
13130,18469,20,14,0,1.767100184224546e-05
13131,18647,26,14,0,5.064599827164784e-05
13132,66082,20,13,0,4.7012999857543036e-05
13133,81198,23,13,4,5.434099875856191e-05
13134,86332,37,14,0,5.8866000472335145e-05
13135,104682,32,15,6,0.00010031700003310107
13136,10397,32,14,2,0.00011074299982283264
13137,18977,47,14,3,9.278799916501157e-05
13138,65763,25,15,6,7.376199937425554e-05
13139,36973,17,16,3,7.620399992447346e-05
13140,53359,16,16,1,4.1631999920355156e-05
13141,23820,16,15,0,1.3065000530332327e-05
13142,101389,16,14,0,1.1912998161278665e-05
13143,13598,20,13,0,1.5584002539981157e-05
13144,349,17,13,1,3.106700023636222e-05
13145,82850,19,14,3,4.100300066056661e-05
13146,60650,40,15,3,9.617400064598769e-05
13147,55408,16,16,1,4.233300205669366e-05
13148,112751,16,16,1,3.6178000300424173e-05
13149,37253,16,15,0,1.3168002624297515e-05
13150,117170,16,14,0,1.1547999747563154e-05
13151,65939,16,13,0,1.1248997907387093e-05
13152,14529,16,12,0,1.0982999810948968e-05
13153,42501,16,11,0,1.0867999662877992e-05
13154,25484,16,10,0,1.0302002920070663e-05
13155,46033,16,9,0,9.707000572234392e-06
13156,62482,16,8,0,9.261999366572127e-06
13157,104263,16,7,0,9.49800232774578e-06
13158,5532,20,7,0,1.704700116533786e-05
13159,5459,26,15,2,8.116499884636141e-05
13160,102511,21,16,2,0.00011348800035193563
13161,120953,16,16,1,3.8580001273658127e-05
13162,80602,16,15,0,1.2975000572623685e-05
13163,47488,16,14,0,1.2603999493876472e-05
13164,72236,16,13,0,1.1407999409129843e-05
13165,48272,19,13,0,1.926199911395088e-05
13166,102530,16,16,1,3.82329999411013e-05
13167,77821,16,15,0,1.2511001841630787e-05
13168,6064,16,14,0,1.2077001883881167e-05
13169,80758,30,14,1,4.324799738242291e-05
13170,15851,17,13,0,1.2982996850041673e-05
13171,94745,17,12,0,1.2033000530209392e-05
13172,18009,17,11,0,1.1337000614730641e-05
13173,3940,17,10,0,1.1519001418491825e-05
13174,58187,21,12,0,2.7035002858610824e-05
13175,5807,21,11,2,5.452200275612995e-05
13176,21466,28,11,1,3.6419998650671914e-05
13177,21415,32,15,2,7.388599988189526e-05
13178,6068,24,15,4,8.728600005269982e-05
13179,32186,29,15,8,8.94779986992944e-05
13180,73917,16,16,4,0.00017270899843424559
13181,2237,30,16,1,7.99469999037683e-05
13182,94408,20,16,8,0.00012938699728692882
13183,47314,17,16,2,6.57599994156044e-05
13184,55508,16,16,1,4.035600068164058e-05
13185,121052,22,16,2,6.946800203877501e-05
13186,100578,19,16,6,0.00011147600162075832
13187,53501,18,16,3,0.00010598200242384337
13188,78579,17,15,2,4.145899947616272e-05
13189,119047,19,16,3,0.00013427200246951543
13190,28293,18,15,1,2.4136999854817986e-05
13191,47380,21,16,4,0.00014645500050392002
13192,117018,19,16,2,0.00013719099661102518
13193,74016,25,16,3,8.78589999047108e-05
13194,71989,22,16,0,7.528599962824956e-05
13195,24896,16,16,1,4.151900066062808e-05
13196,27125,16,15,0,5.038499875809066e-05
13197,24897,16,16,1,5.077099922345951e-05
13198,88404,29,16,4,9.760999819263816e-05
13199,108906,23,16,3,8.533000072930008e-05
13200,12656,31,16,2,7.571899914182723e-05
13201,121217,17,16,1,5.1563001761678606e-05
13202,89869,18,15,0,1.4903998817317188e-05
13203,65192,16,14,0,1.324500044574961e-05
13204,16789,19,16,2,0.00019056200108025223
13205,41380,20,16,7,0.0001288089988520369
13206,70060,32,16,7,0.00012308599980315194
13207,76217,16,16,1,3.905499761458486e-05
13208,124431,16,15,0,1.9183997210348025e-05
13209,104329,16,14,0,1.8127000657841563e-05
13210,73218,17,13,0,1.3443001080304384e-05
13211,103463,16,12,0,1.0980002116411924e-05
13212,23294,16,11,0,9.840001439442858e-06
13213,17153,17,10,0,1.0297000699210912e-05
13214,106116,22,9,0,1.468399932491593e-05
13215,12513,19,9,1,3.23309977829922e-05
13216,17979,23,12,2,7.730300058028661e-05
13217,121278,25,16,0,4.4142998376628384e-05
13218,104896,25,16,2,0.00010542100062593818
13219,98771,16,16,1,4.4740001612808555e-05
13220,2518,16,16,4,0.00015814200014574453
13221,90618,32,16,3,9.317299918620847e-05
13222,25098,19,16,3,0.00012006099859718233
13223,26313,23,15,1,0.00013644999853568152
13224,43875,23,14,0,1.9569000869523734e-05
13225,119326,17,16,2,0.00011439599984441884
13226,15558,17,15,0,1.4188000932335854e-05
13227,5519,20,15,5,0.0001370329991914332
13228,98865,19,16,6,0.00010651299817254767
13229,47667,18,16,8,0.00011428900324972346
13230,62004,17,16,1,4.301300214137882e-05
13231,37531,19,15,0,1.82290023076348e-05
13232,99263,17,14,0,1.3618999219033867e-05
13233,10804,25,16,0,7.855800140532665e-05
13234,62002,37,16,5,0.00010210899927187711
13235,89006,21,15,4,6.767100057913922e-05
13236,8777,16,16,2,8.784999954514205e-05
13237,123477,28,16,2,8.768599946051836e-05
13238,132629,19,15,0,8.322500070789829e-05
13239,118022,19,14,0,1.3864999345969409e-05
13240,111630,19,13,0,1.1635998816927895e-05
13241,90485,26,13,0,2.375899930484593e-05
13242,6410,30,14,4,0.00011830600124085322
13243,117863,32,14,0,2.83090012089815e-05
13244,62446,27,15,3,0.00010487199688213877
13245,15677,26,15,6,0.00012068199794157408
13246,27242,23,16,2,5.835599949932657e-05
13247,27283,16,16,1,4.223300129524432e-05
13248,10201,16,15,0,1.3064000086160377e-05
13249,101006,20,16,4,8.601999797974713e-05
13250,53911,21,16,4,0.00013501200010068715
13251,98188,22,15,6,8.562099901610054e-05
13252,101066,19,15,6,6.696799755445682e-05
13253,80579,18,16,1,5.104500087327324e-05
13254,56054,16,15,0,1.2607000826392323e-05
13255,29403,42,16,1,9.334000060334802e-05
13256,65191,30,15,3,0.0001095609986805357
13257,10985,26,16,12,0.00012576000153785571
13258,81557,30,15,4,0.00010277799810864963
13259,47872,23,16,3,8.58410021464806e-05
13260,131843,23,16,1,9.62149970291648e-05
13261,113419,22,16,6,7.526699846494012e-05
13262,105227,23,16,1,8.099499973468482e-05
13263,45838,39,16,1,7.767699935357086e-05
13264,90899,19,16,3,8.8004999270197e-05
13265,39713,27,16,4,0.00013116800255374983
13266,29942,32,15,0,5.976399916107766e-05
13267,11050,24,16,3,8.144800085574389e-05
13268,129834,17,16,3,6.0860998928546906e-05
13269,64304,28,16,4,0.0001235490017279517
13270,28402,28,15,7,0.00010761000157799572
13271,111407,31,16,4,9.831099669099785e-05
13272,9011,46,16,1,0.00010502599980100058
13273,62282,37,16,4,0.00011898299999302253
13274,88905,24,16,0,5.883600169909187e-05
13275,127828,16,16,1,7.326299964915961e-05
13276,66413,23,16,5,0.00014841499796602875
13277,74707,26,16,6,0.00010009199831984006
13278,46042,26,16,1,8.745299783186056e-05
13279,78813,18,16,4,0.00011451300088083372
13280,79052,19,15,5,9.790200056158938e-05
13281,127996,28,16,3,8.182199962902814e-05
13282,33798,16,16,1,4.2571002268232405e-05
13283,101385,16,16,5,0.00014193700189935043
13284,62485,16,16,1,3.855199975077994e-05
13285,74787,42,16,1,6.988099994487129e-05
13286,103465,16,16,1,3.7331003113649786e-05
13287,56361,38,16,13,0.00013112600208842196
13288,9261,26,16,7,8.129500201903284e-05
13289,91194,16,16,1,3.9010999898891896e-05
13290,66636,18,16,1,8.235299901571125e-05
13291,40013,16,16,1,4.5603999751619995e-05
13292,73439,16,15,0,1.4609002391807735e-05
13293,54392,36,16,0,6.719199882354587e-05
13294,103749,30,15,3,7.449400072800927e-05
13295,105142,39,15,1,8.965100278146565e-05
13296,15759,48,15,7,8.920900290831923e-05
13297,124023,30,16,4,0.00010427899906062521
13298,87174,27,16,0,6.716099960613064e-05
13299,17584,23,16,0,0.0001889260020107031
13300,23740,16,16,2,0.0001309610015596263
13301,60723,24,16,2,6.076199861126952e-05
13302,120125,17,16,6,0.00010666700109140947
13303,128338,23,16,6,6.588099859072827e-05
13304,105835,16,16,1,3.530399771989323e-05
13305,26463,16,15,0,1.2124000932089984e-05
13306,28027,23,16,0,5.838500146637671e-05
13307,5527,22,16,0,0.0001383460003125947
13308,56742,40,16,1,7.590700261062011e-05
13309,41574,33,15,0,5.2901003073202446e-05
13310,73474,25,15,3,7.11190004949458e-05
13311,15872,34,16,1,7.180499960668385e-05
13312,48642,16,16,2,0.00014789200213272125
13313,124430,30,16,2,8.394200267503038e-05
13314,122394,17,16,7,0.00013707700054510497
13315,73246,24,16,4,0.00014463600018643774
13316,9806,26,16,7,0.00013551300071412697
13317,34417,39,16,5,0.0001016690002870746
13318,97906,16,16,2,0.00010521199874347076
13319,16008,30,16,3,0.00011477099906187505
13320,77460,17,16,1,4.2466002923902124e-05
13321,91807,31,16,1,0.00016476300152135082
13322,71547,19,15,0,8.764000085648149e-05
13323,59080,24,16,6,9.431600119569339e-05
13324,9929,27,16,7,0.00012559600145323202
13325,48868,16,16,1,3.985500006820075e-05
13326,24330,16,15,0,1.3343000318855047e-05
13327,95982,16,16,1,3.8907000998733565e-05
13328,120629,20,16,2,0.00014265400022850372
13329,1870,18,16,2,7.193100100266747e-05
13330,124808,18,16,5,7.936900146887638e-05
13331,89994,20,16,6,9.860000136541203e-05
13332,96145,32,16,7,8.45909999043215e-05
13333,65449,70,16,4,0.0001510599977336824
13334,128957,34,16,3,0.0001157870028691832
13335,67661,38,16,2,0.00010891599958995357
13336,34968,42,16,6,0.00012070500088157132
13337,51425,19,16,3,3.787100285990164e-05
13338,55552,18,16,5,9.496100028627552e-05
13339,61744,34,16,7,9.011500151245855e-05
13340,82358,23,16,2,8.166199768311344e-05
13341,70201,19,16,6,8.76179983606562e-05
13342,113277,36,16,6,0.00010340300286770798
13343,66222,30,16,0,6.818000110797584e-05
13344,64253,30,16,2,0.00011866299973917194
13345,99251,19,16,5,7.403700146824121e-05
13346,101413,24,16,3,7.215200093924068e-05
13347,1589,24,16,7,7.868499960750341e-05
13348,12719,29,15,6,9.765299910213798e-05
13349,75786,30,16,2,7.045900201774202e-05
13350,59398,24,17,2,4.671700298786163e-05
13351,18443,17,17,1,4.6664001274621114e-05
13352,108754,17,16,0,1.3762000889983028e-05
13353,83477,18,16,1,1.780399907147512e-05
13354,14347,29,17,5,0.00013369899897952564
13355,126258,22,16,3,9.318899901700206e-05
13356,30147,22,16,4,0.0001405120019626338
13357,102414,25,17,1,5.745399903389625e-05
13358,81489,17,16,0,1.4694000128656626e-05
13359,75458,17,15,0,1.3401997421169654e-05
13360,3190,17,14,0,1.2435000826371834e-05
13361,65949,19,15,1,6.285800191108137e-05
13362,10258,26,17,14,0.00019656799850054085
13363,57369,17,17,1,0.00012200800119899213
13364,55038,18,16,0,1.8406997696729377e-05
13365,69844,17,15,0,1.3148997823009267e-05
13366,58955,18,14,0,1.2859996786573902e-05
13367,22556,17,17,1,3.6386998544912785e-05
13368,106304,17,16,0,1.4698001905344427e-05
13369,82361,17,15,0,1.3627999578602612e-05
13370,16880,17,14,0,1.2321997928665951e-05
13371,116338,17,13,0,1.1412001185817644e-05
13372,81970,17,12,0,1.0955998732242733e-05
13373,60314,17,11,0,1.010600317385979e-05
13374,58170,17,10,0,9.998002497013658e-06
13375,45693,17,9,0,9.350998880108818e-06
13376,52482,17,8,0,9.997998859034851e-06
13377,55384,17,7,0,9.862000297289342e-06
13378,101272,17,6,0,9.379997209180146e-06
13379,49365,17,5,0,8.57299892231822e-06
13380,126265,17,4,0,7.177000952651724e-06
13381,4932,19,3,0,8.402999810641631e-06
13382,97622,31,4,2,3.34169999405276e-05
13383,12924,39,4,1,2.4395001673838124e-05
13384,6992,27,16,1,8.94840013643261e-05
13385,128027,23,16,1,5.2216997573850676e-05
13386,57,23,16,2,3.712300167535432e-05
13387,71719,17,17,1,5.267999949865043e-05
13388,89821,17,16,0,1.4043998817214742e-05
13389,84032,22,17,2,0.00013774699982604943
13390,69697,18,17,9,0.0001382650007144548
13391,104525,17,17,1,3.555999865056947e-05
13392,44937,17,16,0,1.4547997125191614e-05
13393,28237,17,15,0,1.26309969346039e-05
13394,92978,17,14,0,1.137100116466172e-05
13395,95858,17,13,0,1.091800004360266e-05
13396,82217,17,12,0,1.0943000233964995e-05
13397,122273,17,11,0,1.1027997970813885e-05
13398,93026,17,10,0,1.0472998837940395e-05
13399,107679,17,9,0,9.534000128041953e-06
13400,46374,17,8,0,9.708001016406342e-06
13401,93509,17,7,0,1.0334999387850985e-05
13402,97939,17,6,0,9.210998541675508e-06
13403,17002,17,5,0,8.629998774267733e-06
13404,120167,17,4,0,7.630998879903927e-06
13405,103895,17,3,0,6.465998012572527e-06
13406,79518,17,2,0,6.084999768063426e-06
13407,99974,17,1,0,5.3010007832199335e-06
13408,75467,17,0,0,5.173998943064362e-06
13409,110670,36,17,1,0.00011006400018231943
13410,125017,25,17,3,0.00011200899825780652
13411,24673,18,17,1,4.811599865206517e-05
13412,82159,17,16,0,1.3999997463542968e-05
13413,48446,17,15,0,1.2140997569076717e-05
13414,28139,17,14,0,1.2589000107254833e-05
13415,73553,24,16,3,5.417500142357312e-05
13416,112747,25,17,1,0.00014675100101158023
13417,88184,25,17,3,0.00011326800085953437
13418,116880,22,17,1,4.905600144411437e-05
13419,122864,17,16,0,1.575499845785089e-05
13420,15215,21,15,0,1.6939997294684872e-05
13421,55852,18,14,0,1.4213001122698188e-05
13422,106224,17,13,0,1.2544001947389916e-05
13423,60274,19,12,0,1.3515000318875536e-05
13424,54559,17,11,0,1.154800338554196e-05
13425,23456,26,11,0,3.3678999898256734e-05
13426,74687,23,10,0,1.4137000107439235e-05
13427,125939,26,9,0,2.4728000425966457e-05
13428,76005,37,11,1,7.17430011718534e-05
13429,93801,30,10,1,4.809500023839064e-05
13430,86557,28,9,0,2.955699892481789e-05
13431,57495,32,17,5,0.00013963400124339387
13432,67108,33,16,2,8.574199819122441e-05
13433,12237,28,16,3,0.00010118600039277226
13434,82079,26,17,3,8.76240010256879e-05
13435,47275,19,17,4,0.00010303299859515391
13436,65467,20,16,5,6.637000115006231e-05
13437,110773,25,17,5,9.827900066738948e-05
13438,97371,35,16,2,9.597299867891707e-05
13439,18667,17,17,1,3.844599996227771e-05
13440,63314,17,16,0,1.3718003174290061e-05
13441,73970,22,17,2,0.00014486299915006384
13442,6389,17,17,1,4.5449000026565045e-05
13443,116983,17,17,10,0.0001451640018785838
13444,24843,17,17,1,3.5864999517798424e-05
13445,128895,18,16,0,1.5022000297904015e-05
13446,41427,17,15,0,1.2776999938068911e-05
13447,71245,17,14,0,1.2090000382158905e-05
13448,13112,19,13,0,1.422999775968492e-05
13449,89033,20,12,0,1.5334000636357814e-05
13450,97389,17,11,0,1.1180000001331791e-05
13451,10200,17,10,0,1.0416999430162832e-05
13452,98941,17,9,0,1.0593998013064265e-05
13453,75283,17,8,0,9.79100150289014e-06
13454,24844,17,7,0,1.0196999937761575e-05
13455,127293,17,6,0,8.740000339457765e-06
13456,29754,17,5,0,7.956001354614273e-06
13457,105278,17,4,0,6.913000106578693e-06
13458,58768,19,4,0,1.3002998457523063e-05
13459,105034,39,5,0,3.889099752996117e-05
13460,1575,29,6,0,2.514899824745953e-05
13461,78415,52,16,7,0.00011093700231867842
13462,115961,44,16,5,0.00010337200001231395
13463,98590,17,17,1,4.189799801679328e-05
13464,101807,17,16,0,1.936899934662506e-05
13465,109671,17,15,0,1.2838001566706225e-05
13466,32211,22,16,3,0.0001902250005514361
13467,50124,22,15,0,1.8184000509791076e-05
13468,304,17,17,1,4.471400097827427e-05
13469,45641,17,16,0,1.4295001165010035e-05
13470,766,19,16,0,2.37280000874307e-05
13471,128820,19,15,1,2.3305001377593726e-05
13472,92233,21,15,1,2.3374999727820978e-05
13473,21404,27,16,0,6.239000140340067e-05
13474,29388,34,15,0,6.101100007072091e-05
13475,93517,27,14,0,5.6420001783408225e-05
13476,96190,25,15,1,6.577800013474189e-05
13477,79960,25,15,3,5.7925997680285946e-05
13478,109534,22,16,6,7.456900129909627e-05
13479,18662,24,16,7,8.621400047559291e-05
13480,71986,18,17,3,0.00019959099881816655
13481,122751,18,16,0,1.6859998140716925e-05
13482,83806,21,16,4,7.359400115092285e-05
13483,20416,23,16,2,6.189199848449789e-05
13484,55628,34,17,3,9.839199992711656e-05
13485,93885,38,16,1,0.00010073899829876609
13486,96687,29,16,0,8.043200068641454e-05
13487,95700,36,16,0,7.469200136256404e-05
13488,40823,49,16,2,9.900399891193956e-05
13489,66256,39,16,1,8.465800056001171e-05
13490,80213,22,17,2,0.00017933300114236772
13491,24932,30,17,0,6.299500091699883e-05
13492,357,26,17,1,9.341400073026307e-05
13493,74096,17,17,1,3.925299824913964e-05
13494,75050,17,16,0,1.3525001122616231e-05
13495,119216,17,15,0,1.2439999409252778e-05
13496,74347,25,15,0,4.5313001464819536e-05
13497,23912,20,16,2,0.0001409539981978014
13498,16429,20,15,0,1.5877001715125516e-05
13499,98647,20,14,0,1.4370001736097038e-05
13500,33759,20,13,0,1.2507000064942986e-05
13501,11725,20,12,0,1.3190998288337141e-05
13502,14861,20,11,0,1.2398002581903711e-05
13503,133224,35,11,1,0.00010159399971598759
13504,131396,40,10,0,5.022700133849867e-05
13505,119600,36,11,0,5.557999975280836e-05
13506,107608,29,13,1,6.337400191114284e-05
13507,43405,42,17,2,0.0001461809988541063
13508,119185,23,17,4,0.0001263960002688691
13509,21388,18,16,3,0.00013339399811229669
13510,67988,24,17,2,0.00011679499948513694
13511,117175,17,17,1,3.991799894720316e-05
13512,106949,30,17,1,8.239300223067403e-05
13513,76232,42,17,5,0.00011163999806740321
13514,61358,27,16,6,8.501400225213729e-05
13515,20975,22,17,1,7.187799928942695e-05
13516,96870,18,16,0,2.0473002223297954e-05
13517,94715,20,17,3,0.00016349299767171033
13518,31235,39,17,0,9.235399920726195e-05
13519,109090,25,17,1,0.0002379020006628707
13520,89323,25,16,0,2.376200063736178e-05
13521,130416,23,15,0,1.7800997738959268e-05
13522,17875,25,14,0,1.7455000488553196e-05
13523,66010,24,14,0,7.044199810479768e-05
13524,46863,28,15,2,0.00013204199785832316
13525,56894,30,15,0,0.00011557999823708087
13526,62832,30,16,1,0.00010921500143012963
13527,121839,28,16,5,0.00013691500134882517
13528,100908,17,17,1,4.235199958202429e-05
13529,13079,17,16,0,1.416300074197352e-05
13530,19512,17,15,0,1.254699964192696e-05
13531,124158,17,14,0,1.1831001756945625e-05
13532,6977,17,13,0,1.1875999916810542e-05
13533,86137,18,13,1,2.971700087073259e-05
13534,29224,18,12,0,1.2747001164825633e-05
13535,25270,20,15,3,5.340599818737246e-05
13536,57901,26,17,10,0.00014426199777517468
13537,111165,18,17,5,0.00013195099745644256
13538,96829,27,17,6,0.00014693199773319066
13539,64062,21,17,5,0.00012969399904250167
13540,2626,37,17,2,0.00011053900016122498
13541,118359,28,16,7,0.00010729999848990701
13542,57943,25,17,7,0.00010109499999089167
13543,103011,43,16,3,6.242399831535295e-05
13544,56664,38,15,1,5.483999848365784e-05
13545,119392,41,17,5,0.00013898199904360808
13546,103027,27,17,2,7.494500096072443e-05
13547,47735,26,17,1,8.530299965059385e-05
13548,50911,41,16,3,0.00013605099957203493
13549,64124,27,17,6,6.128699897089973e-05
13550,87237,19,17,1,0.00010000000111176632
13551,3193,18,16,0,2.011700053117238e-05
13552,68639,26,16,1,6.635199679294601e-05
13553,13039,27,15,0,3.651299994089641e-05
13554,127825,34,14,0,6.001799920341e-05
13555,74919,28,14,1,4.816299770027399e-05
13556,101953,26,14,2,3.189100243616849e-05
13557,98315,62,14,1,8.957799946074374e-05
13558,105849,34,13,2,8.984800297184847e-05
13559,79337,39,13,2,6.827099787187763e-05
13560,50746,37,14,2,0.00010023399954661727
13561,51062,39,14,2,0.00011882299804710783
13562,93131,37,15,2,0.00011801600339822471
13563,63158,42,15,0,3.096900036325678e-05
13564,38513,36,15,2,6.678999852738343e-05
13565,120732,46,15,2,9.240200233762152e-05
13566,24527,36,15,2,0.00010268500045640394
13567,96094,39,15,4,0.0001269249987672083
13568,99973,17,17,1,4.899099803878926e-05
13569,118344,18,16,0,1.645600059418939e-05
13570,30343,32,17,2,7.664400254725479e-05
13571,27478,27,16,2,8.170799992512912e-05
13572,70794,27,17,1,0.0001253000009455718
13573,13453,43,17,3,0.00015633599832654
13574,107152,23,17,6,0.0001063130002876278
13575,26769,24,17,1,4.626000009011477e-05
13576,63240,17,16,0,1.4568999176844954e-05
13577,130018,17,15,0,1.3388998922891915e-05
13578,92007,19,14,0,1.4553999790223315e-05
13579,85507,19,13,0,1.3149001460988075e-05
13580,115501,19,12,0,1.2558000889839604e-05
13581,60224,19,11,0,1.2576998415170237e-05
13582,66451,19,10,0,1.1991996871074662e-05
13583,76949,17,9,0,1.0660998668754473e-05
13584,42576,18,8,0,1.0611001926008612e-05
13585,9617,19,7,0,1.069400241249241e-05
13586,81315,19,6,0,9.756997314980254e-06
13587,101841,24,5,0,1.0828000085894018e-05
13588,114618,19,4,0,7.60300099500455e-06
13589,117297,22,4,1,1.6321999282808974e-05
13590,109976,25,3,0,1.0386000212747604e-05
13591,46599,35,13,1,4.421500125317834e-05
13592,64147,21,17,5,0.00010735099931480363
13593,132760,17,17,1,5.734899968956597e-05
13594,125595,37,17,6,0.00013692400170839392
13595,54288,35,16,4,9.212100121658295e-05
13596,89881,20,16,4,0.00010205699800280854
13597,16299,31,16,7,0.0001274919995921664
13598,53950,20,16,3,0.0001107199968828354
13599,105118,28,17,5,0.000105850998807
13600,17566,17,17,1,4.700100180343725e-05
13601,13441,17,16,0,1.4355002349475399e-05
13602,30631,17,15,0,1.308799983235076e-05
13603,66769,17,14,0,1.1984997399849817e-05
13604,120095,17,13,0,1.1430998711148277e-05
13605,57000,25,15,0,2.9754999559372663e-05
13606,86368,24,14,0,3.16379992000293e-05
13607,98765,22,14,2,0.00014540999836754054
13608,7087,24,13,1,4.491299841902219e-05
13609,9886,19,17,2,0.0001715500002319459
13610,29860,24,17,7,0.00011366800026735291
13611,59046,19,17,11,0.0001388769996992778
13612,5127,27,16,5,7.88670004112646e-05
13613,123570,20,17,7,0.00017913700139615685
13614,32443,26,17,2,9.519300147076137e-05
13615,82623,26,17,2,9.445500108995475e-05
13616,124095,17,17,1,5.256899748928845e-05
13617,77504,33,17,3,6.0286998632363975e-05
13618,38595,26,17,6,0.00012169600086053833
13619,117632,26,16,0,2.0695999410236254e-05
13620,3269,58,17,0,0.00011489899770822376
13621,121550,27,17,9,0.00013913099974161014
13622,100052,22,17,5,9.316100113210268e-05
13623,29920,44,17,4,0.00012775800132658333
13624,26339,26,17,7,0.00015741500101285055
13625,56558,24,17,11,0.00013625599967781454
13626,56051,18,17,1,5.3499999921768904e-05
13627,66803,26,17,4,0.00010860399925149977
13628,44790,36,17,3,0.0001485760003561154
13629,95996,27,17,6,9.676899935584515e-05
13630,17663,42,17,0,9.792200216907077e-05
13631,80642,29,17,4,0.00011683299817377701
13632,11529,17,17,7,0.00013804099944536574
13633,100106,17,17,1,4.8952999350149184e-05
13634,37659,18,17,1,4.266900214133784e-05
13635,72987,19,17,4,0.00018660899877431802
13636,3998,21,16,2,0.00010356300117564388
13637,45858,19,17,2,7.810500028426759e-05
13638,12068,31,17,1,0.00010101099906023592
13639,34085,23,17,2,8.940599946072325e-05
13640,113446,25,17,1,7.271899812621996e-05
13641,38699,28,17,0,0.0001368609991914127
13642,97069,21,17,3,0.00013969800056656823
13643,23861,26,17,3,0.0001166909969469998
13644,64317,33,17,4,0.00013251199925434776
13645,101308,22,16,9,0.00011493100100778975
13646,6974,17,17,5,0.00015690800137235783
13647,21839,17,16,0,1.6787998902145773e-05
13648,23779,18,16,1,2.66780007223133e-05
13649,84799,45,17,5,0.00012430399874574505
13650,54196,24,16,3,0.00012010300270048901
13651,37810,29,16,3,8.525700104655698e-05
13652,3393,27,17,8,0.00010163099796045572
13653,3908,17,17,1,4.769999941345304e-05
13654,70478,27,17,2,0.0001926340009958949
13655,104278,17,17,1,5.211100142332725e-05
13656,17243,23,17,10,0.0001610569997865241
13657,68444,26,17,4,0.00011079099931521341
13658,95587,40,17,3,0.00013645100261783227
13659,118630,66,17,1,0.00013782199675915763
13660,117097,20,17,2,0.00012103400149499066
13661,86892,41,17,2,0.00016700199921615422
13662,46449,20,17,4,9.773100100574084e-05
13663,72562,25,17,7,0.00012853500084020197
13664,19828,19,17,8,0.00010071600263472646
13665,121726,19,17,3,0.00016730199786252342
13666,5509,28,17,3,9.195600068778731e-05
13667,12166,17,17,1,4.724700193037279e-05
13668,28045,24,17,5,9.01870007510297e-05
13669,11675,23,17,5,0.00010343699977966025
13670,118179,23,17,0,0.00013713199950871058
13671,90021,17,17,4,7.814000127837062e-05
13672,7814,31,16,5,0.00010594099876470864
13673,50399,34,16,4,0.00011455699859652668
13674,9643,44,17,6,0.0001865090016508475
13675,91215,44,16,0,9.40610007091891e-05
13676,128024,29,16,1,7.598500087624416e-05
13677,84910,30,17,2,0.0001052330007951241
13678,122806,17,17,1,4.7271001676563174e-05
13679,110519,27,17,5,7.569299850729294e-05
13680,93626,18,17,1,0.0001028160004352685
13681,79303,22,16,0,4.2414001654833555e-05
13682,115137,37,17,4,0.0001284909994865302
13683,31862,49,16,3,0.00014242700126487762
13684,72650,23,17,0,4.134000118938275e-05
13685,50183,20,16,2,0.00013131300147506408
13686,67932,29,16,0,3.812400245806202e-05
13687,39882,19,17,6,0.00011955600348301232
13688,44495,24,17,4,0.00015202000213321298
13689,12249,26,17,3,9.137899905908853e-05
13690,49632,18,17,1,0.00010257699977955781
13691,35811,30,17,3,9.897199925035238e-05
13692,114148,18,17,7,0.0001331650018983055
13693,19431,17,17,1,4.4027001422364265e-05
13694,128492,18,17,7,0.0001251620014954824
13695,102382,21,17,1,5.5672000598860905e-05
13696,1519,17,17,1,4.4791002437705174e-05
13697,131056,23,17,5,0.00012815000081900507
13698,116209,17,17,1,4.273200102034025e-05
13699,14336,30,17,9,0.00011613699825829826
13700,95242,59,17,4,0.00014874699991196394
13701,87054,30,17,1,9.649300045566633e-05
13702,34332,23,17,9,0.00010115099939866923
13703,19484,20,17,10,0.00013291900177136995
13704,81958,22,17,9,0.0001241350000782404
13705,24106,18,17,7,0.00015967999934218824
13706,50220,22,17,7,8.516600064467639e-05
13707,74810,43,17,2,8.986600005300716e-05
13708,39999,33,17,5,0.0001361619979434181
13709,27233,28,17,2,0.00011604099927353673
13710,36454,19,17,2,0.00012737699944409542
13711,34922,24,17,0,6.237499837880023e-05
13712,120443,23,17,2,6.500499875983223e-05
13713,88704,33,17,5,0.0001186520021292381
13714,49292,29,17,4,9.252699965145439e-05
13715,59173,25,16,6,5.6540000514360145e-05
13716,131737,27,17,3,8.205899939639494e-05
13717,87226,27,17,4,8.529200204066001e-05
13718,58062,18,17,2,0.00012903300012112595
13719,98020,42,17,2,0.00010654099969542585
13720,60198,35,17,5,0.00013085200043860823
13721,23356,22,17,3,7.49240025470499e-05
13722,16276,32,17,2,7.031499990262091e-05
13723,53248,18,18,1,7.806299981893972e-05
13724,88987,18,17,0,1.788000008673407e-05
13725,5734,18,16,0,1.4154000382404774e-05
13726,19951,18,15,0,1.3408000086201355e-05
13727,55087,18,14,0,1.2306998542044312e-05
13728,47058,18,13,0,1.1894000635948032e-05
13729,21507,18,12,0,1.19420001283288e-05
13730,642,18,11,0,1.1494001228129491e-05
13731,124233,18,10,0,1.0887000826187432e-05
13732,105972,18,9,0,1.0599000233924016e-05
13733,14095,18,8,0,1.0391999239800498e-05
13734,67139,18,7,0,1.0655003279680386e-05
13735,84301,18,6,0,9.789997420739383e-06
13736,2684,18,5,0,8.572002116125077e-06
13737,59747,21,6,1,4.507599805947393e-05
13738,118578,25,5,0,1.3585002307081595e-05
13739,21816,30,4,0,1.4075998478801921e-05
13740,117464,27,4,0,1.876299938885495e-05
13741,122852,34,16,2,7.895100134192035e-05
13742,18079,34,16,1,7.300200013560243e-05
13743,30730,32,18,2,0.0001062500014086254
13744,14363,18,18,1,3.910899977199733e-05
13745,65454,23,17,0,2.1084000763949007e-05
13746,44514,18,16,0,1.5142999473027885e-05
13747,3504,18,15,0,1.3471002603182569e-05
13748,131987,18,14,0,1.2052001693518832e-05
13749,46110,18,13,0,1.1452000762801617e-05
13750,25898,18,12,0,1.1965999874519184e-05
13751,131588,18,11,0,1.1377000191714615e-05
13752,38232,18,10,0,1.1224001355003566e-05
13753,56971,18,9,0,1.0607000149320811e-05
13754,40764,22,8,0,1.468299888074398e-05
13755,101174,18,7,0,1.0588999430183321e-05
13756,23908,18,6,0,1.0152001777896658e-05
13757,115004,18,5,0,8.715996955288574e-06
13758,120178,18,4,0,7.58500027586706e-06
13759,95691,18,3,0,6.821999704698101e-06
13760,35596,40,9,1,5.904800127609633e-05
13761,55325,24,18,9,0.0001641449998714961
13762,98346,18,18,1,5.384099858929403e-05
13763,84507,18,17,0,1.4235996786737815e-05
13764,92208,23,18,3,0.000164301000040723
13765,84024,29,18,5,0.00012439700003596954
13766,100412,18,18,1,4.410700057633221e-05
13767,131654,20,17,0,1.664099909248762e-05
13768,105412,18,16,0,1.3949000276625156e-05
13769,102199,18,15,0,1.2590000551426783e-05
13770,56174,18,14,0,1.2001000868622214e-05
13771,23120,18,13,0,1.1741001799236983e-05
13772,38607,18,12,0,1.1189000360900536e-05
13773,45839,18,11,0,1.0571999155217782e-05
13774,65522,18,10,0,1.0108997230418026e-05
13775,40419,24,11,3,6.283200127654709e-05
13776,82651,25,11,2,3.178000042680651e-05
13777,15048,32,14,1,5.192000025999732e-05
13778,15587,36,14,1,6.263699833652936e-05
13779,12405,26,18,9,9.21930004551541e-05
13780,39050,24,18,9,0.0001051519975590054
13781,67731,18,18,1,4.5468001189874485e-05
13782,64087,18,17,0,1.540699668112211e-05
13783,109672,18,16,0,1.4424997061723843e-05
13784,93177,18,15,0,1.3254000805318356e-05
13785,50484,18,14,0,1.233899820363149e-05
13786,74356,18,13,0,1.1948999599553645e-05
13787,110588,18,12,0,1.2161999620730057e-05
13788,9488,18,11,0,1.1120002454845235e-05
13789,42199,18,10,0,1.5092999092303216e-05
13790,58930,28,12,1,4.186699879937805e-05
13791,16536,21,18,5,0.00011698800153681077
13792,43161,18,18,1,4.825100040761754e-05
13793,43731,18,17,0,1.5371999324997887e-05
13794,95051,23,16,0,2.0461000531213358e-05
13795,57916,18,15,0,1.4142999134492129e-05
13796,62844,18,14,0,1.2778000382240862e-05
13797,111014,34,14,0,3.6150002415524796e-05
13798,124653,23,13,1,4.342999818618409e-05
13799,95109,23,12,0,2.4121000024024397e-05
13800,122105,22,12,0,2.2813997929915786e-05
13801,109229,34,11,1,4.606099901138805e-05
13802,122740,30,10,0,6.1022001318633556e-05
13803,1968,26,9,0,2.0903000404359773e-05
13804,110812,41,10,2,3.383999865036458e-05
13805,17447,38,13,2,0.00014154200107441284
13806,54148,32,15,3,8.876500214682892e-05
13807,45227,27,18,4,0.0001200299993797671
13808,45269,18,18,1,8.035399878281169e-05
13809,101942,18,17,0,1.8026999896392226e-05
13810,24829,23,18,1,0.00016472499919473194
13811,18696,23,18,3,0.00019812000027741306
13812,21300,23,17,0,5.8245001127943397e-05
13813,16961,21,17,3,0.0001497349985584151
13814,13069,18,18,1,4.537499989964999e-05
13815,115786,18,17,0,1.4750999980606139e-05
13816,48050,18,16,0,1.3580996892414987e-05
13817,114982,19,15,0,1.530800000182353e-05
13818,21542,19,14,0,1.4962002751417458e-05
13819,44388,19,13,0,1.3564000255428255e-05
13820,105107,20,13,1,1.8811002519214526e-05
13821,22154,20,13,2,2.195799970650114e-05
13822,70799,24,13,1,8.522200005245395e-05
13823,35662,28,16,1,9.027600026456639e-05
13824,122153,36,16,0,9.828200199990533e-05
13825,112650,42,16,1,0.00011661899770842865
13826,13581,32,16,2,0.00010318899876438081
13827,33068,40,17,7,0.00017106499944929965
13828,99126,36,17,5,8.17259970062878e-05
13829,113702,29,16,2,6.324100104393438e-05
13830,118549,29,18,6,9.534900163998827e-05
13831,46491,22,17,13,7.880599878262728e-05
13832,94486,33,18,6,0.00014280300092650577
13833,70424,31,18,1,0.0001412740020896308
13834,87675,42,17,1,0.0001462519976485055
13835,73497,18,18,1,5.365499964682385e-05
13836,90403,18,18,1,4.949900176143274e-05
13837,23692,18,17,0,1.545100167277269e-05
13838,34456,18,16,0,1.4920002286089584e-05
13839,65523,18,15,0,1.3839999155607074e-05
13840,42294,18,14,0,1.2712000170722604e-05
13841,81188,42,18,5,0.0001611359984963201
13842,27943,34,18,9,0.00011008799992850982
13843,51496,18,18,1,7.885800005169585e-05
13844,20056,18,17,0,1.8095000996254385e-05
13845,126251,28,18,0,0.00011458700100774877
13846,129324,18,18,7,9.954900087905116e-05
13847,57645,18,18,1,5.102799696032889e-05
13848,62098,18,17,0,1.5089997759787366e-05
13849,84629,18,16,0,1.4494002243736759e-05
13850,56171,18,15,0,1.4297002053353935e-05
13851,129842,34,18,5,0.00020171800133539364
13852,35141,32,17,0,8.964299922809005e-05
13853,113287,24,16,0,1.9174000044586137e-05
13854,61505,21,16,1,6.596900129807182e-05
13855,38861,25,17,2,0.00012072599929524586
13856,68806,31,17,2,0.0001456079990020953
13857,35638,18,18,1,5.2739000238943845e-05
13858,74225,18,17,0,1.4836001355433837e-05
13859,40758,22,18,0,4.941699808114208e-05
13860,839,20,18,1,5.687399971066043e-05
13861,107884,18,17,0,1.546800194773823e-05
13862,99144,22,18,16,0.00020113699793000706
13863,24394,18,18,1,5.195300036575645e-05
13864,31117,18,17,0,1.6881000192370266e-05
13865,102118,18,16,0,1.5392000932479277e-05
13866,32718,18,15,0,1.4332999853650108e-05
13867,24139,18,14,0,1.3974997273180634e-05
13868,64985,18,13,0,1.3474000297719613e-05
13869,112344,18,12,0,1.2131997209507972e-05
13870,122187,18,18,1,4.4112999603385106e-05
13871,125916,18,17,0,1.423199864802882e-05
13872,75466,18,16,0,1.3697997928829864e-05
13873,87599,18,15,0,1.2977001460967585e-05
13874,62941,18,14,0,1.213500218000263e-05
13875,105035,18,13,0,1.2145999789936468e-05
13876,54949,20,12,0,1.473700103815645e-05
13877,86334,26,12,1,3.7982998037477955e-05
13878,80559,27,11,0,2.810200021485798e-05
13879,2932,28,11,0,8.68520000949502e-05
13880,51699,24,12,0,7.112900129868649e-05
13881,58776,26,12,0,2.15620020753704e-05
13882,72153,41,12,0,8.846399941830896e-05
13883,116909,34,12,1,4.100300066056661e-05
13884,130510,32,16,3,0.00013236399900051765
13885,63822,27,18,2,9.98779978544917e-05
13886,107955,51,17,6,0.00014196000120136887
13887,116046,30,18,5,0.0001183239983220119
13888,43856,25,18,1,7.887800165917724e-05
13889,59216,19,18,1,7.660300252609886e-05
13890,17864,18,17,0,1.7504000425105914e-05
13891,52700,18,16,0,1.367900040349923e-05
13892,36457,18,15,0,1.313800021307543e-05
13893,58750,18,14,0,1.211600101669319e-05
13894,50820,25,16,1,9.256300108972937e-05
13895,124746,29,17,3,0.00012200400306028314
13896,90031,36,16,4,0.00016610100283287466
13897,13655,26,15,3,3.208599810022861e-05
13898,92499,44,18,0,0.0001055369975802023
13899,60766,24,18,4,9.175699960906059e-05
13900,13161,22,18,4,0.0001548729997011833
13901,24943,22,18,4,0.00013946299804956652
13902,31088,29,18,7,0.00010229799954686314
13903,16751,29,18,2,0.00013333699826034717
13904,112500,18,18,1,5.3327999921748415e-05
13905,70524,37,18,1,0.00012929500007885508
13906,91521,47,18,3,0.00014811700020800345
13907,83872,20,18,5,8.866299685905688e-05
13908,37283,22,18,15,0.0001861019991338253
13909,58787,36,18,6,0.0001243980004801415
13910,33189,21,18,2,7.673700019950047e-05
13911,3493,22,18,3,0.00010231600026600063
13912,67494,35,18,4,0.00017351100177620538
13913,4734,32,17,3,0.0001146039976447355
13914,90538,21,18,2,0.0001731850024953019
13915,102317,22,18,0,0.0001339779992122203
13916,129634,20,17,10,9.43689992709551e-05
13917,11186,27,18,6,0.00013978099741507322
13918,43781,21,17,1,5.465099820867181e-05
13919,59833,19,18,6,0.00012116900325054303
13920,104897,18,18,1,5.4003998229745775e-05
13921,131012,43,18,2,0.00011056699804612435
13922,53703,45,18,2,0.0001025120000122115
13923,104391,34,18,7,0.0001976750027097296
13924,65484,42,18,7,0.00013943899830337614
13925,93647,31,18,1,7.259500125655904e-05
13926,128480,26,18,4,0.00011918399832211435
13927,68577,53,18,7,0.00011622199963312596
13928,73714,23,18,4,9.496100028627552e-05
13929,104437,22,18,3,7.46689984225668e-05
13930,40098,40,17,5,9.144199793809094e-05
13931,93689,21,18,6,0.0001370390018564649
13932,87034,27,18,7,0.0001233849980053492
13933,50181,22,18,7,0.0001209700021718163
13934,105990,32,18,3,9.586500164004974e-05
13935,70687,18,18,1,4.431800334714353e-05
13936,7206,18,18,1,4.962000093655661e-05
13937,9769,61,18,7,0.00012463799794204533
13938,87596,25,18,2,9.18039986572694e-05
13939,44079,18,18,1,4.984599945601076e-05
13940,78897,34,18,7,0.00011440899834269658
13941,76338,30,18,3,0.0001464140004827641
13942,118325,26,18,3,9.83219979389105e-05
13943,23099,33,18,2,0.0001209010006277822
13944,111681,38,18,2,0.00015583999993395992
13945,1602,24,18,18,0.0001573270019434858
13946,117830,29,18,10,0.00017550699703861028
13947,31304,35,18,2,0.00019067000175709836
13948,115796,18,18,1,0.00013133399988873862
13949,28247,18,18,1,4.837400047108531e-05
13950,117849,34,18,3,0.00024118900182656944
13951,44125,21,18,2,0.00017409799693268724
13952,93278,18,18,2,0.00013420500181382522
13953,113250,23,18,3,0.00017272400145884603
13954,9316,21,18,10,0.0001392599988321308
13955,29301,44,18,2,9.449000208405778e-05
13956,28377,85,17,5,0.0002000880012928974
13957,2328,45,17,4,0.00011478300075395964
13958,22134,25,18,6,7.336799899348989e-05
13959,52858,23,18,3,8.238599912147038e-05
13960,46732,26,18,3,0.00017720799951348454
13961,73000,25,17,3,0.0001535399969725404
13962,103328,23,17,5,0.00016378899817937054
13963,60559,33,18,5,9.469799988437444e-05
13964,132244,31,18,2,0.00013213300189818256
13965,12446,42,18,2,0.00010048400145024061
13966,83129,26,17,5,9.791499905986711e-05
13967,7933,20,16,4,0.0001726909977151081
13968,40621,25,18,11,0.00019933300063712522
13969,46259,40,18,9,0.00017628299974603578
13970,109748,29,18,4,0.00015902799714240246
13971,120122,39,17,1,0.00011931599874515086
13972,54965,26,18,7,0.00011115899906144477
13973,7357,42,18,2,0.00016687700190232135
13974,66756,23,18,3,0.00019818099826807156
13975,124126,43,17,0,8.208299914258532e-05
13976,11973,28,18,6,0.00014743400242878124
13977,23749,32,18,1,9.038799908012152e-05
13978,128712,21,18,5,7.864800136303529e-05
13979,120012,53,18,1,0.0001593750021129381
13980,62679,47,18,3,0.00016870200124685653
13981,119135,82,17,2,0.0001540910016046837
13982,125664,45,18,6,0.00012087200229871087
13983,117986,47,18,1,0.0001409899996360764
13984,1250,30,18,5,0.0001263369995285757
13985,123634,18,18,1,5.1146002078894526e-05
13986,110325,22,18,8,9.66340012382716e-05
13987,84727,46,18,3,0.0001698140004009474
13988,23289,31,18,6,0.0001181050029117614
13989,79101,56,18,3,0.00010464899969520047
13990,21762,22,17,1,0.00010268400001223199
13991,63236,49,18,1,0.00013839500024914742
13992,9990,18,18,2,5.989899727865122e-05
13993,64779,27,18,2,9.921300079440698e-05
13994,36138,23,18,0,8.182899910025299e-05
13995,100138,30,18,0,6.302799738477916e-05
13996,35135,32,18,4,0.00013781199959339574
13997,27970,25,18,9,0.0001025870005832985
13998,53073,35,18,1,6.276500062085688e-05
13999,102397,39,17,1,0.00018207099856226705
14000,29562,22,18,0,8.788600098341703e-05
14001,105568,31,17,0,6.625099922530353e-05
14002,71650,26,16,0,4.1995001083705574e-05
14003,17548,25,16,5,6.257100176298991e-05
14004,9151,35,17,2,8.160599827533588e-05
14005,90506,48,18,2,0.00015920599980745465
14006,44467,41,18,4,0.00013601499813375995
14007,86986,28,18,4,8.334099766216241e-05
14008,5597,51,18,1,0.00012056400009896606
14009,20977,24,18,1,0.00019797999993897974
14010,87025,22,18,5,8.334299855050631e-05
14011,4114,19,18,1,4.228400212014094e-05
14012,88596,30,18,3,0.00012892200174974278
14013,93220,25,18,6,0.00017178000052808784
14014,93226,32,18,7,0.00022450799951911904
14015,69676,32,18,4,0.00013346199921215884
14016,9790,19,18,2,0.00010083599772769958
14017,73806,32,18,0,9.43549966905266e-05
14018,46179,26,18,6,9.691500235931017e-05
14019,25301,34,17,3,8.19770029920619e-05
14020,45670,36,18,1,0.00014126899986877106
14021,84640,34,18,4,9.730399688123725e-05
14022,89777,41,17,3,0.0001085760013666004
14023,15555,37,18,3,8.959899787441827e-05
14024,82643,37,18,8,0.00017275500067626126
14025,3803,53,18,2,0.00010774099791888148
14026,125697,36,18,1,7.022499994491227e-05
14027,27406,27,17,1,0.00011942699711653404
14028,58633,29,18,9,0.00011743100185412914
14029,47890,21,18,5,9.371199848828837e-05
14030,54629,46,18,0,0.00011815300240414217
14031,119906,57,17,3,0.0002043450003839098
14032,73900,38,17,1,0.00010735699834185652
14033,24000,25,18,7,9.558599776937626e-05
14034,21478,34,18,1,9.15769996936433e-05
14035,27637,34,17,0,2.3980999685591087e-05
14036,112711,32,17,0,0.00013575599950854667
14037,37097,33,16,0,2.8402999305399135e-05
14038,9292,25,18,2,6.223799937288277e-05
14039,32776,27,19,6,0.00012264099859748967
14040,104458,24,19,11,0.00014265400022850372
14041,122897,21,19,1,5.057099770056084e-05
14042,42767,19,18,0,1.7398000636603683e-05
14043,75132,19,17,0,1.4077002560952678e-05
14044,18948,30,18,1,4.839300163439475e-05
14045,83197,31,18,1,9.719800073071383e-05
14046,101199,28,17,0,3.254799958085641e-05
14047,28018,30,16,2,7.043000005069189e-05
14048,118004,25,16,1,3.17210033244919e-05
14049,39465,27,15,1,3.2443997042719275e-05
14050,123968,34,14,2,8.862100003170781e-05
14051,118058,42,14,0,4.4422999053495005e-05
14052,118211,45,14,0,7.8164001024561e-05
14053,92228,36,13,0,5.78500003030058e-05
14054,27218,33,16,3,0.00010788800136651844
14055,64214,37,18,1,8.56849983392749e-05
14056,105780,67,18,4,0.00014672500037704594
14057,110618,29,19,1,6.718599979649298e-05
14058,65203,19,18,0,1.7764999938663095e-05
14059,15123,19,17,0,1.471699943067506e-05
14060,15846,26,17,0,8.559799971408211e-05
14061,104449,34,17,0,6.162900172057562e-05
14062,92464,32,17,1,0.00017185699834953994
14063,97128,35,16,0,7.659599941689521e-05
14064,133084,32,16,0,9.944100020220503e-05
14065,29767,30,15,0,4.192100095679052e-05
14066,121863,48,14,0,7.183500201790594e-05
14067,17514,29,14,1,3.7167999835219234e-05
14068,119843,32,14,3,6.092200055718422e-05
14069,76727,45,15,0,5.031799810240045e-05
14070,92081,37,14,1,8.997500117402524e-05
14071,10732,26,15,0,4.495499888435006e-05
14072,9409,45,16,1,6.357700112857856e-05
14073,12610,31,18,0,6.788099926779978e-05
14074,101002,38,17,3,0.00014360099885379896
14075,89124,21,19,1,4.8211000830633566e-05
14076,38347,26,18,0,2.4467000912409276e-05
14077,80595,20,17,0,1.5434998204000294e-05
14078,3688,20,16,0,1.4913999621057883e-05
14079,3209,20,15,0,1.4740999176865444e-05
14080,72170,20,14,0,1.3472999853547662e-05
14081,103552,23,13,0,1.608899765415117e-05
14082,57650,19,12,0,1.2765998690156266e-05
14083,54017,20,11,0,1.2917000276502222e-05
14084,53786,20,10,0,1.1616000847425312e-05
14085,86067,20,9,0,1.1440002708695829e-05
14086,109164,20,8,0,1.1478001397335902e-05
14087,103476,21,7,0,1.0982999810948968e-05
14088,54555,21,6,0,1.053700179909356e-05
14089,54860,19,5,0,8.953997166827321e-06
14090,130391,29,5,0,1.878400144050829e-05
14091,107882,25,5,0,3.277100040577352e-05
14092,117455,29,5,0,5.7145000027958304e-05
14093,87591,55,18,1,0.00010190700049861334
14094,67625,22,19,7,0.00017962799756787717
14095,85037,37,19,4,0.00017605799803277478
14096,7212,34,19,2,8.255799912149087e-05
14097,31797,19,19,1,5.296000017551705e-05
14098,111683,25,19,2,0.00022165300106280483
14099,126543,24,18,2,0.000180773000465706
14100,59117,24,17,0,1.959500150405802e-05
14101,87165,23,16,0,1.6706999304005876e-05
14102,48435,27,17,2,7.747000199742615e-05
14103,3160,24,16,2,5.7930003094952554e-05
14104,33400,34,18,3,9.222799781127833e-05
14105,91666,28,18,0,4.333199831307866e-05
14106,72787,19,19,1,5.811099981656298e-05
14107,114806,19,18,0,1.8259997887071222e-05
14108,64336,19,17,0,1.5249999705702066e-05
14109,117019,19,16,0,1.3906999811297283e-05
14110,54411,19,15,0,1.4621000445913523e-05
14111,130414,19,14,0,1.3363001926336437e-05
14112,88220,19,13,0,1.2817003153031692e-05
14113,48105,19,12,0,1.338099900749512e-05
14114,111711,20,12,1,3.2519001251785085e-05
14115,58455,27,12,0,3.0942002922529355e-05
14116,57649,37,12,0,5.609399886452593e-05
14117,80479,28,11,0,3.7062000046717e-05
14118,21588,45,19,1,0.0001805200008675456
14119,86,19,19,2,0.00012486899868235923
14120,27311,28,18,1,7.101699884515256e-05
14121,132185,31,19,5,0.00010749100329121575
14122,15547,25,18,2,8.062099732342176e-05
14123,40033,25,19,0,8.675599747220986e-05
14124,43105,29,19,5,0.00014812700101174414
14125,99514,22,18,8,0.00012377199891489
14126,114642,30,18,3,0.00011433000327087939
14127,44135,37,19,1,9.548899834044278e-05
14128,47999,47,18,3,0.00010040599954663776
14129,83058,19,19,1,4.864000220550224e-05
14130,92579,19,18,0,1.8825998267857358e-05
14131,65520,19,17,0,1.5958001313265413e-05
14132,111933,19,16,0,1.4392000593943521e-05
14133,16698,19,15,0,1.5083998732734472e-05
14134,59053,19,14,0,2.020299871219322e-05
14135,11479,19,13,0,1.3141998351784423e-05
14136,69377,19,12,0,1.4122000720817596e-05
14137,83055,20,12,1,5.191099990042858e-05
14138,61080,30,11,1,3.3770000300137326e-05
14139,25208,28,13,0,4.402000195113942e-05
14140,88663,33,13,1,0.00011203699978068471
14141,49024,41,16,3,9.501599924988113e-05
14142,93325,26,19,7,0.00023177999901236035
14143,105621,26,19,7,0.00013442699855659157
14144,116895,19,19,1,5.498600148712285e-05
14145,24833,19,18,0,1.8860999261960387e-05
14146,110758,19,19,2,0.00027906999821425416
14147,112634,19,18,1,8.409500151174143e-05
14148,111786,53,19,1,0.00010702800136641599
14149,48083,40,18,2,0.00010411399853182957
14150,46267,21,19,1,7.69990001572296e-05
14151,75966,19,19,1,5.262199920252897e-05
14152,117005,19,18,0,1.691999932518229e-05
14153,131263,26,19,17,0.00013402300101006404
14154,118163,23,18,14,0.00012636899919016287
14155,48333,30,19,9,0.0001515100011602044
14156,66768,19,19,1,6.393999865395017e-05
14157,122066,30,19,7,0.00012868100020568818
14158,35031,21,19,0,0.000173716001881985
14159,21729,19,19,1,6.615999882342294e-05
14160,41190,22,19,6,0.00011938200259464793
14161,102633,24,19,9,0.00013367900101002306
14162,36197,49,18,2,0.0001660450034250971
14163,83434,27,18,9,0.00011937100134673528
14164,11866,34,18,7,0.00014752700008102693
14165,101610,41,19,4,0.00013699500050279312
14166,20483,40,18,4,0.00013475300147547387
14167,114844,51,18,0,4.618599996319972e-05
14168,108784,20,19,1,6.414800009224564e-05
14169,118076,25,18,0,2.473600034136325e-05
14170,106400,19,17,0,1.6484002117067575e-05
14171,5152,20,17,1,2.292600038344972e-05
14172,28523,25,18,2,0.00033047499891836196
14173,122568,26,17,0,2.3265001800609753e-05
14174,58950,32,18,3,0.00023281600078917108
14175,117012,31,19,1,0.00015375800285255536
14176,64793,20,19,1,0.0001883690019894857
14177,79129,29,19,4,0.00013470400153892115
14178,70470,28,18,0,0.000127006002003327
14179,101661,28,19,0,0.0001034480010275729
14180,87332,34,19,2,0.00021085600019432604
14181,20775,20,19,4,0.000166780999279581
14182,80187,19,19,1,6.0287999076535925e-05
14183,58682,50,19,4,0.00014199799989000894
14184,6466,37,19,2,0.00014242500037653372
14185,51027,28,18,4,8.680599785293452e-05
14186,19149,49,17,1,9.716400018078275e-05
14187,27189,35,18,2,0.00012327200238360092
14188,122561,25,18,2,0.00011101800191681832
14189,61786,32,19,8,0.00017645099796936847
14190,84318,39,19,6,0.00013133500033291057
14191,20890,44,18,3,0.00018701100270845927
14192,77152,26,19,2,0.00019077300021308474
14193,32104,25,19,4,0.00017103299978771247
14194,38289,26,19,3,0.00015838499894016422
14195,14747,29,19,4,0.0001446189999114722
14196,64946,19,19,1,6.35030010016635e-05
14197,21208,19,18,0,1.904199962154962e-05
14198,131519,33,19,5,0.00016340399815817364
14199,34266,19,19,1,6.280100205913186e-05
14200,65277,19,18,0,1.893900116556324e-05
14201,15213,19,17,0,1.5469999198103324e-05
14202,54750,24,19,1,5.479299943544902e-05
14203,51680,23,19,9,0.00013363999823923223
14204,63968,21,19,5,0.00025796800036914647
14205,51684,20,19,14,0.00021638999896822497
14206,32752,22,18,3,7.246200038935058e-05
14207,61929,39,19,9,0.0001773550029611215
14208,31458,27,18,8,0.00014137800098978914
14209,13805,37,19,4,0.00013527099872590043
14210,9068,42,18,2,0.0001476400029787328
14211,87548,19,19,1,5.24869974469766e-05
14212,17919,45,19,4,0.00014883299809298478
14213,29274,45,18,2,0.00012544600031105801
14214,69245,24,18,1,0.00010745300096459687
14215,132614,45,19,5,0.00016598799993516877
14216,61340,33,18,3,0.00014349699995364062
14217,90637,19,19,3,0.0002379200013820082
14218,88930,19,18,0,1.6840000171214342e-05
14219,69142,30,19,3,8.185099795809947e-05
14220,113222,29,19,3,0.00014601599832531065
14221,33615,23,18,7,0.00016745100219850428
14222,43725,56,18,1,8.982299914350733e-05
14223,84551,25,19,0,6.929799928911962e-05
14224,100937,29,19,8,0.00013971099906484596
14225,70216,51,19,2,0.0001503629973740317
14226,67147,27,19,3,8.954299846664071e-05
14227,3658,34,19,2,0.00011295099830022082
14228,8796,53,19,4,0.0001883730001281947
14229,42589,22,19,1,0.00010272500003338791
14230,75359,34,19,7,0.00013876699813408777
14231,98926,32,19,9,0.00016411599790444598
14232,35452,19,19,1,5.8244000683771446e-05
14233,31358,21,19,9,0.00013022100029047579
14234,61308,37,18,6,0.0001795229982235469
14235,124546,27,19,4,0.00012942799730808474
14236,104602,29,18,3,8.787399929133244e-05
14237,45121,34,18,1,7.061599899316207e-05
14238,69274,40,17,2,0.00010223099889117293
14239,103989,41,18,2,0.0001247630025318358
14240,48773,58,19,0,9.816899910219945e-05
14241,95878,28,19,10,0.00015306500063161366
14242,21130,37,19,7,0.00013039099940215237
14243,60329,26,18,3,0.00012593499923241325
14244,17045,31,19,3,9.293999755755067e-05
14245,54946,44,19,2,7.624000136274844e-05
14246,26287,28,19,6,0.00013477299944497645
14247,72370,38,19,7,0.00013940899953013286
14248,118468,38,19,10,0.00018646500029717572
14249,3829,30,19,2,0.00011880899910465814
14250,72464,44,19,5,0.00021477200061781332
14251,1867,34,18,2,0.00012517700088210404
14252,110356,36,19,5,0.00013664899961440824
14253,64277,19,19,1,5.279600009089336e-05
14254,40728,30,19,5,0.00012707100177067332
14255,86816,37,19,7,0.00012029899880872108
14256,97057,27,19,13,0.00024249400303233415
14257,25385,31,19,6,0.00010547900092205964
14258,14129,19,19,1,5.566500112763606e-05
14259,72498,19,19,2,0.00013627500084112398
14260,35637,21,19,2,0.00018572399858385324
14261,80691,34,19,8,0.00012511699969763868
14262,70456,23,19,1,0.00014922300033504143
14263,106501,24,18,0,3.607100006774999e-05
14264,6393,23,17,0,2.21800000872463e-05
14265,86108,24,16,0,4.1348997910972685e-05
14266,30375,24,16,1,0.00012628900003619492
14267,9547,27,15,0,2.2420001187128946e-05
14268,7031,27,15,0,7.589500091853552e-05
14269,117394,32,14,0,2.4773999030003324e-05
14270,77510,27,13,0,1.855600203271024e-05
14271,12763,27,12,0,1.7074002244044095e-05
14272,119528,27,11,0,1.64379998750519e-05
14273,86829,27,10,0,1.595099820406176e-05
14274,22427,30,13,3,7.792600081302226e-05
14275,119678,40,16,0,9.551800030749291e-05
14276,19562,40,16,2,0.00012122000043746084
14277,71484,19,19,10,0.00019894100114470348
14278,49989,33,19,1,0.000160830000822898
14279,63304,19,19,1,5.842500104336068e-05
14280,43870,37,19,1,0.00019658000019262545
14281,56607,38,18,0,3.373200161149725e-05
14282,126830,46,19,4,0.0001066270015144255
14283,57217,25,19,11,0.00014410600124392658
14284,100237,45,19,9,0.0001462459986214526
14285,103309,28,19,4,8.50649994390551e-05
14286,79771,32,19,3,0.00017245500202989206
14287,96615,33,18,2,0.00013369500084081665
14288,49661,31,17,0,4.002399873570539e-05
14289,16427,45,17,7,9.437799963052385e-05
14290,23457,19,19,1,5.599300129688345e-05
14291,86959,25,19,2,7.848399764043279e-05
14292,3001,32,19,2,0.00011649600128293969
14293,63422,67,19,5,0.00017427900093025528
14294,67528,53,19,2,0.00014857099813525565
14295,114742,34,18,10,0.00012842499927501194
14296,129001,35,19,2,0.00011611900117713958
14297,102388,27,19,21,0.00036419599928194657
14298,44065,65,19,2,0.0001609659993846435
14299,23596,39,19,2,0.0001713720012048725
14300,32046,39,18,2,0.00015871600044192746
14301,4444,35,17,0,8.337200051755644e-05
14302,12350,22,19,3,0.00014573600128642283
14303,26726,36,19,4,0.00012930799857713282
14304,50278,29,19,3,0.00012052099918946624
14305,43128,35,19,5,0.00011730600090231746
14306,7291,22,19,0,0.00011907299995073117
14307,14465,54,19,3,0.00010939099956885912
14308,1178,31,19,3,0.0001162349981314037
14309,124078,32,19,7,0.00014015399938216433
14310,39092,37,19,2,0.00012696399790002033
14311,122037,29,19,3,9.660899740993045e-05
14312,90689,33,18,3,0.00014143500084173866
14313,21747,26,19,8,0.0001432450007996522
14314,91549,38,19,7,9.861299986368977e-05
14315,91612,43,19,6,0.00014599499991163611
14316,120290,34,19,6,9.623000005376525e-05
14317,93679,29,19,13,0.0001440559972252231
14318,66232,48,19,2,0.00013412199768936262
14319,61115,61,19,5,0.0001447690010536462
14320,105218,54,19,8,0.0002586130030977074
14321,45856,32,19,0,8.256499859271571e-05
14322,47976,23,19,8,0.00011153800005558878
14323,21382,32,19,0,9.685599798103794e-05
14324,71633,32,19,0,7.126399941626005e-05
14325,51192,32,19,8,0.00014226200073608197
14326,46144,56,19,2,0.00022455100042861886
14327,121959,34,19,1,0.00014418599675991572
14328,46572,46,19,3,0.00013860800027032383
14329,132781,33,19,5,0.00010287199984304607
14330,32095,43,18,2,9.261499872081913e-05
14331,50082,25,19,2,0.00011373500092304312
14332,21174,40,19,3,0.00014276600268203765
14333,100353,20,20,1,6.691999806207605e-05
14334,12290,24,20,3,0.0002953629991679918
14335,120809,28,19,1,0.000206476997846039
14336,86566,29,18,0,0.00022079900008975528
14337,12606,32,18,0,0.0001479499987908639
14338,5149,25,17,1,6.450000000768341e-05
14339,73242,36,17,1,0.0001068599995051045
14340,64627,33,16,1,6.66920022922568e-05
14341,30453,35,16,1,0.00019199699818273075
14342,59587,35,15,0,2.6284997147740796e-05
14343,101635,41,16,0,0.00017514499995741062
14344,56877,44,16,0,3.969400131609291e-05
14345,66426,40,15,2,5.0792998081305996e-05
14346,122908,32,15,1,7.355900015681982e-05
14347,99601,35,17,2,0.0001101909983844962
14348,73074,29,17,2,9.307399886893108e-05
14349,91178,48,19,0,0.00015396099843201227
14350,46091,21,20,1,5.959100235486403e-05
14351,4544,21,19,0,1.9674000213854015e-05
14352,94756,21,18,0,1.8964001355925575e-05
14353,65564,48,19,0,0.00011420200098655187
14354,18450,22,20,23,0.00029691599775105715
14355,133142,29,20,1,6.589099939446896e-05
14356,46109,20,20,1,4.8640999011695385e-05
14357,60525,28,19,0,2.4577002477599308e-05
14358,69195,25,18,0,2.1043000742793083e-05
14359,107140,25,17,0,1.8695998733164743e-05
14360,69200,26,16,0,1.789800080587156e-05
14361,33925,25,15,0,2.270500044687651e-05
14362,77283,25,14,0,1.6989000869216397e-05
14363,27557,37,13,0,5.001000317861326e-05
14364,51968,25,12,0,1.9814000552287325e-05
14365,112873,28,11,0,1.7681999452179298e-05
14366,44021,22,10,0,1.410699769621715e-05
14367,94391,20,9,0,1.1441003152867779e-05
14368,68956,25,8,0,1.3179000234231353e-05
14369,9907,20,7,0,1.119399894378148e-05
14370,132981,26,6,0,1.2706997949862853e-05
14371,73319,25,5,0,1.117599822464399e-05
14372,81969,38,6,0,1.7282000044360757e-05
14373,63640,49,7,0,4.4750999222742394e-05
14374,47337,46,8,0,3.305100108264014e-05
14375,45319,66,7,1,4.974500188836828e-05
14376,47045,56,12,4,7.719100176473148e-05
14377,67456,43,17,2,9.281000166083686e-05
14378,78090,38,19,3,0.0001170110008388292
14379,95285,20,20,1,6.571099947905168e-05
14380,43289,21,19,0,2.244300048914738e-05
14381,29791,20,18,0,1.801899998099543e-05
14382,97602,21,17,0,1.7266000213567168e-05
14383,83927,21,16,0,1.6130998119479045e-05
14384,122184,21,15,0,1.5538000297965482e-05
14385,115327,20,14,0,1.3408000086201355e-05
14386,110505,21,13,0,1.3785000192001462e-05
14387,20653,26,12,0,1.9752002117456868e-05
14388,96809,20,11,0,1.2524000339908525e-05
14389,124291,23,10,0,1.3857999874744564e-05
14390,108770,20,9,0,1.1455002095317468e-05
14391,319,23,8,0,1.7005000700009987e-05
14392,83565,21,7,0,1.2975000572623685e-05
14393,113246,20,6,0,1.0356998245697469e-05
14394,98024,20,5,0,9.89299951470457e-06
14395,72624,21,4,0,8.684997737873346e-06
14396,9481,33,5,0,2.460799805703573e-05
14397,56857,32,8,0,3.935200220439583e-05
14398,88122,20,20,1,6.416600081138313e-05
14399,53944,20,19,0,2.006800059461966e-05
14400,16442,30,20,9,0.00018450900097377598
14401,56381,27,20,2,0.000177910002093995
14402,44099,30,20,7,0.00012034500105073676
14403,122957,27,20,16,0.00016923799921642058
14404,94329,28,19,5,0.00017450100131100044
14405,128102,37,20,14,0.0003026249978574924
14406,110704,32,20,6,0.0001766460009093862
14407,15607,30,19,3,0.00015150099716265686
14408,29643,31,19,5,0.0001033569969877135
14409,55539,34,19,3,0.00015224600065266714
14410,53738,35,19,8,0.00011737800014088862
14411,8305,20,20,1,7.35079993319232e-05
14412,6270,34,20,5,0.00012084699847036973
14413,48256,20,20,1,6.884499816806056e-05
14414,12418,25,20,7,0.00019315600002300926
14415,1158,20,20,1,6.104500062065199e-05
14416,86522,20,19,0,1.933499879669398e-05
14417,64677,20,18,0,2.3197000700747594e-05
14418,43715,20,17,0,1.5997000446077436e-05
14419,58201,20,16,0,1.461500141886063e-05
14420,106055,20,15,0,1.4871999155730009e-05
14421,65938,20,14,0,3.883300087181851e-05
14422,110798,20,13,0,1.5778998204041272e-05
14423,86235,20,12,0,1.2788001185981557e-05
14424,123244,20,11,0,1.2403997970977798e-05
14425,114112,20,10,0,1.2615000741789117e-05
14426,51556,22,9,0,1.3315999240148813e-05
14427,48957,20,8,0,1.1241998436162248e-05
14428,52604,20,7,0,1.0591000318527222e-05
14429,86893,20,6,0,1.0283001756761223e-05
14430,91647,20,5,0,9.117000445257872e-06
14431,54410,29,20,12,0.00015567499940516427
14432,109257,25,19,5,0.0001821650002966635
14433,59821,26,18,1,0.00011775199891417287
14434,130429,30,18,3,9.25169988477137e-05
14435,48267,29,20,3,0.00019098000120720826
14436,61593,26,20,0,8.352499935426749e-05
14437,51360,20,20,1,6.269699952099472e-05
14438,3336,20,19,0,1.95480024558492e-05
14439,28064,20,18,0,1.7839000065578148e-05
14440,100886,20,17,0,1.5104000340215862e-05
14441,50479,20,16,0,1.4630000805482268e-05
14442,24176,20,15,0,1.4137996913632378e-05
14443,119217,20,14,0,1.3236000086180866e-05
14444,59189,21,14,1,3.4567001421237364e-05
14445,98529,30,13,0,2.5838999135885388e-05
14446,88379,30,12,0,1.8505998014006764e-05
14447,28334,21,11,0,1.3362001482164487e-05
14448,100819,22,10,0,1.2955002603121102e-05
14449,19166,30,9,0,1.5954999980749562e-05
14450,121133,23,9,1,5.431400131783448e-05
14451,108900,34,8,0,2.855600178008899e-05
14452,121571,29,8,0,3.8055000914027914e-05
14453,77148,33,7,0,1.45820013131015e-05
14454,26840,30,19,5,0.00012329099990893155
14455,103894,48,19,4,0.00015514600090682507
14456,55404,56,19,1,0.0001769439986674115
14457,81353,33,19,7,0.00011585900210775435
14458,92662,60,19,2,0.00014527500024996698
14459,11913,59,19,3,0.00016886900266399607
14460,3762,58,19,4,0.00014240300151868723
14461,18225,53,19,3,0.00014306199955171905
14462,18137,52,19,8,0.00022647699734079652
14463,12008,36,19,1,6.69900000502821e-05
14464,97631,28,19,6,0.00025826599812717177
14465,94022,45,19,7,0.0001650629965297412
14466,132968,37,19,2,0.00010934699821518734
14467,76989,44,19,5,0.00015498200082220137
14468,26785,22,20,3,0.00018485500186216086
14469,3232,34,20,4,0.00012321599933784455
14470,64681,20,20,1,6.770799882360734e-05
14471,92438,20,19,0,1.9966999388998374e-05
14472,21862,20,18,0,1.854200309026055e-05
14473,15225,20,17,0,1.5825000446056947e-05
14474,111943,20,16,0,1.5437002730323002e-05
14475,122600,26,16,0,8.016200081328861e-05
14476,81937,34,15,0,2.7289999707136303e-05
14477,95857,26,14,0,1.8186001398134977e-05
14478,70041,27,14,1,2.344599852222018e-05
14479,5555,33,15,1,0.00012442899969755672
14480,91812,30,16,5,7.121899761841632e-05
14481,76970,40,20,0,0.000153930999658769
14482,133097,47,19,4,0.00012271599916857667
14483,83116,66,20,3,0.00013962699813419022
14484,13142,61,19,2,0.00019615599740063772
14485,111533,66,19,2,0.00014210399967851117
14486,17722,64,19,3,0.0001151449978351593
14487,51377,35,19,6,0.0001888879996840842
14488,81080,69,19,0,0.00011717899906216189
14489,34801,71,19,2,0.0001832530033425428
14490,178,22,20,4,0.00026371399872004986
14491,23736,58,20,2,0.00016387900177505799
14492,97471,20,20,1,8.411800081375986e-05
14493,44237,60,20,7,0.0001946519987541251
14494,9978,40,19,7,0.00010145799751626328
14495,40720,33,19,6,9.58399978117086e-05
14496,132576,36,18,10,0.00014230400120140985
14497,9428,27,20,5,0.00014423100219573826
14498,78070,39,20,4,0.00027634700018097647
14499,45900,45,19,8,0.00020412899903021753
14500,87909,42,19,4,0.00015934200200717896
14501,52480,27,19,14,0.00011062699923058972
14502,12548,20,20,1,7.719299901509658e-05
14503,57624,32,20,3,0.0001511289992777165
14504,20766,23,20,2,0.00026533299751463346
14505,38196,25,20,8,0.00014294900029199198
14506,96570,27,20,13,0.00016459499966003932
14507,56713,25,19,8,0.00016735300232539885
14508,67899,31,20,2,0.00022506900131702423
14509,76273,28,19,4,0.0001969759978237562
14510,68434,29,19,1,0.00010280100104864687
14511,112172,27,19,3,0.0001326729980064556
14512,73033,24,20,5,8.922699998947792e-05
14513,98639,28,20,5,0.0001871169988589827
14514,79238,35,20,5,0.00021736799681093544
14515,50579,39,19,4,0.00023950700051500462
14516,130438,44,20,9,0.00019967600019299425
14517,7565,41,20,10,0.00018663199807633646
14518,89516,46,20,3,0.00011574299787753262
14519,35907,61,19,0,0.00018366500080446713
14520,108437,42,19,3,0.0002787390003504697
14521,8195,45,18,2,0.00022014800197212026
14522,101811,28,20,3,8.374900062335655e-05
14523,120249,37,20,5,0.00018345699936617166
14524,82365,23,20,2,9.923899779096246e-05
14525,39365,42,20,2,0.00013720400238526054
14526,99801,27,20,1,9.984600183088332e-05
14527,1500,32,20,1,8.280800102511421e-05
14528,35303,20,20,1,7.84069998189807e-05
14529,28135,25,20,7,0.0002484539982106071
14530,40440,29,20,3,0.00016304100063280202
14531,101523,24,19,2,0.00010459399709361605
14532,81647,32,19,0,3.487999856588431e-05
14533,25095,31,20,10,0.00020004099860670976
14534,60388,33,19,2,0.00011873599942191504
14535,119317,43,20,6,0.00013322299855644815
14536,81432,44,20,2,0.00014168400230119005
14537,34340,23,20,1,0.00017304799985140562
14538,129852,28,19,3,0.0001341420029348228
14539,74283,21,20,1,6.754599962732755e-05
14540,7783,35,20,2,0.00018414599981042556
14541,67180,37,20,3,0.0001768750007613562
14542,57984,27,20,1,0.0002682209997146856
14543,68239,24,20,4,0.00013503499940270558
14544,71711,35,19,3,8.485999933327548e-05
14545,43683,30,20,14,0.00022669000099995174
14546,65239,30,19,7,0.00010745199688244611
14547,14004,34,20,6,0.00010379400191595778
14548,127680,21,20,2,0.0002992570007336326
14549,74444,57,20,7,0.00017899699741974473
14550,26326,20,20,1,0.00010442300117574632
14551,42749,20,19,0,2.0744999346788973e-05
14552,69342,35,20,4,0.0001189579998026602
14553,44011,25,19,2,5.0866001402027905e-05
14554,103136,25,20,3,0.00012281299859751016
14555,72584,21,19,1,8.27289986773394e-05
14556,50934,40,20,8,0.00015135699868551455
14557,114497,37,19,3,0.00013829900126438588
14558,118690,26,19,6,0.00010446399755892344
14559,75003,37,19,3,0.00011923100100830197
14560,73393,38,19,6,0.0001119049993576482
14561,73479,38,19,2,0.00013459099864121526
14562,107121,40,19,6,0.00017084800128941424
14563,86916,40,19,4,0.00013287600086187012
14564,113401,33,20,6,0.00012864999735029414
14565,62219,32,20,9,0.00019819500084850006
14566,57295,34,19,4,0.00010580500020296313
14567,130834,29,20,0,5.8792997151613235e-05
14568,77617,25,20,10,0.00013037200187682174
14569,27442,51,20,1,0.0001665419986238703
14570,92998,35,20,6,0.00024806199871818535
14571,11080,30,20,11,0.0001794439995137509
14572,76616,39,20,6,0.00014753999857930467
14573,87885,67,20,2,0.00017767800090950914
14574,99165,47,20,4,0.00012380099724396132
14575,101236,22,20,2,0.0002009249983530026
14576,122753,20,20,1,7.449999975506216e-05
14577,63372,27,20,1,0.00021207200188655406
14578,36756,23,20,2,0.00015835000158404
14579,123838,21,20,4,0.00017359699995722622
14580,59326,52,20,8,0.00015318199803004973
14581,105411,27,20,0,6.849900091765448e-05
14582,115672,22,20,2,0.0002078300021821633
14583,105437,30,20,4,0.0001909220009110868
14584,21054,58,19,9,0.0002098520017170813
14585,41418,55,19,1,7.617300070705824e-05
14586,40984,27,20,5,0.00019986900224466808
14587,106537,47,20,0,8.594700193498284e-05
14588,93310,27,20,6,0.00012479499855544418
14589,155,35,20,14,0.0001747269998304546
14590,96525,30,20,7,0.0001253240006917622
14591,45331,42,20,3,0.00014171800285112113
14592,291,21,20,1,0.00027913300073123537
14593,1351,28,20,11,0.00020378100089146756
14594,92537,42,20,8,0.0002735069974733051
14595,113039,36,20,3,0.00013151500024832785
14596,26186,30,20,9,0.00022817699937149882
14597,7756,35,20,5,0.00019955700190621428
14598,94806,23,20,11,0.00022857100339024328
14599,91787,29,20,10,0.00019047699970542453
14600,35655,53,20,3,0.0001782670005923137
14601,7428,57,19,5,0.00016273200162686408
14602,12164,31,20,5,0.0001680429995758459
14603,36602,38,20,4,0.00012772399713867344
14604,8711,21,21,1,9.860499994829297e-05
14605,8004,21,20,0,2.748999759205617e-05
14606,91485,21,19,0,2.094599767588079e-05
14607,95461,21,18,0,1.9112998415948823e-05
14608,78779,21,17,0,1.683599839452654e-05
14609,46151,21,16,0,1.581299875397235e-05
14610,9901,21,15,0,1.5163997886702418e-05
14611,45243,21,14,0,1.4078999811317772e-05
14612,70902,21,13,0,1.3654000213136896e-05
14613,124404,22,12,0,1.4462999388342723e-05
14614,109072,22,21,5,0.0002173530010622926
14615,42062,42,20,1,0.00010958600250887685
14616,130064,34,21,8,0.00017548200048622675
14617,113686,50,21,8,0.0002278969986946322
14618,52252,60,20,7,0.00017894499978865497
14619,38748,50,20,5,0.0001439160005247686
14620,77852,21,21,2,0.0001298669994866941
14621,20518,21,21,1,7.357300273724832e-05
14622,61502,21,20,0,2.574300015112385e-05
14623,32323,21,19,0,1.9778002751991153e-05
14624,119462,21,18,0,1.8823000573320314e-05
14625,60754,21,17,0,1.59679984790273e-05
14626,94524,29,16,0,2.3193999368231744e-05
14627,8705,31,16,1,3.135699807899073e-05
14628,111539,23,15,1,2.4262000806629658e-05
14629,91070,26,15,0,4.807900040759705e-05
14630,42498,27,14,0,3.497800207696855e-05
14631,52217,28,14,2,3.763199856621213e-05
14632,128838,32,14,1,0.00010946800102829002
14633,78361,46,13,0,6.688800203846768e-05
14634,3645,30,12,0,5.4461001127492636e-05
14635,58645,62,17,0,0.00012673099990934134
14636,130044,49,20,3,0.00013788900105282664
14637,88102,32,21,13,0.00019795300249825232
14638,20634,56,20,2,0.0001118949985539075
14639,22568,35,21,5,0.00020537200180115178
14640,15406,30,21,4,0.00016834599955473095
14641,35729,30,20,14,0.00011971800267929211
14642,126152,31,20,12,0.00013157600187696517
14643,113728,24,21,1,7.782700049574487e-05
14644,19929,24,20,0,2.793000021483749e-05
14645,79468,21,19,0,1.9200997485313565e-05
14646,40014,21,18,0,1.99249989236705e-05
14647,73910,25,18,0,3.4843000321416184e-05
14648,41127,25,17,0,2.102200232911855e-05
14649,112393,25,16,0,2.0504998246906325e-05
14650,40425,25,15,0,1.9155999325448647e-05
14651,23114,26,15,2,0.00010983300307998434
14652,124311,28,16,0,9.858400153461844e-05
14653,69362,34,15,2,8.017099753487855e-05
14654,88393,43,15,2,7.78499997977633e-05
14655,4492,40,16,3,9.707199933473021e-05
14656,70241,48,18,0,9.140900147031061e-05
14657,118377,56,18,1,0.00010299299901816994
14658,18941,52,21,2,0.00015917199925752357
14659,21073,28,21,12,0.0001966740019270219
14660,5272,28,20,0,5.3297000704333186e-05
14661,33367,24,21,1,8.028400043258443e-05
14662,15611,21,20,0,2.5958001060644165e-05
14663,86268,32,20,0,4.1738003346836194e-05
14664,52951,23,19,0,2.507599856471643e-05
14665,109695,32,18,0,2.5577999622328207e-05
14666,12039,28,18,1,7.543399988207966e-05
14667,96504,38,17,1,0.00016869499813765287
14668,2556,33,16,0,3.4812001104000956e-05
14669,81564,32,18,0,4.453800283954479e-05
14670,85351,45,20,5,0.00013718799891648814
14671,82881,38,19,3,0.00011245899804634973
14672,28249,21,21,3,0.00021085000116727315
14673,26202,54,21,2,0.00016886400044313632
14674,100131,41,20,4,0.00011843199899885803
14675,97372,21,21,1,7.040499986032955e-05
14676,89916,21,20,0,2.6204001187579706e-05
14677,33927,21,19,0,2.1502000890905038e-05
14678,37983,48,21,11,0.00017814199964050204
14679,76391,25,21,2,9.335499998996966e-05
14680,23246,35,20,8,0.0001725129986880347
14681,60251,35,20,9,0.00015906299813650548
14682,25706,24,21,6,0.00016085699826362543
14683,78462,27,20,3,9.827500252868049e-05
14684,114795,28,21,0,0.00030738100031157956
14685,91109,34,20,0,5.7670000387588516e-05
14686,127281,28,19,0,2.8408001526258886e-05
14687,30057,31,19,0,0.00018404599904897623
14688,37240,34,18,0,3.10849973175209e-05
14689,37310,31,17,0,2.152500019292347e-05
14690,49359,31,16,0,2.1560997993219644e-05
14691,109007,31,15,0,2.1309999283403158e-05
14692,55697,31,14,0,2.0562001736834645e-05
14693,84918,40,13,0,2.9218001145636663e-05
14694,13074,30,14,0,3.568900137906894e-05
14695,100970,31,13,1,5.616099952021614e-05
14696,76929,43,13,1,5.970400161459111e-05
14697,49613,44,13,0,5.9902999055339023e-05
14698,8070,40,12,0,4.83069998153951e-05
14699,47865,55,15,3,0.0001319250004598871
14700,76975,40,15,4,9.602799764252268e-05
14701,72603,37,20,3,0.00014925800132914446
14702,24197,33,20,8,0.00016819800293887965
14703,125038,35,21,7,0.00022784500106354244
14704,30317,42,21,3,0.00013453199790092185
14705,56437,63,21,3,0.00017005799963953905
14706,50983,50,20,6,0.00023153499932959676
14707,101052,43,20,3,0.000163463999342639
14708,105161,48,20,3,0.00012659499770961702
14709,86651,39,21,11,0.00019995299953734502
14710,113283,24,21,3,0.00018174200158682652
14711,33126,34,20,4,0.00019801600137725472
14712,59528,33,21,2,0.00016379899898311123
14713,25230,44,21,3,0.000200067999685416
14714,63858,49,20,2,0.00016263599900412373
14715,39062,41,21,4,0.00019601700114435516
14716,71874,43,20,4,0.00017993899746215902
14717,19772,61,20,5,0.00017033400217769668
14718,111072,46,20,3,8.183899990399368e-05
14719,126737,37,20,7,0.00018969499797094613
14720,87006,42,20,1,0.0001326549972873181
14721,132921,80,20,0,0.00019510299898684025
14722,91286,46,21,8,0.00017945700165000744
14723,119449,21,21,1,8.012400212464854e-05
14724,56747,21,20,0,2.488999962224625e-05
14725,102043,27,21,3,0.0002010669995797798
14726,127126,23,21,2,0.0002797410015773494
14727,15924,23,20,0,3.0344999686349183e-05
14728,120177,23,19,0,2.2033000277588144e-05
14729,5134,23,18,0,2.632899850141257e-05
14730,24972,23,17,0,1.758199869072996e-05
14731,32654,25,16,0,6.279100125539117e-05
14732,63474,28,16,0,3.318900053272955e-05
14733,113260,29,19,2,8.97109966899734e-05
14734,107588,31,18,2,0.00012269599756109528
14735,21456,33,19,2,9.602700083632953e-05
14736,1697,37,21,8,0.00018921499940915965
14737,110257,28,21,3,6.538800153066404e-05
14738,29880,41,21,6,0.00018484400061424822
14739,42472,63,20,6,0.0002725609992921818
14740,49344,48,21,8,0.00018824600192601793
14741,25895,39,20,2,0.00010576000204309821
14742,7612,42,20,4,0.00012634299855562858
14743,95941,21,21,1,8.163899838109501e-05
14744,80585,25,21,1,0.0003350709994265344
14745,93385,31,21,1,0.0001180199978989549
14746,8912,49,21,7,0.00020311800108174793
14747,109267,25,21,4,0.00014516699957312085
14748,50675,29,20,5,0.00015272699965862557
14749,21209,21,21,1,7.345499761868268e-05
14750,43737,30,21,1,0.00016573699758737348
14751,37918,38,20,1,0.0001133780024247244
14752,84204,33,21,9,0.00019092999718850479
14753,47857,21,21,1,8.154000170179643e-05
14754,124146,21,21,1,8.211500244215131e-05
14755,128298,21,20,0,2.505000156816095e-05
14756,44483,22,20,1,0.00018534100308897905
14757,23163,22,19,0,2.206100180046633e-05
14758,118519,26,19,0,8.301300113089383e-05
14759,105477,27,18,0,2.2662999981548637e-05
14760,41579,26,17,0,5.339700146578252e-05
14761,47330,26,16,0,2.1841999114258215e-05
14762,36611,26,15,0,1.9574999896576628e-05
14763,106916,26,14,0,1.8046001059701666e-05
14764,12055,28,14,0,2.6778001483762637e-05
14765,119543,26,21,9,0.00018036700203083456
14766,131835,32,21,13,0.00019842199981212616
14767,11006,35,21,14,0.0002051939991360996
14768,36098,21,21,2,8.18980006442871e-05
14769,46857,33,21,1,0.00016184600099222735
14770,91402,21,21,1,7.791799725964665e-05
14771,112912,29,21,7,0.00016867800150066614
14772,132376,21,21,1,7.92620012362022e-05
14773,79644,31,21,2,0.00011932800043723546
14774,4415,58,21,5,0.00019391500245546922
14775,119615,32,21,15,0.0002489620019332506
14776,90938,60,21,7,0.00020930400205543265
14777,22171,40,20,7,0.0002006110007641837
14778,2368,68,21,7,0.00017454000044381246
14779,131914,43,21,8,0.00011318500037305057
14780,96083,59,21,4,0.0002344209970033262
14781,41862,40,20,3,0.00010709799971664324
14782,65369,30,21,14,0.00025378599821124226
14783,64859,21,21,1,0.0001229839981533587
14784,36704,30,21,1,0.0001444040026399307
14785,93588,21,20,1,0.00012612300270120613
14786,90068,23,20,1,9.51429974520579e-05
14787,7520,89,21,1,0.00020630500148399733
14788,128926,47,20,5,0.0001431439995940309
14789,93032,21,21,1,7.951099905767478e-05
14790,131940,37,21,2,9.619900083635002e-05
14791,48625,54,20,5,0.00016595699707977474
14792,41725,57,19,1,8.155099931173027e-05
14793,113004,79,20,4,0.00023983199935173616
14794,31187,49,20,5,0.0001352460021735169
14795,72857,43,20,4,0.00013715999739360996
14796,128363,32,21,8,0.0001581860014994163
14797,22892,46,21,7,0.00017309100076090544
14798,70510,30,21,6,0.0001865539998107124
14799,4459,43,21,7,0.00016497199976583943
14800,70002,51,21,2,0.00017925900101545267
14801,125815,32,21,12,0.00014273299893829972
14802,4995,23,21,6,0.0001715910002531018
14803,93579,37,21,1,7.637599992449395e-05
14804,133011,42,21,6,0.0002211359969805926
14805,62358,26,21,1,0.00014116599777480587
14806,43924,44,21,5,0.00014038700101082213
14807,6229,42,20,12,0.0001874959998531267
14808,45978,22,21,7,0.000188055000762688
14809,54170,33,21,8,0.00020180099818389863
14810,31142,21,21,1,8.178400094038807e-05
14811,79792,52,21,4,0.0001576510003360454
14812,132173,73,20,7,0.00014394500249181874
14813,64231,42,20,6,0.00015894800162641332
14814,91752,83,20,3,0.00015135300054680556
14815,109507,47,20,3,0.00010514099994907156
14816,65977,38,21,3,0.00019296499885967933
14817,71703,45,20,9,0.00019322700245538726
14818,60750,62,20,3,0.0001554929986014031
14819,111557,33,20,4,0.00014596199980587699
14820,125910,63,21,1,0.00015915800031507388
14821,88541,31,21,13,0.0001965770024980884
14822,104415,21,21,1,8.601700028521009e-05
14823,45549,24,21,4,0.0002380679979978595
14824,94705,49,21,6,0.00019589099974837154
14825,124913,38,21,4,0.00016670900004100986
14826,42492,32,21,4,0.00025025400100275874
14827,122877,21,21,1,7.616199945914559e-05
14828,1556,50,21,4,0.0001636359993426595
14829,25773,32,20,5,0.00019470999905024655
14830,83518,35,21,5,0.00011929999891435727
14831,114758,33,21,0,8.340000204043463e-05
14832,127054,50,21,5,0.0002368380010011606
14833,76888,40,21,1,7.863499922677875e-05
14834,24165,36,21,5,0.00010679199840524234
14835,7276,34,21,6,0.0001512260023446288
14836,91772,38,21,12,0.00019824799892376177
14837,19075,56,21,2,0.00018797099983203225
14838,106126,28,21,3,0.00028158600252936594
14839,54439,32,21,9,0.00017357300021103583
14840,48322,30,21,2,9.005699757835828e-05
14841,45266,45,21,2,0.00023670000155107118
14842,47828,52,21,6,0.00018161499974667095
14843,100593,42,21,1,0.00022774000171921216
14844,128401,47,20,2,0.00011353199806762859
14845,73489,42,21,5,0.0001521640006103553
14846,124181,40,21,6,0.0001603659984539263
14847,65829,28,21,4,0.00014736900266143493
14848,85296,47,21,2,0.0002292220015078783
14849,26976,22,21,8,0.00022548000197275542
14850,44385,46,21,2,9.45959982345812e-05
14851,11104,33,21,13,0.00024043499797699042
14852,98698,84,21,2,0.00017865900008473545
14853,89558,30,21,1,0.00011666300270007923
14854,73742,42,21,3,0.00012227799743413925
14855,120482,45,20,5,0.00016130499716382474
14856,108626,36,20,3,0.0001399590000801254
14857,64766,40,21,4,0.00013806399874738418
14858,30441,47,21,3,0.00027499299903865904
14859,25931,49,21,11,0.00022364899996318854
14860,23372,43,20,8,0.0001699130007182248
14861,93296,44,21,6,0.00014483099948847666
14862,5379,70,21,3,0.00019394199989619665
14863,93207,36,22,2,0.00013948900232207961
14864,49184,33,22,6,0.0003029489998880308
14865,87018,43,21,2,0.00014154499876894988
14866,20177,43,21,4,0.00012851000064983964
14867,43,22,22,1,7.663200085517019e-05
14868,132630,22,21,0,2.7636000595521182e-05
14869,110487,22,20,0,2.579200008767657e-05
14870,59554,22,19,0,2.0526000298559666e-05
14871,29896,22,18,0,1.8335002096137032e-05
14872,3685,22,17,0,1.6821999452076852e-05
14873,82618,22,16,0,1.537999924039468e-05
14874,1255,28,17,1,0.00011463299961178564
14875,108279,41,20,0,6.333900091703981e-05
14876,106011,45,21,2,0.0001326790006714873
14877,60642,30,20,8,0.00019025000074179843
14878,68469,65,21,3,0.0002285110022057779
14879,66946,90,21,1,0.00016751300063333474
14880,87779,49,21,11,0.0002605279987619724
14881,129070,37,22,1,0.00010395000208518468
14882,111665,28,22,1,8.28159973025322e-05
14883,126489,22,21,0,2.9389000701485202e-05
14884,43229,24,20,0,2.8747999749612063e-05
14885,72829,29,21,2,4.061599975102581e-05
14886,79224,45,20,1,5.670799873769283e-05
14887,115084,37,20,2,8.884900307748467e-05
14888,4418,39,19,0,4.9111000407719985e-05
14889,17565,35,18,2,4.451899803825654e-05
14890,14420,44,18,1,8.034499842324294e-05
14891,70970,43,17,2,6.098599988035858e-05
14892,84005,39,17,4,6.845000098110177e-05
14893,73081,43,16,1,6.691300222883001e-05
14894,89312,37,16,0,9.303099795943126e-05
14895,49525,67,16,4,0.0001190330003737472
14896,50460,42,15,1,6.471600136137567e-05
14897,51489,75,15,1,0.000144057998113567
14898,82295,61,14,2,9.975000284612179e-05
14899,131279,48,16,1,0.0001393650018144399
14900,126052,44,18,1,0.000126552000438096
14901,7385,50,17,4,0.00015286900088540278
14902,77877,46,22,5,0.00023910700110718608
14903,42041,39,22,5,0.0001747050009726081
14904,81387,47,21,3,0.00012259000141057186
14905,113528,104,21,8,0.00020924499767716043
14906,77035,47,21,4,0.00016643599883536808
14907,13440,99,21,1,0.00020467200010898523
14908,94267,25,22,3,0.00023923800108605064
14909,3136,25,22,8,0.00026902199897449464
14910,79936,49,22,8,0.00028113200096413493
14911,114762,22,22,1,0.00010380599997006357
14912,44107,29,22,1,9.849500202108175e-05
14913,65799,22,21,0,3.647599805844948e-05
14914,127636,22,20,0,3.5558001400204375e-05
14915,128376,22,19,0,2.7883001166628674e-05
14916,114380,22,18,0,2.0439001673366874e-05
14917,109551,22,17,0,1.8429000192554668e-05
14918,127984,22,16,0,1.7648002540227026e-05
14919,33778,22,15,0,1.6689999029040337e-05
14920,77184,22,14,0,1.6898000467335805e-05
14921,114814,22,13,0,1.5753001207485795e-05
14922,125171,22,12,0,1.4744000509381294e-05
14923,4740,35,20,4,0.00010206899969489314
14924,104526,22,22,1,5.711000267183408e-05
14925,105103,22,21,0,2.5356002879561856e-05
14926,43705,22,20,0,2.4526998458895832e-05
14927,123340,22,19,0,1.9453000277280807e-05
14928,62680,22,18,0,2.452300032018684e-05
14929,569,22,17,0,1.6464000509586185e-05
14930,103326,22,16,0,1.605600118637085e-05
14931,98532,24,15,0,1.700899883871898e-05
14932,27909,22,14,0,4.5483000576496124e-05
14933,62709,22,13,0,1.5547000657534227e-05
14934,119102,22,12,0,1.3199998647905886e-05
14935,58649,22,11,0,1.2767999578500167e-05
14936,43704,31,10,0,1.9138999050483108e-05
14937,130154,22,9,0,1.2870998034486547e-05
14938,62710,22,8,0,1.1951997294090688e-05
14939,62711,22,7,0,1.1169999197591096e-05
14940,58650,22,6,0,1.0682000720407814e-05
14941,58653,22,5,0,9.505998605163768e-06
14942,58651,22,4,0,8.283001079689711e-06
14943,9510,22,3,0,7.455997547367588e-06
14944,9557,28,3,0,1.79150010808371e-05
14945,9452,32,6,2,3.042699972866103e-05
14946,95318,42,22,2,0.00014140699931886047
14947,15505,33,21,22,0.00030861699997331016
14948,103961,34,21,16,0.0001658730034250766
14949,26033,52,20,3,0.00011311499838484451
14950,63105,68,20,3,0.0001864220030256547
14951,16607,63,21,2,8.709900066605769e-05
14952,24666,22,22,1,6.780699914088473e-05
14953,48353,22,21,0,2.653599949553609e-05
14954,108211,22,20,0,2.5041001208592206e-05
14955,97747,22,19,0,1.9002000044565648e-05
14956,37149,22,18,0,1.761699968483299e-05
14957,71441,22,17,0,1.558599979034625e-05
14958,58974,22,16,0,1.4478999219136313e-05
14959,55180,22,15,0,1.4745000953553244e-05
14960,106413,22,14,0,1.428700124961324e-05
14961,107772,22,13,0,1.3461998605635017e-05
14962,2680,22,12,0,1.2884996976936236e-05
14963,28386,22,11,0,1.3260003470350057e-05
14964,129843,22,10,0,1.2184002116555348e-05
14965,63171,22,9,0,1.2384000001475215e-05
14966,96242,22,8,0,1.1424999684095383e-05
14967,23474,26,7,0,1.407499803462997e-05
14968,114611,26,7,0,1.9297000108053908e-05
14969,1957,36,6,0,2.6378002075944096e-05
14970,14708,24,5,0,1.4825000107521191e-05
14971,15051,24,4,0,8.71099837240763e-06
14972,113306,40,12,2,8.641700333100744e-05
14973,42744,33,21,0,0.00012484300168580376
14974,126043,65,22,3,0.0002101420031976886
14975,107619,22,22,1,8.173899914254434e-05
14976,83056,22,22,1,0.00011827100024675019
14977,27576,22,21,0,2.9472001187969e-05
14978,127089,33,22,5,0.00015487799828406423
14979,26895,43,21,10,0.000220010999328224
14980,42531,63,21,5,0.0001795329990272876
14981,85107,23,22,1,7.853399802115746e-05
14982,98226,22,21,0,2.7517002308741212e-05
14983,45983,22,20,0,2.6611000066623092e-05
14984,101611,22,19,0,2.0714000129373744e-05
14985,13623,22,18,0,2.0160001440672204e-05
14986,35970,35,22,17,0.00022853600239614025
14987,22670,48,22,5,0.00019272300050943159
14988,59545,24,22,2,0.00023959100144566037
14989,90281,25,22,10,0.00020652899911510758
14990,53420,32,22,13,0.00012627999967662618
14991,1235,24,22,2,0.00029450900183292106
14992,28887,37,22,12,0.0002672589980647899
14993,99548,39,22,8,0.00024451400167890824
14994,121073,25,22,0,8.974099910119548e-05
14995,24445,24,21,0,3.429299977142364e-05
14996,420,34,20,0,4.229899786878377e-05
14997,115963,22,22,1,8.151499787345529e-05
14998,107791,22,21,0,2.859000233002007e-05
14999,38683,22,20,0,2.6556997909210622e-05
15000,80803,26,19,0,2.7815000066766515e-05
15001,11194,22,18,0,2.0297000446589664e-05
15002,86116,23,18,1,2.6268000510754064e-05
15003,55094,26,19,1,8.161700316122733e-05
15004,29751,43,20,0,0.00018204399748356082
15005,103264,44,21,2,0.0001511549999122508
15006,113053,44,21,0,0.00016938699991442263
15007,14608,47,22,6,0.0001708980016701389
15008,51474,61,22,5,0.00021901999934925698
15009,107797,45,22,11,0.0002521540009183809
15010,92452,23,22,3,0.00019358400095370598
15011,101671,27,22,3,0.0001919049973366782
15012,6443,22,22,1,8.641500244266354e-05
15013,50475,27,22,2,0.0004197119997115806
15014,116404,27,21,0,3.531699985614978e-05
15015,91318,32,21,0,4.3833999370690435e-05
15016,115003,35,22,6,0.00017045099957613274
15017,113079,40,21,4,0.00018024900055024773
15018,53580,25,22,1,0.0001249939996341709
15019,17756,31,22,1,0.0001050040009431541
15020,42341,25,22,9,0.0002584670000942424
15021,67955,37,22,1,0.0001525980005681049
15022,6540,22,22,1,7.179900057963096e-05
15023,65937,30,22,9,0.00021772000036435202
15024,27031,27,22,2,0.00010447000022395514
15025,90577,60,22,8,0.00016427499940618873
15026,66018,31,22,8,0.000325360000715591
15027,85476,26,22,8,0.00015948299915180542
15028,88572,22,22,1,7.482300134142861e-05
15029,49941,23,21,0,2.843000038410537e-05
15030,29909,30,21,1,0.00011609799912548624
15031,53902,32,20,0,2.6304998755222186e-05
15032,10748,35,22,12,0.00022748199990019202
15033,19974,22,22,1,7.766400085529312e-05
15034,120795,22,21,0,5.335300011211075e-05
15035,45990,22,20,0,2.794700048980303e-05
15036,68941,40,20,0,4.8210000386461616e-05
15037,90645,41,22,3,0.00012480499935918488
15038,60043,59,21,3,0.00016073100050562061
15039,80408,22,22,1,7.98860019131098e-05
15040,35377,24,22,1,0.0002945870000985451
15041,67122,45,22,5,0.00034250599856022745
15042,115281,31,22,1,0.00014024600022821687
15043,8797,22,22,1,7.254600132000633e-05
15044,116330,32,22,6,0.0002217920009570662
15045,56985,30,22,8,0.00020128899996052496
15046,22174,25,22,5,0.00023461000091629103
15047,64173,25,22,13,0.00020108199896640144
15048,20143,51,22,6,0.0002315740021003876
15049,132801,48,22,5,0.00012725999840768054
15050,90822,48,22,5,0.00019211299877497368
15051,132842,62,22,10,0.00021798200032208115
15052,22032,43,21,5,0.00012482500096666627
15053,77604,25,22,5,0.0002447730003041215
15054,82729,27,22,9,0.00015334500130848028
15055,93176,23,22,12,0.0002521680034988094
15056,59200,36,22,10,0.00022204800188774243
15057,101227,30,22,3,0.00011008100045728497
15058,6026,39,22,2,7.456400271621533e-05
15059,40847,39,22,10,0.00023076100114849396
15060,36752,30,22,4,0.00019336200057296082
15061,121752,28,22,2,0.00014055499923415482
15062,16287,29,22,5,0.00013763999959337525
15063,30627,24,22,1,0.00015475300097023137
15064,93104,32,22,1,7.186199945863336e-05
15065,82866,39,22,0,0.00010051400022348389
15066,120761,42,22,11,0.00020459400184336118
15067,8143,22,22,4,0.00017535400183987804
15068,3028,27,22,8,0.0002932410025096033
15069,7128,38,22,10,0.0001594399982423056
15070,126975,38,21,3,0.00031132000003708526
15071,59019,32,21,6,0.0001490989998274017
15072,95194,32,22,16,0.0002145850012311712
15073,83964,24,21,4,0.00019800700101768598
15074,39741,39,21,6,0.00017511500118416734
15075,39902,30,22,3,0.00010456000018166378
15076,104414,26,22,8,0.00019428499945206568
15077,61429,57,22,11,0.00023910900199552998
15078,106523,60,22,2,0.00024720900182728656
15079,125993,84,22,5,0.0002796560002025217
15080,115795,31,22,5,0.00017090099936467595
15081,67670,24,22,1,0.0001051479994202964
15082,70781,29,22,6,0.00023064699780661613
15083,35978,31,22,3,0.0003698879991134163
15084,66707,36,22,1,0.00012986399815417826
15085,86260,30,22,2,0.00017242500325664878
15086,41212,24,22,10,0.00025673799973446876
15087,77292,27,22,6,0.00016158299695234746
15088,46618,40,22,2,0.00013682899952982552
15089,99028,29,22,17,0.00022912200074642897
15090,89835,40,22,7,0.00029360299959080294
15091,23529,41,22,4,0.00013573699834523723
15092,80327,41,22,8,0.0002397089992882684
15093,52228,24,23,1,8.332099969265983e-05
15094,5052,23,22,0,2.8043999918736517e-05
15095,79990,33,21,0,3.6113000533077866e-05
15096,113042,23,20,0,2.735700036282651e-05
15097,128249,23,19,0,2.5229001039406285e-05
15098,20756,24,19,1,2.791099905152805e-05
15099,83825,50,18,0,0.00012093700206605718
15100,21877,39,18,1,5.481600237544626e-05
15101,30843,36,18,2,7.07930012140423e-05
15102,37105,36,17,0,0.000108938998891972
15103,76672,68,16,1,6.790599945816211e-05
15104,14874,36,15,0,2.523500006645918e-05
15105,19575,52,17,1,0.00010906799798249267
15106,124566,59,20,5,0.00013615699936053716
15107,122801,53,21,4,0.00018832799833035097
15108,73941,90,20,1,0.000187829999049427
15109,68877,59,20,1,0.00015248899944708683
15110,15921,72,20,5,0.00017314399883616716
15111,60422,72,22,8,0.0002137929986929521
15112,56337,69,22,2,0.00015478900240850635
15113,109942,59,22,7,0.00023460000011255033
15114,11664,59,21,0,0.00014060600005905144
15115,58926,24,22,2,0.00015561300097033381
15116,104589,86,22,5,0.00024503500026185066
15117,51015,49,22,4,0.00020609700004570186
15118,40321,71,22,5,0.00019747199985431507
15119,66058,38,22,3,0.00011811700096586719
15120,28341,36,22,6,0.00019135299953632057
15121,41996,23,23,1,6.990999827394262e-05
15122,18138,23,22,0,2.781999864964746e-05
15123,59168,23,21,0,2.6981000701198354e-05
15124,599,23,20,0,2.492500061634928e-05
15125,93533,23,19,0,2.052100171567872e-05
15126,102876,23,18,0,1.895300010801293e-05
15127,107994,23,17,0,1.6252000932581723e-05
15128,38981,23,16,0,1.5974001144059002e-05
15129,40826,26,15,0,1.8113998521585017e-05
15130,102877,23,14,0,1.4226003258954734e-05
15131,124296,25,13,0,2.1528998331632465e-05
15132,86784,23,12,0,1.4362001820700243e-05
15133,92580,23,11,0,1.362199691357091e-05
15134,131979,23,10,0,1.3374999980442226e-05
15135,94413,23,9,0,4.052599979331717e-05
15136,104879,23,8,0,1.414399957866408e-05
15137,123880,23,7,0,1.2344000424491242e-05
15138,2856,23,6,0,1.1124997399747372e-05
15139,72816,23,5,0,1.0021998605225235e-05
15140,130274,23,4,0,9.105999197345227e-06
15141,38447,23,3,0,7.873000868130475e-06
15142,5735,23,2,0,7.298000127775595e-06
15143,132769,39,2,0,2.560199936851859e-05
15144,89114,23,23,1,6.781200136174448e-05
15145,123673,23,22,0,2.7551999664865434e-05
15146,49701,23,21,0,2.6220001018373296e-05
15147,123674,23,20,0,2.5140001525869593e-05
15148,104422,30,19,0,2.6235000404994935e-05
15149,33885,23,18,0,1.9931998394895345e-05
15150,94748,23,17,0,1.650299964239821e-05
15151,5510,23,16,0,1.601599797140807e-05
15152,64791,23,15,0,1.5483998140553012e-05
15153,76640,30,14,0,1.8274000467499718e-05
15154,5516,23,13,0,1.4527999155689031e-05
15155,66428,35,12,0,2.089700137730688e-05
15156,78061,23,11,0,1.3718999980483204e-05
15157,62638,23,10,0,1.3057000614935532e-05
15158,94531,23,9,0,1.2790002074325457e-05
15159,43452,23,8,0,1.1579999409150332e-05
15160,5556,23,7,0,1.1551001080079004e-05
15161,101941,23,6,0,1.0911997378570959e-05
15162,36759,23,5,0,9.779996616998687e-06
15163,20804,23,4,0,8.348997653229162e-06
15164,6003,23,3,0,7.9829987953417e-06
15165,15238,35,3,0,2.21820009755902e-05
15166,67060,60,7,0,6.192900036694482e-05
15167,18464,23,23,1,7.78499997977633e-05
15168,17205,23,22,0,2.7617999876383692e-05
15169,3242,23,21,0,3.246000051149167e-05
15170,119745,29,20,0,3.1924999348120764e-05
15171,25899,23,19,0,2.1316998754628003e-05
15172,123203,23,18,0,2.350600334466435e-05
15173,42284,24,17,0,1.8546001228969544e-05
15174,75401,23,16,0,1.6222998965531588e-05
15175,65989,27,15,0,2.0439998479560018e-05
15176,28813,23,14,0,1.503000021330081e-05
15177,45787,23,13,0,1.4253997505875304e-05
15178,17440,27,13,0,2.5968998670578003e-05
15179,112612,32,17,1,8.509600229444914e-05
15180,90975,31,17,1,0.00013582999963546172
15181,19911,62,18,1,0.00013741099974140525
15182,122571,33,17,5,0.00011932100096601062
15183,3189,55,19,4,0.0001723179993859958
15184,14287,47,18,0,0.000139363000926096
15185,91593,37,18,3,0.00012119100210838951
15186,15435,59,22,1,0.00014250000094762072
15187,27771,61,22,4,0.00023248900106409565
15188,73865,66,22,5,0.00022058299873606302
15189,33181,50,22,2,0.00011656000060611404
15190,110974,45,22,3,0.00016556600166950375
15191,45098,28,23,3,7.372199979727156e-05
15192,59465,31,23,9,0.00017395299801137298
15193,110679,30,23,11,0.0002034110002568923
15194,68692,34,23,10,0.0003091889993811492
15195,49684,28,22,6,0.00025663699852884747
15196,32307,23,22,4,9.507799768471159e-05
15197,124756,24,21,2,8.425700070802122e-05
15198,11412,28,20,4,0.0002078950019495096
15199,98150,29,19,5,0.00014428000213229097
15200,24152,37,21,2,9.393900108989328e-05
15201,45580,43,20,2,0.00016295699970214628
15202,103648,36,20,1,0.00018350100071984343
15203,62179,46,22,12,0.00017973099966184236
15204,3981,47,22,7,0.000203800002054777
15205,62558,25,23,5,0.00022311400243779644
15206,126860,26,22,9,0.00028381900119711645
15207,93910,31,22,1,7.179000022006221e-05
15208,97402,50,23,0,0.00026719499874161556
15209,24699,34,23,7,0.0001782950021151919
15210,87187,35,23,2,0.00041366500227013603
15211,77973,46,23,2,0.0002184490003855899
15212,67755,23,23,1,0.00012766700092470273
15213,41140,38,23,5,0.00020429300275282003
15214,132282,43,23,8,0.000224089999392163
15215,67774,56,23,3,0.0001553269976284355
15216,90535,83,22,5,0.00020723600027849898
15217,122700,58,22,2,0.00012253699969733134
15218,92872,52,22,14,0.0001748489994497504
15219,98267,33,22,9,0.00020952700288034976
15220,12494,37,23,5,0.00015912900198600255
15221,127225,28,23,1,9.123999916482717e-05
15222,51588,23,22,0,2.734000008786097e-05
15223,109056,23,21,0,2.6599002012517303e-05
15224,118039,40,23,9,0.00021482800002559088
15225,83224,54,23,1,0.00013971900261822157
15226,126239,42,23,8,0.00017712099725031294
15227,119083,47,23,1,0.0001645379998080898
15228,34097,39,23,0,8.837100176606327e-05
15229,78777,41,22,1,0.00022073299987823702
15230,16690,33,23,8,0.00022384800104191527
15231,49458,75,23,2,0.00018033899686997756
15232,23070,87,22,4,0.00017571299758856185
15233,113976,36,23,12,0.0004120419980608858
15234,42299,26,23,1,8.883799819159321e-05
15235,90671,24,22,0,2.881099862861447e-05
15236,108423,26,21,0,2.974800008814782e-05
15237,70417,25,20,0,2.8529000701382756e-05
15238,99129,24,19,0,2.232300175819546e-05
15239,6995,24,18,0,2.0153998775640503e-05
15240,50008,26,17,0,2.5319000997114927e-05
15241,37949,38,18,0,0.00013426800069282763
15242,62864,38,17,0,2.6706999051384628e-05
15243,10934,36,18,0,5.206199784879573e-05
15244,79397,42,18,2,0.00012227800107211806
15245,105563,42,19,1,7.161099711083807e-05
15246,129256,51,19,4,0.00011921199984499253
15247,66698,34,18,5,9.691500235931017e-05
15248,23106,38,18,8,9.916000271914527e-05
15249,129129,48,18,1,6.057900100131519e-05
15250,5409,38,17,2,0.00014767500033485703
15251,130766,48,16,1,0.00016020499970181845
15252,98439,42,17,4,0.00013660200056619942
15253,25243,39,20,7,0.00021532100072363392
15254,64834,49,23,2,0.00022281799829215743
15255,53586,32,23,12,0.0003113790007773787
15256,110937,26,23,1,9.671299994806759e-05
15257,105827,32,23,7,0.00015559399980702437
15258,103799,23,23,2,0.00026169600096181966
15259,384,45,23,1,0.00020755999867105857
15260,108944,39,23,6,0.0002129660024365876
15261,1436,26,23,5,0.00011684099808917381
15262,42414,23,23,1,7.6986998465145e-05
15263,95663,32,23,2,0.0001737669990689028
15264,119215,30,23,8,0.0003274629998486489
15265,7151,36,22,0,5.0001002819044515e-05
15266,115123,39,23,12,0.0003874790018016938
15267,5578,31,23,1,9.715400301502086e-05
15268,51659,31,23,9,0.00024005299928830937
15269,58838,26,23,6,0.00023264099945663475
15270,67032,78,23,4,0.00023951299954205751
15271,118859,60,22,5,0.00019566999981179833
15272,129530,40,23,6,0.00013497899999492802
15273,102954,28,23,3,0.00029780900149489753
15274,111194,72,23,3,0.00027770399901783094
15275,123487,23,23,2,0.0002649509988259524
15276,23139,43,23,1,0.00015168100071605295
15277,80491,41,23,16,0.0002985440005431883
15278,97904,48,23,8,0.00021956400087219663
15279,83580,35,23,0,7.885599916335195e-05
15280,110211,23,23,1,8.889799937605858e-05
15281,109268,23,22,0,2.8071000997442752e-05
15282,20246,23,21,0,6.820799899287522e-05
15283,51963,23,20,0,2.808399949572049e-05
15284,112615,35,20,0,4.5573000534204766e-05
15285,32073,33,19,0,3.623600059654564e-05
15286,57798,27,18,0,2.91660035145469e-05
15287,59537,29,17,0,3.0351999157574028e-05
15288,80123,35,17,0,0.00012275200060685165
15289,24401,46,16,0,4.1904997488018125e-05
15290,50586,43,18,2,0.0001329160004388541
15291,96512,42,21,3,0.00022407800133805722
15292,124585,28,23,11,0.00015174600048339926
15293,71689,37,22,7,0.00020716300059575588
15294,60077,23,23,1,6.787399979657494e-05
15295,88912,23,22,0,2.7063997549703345e-05
15296,80576,41,23,7,0.0002463409982738085
15297,115425,36,22,2,0.00019613699987530708
15298,120926,44,22,0,4.870700286119245e-05
15299,131385,37,21,11,0.00016730399875086732
15300,63170,37,23,4,0.00024215099983848631
15301,115420,62,23,15,0.00027516500267665833
15302,60157,44,23,13,0.0001647060016694013
15303,105222,36,23,12,0.00023652099844184704
15304,26393,46,23,14,0.0002233459999843035
15305,42793,30,23,4,0.0003794839976762887
15306,56117,46,23,7,0.00015003799853730015
15307,69839,62,22,16,0.0002252529993711505
15308,128832,41,23,14,0.0003120809997199103
15309,106331,37,23,6,0.0002471060033713002
15310,7019,56,23,3,0.00013355199916986749
15311,28535,30,23,6,0.00018756600184133276
15312,35707,24,23,5,0.00010263999865856022
15313,46981,54,23,5,0.00018249999993713573
15314,98216,44,23,6,0.00023119699835660867
15315,126919,23,23,2,0.0004005409973615315
15316,16332,23,23,1,8.367199916392565e-05
15317,9208,28,22,0,2.981599755003117e-05
15318,14302,39,23,14,0.00020087500161025673
15319,59362,32,23,8,0.00027175500144949183
15320,4343,37,22,7,0.00013728100020671263
15321,71717,34,23,3,0.00013951599976280704
15322,15575,31,22,9,0.00016960200082394294
15323,17485,57,23,8,0.0001972919999388978
15324,129106,46,23,5,0.0002431639986752998
15325,5223,34,23,0,0.00039756600017426535
15326,10793,35,22,0,4.160200114711188e-05
15327,23661,45,23,12,0.00026774999787448905
15328,112779,47,23,6,0.0002678359996934887
15329,27124,65,22,7,0.0002107660002366174
15330,74901,51,23,0,0.00011136399916722439
15331,129193,31,23,5,0.0002477330017427448
15332,125184,46,23,4,0.0003182740001648199
15333,122139,25,23,1,0.0002583979985502083
15334,87575,38,22,0,8.696900113136508e-05
15335,45696,28,22,3,0.0002560499997343868
15336,28002,77,23,2,0.00032658499912940897
15337,116173,47,23,6,0.00023983100254554302
15338,113622,57,22,7,0.0003103199996985495
15339,23789,39,22,6,0.0002100670026266016
15340,86514,44,23,6,0.00021222400027909316
15341,29186,53,23,9,0.00018299099974683486
15342,21084,44,23,7,0.0003292679975857027
15343,5852,43,23,4,0.00016947899712249637
15344,121691,56,23,4,0.00017505299911135808
15345,17778,41,22,6,0.0001332950014329981
15346,84844,57,23,5,0.00021533800099859945
15347,97354,54,23,15,0.00018855899907066487
15348,50353,48,23,4,0.0001519229990663007
15349,58594,54,23,6,0.00023329800023930147
15350,28164,42,23,4,0.00019100800273008645
15351,65595,62,23,7,0.00027967400092165917
15352,33526,53,23,6,0.0002009029994951561
15353,69879,32,23,6,0.00036592000105883926
15354,43739,32,22,0,3.6574998375726864e-05
15355,94380,36,23,8,0.00031005900018499233
15356,123395,47,24,10,0.0002518699984648265
15357,115231,37,24,4,0.0002745500023593195
15358,62501,37,24,10,0.0004128860018681735
15359,101871,38,23,11,0.0003201629988325294
15360,118779,39,23,3,0.00024312099776579998
15361,50619,49,22,4,0.00020498699814197607
15362,52517,54,22,5,0.00015222000001813285
15363,105191,51,23,6,0.0003092420010943897
15364,17603,39,23,3,0.00014799900236539543
15365,48487,41,22,12,0.00022667200028081425
15366,79408,31,24,2,0.0001817459997255355
15367,94259,35,23,0,4.302199886296876e-05
15368,107829,59,23,8,0.00035393500002101064
15369,80352,54,22,1,0.00021045100220362656
15370,38317,36,23,2,0.00013379899974097498
15371,91699,27,24,1,0.000375727002392523
15372,88647,36,24,2,0.0002818080029101111
15373,49749,26,24,1,9.226399924955331e-05
15374,34459,24,23,0,3.094999919994734e-05
15375,69400,24,22,0,2.9015001928200945e-05
15376,74866,31,23,0,7.593599730171263e-05
15377,53628,34,23,1,0.00011980699855485
15378,102352,36,22,2,8.019199958653189e-05
15379,20912,42,22,1,7.344799814745784e-05
15380,55369,35,22,2,7.949399878270924e-05
15381,15788,49,21,0,7.374599954346195e-05
15382,112221,36,21,1,0.00017349100016872399
15383,47110,50,23,2,0.0001512830021965783
15384,14439,30,24,5,0.00026862500089919195
15385,114281,36,24,9,0.00017755099906935357
15386,18035,40,24,1,0.0003994150029029697
15387,72309,30,24,4,0.00023057599901221693
15388,2689,25,24,1,9.110799874179065e-05
15389,115063,24,23,0,2.7985999622615054e-05
15390,2760,24,22,0,2.7974001568509266e-05
15391,128878,24,21,0,2.530900019337423e-05
15392,93583,25,21,1,3.1045001378515735e-05
15393,23638,27,20,0,2.986999970744364e-05
15394,112383,31,19,0,3.17250014632009e-05
15395,44244,32,18,0,3.053199907299131e-05
15396,82214,31,17,1,5.883799894945696e-05
15397,38977,29,18,0,3.5001001378986984e-05
15398,54608,42,18,1,6.239300273591653e-05
15399,93984,44,18,2,0.00011888199878740124
15400,1852,45,23,10,0.00017458799993619323
15401,45199,36,24,2,0.0001225340020027943
15402,133276,46,24,5,0.0001439890002075117
15403,7325,76,24,9,0.00029299100060597993
15404,127676,36,24,5,0.0003950120008084923
15405,110787,40,23,0,5.030499960412271e-05
15406,56758,45,23,4,0.0002875419995689299
15407,27327,32,24,1,9.786099690245464e-05
15408,71379,25,23,0,3.099899913650006e-05
15409,115255,35,23,1,9.058199793798849e-05
15410,68950,33,23,1,4.667699977289885e-05
15411,59595,24,24,1,0.00012017400149488822
15412,124642,24,23,0,3.043200194952078e-05
15413,2253,29,24,3,0.00030894500014255755
15414,132312,38,24,17,0.00030358999720192514
15415,76529,39,24,3,0.00026600499768392183
15416,39160,40,24,9,0.00020287900042603724
15417,116498,47,23,0,0.00016209499881369993
15418,101641,26,24,4,0.00038993399721221067
15419,43277,83,24,6,0.0002667699991434347
15420,32528,41,24,2,0.0004050370007462334
15421,7967,27,24,4,8.911999975680374e-05
15422,83797,29,23,0,0.00035062499955529347
15423,39949,30,22,1,8.116400204016827e-05
15424,128175,30,22,0,0.00016216899894061498
15425,123516,28,21,0,3.215999822714366e-05
15426,78689,32,21,0,3.811699934885837e-05
15427,1231,49,21,2,0.00013434900029096752
15428,16379,32,20,2,4.1319999581901357e-05
15429,50370,43,20,0,9.394599692313932e-05
15430,28964,32,19,1,4.4774002162739635e-05
15431,103415,40,19,6,0.00018759800150291994
15432,57894,48,19,2,0.0001094090002879966
15433,74827,48,21,1,0.00010612599726300687
15434,103096,54,21,5,0.0001487119989178609
15435,126092,81,21,1,0.00017115199807449244
15436,44365,48,23,7,0.00013280900020617992
15437,63924,43,23,8,0.00016368800061172806
15438,36148,24,24,1,0.00011749099940061569
15439,122164,34,24,10,0.0002462920019752346
15440,16697,29,24,5,0.00019448099919827655
15441,132942,27,24,5,0.00016340799993486144
15442,102746,35,24,2,9.59899989538826e-05
15443,80223,30,24,1,0.00018296600319445133
15444,68448,24,24,2,0.0004122850004932843
15445,125373,24,23,0,3.137900057481602e-05
15446,20545,40,23,0,6.047400165698491e-05
15447,18904,91,23,4,0.00024608800231362693
15448,51728,31,23,1,8.944600267568603e-05
15449,86460,64,23,4,0.00022977000116952695
15450,123339,59,23,5,0.00024493199816788547
15451,125793,26,24,1,9.222600056091323e-05
15452,92001,35,24,5,0.00021903499873587862
15453,52589,69,24,5,0.0002974400013044942
15454,99193,52,24,3,0.0001979590015253052
15455,27002,29,24,5,0.0001787919973139651
15456,126847,35,24,9,0.0001733290009724442
15457,68481,41,24,26,0.000557380000827834
15458,64391,42,24,11,0.00023635899924556725
15459,70025,34,24,5,0.00027390100149204955
15460,16267,28,24,0,9.632500223233365e-05
15461,33763,30,23,2,0.00020954999854438938
15462,2962,71,24,1,0.000163388998771552
15463,18168,58,23,2,0.0001506650005467236
15464,37784,76,24,4,0.00028054300128133036
15465,127393,55,24,10,0.000210241003514966
15466,47528,24,24,1,7.752700184937567e-05
15467,93610,29,24,2,0.0001803070008463692
15468,117676,88,24,4,0.00029322199770831503
15469,37805,46,24,4,0.0001170110008388292
15470,68025,25,24,1,0.00016704100198694505
15471,129980,30,24,3,0.0002294410005561076
15472,108545,35,23,1,0.00010203800047747791
15473,130460,35,23,0,0.00038643600055365823
15474,56048,36,22,0,4.243700095685199e-05
15475,115552,33,21,0,3.2156000088434666e-05
15476,20684,35,21,5,0.00010211200060439296
15477,132723,38,20,0,4.8104000597959384e-05
15478,33593,55,20,3,0.00010242999996989965
15479,132706,39,19,1,0.0001605729994480498
15480,27348,46,20,1,0.00012620800043805502
15481,16232,53,22,2,0.00012178099859738722
15482,14207,87,23,3,0.00016281799980788492
15483,130102,45,23,1,0.00012917899948661216
15484,44479,36,24,4,0.00019960300051025115
15485,13246,56,24,8,0.0002103059996443335
15486,108482,50,24,11,0.0002772879997792188
15487,40393,55,24,6,0.00015197100219666027
15488,33095,32,23,8,0.0002006069989874959
15489,114645,28,24,2,0.0001140770000347402
15490,5088,52,24,1,0.00014466199718299322
15491,111596,38,24,14,0.00024368500089622103
15492,112886,43,23,9,0.00022485500085167587
15493,70637,88,24,4,0.00037514900031965226
15494,125935,36,24,3,0.00016200399841181934
15495,109051,42,24,0,0.000141198997880565
15496,56031,58,23,1,0.00014726600056746975
15497,79455,44,23,0,5.01790018461179e-05
15498,97147,31,23,1,0.00021256800027913414
15499,59157,30,23,1,7.28170016373042e-05
15500,88135,33,23,2,0.0003839130004053004
15501,24079,33,22,0,3.8141999539220706e-05
15502,127310,65,23,0,0.00011708899910445325
15503,81897,54,22,0,0.00017187400226248428
15504,34913,45,22,2,0.0003352940002514515
15505,85772,44,21,0,5.690400212188251e-05
15506,43465,52,21,0,5.568099732045084e-05
15507,31524,62,20,0,5.84619992878288e-05
15508,78024,43,19,4,0.00011891900066984817
15509,110481,46,18,0,5.076099841971882e-05
15510,56612,36,18,3,0.00012872300067101605
15511,60174,51,18,1,0.000204108000616543
15512,555,70,19,1,0.00014866800120216794
15513,77229,80,20,1,0.00010131499948329292
15514,125774,39,23,2,0.0002174180008296389
15515,56829,36,24,9,0.0002511240018066019
15516,42001,28,24,2,0.00018916999761131592
15517,79892,49,24,11,0.0002833950020431075
15518,82965,48,24,6,0.00027869300174643286
15519,29421,66,23,2,0.0003118599997833371
15520,12832,44,24,6,0.0003242530001443811
15521,83453,53,24,1,0.00021027300317655317
15522,25138,39,24,2,0.0001629840007808525
15523,17983,28,24,8,0.0002659350029716734
15524,20031,71,24,4,0.0001967089992831461
15525,71366,55,24,6,0.0001620680013729725
15526,131272,34,24,13,0.00022920099945622496
15527,101581,25,24,1,0.0001688129996182397
15528,130779,41,24,1,0.00015420899944729172
15529,68381,64,24,2,0.0002689220018510241
15530,116545,50,24,5,0.0002746520003711339
15531,34676,67,24,19,0.0001869609986897558
15532,97201,51,24,2,0.000205024000024423
15533,86483,77,24,9,0.00023324100038735196
15534,89072,30,24,2,0.0002242560003651306
15535,75280,58,24,2,0.00023268999939318746
15536,98853,49,24,16,0.00022976599939283915
15537,84585,43,23,9,0.00020367799879750237
15538,97841,42,24,7,0.00015738699948997237
15539,114015,46,24,2,0.00013826999929733574
15540,11165,31,23,3,0.00010626799848978408
15541,130053,31,24,3,0.00010456500240252353
15542,124140,38,23,4,0.0001606190016900655
15543,42259,41,22,5,6.847199983894825e-05
15544,84697,49,22,3,0.00015227499898173846
15545,59647,39,21,1,7.541000013588928e-05
15546,124862,42,21,2,0.00011454400009824894
15547,55755,52,20,3,0.00023364200023934245
15548,118743,64,19,1,0.000112825000542216
15549,24308,52,19,2,8.238099690061063e-05
15550,91453,61,19,3,8.580000212532468e-05
15551,81688,45,20,9,0.00012982900079805404
15552,86411,63,21,2,0.00018196000019088387
15553,32715,73,22,6,0.00023281399990082718
15554,61077,96,22,4,0.0002033870005107019
15555,15015,62,21,2,0.0001405889997840859
15556,91913,66,22,3,0.00016846300059114583
15557,49934,91,22,4,0.0001840879995143041
15558,18855,79,21,14,0.00022931000057724304
15559,66791,43,22,9,0.00018846999955712818
15560,88847,84,23,3,0.00015070899826241657
15561,46663,40,23,8,0.00020521899932646193
15562,80988,47,23,3,0.00014439900041907094
15563,58973,50,24,5,0.00017987000319408253
15564,132525,59,24,6,0.0002933109972218517
15565,121270,54,24,6,0.0001720790023682639
15566,27728,30,24,7,0.00019173099644831382
15567,107340,63,24,4,0.000249754997639684
15568,46963,41,24,13,0.00026059800075017847
15569,124587,28,24,3,0.00017435300105717033
15570,88577,25,25,1,8.25950010039378e-05
15571,109835,25,24,0,3.0225000955397263e-05
15572,125045,25,23,0,2.695800139917992e-05
15573,69228,25,22,0,2.5559998903190717e-05
15574,48190,25,21,0,2.60540000454057e-05
15575,85838,25,20,0,2.548200063756667e-05
15576,105363,25,19,0,2.230400059488602e-05
15577,24908,29,20,1,9.552400297252461e-05
15578,86824,32,19,0,2.9578997782664374e-05
15579,132933,31,19,0,3.032800304936245e-05
15580,45616,43,20,1,7.137200009310618e-05
15581,33641,33,19,0,2.680500256246887e-05
15582,39920,38,19,0,0.00016992199743981473
15583,48090,46,18,0,3.297899820609018e-05
15584,44501,37,17,0,2.8230002499185503e-05
15585,52699,38,16,0,2.487399979145266e-05
15586,289,36,15,0,2.2419000742956996e-05
15587,22555,48,15,0,3.849899803753942e-05
15588,35790,59,19,4,0.00015276499834726565
15589,72194,55,25,5,0.0002867190014512744
15590,40745,31,24,5,0.00020717900042654946
15591,96164,40,23,2,0.00017078499877243303
15592,90668,56,24,10,0.0002473659988027066
15593,55356,61,23,8,0.0002925389999290928
15594,96429,43,24,2,0.00028492500132415444
15595,78038,48,24,7,0.00034510099794715643
15596,59176,46,24,3,0.0002773849992081523
15597,3,43,25,1,0.00010021400157711469
15598,111420,25,24,0,3.053200271097012e-05
15599,93363,29,23,0,3.372300125192851e-05
15600,60423,25,22,0,2.8507001843536273e-05
15601,60813,25,21,0,2.7306999982101843e-05
15602,88648,25,20,0,2.6592999347485602e-05
15603,116976,25,19,0,2.2173000616021454e-05
15604,122926,25,18,0,2.0991999917896464e-05
15605,53719,46,17,0,3.267799911554903e-05
15606,94648,25,16,0,2.2643998818239197e-05
15607,14354,46,15,0,3.108500095549971e-05
15608,49628,25,14,0,1.631199847906828e-05
15609,122938,25,13,0,1.5437999536516145e-05
15610,79722,51,13,0,3.920599920093082e-05
15611,54258,31,15,0,9.183700240100734e-05
15612,81823,51,14,0,3.115199797321111e-05
15613,81840,51,13,0,2.7420002879807726e-05
15614,124092,51,12,0,2.428399966447614e-05
15615,18610,31,11,0,1.79150010808371e-05
15616,111983,44,10,0,2.2280000848695636e-05
15617,104877,39,9,0,1.9101997168036178e-05
15618,96743,39,8,0,1.735600017127581e-05
15619,42853,32,7,0,2.0750001567648724e-05
15620,39491,39,6,0,1.6671001503709704e-05
15621,107466,62,7,0,4.341500243754126e-05
15622,90117,50,25,8,0.00030814300043857656
15623,118280,68,25,4,0.00023418500131811015
15624,120335,40,25,11,0.0002871039978344925
15625,107546,27,25,4,0.00039077800101949833
15626,74277,39,25,3,0.0003916710011253599
15627,91481,64,24,3,0.0002514769985282328
15628,51631,73,24,5,0.0002625460001581814
15629,83770,56,24,2,0.00010579000081634149
15630,62398,46,24,2,0.00012930599768878892
15631,33830,42,24,1,0.00011205600094399415
15632,5440,65,23,2,0.00018398799875285476
15633,125345,48,23,8,0.00018406600065645762
15634,123529,43,24,10,0.00018867800099542364
15635,14685,54,23,8,0.00021953200121060945
15636,55035,51,23,2,9.795200094231404e-05
15637,106037,82,23,1,0.00030134500048006885
15638,128146,62,24,4,0.00010487500185263343
15639,51087,44,23,4,0.00015101199824130163
15640,33635,64,24,4,0.00029337800151552074
15641,47679,36,25,15,0.0003054729968425818
15642,34890,38,25,10,0.0002716819981287699
15643,6912,40,24,4,0.00022728200201527216
15644,75063,45,23,3,0.0002167309976357501
15645,56919,35,25,4,0.00029762100166408345
15646,125770,32,24,0,3.246300184400752e-05
15647,91484,34,23,0,3.0121998861432076e-05
15648,63069,40,24,6,0.00018491200171411037
15649,109153,41,25,2,0.00017069599925889634
15650,105404,30,24,3,0.0003419800013944041
15651,71766,35,24,2,0.0002598729988676496
15652,82019,38,25,7,0.00018798499877448194
15653,16999,51,25,8,0.00031685299836681224
15654,81001,45,25,1,0.00016984600006253459
15655,87667,45,24,0,3.986799856647849e-05
15656,20076,52,25,10,0.00026660499861463904
15657,112242,34,25,11,0.00025141299920505844
15658,41078,25,25,1,9.347999730380252e-05
15659,73349,29,25,2,0.0002543090013205074
15660,36820,28,24,0,0.0002538510016165674
15661,11416,45,25,6,0.0004170379979768768
15662,73610,51,24,3,0.0002590179974504281
15663,11472,79,24,9,0.00024566499996581115
15664,104652,57,25,10,0.000250283999776002
15665,52162,65,24,10,0.00021794100030092523
15666,28994,45,24,5,0.0001873340006568469
15667,73438,53,25,10,0.00040433300091535784
15668,102672,41,25,9,0.00018923500101664104
15669,106774,44,25,15,0.0004088360001333058
15670,82767,63,24,3,0.000227292999625206
15671,83773,25,25,1,0.00011751999772968702
15672,30049,31,25,12,0.0003915429988410324
15673,92004,25,25,4,0.00018596799782244489
15674,39789,69,25,13,0.00027407900051912293
15675,56184,33,25,3,0.00032444499811390415
15676,25471,58,25,6,0.00021462099903146736
15677,61827,60,25,3,0.0001979849985218607
15678,99717,104,25,5,0.0003388050026842393
15679,18339,35,25,8,0.0002542039983381983
15680,100772,38,25,31,0.00045599499935633503
15681,112041,64,25,9,0.00025379999715369195
15682,56266,54,24,9,0.0002157179987989366
15683,12203,44,25,9,0.0003731090000655968
15684,96186,39,25,6,0.00014916100190021098
15685,31561,43,24,2,0.00017357099932269193
15686,47556,41,25,6,0.00025334200108773075
15687,27617,28,25,3,0.000412524001148995
15688,8682,56,25,11,0.00027433900322648697
15689,82926,54,25,9,0.00020398199922055937
15690,74224,41,25,30,0.00042851900070672855
15691,85502,39,25,2,0.0002905159999500029
15692,11776,94,25,8,0.00033559700023033656
15693,3591,41,25,12,0.0003187180009263102
15694,130413,40,24,10,0.0002966659994854126
15695,55819,67,25,10,0.00028133699743193574
15696,25618,63,25,7,0.00029799799813190475
15697,28188,65,25,8,0.00036993300091126
15698,23217,39,24,13,0.00038661899816361256
15699,25164,62,25,10,0.0002518679975764826
15700,5206,42,25,6,0.00016926600073929876
15701,52856,72,25,4,0.00023545299700344913
15702,48300,57,24,18,0.0002795569998852443
15703,78529,48,25,21,0.00036223400093149394
15704,62659,39,25,8,0.00022807600180385634
15705,27915,37,24,17,0.0002873800003726501
15706,110293,68,25,0,0.00019795000116573647
15707,61700,58,25,2,0.0001636060005694162
15708,132469,45,25,23,0.00039057399771991186
15709,50077,69,25,3,0.000217835000512423
15710,72131,38,25,14,0.00027488200066727586
15711,40427,34,25,6,0.0004462830002012197
15712,2676,41,25,19,0.00030903600054443814
15713,26628,37,26,2,0.0002707329986151308
15714,96264,26,26,1,0.00013728200065088458
15715,3717,32,25,0,4.321799860917963e-05
15716,131013,26,24,0,3.205900065950118e-05
15717,23141,26,23,0,2.9721999453613535e-05
15718,118800,33,26,11,0.00029941200045868754
15719,40995,40,26,6,0.00033296099718427286
15720,62063,33,25,4,0.0002459800016367808
15721,124765,31,25,8,0.00044993499977863394
15722,98345,26,26,2,0.00046179399942047894
15723,121909,50,25,1,0.00013682799908565357
15724,17454,26,26,1,8.666400026413612e-05
15725,123044,26,25,0,3.152200224576518e-05
15726,12042,26,24,0,3.049299994017929e-05
15727,95107,29,23,0,3.173000004608184e-05
15728,59626,26,22,0,8.459300079266541e-05
15729,84463,26,21,0,2.9572001949418336e-05
15730,43989,26,20,0,2.650199894560501e-05
15731,38291,26,19,0,2.3201999283628538e-05
15732,4077,26,18,0,2.043000131379813e-05
15733,89647,26,26,1,0.0001042990006681066
15734,17287,26,25,0,3.2717998692533e-05
15735,97443,26,24,0,3.196499892510474e-05
15736,6616,26,23,0,3.1215000490192324e-05
15737,115248,44,26,1,0.00014830199870630167
15738,19387,27,25,0,3.6721001379191875e-05
15739,55050,37,24,0,4.0000002627493814e-05
15740,74210,26,23,0,3.146800008835271e-05
15741,65613,28,22,0,3.0422001145780087e-05
15742,54064,27,21,0,2.8793001547455788e-05
15743,83095,26,20,0,2.776999826892279e-05
15744,5424,28,19,0,2.417699943180196e-05
15745,32057,26,18,0,2.2838001314084977e-05
15746,5181,26,17,0,1.864200021373108e-05
15747,132878,26,16,0,1.8724000256042928e-05
15748,132879,26,15,0,1.7948997992789373e-05
15749,62348,31,15,0,3.126700175926089e-05
15750,105997,56,15,0,6.575500083272345e-05
15751,113298,39,14,0,6.564100112882443e-05
15752,87579,33,13,0,3.379800182301551e-05
15753,55010,35,13,2,7.879999975557439e-05
15754,5180,55,13,0,6.742800178471953e-05
15755,11569,39,12,1,2.6341000193497166e-05
15756,125089,42,11,1,4.224499934935011e-05
15757,52526,44,19,1,0.00018632999854162335
15758,69643,96,21,4,0.0002564729984442238
15759,129608,58,22,2,0.00013729800048167817
15760,94817,75,25,3,0.00019845899805659428
15761,8156,57,25,6,0.000380612000299152
15762,66535,48,25,5,0.00041890099964803085
15763,117811,48,26,12,0.00016827499712235294
15764,31796,35,26,9,0.00024816500081215054
15765,72772,30,26,9,0.0002731219974521082
15766,56398,39,26,1,0.00018006299796979874
15767,111181,60,26,12,0.0003065570017497521
15768,18018,32,26,1,0.00023685400083195418
15769,85090,41,25,1,0.00011929099855478853
15770,48227,42,26,10,0.00032079399898066185
15771,32432,36,25,12,0.00020682399917859584
15772,85420,41,25,7,0.0002398670003458392
15773,66157,99,26,8,0.00029231699954834767
15774,75887,26,26,1,0.0001065479991666507
15775,8310,37,26,23,0.00042656599907786585
15776,18553,69,26,2,0.000194875003217021
15777,67223,55,26,8,0.0002505819975340273
15778,123034,34,26,29,0.0003575980008463375
15779,42293,29,25,11,0.00027344499903847463
15780,74399,45,26,12,0.000336990000505466
15781,16032,56,26,6,0.0002838340005837381
15782,109732,33,26,52,0.0005532200011657551
15783,105651,51,26,4,0.0002601569976832252
15784,38584,31,26,6,0.0004971240014128853
15785,88968,32,25,3,0.00032181899950955994
15786,107274,51,25,4,0.0001723260029393714
15787,97469,37,26,15,0.0006098330013628583
15788,111580,40,25,0,5.791500007035211e-05
15789,103620,43,26,23,0.0003729900017788168
15790,76489,48,26,1,0.00021022800137870945
15791,53455,51,25,5,0.00012463199891499244
15792,83188,39,25,13,0.0002814500003296416
15793,109580,47,25,5,0.00011597900083870627
15794,7371,51,26,7,0.0002920890001405496
15795,122893,56,25,7,0.00024589600070612505
15796,38606,33,26,15,0.0003177399994456209
15797,41767,60,25,9,0.0002636150020407513
15798,93903,39,26,7,0.0002498989997548051
15799,50632,42,25,2,0.00012123900160077028
15800,100571,31,26,32,0.00042871400000876747
15801,68327,36,26,22,0.0005155190010555089
15802,3824,45,26,3,0.00017912699695443735
15803,97020,26,26,1,0.0001034359993354883
15804,96239,26,25,0,3.0797997169429436e-05
15805,90404,26,24,0,3.1750998459756374e-05
15806,78778,26,23,0,3.0266000976553187e-05
15807,38694,26,26,2,0.000487869001517538
15808,22834,26,26,1,0.00011188100324943662
15809,5959,66,26,3,0.0003274309965490829
15810,5979,26,26,1,0.00010093599848914891
15811,128381,26,25,0,3.056100104004145e-05
15812,86364,54,26,7,0.00030830299874651246
15813,41308,50,26,0,0.00016823799887788482
15814,52064,32,26,5,0.0002812919992720708
15815,124779,51,26,6,0.0002847969990398269
15816,100728,34,26,2,0.0004177190021437127
15817,121722,91,26,3,0.00020113000209676102
15818,91025,53,26,1,0.00015700400035711937
15819,21912,64,26,16,0.0003378750006959308
15820,129945,43,26,4,0.00015438999980688095
15821,29083,40,26,0,0.00014039700181456283
15822,106913,44,26,12,0.0004138889999012463
15823,41899,33,26,11,0.0005364629978430457
15824,56241,40,26,0,0.00021498899877769873
15825,127410,44,26,12,0.0002551809993747156
15826,91060,56,26,6,0.00021694400129490532
15827,3547,27,26,1,0.0001029800005198922
15828,114140,37,26,3,0.0001574870002514217
15829,76259,47,26,8,0.000273236000793986
15830,38374,56,26,27,0.0004575630009640008
15831,25066,30,26,2,0.0004847689997404814
15832,47094,61,26,3,0.00032236599872703664
15833,126466,47,26,10,0.00031005700293462723
15834,81932,51,26,4,0.0004126249987166375
15835,74336,74,25,2,0.00017798699991544709
15836,42825,35,25,2,0.00041992600017692894
15837,16265,35,24,0,3.9685000956524163e-05
15838,42821,49,25,9,0.00031780499921296723
15839,79379,35,26,1,0.00021413800277514383
15840,125557,51,25,3,0.00013194599887356162
15841,13219,54,25,2,0.00023755100119160488
15842,7208,29,26,2,0.0001515990006737411
15843,106102,58,26,13,0.00036454599830904044
15844,99211,48,25,17,0.00031544900048174895
15845,39037,75,26,13,0.0002839759981725365
15846,22150,42,26,12,0.0002548910015320871
15847,68796,45,26,3,0.0002284580004925374
15848,114377,55,25,8,0.0002560889988671988
15849,127274,61,26,6,0.00040503600030206144
15850,14126,64,26,18,0.0005715110019082204
15851,112453,52,26,0,0.0001249150009243749
15852,87401,37,26,8,0.00025816400011535734
15853,7588,75,26,14,0.00039731500146444887
15854,22017,88,26,8,0.00034076900192303583
15855,74590,36,25,1,0.00019281399727333337
15856,96786,44,26,8,0.00034438199872965924
15857,33302,87,26,5,0.00030482999864034355
15858,87128,74,26,2,0.0003203939995728433
15859,54901,53,26,9,0.00023908000002847984
15860,1662,43,26,9,0.0002586429982329719
15861,32559,37,25,6,0.00020047599900863133
15862,107236,88,26,9,0.0003231650007364806
15863,91541,43,26,6,0.0004356480021669995
15864,84424,75,26,15,0.0002606410016596783
15865,60115,38,26,4,0.00041910599975381047
15866,129538,45,27,1,0.0004755240006488748
15867,59040,45,26,0,5.3102998208487406e-05
15868,74753,119,27,3,0.0002740519994404167
15869,60425,27,27,1,9.899299766402692e-05
15870,78008,27,26,0,3.5404002119321376e-05
15871,111994,27,25,0,3.124400245724246e-05
15872,63177,27,24,0,3.0160001188050956e-05
15873,99456,27,23,0,3.12550000671763e-05
15874,124033,27,22,0,3.062999894609675e-05
15875,75348,27,21,0,2.835899795172736e-05
15876,4904,27,20,0,2.8350001230137423e-05
15877,48000,27,19,0,2.516899985494092e-05
15878,59167,27,18,0,2.2539999918080866e-05
15879,115138,27,17,0,1.969699951587245e-05
15880,13117,37,21,2,0.0003726289978658315
15881,93121,35,20,0,3.3521999284857884e-05
15882,64460,39,20,7,0.0001617319976503495
15883,132020,55,23,6,0.00025444800121476874
15884,48006,54,23,4,0.00039207699956023134
15885,132877,33,24,5,0.00020734899953822605
15886,15765,68,24,0,0.000137341001391178
15887,59195,50,24,14,0.0003955549982492812
15888,95784,58,25,10,0.0002028419985435903
15889,34319,72,27,9,0.0002583230016171001
15890,112527,80,26,13,0.0002981209981953725
15891,95564,47,26,9,0.0005390549995354377
15892,87160,69,26,11,0.0003150769989588298
15893,76432,40,26,5,0.000431934000516776
15894,94878,33,26,11,0.00028755099992849864
15895,74008,68,26,8,0.00021370300237322226
15896,124763,43,26,7,0.0002870150019589346
15897,20847,37,26,7,0.00020374100131448358
15898,78846,52,26,4,0.0002727510000113398
15899,3102,43,26,19,0.00042303600275772624
15900,111396,54,26,0,0.0001252089969057124
15901,88600,27,27,1,0.00011162600276293233
15902,77368,27,26,0,3.3407002774765715e-05
15903,12826,56,27,17,0.00029082900073262863
15904,84176,38,26,0,0.000143174002005253
15905,884,33,26,1,0.00030908900225767866
15906,61620,51,26,2,0.0001663449984334875
15907,62116,40,26,1,0.000386978001188254
15908,44072,33,27,1,0.0001276280017918907
15909,32473,31,26,0,4.491900108405389e-05
15910,92218,37,25,0,7.372099935309961e-05
15911,81358,27,24,0,3.431300137890503e-05
15912,83827,28,23,0,3.1286999728763476e-05
15913,14359,35,23,0,4.8105001042131335e-05
15914,36102,40,23,0,0.00017202799790538847
15915,129038,32,22,0,8.105199958663434e-05
15916,82896,47,26,3,0.00020188299822621047
15917,110634,28,27,2,0.0005236200013314374
15918,20016,67,27,6,0.000302218999422621
15919,96233,56,26,1,0.00014248699881136417
15920,114785,47,26,17,0.00031222300094668753
15921,79187,44,26,5,0.00015094300033524632
15922,27194,30,27,1,0.0001173149976239074
15923,78781,27,26,0,3.320700125186704e-05
15924,88,29,25,0,3.515099888318218e-05
15925,107104,39,25,1,0.00023779199909768067
15926,57405,37,27,4,0.0005529549998755101
15927,108608,31,27,1,0.00010932399891316891
15928,26067,27,26,0,3.552899943315424e-05
15929,3337,27,25,0,3.3647000236669555e-05
15930,66526,27,24,0,3.1440999009646475e-05
15931,67893,30,23,0,3.4249998861923814e-05
15932,40772,27,22,0,3.078399822697975e-05
15933,120174,46,21,0,5.2171002607792616e-05
15934,58233,35,21,0,4.455399903235957e-05
15935,83160,47,20,0,7.205799920484424e-05
15936,65753,35,19,1,4.133200127398595e-05
15937,116071,42,18,1,4.8519999836571515e-05
15938,100456,30,17,0,3.337999805808067e-05
15939,131018,38,17,1,7.558700235676952e-05
15940,113049,62,17,2,0.00010591699901851825
15941,67471,61,17,0,0.00019876000078511424
15942,8106,51,19,1,0.0001221349994011689
15943,75664,91,18,2,0.00018836600065696985
15944,110319,62,18,0,9.489299918641336e-05
15945,129600,75,17,2,7.124400144675747e-05
15946,82498,75,18,0,0.00012710999726550654
15947,66511,58,17,0,0.00013162799950805493
15948,100315,72,18,1,0.00019304099987493828
15949,112605,109,22,7,0.00029306599753908813
15950,20965,101,26,6,0.0003781569976126775
15951,10054,51,26,7,0.00026550500115263276
15952,55583,83,26,1,0.0003283439982624259
15953,18506,27,27,1,0.0001599549977981951
15954,62539,57,27,2,0.00018276199989486486
15955,76880,49,27,1,0.00015505000192206353
15956,48032,40,26,7,0.00030650400003651157
15957,98896,82,27,29,0.000498428002174478
15958,72274,41,27,3,0.00023180700009106658
15959,47205,28,27,3,0.0005467860028147697
15960,96364,29,26,0,5.003899786970578e-05
15961,121223,27,25,0,3.7117999454494566e-05
15962,98417,28,24,1,4.3468000512802973e-05
15963,93172,35,24,1,0.00013925099847256206
15964,13773,41,24,0,0.00014586799807148054
15965,107656,29,23,1,0.0003974449973611627
15966,47628,53,23,3,0.0001525899970147293
15967,110043,61,25,2,0.00046094099889160134
15968,34718,43,26,3,0.00015355499999714084
15969,52907,74,26,3,0.00039201999970828183
15970,59276,49,25,3,9.047699859365821e-05
15971,78128,50,26,7,0.00029822900251019746
15972,103549,55,26,4,0.00019513000006554648
15973,103290,73,26,10,0.0004109010005777236
15974,94833,50,27,2,0.0002872620025300421
15975,99449,54,27,13,0.0003916749992640689
15976,79152,85,26,8,0.0003682869973999914
15977,22105,58,26,3,0.00024297200070577674
15978,83089,43,25,11,0.00029766800071229227
15979,82471,58,26,13,0.0002841740024450701
15980,44685,44,27,2,0.00019033100033993833
15981,123021,46,27,24,0.0004884999980276916
15982,78999,46,27,11,0.00039577899951837026
15983,79513,79,27,12,0.0003324429999338463
15984,123038,39,27,1,0.00015550399984931573
15985,64857,27,26,0,3.457500133663416e-05
15986,31113,46,26,0,6.420300269383006e-05
15987,9220,30,25,1,0.0001836199990066234
15988,52359,30,24,1,0.00017608800044399686
15989,91152,54,24,0,6.866599869681522e-05
15990,119270,33,23,1,0.00017375199968228117
15991,6699,32,22,0,3.6114000977249816e-05
15992,39808,62,22,0,0.00011638800060609356
15993,21306,34,21,1,0.00013191000107326545
15994,73123,60,21,1,0.00012481699741329066
15995,102125,70,22,2,0.00020950399994035251
15996,36642,59,22,2,0.00021066100089228712
15997,60102,50,23,2,0.0004402680024213623
15998,92516,53,24,4,0.00036797199936700054
15999,12336,53,23,0,0.0002306179994775448
16000,23564,49,24,1,0.00026689900187193416
16001,45083,67,24,0,0.00014661800014437176
16002,131565,59,26,7,0.0002182039970648475
16003,24637,91,26,7,0.00030174000130500644
16004,16043,27,27,1,0.0001573570007167291
16005,53056,32,26,0,4.2517000110819936e-05
16006,93101,35,26,1,5.9594000049401075e-05
16007,55066,28,25,1,6.216900146682747e-05
16008,24751,85,27,4,0.0002400029989075847
16009,4272,72,27,5,0.0003100790017924737
16010,114867,28,27,5,0.0004041110005346127
16011,29366,44,27,3,0.000278922998404596
16012,128545,55,26,1,9.529800081509165e-05
16013,106050,51,25,2,0.0003262530008214526
16014,45683,44,24,0,4.896599784842692e-05
16015,89067,54,25,11,0.00026094999702763744
16016,128893,48,26,8,0.00035420499989413656
16017,101262,66,26,13,0.00040598200212116353
16018,119480,55,27,5,0.00022523799998452887
16019,129210,34,27,1,0.00011771900244639255
16020,101266,27,26,0,3.5298002330819145e-05
16021,52207,31,25,0,3.4507000236772e-05
16022,72423,27,24,0,3.068399746553041e-05
16023,71553,27,23,0,3.115400249953382e-05
16024,63948,35,22,0,3.920800008927472e-05
16025,99178,27,21,0,2.8956001187907532e-05
16026,6417,27,20,0,3.532199843903072e-05
16027,43005,31,19,0,2.808600038406439e-05
16028,6541,27,18,0,5.0971000746358186e-05
16029,129011,29,17,0,2.3656997655052692e-05
16030,11040,27,16,0,1.9674000213854015e-05
16031,12622,27,15,0,1.839700053096749e-05
16032,33779,27,14,0,1.716900078463368e-05
16033,27581,27,13,0,1.596499714651145e-05
16034,32325,30,13,0,2.9131999326637015e-05
16035,30418,39,13,0,4.121200254303403e-05
16036,27400,35,13,0,3.939899761462584e-05
16037,92297,62,19,4,0.00014708300295751542
16038,58364,75,19,3,0.00010257499889121391
16039,114715,73,21,7,0.0002203700023528654
16040,1625,73,22,6,0.00022801299928687513
16041,122178,86,21,3,0.00023086799774318933
16042,35381,53,23,2,0.00020530700203380547
16043,126566,69,22,2,0.0002480309995007701
16044,95872,93,21,0,0.00018016499961959198
16045,98412,65,26,15,0.00035342900082468987
16046,103115,95,27,7,0.00035933699837187305
16047,56525,132,27,9,0.0004224420008540619
16048,119231,68,26,5,0.00015769099991302937
16049,37070,64,27,6,0.000240221997955814
16050,78549,54,27,5,0.0002421889985271264
16051,9487,27,27,1,0.00010374300109106116
16052,109330,31,27,2,0.00022647600053460337
16053,114471,53,27,3,0.0005308340005285572
16054,46554,42,26,1,0.00020636200133594684
16055,99741,46,26,0,5.297099778545089e-05
16056,128814,45,27,16,0.0005973309998807963
16057,67891,27,27,1,0.00015675500253564678
16058,2889,47,27,17,0.00022897600138094276
16059,48471,29,27,1,0.00011543700020411052
16060,31076,44,27,9,0.00025686300068628043
16061,115700,43,26,7,0.00029660799918929115
16062,43369,66,27,22,0.00034401499942759983
16063,73205,90,26,8,0.0003387420001672581
16064,62940,85,26,6,0.0003960779977205675
16065,9602,44,27,17,0.00029950499811093323
16066,6548,28,27,2,0.0005725510018237401
16067,38804,83,27,7,0.0003490369999781251
16068,107933,41,27,5,0.00028899799872306176
16069,48550,27,27,1,0.0001040659990394488
16070,10662,38,27,13,0.00046194699825719
16071,63398,73,27,3,0.00023602300279890187
16072,128532,59,26,5,0.0002113310001732316
16073,51121,64,27,4,0.000276364000455942
16074,83892,63,27,5,0.0002182770003855694
16075,103586,53,26,9,0.0003156630009470973
16076,70074,52,27,12,0.0002877970000554342
16077,69051,36,27,0,0.0001257680014532525
16078,100287,27,27,1,0.00013767700147582218
16079,74702,72,27,4,0.0003751989970623981
16080,43988,47,27,8,0.00038538700027856976
16081,12756,45,27,9,0.00030755300031160004
16082,76323,77,26,3,0.000181306000740733
16083,53219,36,27,1,0.0002685699982976075
16084,115684,44,27,3,0.0006572689999302384
16085,78341,52,27,1,0.0002368280001974199
16086,20496,33,27,3,0.0005915299989283085
16087,27701,54,27,4,0.000410126998758642
16088,50757,50,27,21,0.00034745199809549376
16089,116915,42,26,7,0.0003019520008820109
16090,10864,63,27,11,0.0005217580001044553
16091,118142,51,26,5,0.00027381199834053405
16092,120947,64,27,6,0.00025337400074931793
16093,76098,57,26,13,0.0003442570014158264
16094,28821,35,27,1,0.00041588599924580194
16095,164,45,26,3,0.0003637770023487974
16096,121071,49,25,1,0.00011593200179049745
16097,12644,64,25,1,0.000128799001686275
16098,53940,36,27,1,7.994800034794025e-05
16099,111828,46,27,19,0.0003363940013514366
16100,83694,39,27,7,0.0004310730000725016
16101,45818,44,27,10,0.0002543779992265627
16102,78627,49,27,7,0.0003998480024165474
16103,1334,34,27,3,0.0005637780013785232
16104,113481,87,27,10,0.000261603003309574
16105,18876,34,27,1,0.00018699199790717103
16106,53784,70,27,11,0.00031304000003729016
16107,129622,69,27,2,0.000236027997743804
16108,6387,42,27,4,0.00023083999985828996
16109,12795,65,27,8,0.00025790099971345626
16110,100352,95,28,9,0.00030780800079810433
16111,128598,76,27,15,0.0002779950009426102
16112,93360,94,27,6,0.00027802199838333763
16113,73220,28,28,1,0.0001053849991876632
16114,13022,28,27,0,3.4554002922959626e-05
16115,108203,28,26,0,3.280699820606969e-05
16116,98545,28,25,0,3.089800156885758e-05
16117,100606,36,25,0,0.0001428989999112673
16118,102376,35,24,0,3.9620001189177856e-05
16119,17286,33,23,0,3.471300078672357e-05
16120,90151,39,22,0,4.116799755138345e-05
16121,114817,32,21,0,3.3835000067483634e-05
16122,107601,34,20,0,3.063499752897769e-05
16123,54225,36,19,0,2.9232000088086352e-05
16124,74095,36,18,0,2.7367001166567206e-05
16125,17027,42,17,0,3.867499981424771e-05
16126,93603,34,16,0,2.3689000954618677e-05
16127,105595,33,15,0,5.3973002650309354e-05
16128,24504,34,14,0,2.5035998987732455e-05
16129,54090,38,13,0,2.414299888187088e-05
16130,65461,35,12,0,2.013400080613792e-05
16131,101579,34,11,0,1.93009982467629e-05
16132,86560,32,10,0,1.7664999177213758e-05
16133,55959,49,10,0,3.879500218317844e-05
16134,29798,50,17,0,0.00015463999807252549
16135,4044,50,16,0,3.400100104045123e-05
16136,4753,48,15,0,2.7083999157184735e-05
16137,41875,48,14,0,6.151299749035388e-05
16138,16957,69,16,3,0.00013866900189896114
16139,58040,58,18,1,9.392500214744359e-05
16140,88075,28,28,1,0.00010514899986446835
16141,32011,28,27,0,3.627399928518571e-05
16142,36027,28,26,0,6.142399797681719e-05
16143,123696,28,25,0,3.3947002521017566e-05
16144,58190,28,24,0,3.154899968649261e-05
16145,34952,29,23,0,3.385799936950207e-05
16146,54972,28,22,0,3.057999856537208e-05
16147,38820,36,21,0,3.949799793190323e-05
16148,69078,28,20,0,2.9048998840153217e-05
16149,72154,28,19,0,2.4532000679755583e-05
16150,111685,31,18,0,2.7152000257046893e-05
16151,93031,28,17,0,2.0646999473683536e-05
16152,66430,31,16,0,2.011800097534433e-05
16153,45888,31,15,0,2.245499854325317e-05
16154,62695,35,17,1,6.330000178422779e-05
16155,118396,54,19,1,0.00020468100046855398
16156,88042,60,18,0,0.00014646799900219776
16157,98933,43,17,2,0.00018114100021193735
16158,93824,41,17,5,0.00014778500190004706
16159,122722,42,16,2,0.00011286199878668413
16160,57096,53,16,0,4.817700028070249e-05
16161,112989,60,16,1,9.510300151305273e-05
16162,79267,70,26,6,0.0001896090034279041
16163,88720,56,25,7,0.0004328520008129999
16164,43449,48,27,5,0.00028365700200083666
16165,30222,77,28,24,0.000501485999848228
16166,120747,65,27,9,0.0003765139990719035
16167,86546,43,28,13,0.00043120999907841906
16168,15941,49,27,2,0.0003040960000362247
16169,97916,41,27,1,0.0002002220026042778
16170,61462,28,28,1,0.00010291099897585809
16171,115335,34,27,0,4.517699926509522e-05
16172,38322,28,26,0,3.511700197122991e-05
16173,54015,28,25,0,3.152499994030222e-05
16174,130166,28,24,0,2.9787999665131792e-05
16175,89121,28,23,0,3.1340001442003995e-05
16176,87657,28,22,0,2.9365000955294818e-05
16177,58667,28,21,0,2.9334998544072732e-05
16178,812,28,20,0,2.8856997232651338e-05
16179,109369,45,20,1,0.00026822599829756655
16180,85969,32,20,2,0.00016348799908882938
16181,83860,31,19,0,3.052499960176647e-05
16182,57410,39,22,1,0.00016663999849697575
16183,2924,48,23,4,0.0004705909996118862
16184,116685,40,23,2,0.00041028000123333186
16185,30700,40,22,0,4.142599937040359e-05
16186,83421,51,24,1,0.00014636599735240452
16187,109415,64,27,2,0.0003097259977948852
16188,26647,61,28,3,0.0001793550000002142
16189,99370,44,28,8,0.0004338430007919669
16190,2984,84,27,2,0.00022811100279795937
16191,8332,56,27,13,0.0004890049967798404
16192,77999,55,27,3,0.00022219200036488473
16193,85755,52,26,6,0.0003709919983521104
16194,28415,44,27,2,0.0003938040026696399
16195,87316,33,27,2,0.000137423998239683
16196,30775,53,26,3,0.0004703070007963106
16197,116780,45,28,3,0.0002897099984693341
16198,73784,43,28,1,0.00012567299927468412
16199,124693,28,27,0,3.595000089262612e-05
16200,25983,40,26,0,3.9046000892994925e-05
16201,72495,28,25,0,3.316299989819527e-05
16202,25247,28,24,0,3.240699879825115e-05
16203,94947,28,23,0,3.141799970762804e-05
16204,98725,28,22,0,3.155600279569626e-05
16205,66733,40,21,0,3.654400279629044e-05
16206,131575,28,20,0,3.750900214072317e-05
16207,67776,28,19,0,2.434699854347855e-05
16208,55715,28,18,0,2.2670999896945432e-05
16209,67747,28,17,0,2.5250999897252768e-05
16210,96744,28,16,0,2.0960000256309286e-05
16211,84457,28,15,0,1.9363000319572166e-05
16212,92918,36,15,1,3.997699968749657e-05
16213,108283,34,14,1,9.401399802300148e-05
16214,111788,32,13,1,6.533600026159547e-05
16215,23829,51,13,0,6.90280030539725e-05
16216,89611,43,12,2,4.63739997940138e-05
16217,65276,42,12,1,9.671799853094853e-05
16218,27142,51,16,5,0.00015646300016669556
16219,41157,74,25,8,0.0003472030002740212
16220,43227,105,26,10,0.0003858380005112849
16221,98621,91,27,4,0.000391135999961989
16222,41935,45,27,5,0.00028205199851072393
16223,98571,103,26,2,0.0003227120032534003
16224,19546,66,27,12,0.00025614799960749224
16225,68213,66,27,10,0.00025767600163817406
16226,128657,52,26,10,0.00020235599731677212
16227,67240,45,27,12,0.0003159560001222417
16228,108722,41,27,10,0.0003856719995383173
16229,4851,69,27,6,0.0002496779998182319
16230,30588,64,27,6,0.00029030299992882647
16231,48071,91,27,4,0.0004953329989803024
16232,40126,69,27,4,0.00022846100182505324
16233,45773,61,27,4,0.00020162900182185695
16234,64967,64,27,5,0.000347815002896823
16235,74305,29,28,1,0.00010865800140891224
16236,32840,73,28,13,0.00038541699905181304
16237,44934,74,27,17,0.00036955099858460017
16238,50096,98,27,7,0.00034996399699593894
16239,36361,56,27,9,0.0002040210019913502
16240,63570,49,27,16,0.000423317000240786
16241,17541,72,27,4,0.0004647450004995335
16242,130165,30,28,1,0.000119423999421997
16243,60390,28,27,0,3.443699824856594e-05
16244,72233,30,27,0,0.00013042899809079245
16245,36476,28,28,1,0.00013022699931752868
16246,112983,28,27,0,3.5226999898441136e-05
16247,19880,28,26,0,3.285599814262241e-05
16248,131496,32,27,2,0.0004878530016867444
16249,119977,31,26,0,4.074400203535333e-05
16250,9863,78,28,21,0.0005716340019716881
16251,16523,56,28,16,0.00025455200011492707
16252,60056,38,28,4,0.00017752499843481928
16253,110931,32,27,0,0.0005072999992989935
16254,15351,36,27,1,0.0003178869992552791
16255,18600,30,28,2,0.0005152110024937429
16256,40649,38,28,8,0.0005086860001028981
16257,83151,46,28,4,0.0005675680004060268
16258,10184,42,27,9,0.0005505580011231359
16259,63868,47,27,2,0.0002990689972648397
16260,4713,47,27,0,7.353399996645749e-05
16261,86738,53,28,6,0.000425073998485459
16262,59097,39,28,5,0.0005576130024564918
16263,74172,57,27,6,0.0003889719992002938
16264,112347,29,28,2,0.000600390001636697
16265,101094,70,28,5,0.00033740000071702525
16266,61686,68,28,3,0.0002680649995454587
16267,72439,28,28,1,9.471399971516803e-05
16268,94979,43,28,12,0.000374170998838963
16269,58341,82,27,12,0.0003691140009323135
16270,66336,53,28,12,0.00032415499663329683
16271,72046,78,27,7,0.0004514290012593847
16272,126246,46,28,1,0.00039010000182315707
16273,95531,61,28,6,0.0003203800006303936
16274,26413,61,28,8,0.0002908789974753745
16275,116017,38,28,1,0.00018182199710281566
16276,102718,62,28,5,0.00023179599884315394
16277,27471,28,28,1,0.00011628300126176327
16278,9039,66,28,27,0.00043315899893059395
16279,128875,50,27,4,0.00031026600117911585
16280,120149,60,28,14,0.00027799600138678215
16281,107365,31,28,5,0.0005680760004906915
16282,106865,42,28,9,0.00022423900009016506
16283,96118,65,28,9,0.00022243300190893933
16284,89487,32,28,3,0.00027684499946190044
16285,117135,60,28,12,0.0003439579995756503
16286,48561,44,27,22,0.00032699000075808726
16287,27550,47,28,1,0.00018107000141753815
16288,94624,50,28,8,0.0002593480021459982
16289,130476,44,28,12,0.00016963999951258302
16290,10154,69,28,4,0.0003544669998518657
16291,105392,61,28,2,0.0002738029979809653
16292,87656,53,27,11,0.0003036130001419224
16293,17436,66,27,11,0.0003806349996011704
16294,91130,48,27,3,0.00015779200111865066
16295,16329,34,28,23,0.00040594399979454465
16296,16842,69,28,18,0.0003823850020125974
16297,107002,66,27,9,0.00027738599965232424
16298,41451,40,28,13,0.00032652600202709436
16299,61651,57,27,3,0.00017274000128963962
16300,70665,67,28,5,0.0003850659995805472
16301,28682,71,28,16,0.00048541099749854766
16302,32298,69,28,11,0.0004954899995937012
16303,121928,50,28,42,0.00047167999946395867
16304,41058,57,28,9,0.000325206001434708
16305,8859,81,28,2,0.0003940440001315437
16306,109770,37,28,21,0.00023999399854801595
16307,106292,42,27,18,0.000233472997933859
16308,34524,48,28,8,0.0002928139983850997
16309,89848,47,28,21,0.0005035779977333732
16310,20322,44,28,8,0.0004216189990984276
16311,50537,93,28,11,0.00043680799717549235
16312,107581,80,28,12,0.0003779910002776887
16313,598,54,28,5,0.00029108699891366996
16314,66682,52,28,23,0.00047515200276393443
16315,110210,128,28,13,0.00039345500044873916
16316,6331,61,27,10,0.0003162120010529179
16317,130756,62,28,3,0.0002051070005109068
16318,123642,48,28,11,0.00039843700142228045
16319,36290,51,28,4,0.00022395099949790165
16320,52398,44,27,5,0.0002447600018058438
16321,1482,49,28,11,0.0002833829967130441
16322,27613,84,28,3,0.0004905319983663503
16323,4815,53,28,6,0.00034185999902547337
16324,12600,81,28,11,0.00020302300254115835
16325,3468,68,28,4,0.0002606090019980911
16326,86233,68,28,1,0.00024971499806270003
16327,37230,76,28,8,0.00032212899895966984
16328,25036,74,28,13,0.0003299939999124035
16329,41567,60,28,6,0.00024315700284205377
16330,33883,74,28,19,0.00043538799945963547
16331,129025,29,29,1,9.040300210472196e-05
16332,65629,29,28,0,3.589599873521365e-05
16333,98230,29,27,0,3.3747997804312035e-05
16334,4908,29,26,0,3.300999742350541e-05
16335,98541,29,25,0,3.065399869228713e-05
16336,24933,29,24,0,2.9799000913044438e-05
16337,47111,29,23,0,3.107799784629606e-05
16338,66310,29,22,0,3.0573999538319185e-05
16339,18958,29,21,0,2.9505001293728128e-05
16340,100188,29,20,0,2.764999953797087e-05
16341,20418,29,19,0,2.5020002794917673e-05
16342,49540,29,18,0,2.254900027764961e-05
16343,64838,29,17,0,2.1218002075329423e-05
16344,8840,50,16,0,3.984700015280396e-05
16345,30667,29,15,0,2.0561001292662695e-05
16346,15760,29,14,0,1.8217000615550205e-05
16347,59807,29,13,0,2.1996998839313164e-05
16348,1950,29,12,0,1.653899744269438e-05
16349,131857,29,11,0,1.6952999430941418e-05
16350,82616,29,10,0,1.6568999853916466e-05
16351,50105,35,9,0,4.870599877904169e-05
16352,60472,29,8,0,1.7330999980913475e-05
16353,26149,29,7,0,1.545000122860074e-05
16354,7829,51,6,0,2.2796000848757103e-05
16355,34732,33,5,0,1.735499972710386e-05
16356,47276,29,4,0,1.1338001058902591e-05
16357,124875,29,3,0,9.825002052821219e-06
16358,18451,29,2,0,8.847000572131947e-06
16359,7896,47,2,0,2.931900235125795e-05
16360,34011,51,1,0,2.0734998543048277e-05
16361,73755,29,29,1,9.35159987420775e-05
16362,92818,29,28,0,3.809099871432409e-05
16363,87486,29,27,0,3.561999983503483e-05
16364,55605,29,26,0,8.292100028484128e-05
16365,13080,29,25,0,4.0363000152865425e-05
16366,21545,39,24,0,4.8376998165622354e-05
16367,40600,29,23,0,3.404400194995105e-05
16368,11590,29,22,0,3.329199898871593e-05
16369,87129,29,21,0,3.125000148429535e-05
16370,16542,29,20,0,3.150200063828379e-05
16371,76035,29,19,0,2.6547997549641877e-05
16372,130330,29,18,0,2.3932003387017176e-05
16373,76510,29,17,0,2.0785999367944896e-05
16374,87594,29,16,0,2.494200089131482e-05
16375,48363,29,15,0,1.923300078487955e-05
16376,44702,29,14,0,1.8249000277137384e-05
16377,114116,29,13,0,1.8426999304210767e-05
16378,80120,29,12,0,4.0623999666422606e-05
16379,60580,29,11,0,1.8893999367719516e-05
16380,62199,29,10,0,1.6641002730466425e-05
16381,121898,29,9,0,1.571000029798597e-05
16382,128086,34,10,0,3.087799996137619e-05
16383,66724,54,9,0,4.618199818651192e-05
16384,126298,35,8,0,2.8577000193763524e-05
16385,131292,49,9,0,5.067799793323502e-05
16386,84477,42,8,1,4.6731998736504465e-05
16387,30463,49,8,0,6.49819994578138e-05
16388,48569,48,11,1,6.38269993942231e-05
16389,76026,74,23,3,0.00021404499784694053
16390,25628,29,29,1,0.0001203459978569299
16391,21560,50,29,1,0.0002657149998412933
16392,62842,30,28,1,4.181199983577244e-05
16393,102282,36,27,0,3.615300011006184e-05
16394,121940,29,29,1,0.00012441600119927898
16395,101975,29,28,0,3.677499989862554e-05
16396,98962,29,27,0,3.735200152732432e-05
16397,121654,29,26,0,3.433000165387057e-05
16398,31471,29,25,0,3.3207998058060184e-05
16399,109697,29,24,0,3.478900180198252e-05
16400,50244,52,27,4,0.00012566399891511537
16401,42886,52,27,2,0.0004965619991708081
16402,60075,85,27,0,0.00015785299910930917
16403,84660,52,27,3,0.0004162379991612397
16404,128312,52,26,3,0.00018459300190443173
16405,4148,41,26,0,0.0001694979982858058
16406,111082,58,27,6,0.0002464040007907897
16407,25203,71,27,7,0.00024026599930948578
16408,69318,48,27,4,0.0001968809992831666
16409,61571,67,28,12,0.00031740399936097674
16410,30625,64,28,7,0.0003967500015278347
16411,16035,41,28,7,0.0002903829990827944
16412,106611,82,29,6,0.00019301599968457595
16413,97815,75,28,6,0.0003042899988940917
16414,121037,51,28,18,0.0005540700003621168
16415,12147,119,28,1,0.00030503699963446707
16416,24075,115,27,5,0.00025733199800015427
16417,107056,48,28,5,0.0004562799986160826
16418,37693,86,28,10,0.00036343999818200245
16419,58484,86,29,0,0.00020632900123018771
16420,59517,53,29,3,0.0003883930003212299
16421,75911,39,29,1,0.00015856599929975346
16422,125082,84,29,5,0.0003109719982603565
16423,4498,50,28,2,0.00031242200202541426
16424,114464,78,28,6,0.0003098150009464007
16425,9386,75,29,7,0.0002940279991889838
16426,48423,95,28,10,0.0002803530005621724
16427,8398,29,29,1,0.00011599099889281206
16428,25850,37,29,1,0.00015039499703561887
16429,14646,106,29,12,0.00046573299914598465
16430,126357,29,29,1,0.00012725200213026255
16431,31126,46,29,21,0.0004477039983612485
16432,82340,80,29,11,0.00036347399873193353
16433,129458,65,29,9,0.00030149699887260795
16434,37303,39,29,13,0.0006410829992091749
16435,82406,44,29,11,0.0006242750023375265
16436,112125,50,28,9,0.0002500379996490665
16437,68921,69,28,6,0.00022081099814386107
16438,74237,29,29,1,0.00012419099948601797
16439,542,32,29,1,0.0002012250006373506
16440,47674,52,29,8,0.0002412430003460031
16441,28224,46,29,62,0.0008480649994453415
16442,127564,147,29,7,0.0005275799994706176
16443,115666,104,28,10,0.0002865210008167196
16444,12265,54,28,12,0.0004529129982984159
16445,30693,84,28,9,0.0004067170011694543
16446,76378,76,29,9,0.00029550599720096216
16447,40552,54,29,14,0.00046765799925196916
16448,101994,81,29,3,0.0004196189984213561
16449,122488,34,29,2,0.0006949729977350216
16450,645,31,29,0,9.279699952458031e-05
16451,92810,88,29,7,0.0005170599979464896
16452,32398,52,29,25,0.0004642040003091097
16453,95927,48,29,0,0.0006698760007566307
16454,129543,34,28,0,4.897499820799567e-05
16455,9486,31,27,0,4.066700057592243e-05
16456,5444,32,26,0,3.7896999856457114e-05
16457,80041,38,25,0,5.8655998145695776e-05
16458,114719,32,24,0,3.816299795289524e-05
16459,114430,32,23,0,3.472399839665741e-05
16460,61326,36,23,1,8.792100197752006e-05
16461,72872,38,22,1,0.00013180099995224737
16462,59827,39,21,0,7.839200043235905e-05
16463,48634,50,20,3,0.00011179699868080206
16464,55876,42,20,0,5.061399861006066e-05
16465,28384,43,20,1,9.324699931312352e-05
16466,49508,51,19,1,9.465100083616562e-05
16467,5883,42,18,2,0.00012519200026872568
16468,10899,56,18,3,9.421600043424405e-05
16469,12909,42,17,1,7.904899757704698e-05
16470,63005,70,16,1,7.594099952257238e-05
16471,88311,63,17,2,0.00015487899872823618
16472,96848,54,17,0,0.00010866000229725614
16473,29684,77,18,7,0.00021560900131589733
16474,113555,81,17,5,0.00020403999951668084
16475,126340,68,16,0,6.887400013511069e-05
16476,102950,77,16,1,0.00010716699762269855
16477,31389,82,19,5,0.00024232600117102265
16478,70413,111,27,3,0.00026313000125810504
16479,114576,56,28,8,0.00019589799921959639
16480,71218,103,28,5,0.00029471399830072187
16481,82069,85,28,12,0.000302143998851534
16482,128697,75,29,12,0.0003782739986490924
16483,120507,50,29,25,0.00043382599687902257
16484,32457,54,29,7,0.0003370399972482119
16485,95952,67,29,9,0.00038379000034183264
16486,16092,29,29,1,0.00012916700143250637
16487,16093,29,29,1,7.554999683634378e-05
16488,128775,76,29,11,0.00038050199873396195
16489,15973,99,28,7,0.00022905299920239486
16490,116514,61,29,5,0.0005974729974695947
16491,131451,76,28,6,0.0003466579983069096
16492,54055,71,29,4,0.0003234840005461592
16493,811,57,29,14,0.00042001900146715343
16494,91969,60,29,53,0.0008714770010556094
16495,120646,61,29,14,0.00044503399840323254
16496,98586,56,28,20,0.0006277869979385287
16497,109432,51,28,5,0.00017808700067689642
16498,119145,55,27,12,0.00037055600114399567
16499,17233,72,29,10,0.0003897870010405313
16500,66522,32,29,1,0.000122433000797173
16501,126948,46,29,6,0.0006189490013639443
16502,3067,61,29,13,0.0002582079978310503
16503,21530,55,29,2,0.0008066630034591071
16504,59432,57,29,25,0.0004374650015961379
16505,88348,43,28,3,0.0005583480015047826
16506,43051,63,29,2,0.00015596199955325574
16507,80429,44,28,1,9.076200149138458e-05
16508,97387,68,29,10,0.0003590929991332814
16509,130230,60,29,13,0.00026807999893208034
16510,29062,69,29,15,0.0003339499999128748
16511,45637,38,29,6,0.0006111219990998507
16512,46716,68,29,5,0.0004900979984086007
16513,46741,31,29,1,0.00012010700083919801
16514,51897,57,29,6,0.0002025219982897397
16515,81700,61,29,11,0.0003620099996624049
16516,79811,54,29,16,0.0007324250000237953
16517,50163,61,29,8,0.0002991560031659901
16518,101024,47,29,16,0.0006423510021704715
16519,62130,42,29,37,0.0007835559990780894
16520,8978,65,29,9,0.0002771700019366108
16521,100181,61,28,3,0.0003297100010968279
16522,8053,99,29,3,0.00030213499849196523
16523,26168,73,28,15,0.0005789400020148605
16524,73053,57,28,24,0.0006662999985564966
16525,67580,111,29,9,0.0007594130001962185
16526,99431,120,29,4,0.00042066600144607946
16527,77208,71,29,7,0.0002685799991013482
16528,49648,53,29,1,0.0007176159997470677
16529,14273,66,29,11,0.00033284899836871773
16530,26590,161,29,8,0.0004499970018514432
16531,67336,74,29,16,0.00030392000189749524
16532,53034,90,29,11,0.0003467399983492214
16533,108850,67,29,5,0.00023460100055672228
16534,50148,55,29,11,0.0002396019990555942
16535,127016,78,29,11,0.00042528100311756134
16536,88074,70,30,8,0.0004999299999326468
16537,87563,69,30,3,0.0005827789973409381
16538,32595,74,29,7,0.00026861700098379515
16539,54289,30,30,1,9.710999802337028e-05
16540,26477,32,29,0,3.9684997318545356e-05
16541,130759,30,28,0,3.5871002182830125e-05
16542,16363,32,27,0,3.684699913719669e-05
16543,46798,30,26,0,3.371099955984391e-05
16544,86596,30,25,0,3.325600118841976e-05
16545,112419,30,24,0,3.29590002365876e-05
16546,14106,30,23,0,3.3313997846562415e-05
16547,114605,30,22,0,3.1923998903948814e-05
16548,29295,30,21,0,3.0324998078867793e-05
16549,84185,34,20,0,3.4947999665746465e-05
16550,92133,30,19,0,2.5983998057199642e-05
16551,109686,30,18,0,2.2648000594926998e-05
16552,42585,30,17,0,2.0319002942414954e-05
16553,38887,33,16,0,2.273199788760394e-05
16554,21458,30,15,0,1.941000300575979e-05
16555,56173,52,14,0,3.563299833331257e-05
16556,112158,30,13,0,1.8024999008048326e-05
16557,6713,30,12,0,2.4547996872570366e-05
16558,16270,34,11,0,1.972100290004164e-05
16559,5899,30,10,0,1.6251000488409773e-05
16560,64592,30,9,0,1.5834000805625692e-05
16561,92015,30,8,0,1.940700167324394e-05
16562,106415,30,7,0,1.5261997759807855e-05
16563,61395,30,6,0,1.3576998753705993e-05
16564,131266,35,6,0,2.414600021438673e-05
16565,110248,49,5,0,3.648799975053407e-05
16566,824,33,4,1,2.861999746528454e-05
16567,101917,45,4,0,4.154399721301161e-05
16568,103171,33,3,0,2.0430998119991273e-05
16569,27160,43,30,2,0.0003468289978627581
16570,76946,51,29,0,7.511100193369202e-05
16571,106964,64,29,1,0.0003056639980059117
16572,112343,63,29,13,0.0003590010019252077
16573,79028,66,28,0,0.00011835700206574984
16574,21396,60,28,8,0.0004759250005008653
16575,66367,82,29,3,0.000274382000498008
16576,109084,53,30,24,0.0007484950001526158
16577,108062,55,30,11,0.0003508240006340202
16578,70686,65,30,4,0.0004851869998674374
16579,71854,66,29,14,0.0002517469984013587
16580,78060,41,29,1,0.0001057659974321723
16581,120091,59,28,3,0.0003755979996640235
16582,18007,80,29,13,0.0003851239998766687
16583,95048,33,29,5,0.0004265990028216038
16584,59489,57,28,3,0.00014472999828285538
16585,87088,32,28,3,0.0006147710009827279
16586,107597,33,27,0,4.6213001041905954e-05
16587,107397,46,28,1,0.00013333899914869107
16588,128297,105,29,14,0.00045380899973679334
16589,95269,30,30,2,0.0006002650006848853
16590,76327,32,30,37,0.0007967409983393736
16591,36409,58,30,40,0.000635967000562232
16592,96334,30,30,2,0.0006291409990808461
16593,102035,84,30,23,0.0005466789989441168
16594,114865,51,30,9,0.0006730829991283827
16595,132286,30,30,1,0.00013574200056609698
16596,55500,43,30,5,0.00040139699922292493
16597,36044,88,30,9,0.0005591080007434357
16598,24354,87,29,5,0.00032711699896026403
16599,52947,55,30,4,0.0004030010022688657
16600,102795,56,29,6,0.00030399699971894734
16601,41199,32,30,5,0.0006806530000176281
16602,92914,96,30,10,0.00039053300133673474
16603,127219,62,30,6,0.00045153400060371496
16604,45823,47,30,5,0.00028061799821443856
16605,46400,93,29,41,0.000759316000767285
16606,106387,70,29,22,0.0005822929997520987
16607,83720,81,30,14,0.0003857299998344388
16608,125302,70,29,12,0.00034816500192391686
16609,72984,30,30,1,0.00010592699982225895
16610,67357,41,30,8,0.0003448250026849564
16611,39720,36,30,1,9.396600216859952e-05
16612,73275,36,29,0,4.453300061868504e-05
16613,68255,38,29,1,0.0005913429995416664
16614,91552,38,28,0,5.495700315805152e-05
16615,119786,69,29,0,0.00020855600087088533
16616,25915,35,30,1,0.00017111600027419627
16617,56125,30,30,1,0.00012247899940120988
16618,71007,66,30,10,0.00030305299878818914
16619,13569,64,29,23,0.0005543900006159674
16620,49586,61,29,10,0.00039375099731842056
16621,80525,75,28,16,0.0005788950002170168
16622,30664,71,29,4,0.000352932998794131
16623,85397,83,28,16,0.0005956329987384379
16624,13975,81,28,13,0.0005343419979908504
16625,41610,69,28,22,0.00033178800003952347
16626,71602,80,27,2,0.00035699100044439547
16627,101520,62,28,16,0.0004146899991610553
16628,11257,118,28,8,0.0004452929970284458
16629,56589,61,28,6,0.00017711699911160395
16630,92327,60,28,7,0.00025837700013653375
16631,57366,50,29,0,0.00015237600018735975
16632,108604,64,29,11,0.00022777000049245544
16633,114426,57,28,25,0.00036151499807601795
16634,108958,47,29,13,0.0008186750019376632
16635,82286,68,30,1,0.00031530100022791885
16636,120050,52,29,7,0.0003607699982239865
16637,55198,35,30,5,0.000646799999231007
16638,57250,105,30,7,0.0005572189984377474
16639,98506,84,29,5,0.00046994500007713214
16640,128433,61,30,5,0.0003682249989651609
16641,77757,33,30,2,0.0005131430007168092
16642,13759,30,30,1,0.00013875299919163808
16643,123413,40,30,0,0.00014791200010222383
16644,130659,53,30,14,0.000591089999943506
16645,35441,43,30,5,0.0002745120000327006
16646,13962,43,30,1,0.00022274900038610213
16647,2803,48,30,30,0.0006556539992743637
16648,98067,44,30,7,0.0007634309986315202
16649,21281,39,29,4,0.0005210330018599052
16650,131993,34,29,6,0.0005945080010860693
16651,16896,34,31,3,0.00022972399892751127
16652,124934,31,31,1,0.00010198400195804425
16653,12621,31,30,0,4.120100129512139e-05
16654,115711,31,29,0,3.793699943344109e-05
16655,40325,31,28,0,3.7693000194849446e-05
16656,36572,31,27,0,4.0055001591099426e-05
16657,63969,31,26,0,3.348300015204586e-05
16658,125317,31,25,0,3.519499659887515e-05
16659,9266,33,24,0,3.929699960281141e-05
16660,25627,31,23,0,3.486299829091877e-05
16661,61807,31,22,0,3.195699900970794e-05
16662,115221,31,21,0,3.2533000194234774e-05
16663,66311,31,20,0,3.1857998692430556e-05
16664,121960,31,19,0,2.7243000658927485e-05
16665,108156,31,18,0,2.4851000489434227e-05
16666,49307,48,17,0,3.5959001252194867e-05
16667,115337,31,16,0,2.1980999008519575e-05
16668,61585,31,15,0,2.046299778157845e-05
16669,112499,31,14,0,1.954500112333335e-05
16670,95774,31,13,0,1.9701998098753393e-05
16671,115710,31,12,0,1.87639998330269e-05
16672,45200,31,11,0,1.7964997823582962e-05
16673,73759,31,10,0,1.7525999282952398e-05
16674,87296,31,9,0,1.7349000700050965e-05
16675,10640,31,8,0,1.6268000763375312e-05
16676,107035,31,7,0,1.5665998944314197e-05
16677,107036,31,6,0,1.432100179954432e-05
16678,54796,31,5,0,1.4220000593923032e-05
16679,89119,42,4,0,1.789800080587156e-05
16680,118143,31,3,0,1.003099896479398e-05
16681,6837,43,4,1,3.5384000511839986e-05
16682,107028,31,31,1,0.00013466100062942132
16683,92150,31,30,0,3.964300049119629e-05
16684,125232,31,29,0,4.3108000681968406e-05
16685,64176,39,28,0,8.086000161711127e-05
16686,58935,31,27,0,3.949400343117304e-05
16687,101189,39,26,0,4.688300032285042e-05
16688,73617,42,26,1,6.57620003039483e-05
16689,110608,45,25,1,6.985199797782116e-05
16690,129887,42,25,0,5.717900057788938e-05
16691,72201,40,24,1,5.506799789145589e-05
16692,61195,40,23,0,9.620000128052197e-05
16693,24465,59,23,1,9.697299901745282e-05
16694,89812,52,22,0,6.910400043125264e-05
16695,129140,53,21,1,6.221999865374528e-05
16696,74059,41,21,2,0.00010116900011780672
16697,127591,57,20,1,0.00011257200094405562
16698,119748,49,21,7,0.0003274789996794425
16699,15181,85,24,3,0.0002065940025204327
16700,66553,76,28,8,0.0003140519984299317
16701,82130,80,30,7,0.0005362310002965387
16702,128358,80,30,4,0.0004431239976838697
16703,75117,66,30,9,0.0003297520015621558
16704,128463,82,30,27,0.0006481879972852767
16705,45732,109,30,10,0.00043516900041140616
16706,127193,72,30,11,0.00035070800004177727
16707,75607,103,30,12,0.0003807680004683789
16708,40208,85,30,4,0.00022280799748841673
16709,126451,106,30,6,0.0004179620009381324
16710,132206,60,30,5,0.0005260500001895707
16711,34945,71,30,14,0.0005314709997037426
16712,129726,77,30,9,0.0002886140027840156
16713,119031,75,30,10,0.0003443649984546937
16714,80218,41,30,6,0.0006472700006270315
16715,28623,85,30,3,0.00025602499954402447
16716,55292,74,29,0,0.0002019419989665039
16717,121461,52,30,6,0.00024979400041047484
16718,22462,67,30,24,0.0008225060009863228
16719,100884,54,31,13,0.0006126789994596038
16720,48686,97,31,7,0.0006378930011123884
16721,88633,91,31,13,0.0006337099985103123
16722,84879,89,30,8,0.00033989200164796785
16723,107194,90,30,20,0.0006675020013062749
16724,119867,37,31,11,0.0007087900012265891
16725,24128,57,31,11,0.000208223002118757
16726,21991,85,30,24,0.0004561380010272842
16727,30828,93,30,14,0.0004451929999049753
16728,80727,72,30,8,0.0003683180002553854
16729,57421,32,31,1,0.00012053499813191593
16730,75159,32,30,0,4.1354000131832436e-05
16731,80021,32,29,0,4.040400017402135e-05
16732,88684,33,28,0,4.509000063990243e-05
16733,119702,35,28,1,0.00040329200055566616
16734,58712,35,27,0,4.423900099936873e-05
16735,83302,34,26,0,3.946599827031605e-05
16736,57186,35,25,0,7.858100070734508e-05
16737,57629,35,24,0,4.35090005339589e-05
16738,116901,37,24,0,0.0001318180002272129
16739,109385,37,23,0,0.00012584199794218875
16740,4173,62,31,25,0.0006113999988883734
16741,52817,81,31,3,0.0004941379993397277
16742,117734,98,30,8,0.0005282849997456651
16743,1801,57,30,14,0.00042604099871823564
16744,52321,31,31,1,0.0001293479981541168
16745,14716,31,30,0,3.9754999306751415e-05
16746,39174,31,29,0,4.083599924342707e-05
16747,99455,31,28,0,3.572000059648417e-05
16748,124634,31,27,0,3.497699799481779e-05
16749,97974,55,26,0,6.106399814598262e-05
16750,30194,31,25,0,3.421200017328374e-05
16751,102331,31,24,0,3.405800089240074e-05
16752,54021,31,23,0,3.434999962337315e-05
16753,111497,31,22,0,3.386800017324276e-05
16754,83665,32,22,1,3.8301001040963456e-05
16755,49650,43,27,1,0.00062315499963006
16756,8592,43,26,0,5.555399911827408e-05
16757,32406,43,25,0,4.938100028084591e-05
16758,84657,44,24,0,4.486800025915727e-05
16759,23738,43,23,0,9.710500307846814e-05
16760,127085,39,31,2,0.00020707400108221918
16761,120454,43,31,2,0.00021986800129525363
16762,55233,75,30,26,0.000446842001110781
16763,94138,81,30,3,0.0005526759996428154
16764,77580,66,30,8,0.00035760500031756237
16765,33428,54,31,8,0.0003781279992836062
16766,72380,43,31,7,0.0005456580001919065
16767,117953,111,31,10,0.0005244349995336961
16768,50385,80,31,10,0.0004897329999948852
16769,22780,68,30,6,0.0003497520010569133
16770,86744,36,31,1,0.0001734610013954807
16771,97209,31,30,0,4.284200258553028e-05
16772,32791,36,30,1,0.00028715799999190494
16773,1356,36,29,0,4.747200000565499e-05
16774,18330,38,29,0,6.37339981039986e-05
16775,102116,107,31,32,0.0006574930011993274
16776,28787,53,30,14,0.00031857100111665204
16777,62496,52,30,4,0.0005849820008734241
16778,27375,75,31,8,0.00035679799839272164
16779,102653,52,31,5,0.00040449099833494984
16780,27710,43,30,2,0.0007495169993489981
16781,45132,44,29,0,8.342600267496891e-05
16782,89603,46,28,0,8.53849996929057e-05
16783,59998,55,30,1,0.0006286549978540279
16784,42429,50,29,0,7.012000060058199e-05
16785,42919,57,28,0,6.742999903508462e-05
16786,29114,63,28,10,0.00028227299844729714
16787,92043,63,28,0,9.60140023380518e-05
16788,17861,63,28,5,0.0002776019973680377
16789,72959,61,31,0,0.00020653800311265513
16790,30502,73,31,9,0.0005356139990908559
16791,77098,61,31,50,0.0007445829978678375
16792,76078,31,31,1,0.00012603800132637843
16793,13109,46,31,28,0.0006716559983033221
16794,46914,59,31,1,0.00045388400030788034
16795,47432,43,31,8,0.000552425000932999
16796,9048,49,31,5,0.0002851530007319525
16797,117085,63,31,3,0.00039670700061833486
16798,65889,79,31,3,0.00039601799653610215
16799,10639,118,30,8,0.00030214299840736203
16800,110955,91,31,3,0.0005258219971437939
16801,62346,74,31,6,0.0003026350022992119
16802,30126,91,31,8,0.000358987002982758
16803,71118,91,30,6,0.00035455099714454263
16804,87485,66,31,9,0.0003664450014184695
16805,81881,41,31,17,0.0004283659982320387
16806,51406,50,30,7,0.00029750999965472147
16807,87520,31,31,1,0.00011908699889318086
16808,4065,74,31,8,0.0005765549976786133
16809,31445,87,30,6,0.0004360050006653182
16810,73340,78,29,7,0.000655751002341276
16811,45384,67,29,6,0.0005906659971515182
16812,96726,127,29,2,0.00040308300231117755
16813,21627,100,29,8,0.00046398000267799944
16814,66502,103,30,8,0.0004920549981761724
16815,2588,93,31,11,0.0004059189996041823
16816,130643,51,31,42,0.000499386998853879
16817,130184,65,31,5,0.0007031220011413097
16818,30972,95,31,5,0.0006178420007927343
16819,108818,95,31,12,0.00044241000068723224
16820,104241,92,31,6,0.00034023300031549297
16821,73543,86,31,4,0.0003219110003556125
16822,85323,62,30,10,0.0004198559981887229
16823,5019,71,31,3,0.0002451229993312154
16824,492,60,31,14,0.0004959409998264164
16825,26141,105,31,19,0.0006218410017027054
16826,100439,83,30,2,0.00045479799882741645
16827,5710,72,31,12,0.0004980289995728526
16828,1399,71,30,6,0.00037904899727436714
16829,24798,62,31,21,0.00044163200072944164
16830,112868,57,31,13,0.0004044190027343575
16831,53054,81,31,4,0.0003570179978851229
16832,75171,76,31,1,0.000467847003164934
16833,117255,122,31,3,0.000373594000848243
16834,31928,67,31,19,0.00049549899995327
16835,108248,119,31,2,0.0005218910009716637
16836,21228,94,30,22,0.0007249439986480866
16837,81761,146,30,5,0.0004950689981342293
16838,36688,101,31,8,0.00043289099994581193
16839,31290,57,30,8,0.00021585300055448897
16840,123233,75,31,6,0.000278653998975642
16841,118261,118,30,5,0.00040609600182506256
16842,92062,43,31,12,0.0003688020005938597
16843,15381,79,31,18,0.0005718190004699863
16844,36442,86,31,10,0.0004228549987601582
16845,93096,103,31,17,0.0005166129994904622
16846,72960,32,32,1,0.0001422019995516166
16847,115260,32,31,0,4.483199882088229e-05
16848,80015,35,30,0,4.837099913856946e-05
16849,70130,48,30,0,7.248399924719706e-05
16850,45183,41,29,0,5.976399916107766e-05
16851,103706,46,31,3,0.0008511820014973637
16852,20852,47,31,16,0.0007978649991855491
16853,92163,93,32,2,0.0004740780022984836
16854,54746,138,31,5,0.0005268979984975886
16855,109317,66,32,35,0.0005878550000488758
16856,128262,59,32,13,0.0003853070011246018
16857,83488,50,32,3,0.00026984699798049405
16858,26915,37,32,2,0.0008664330016472377
16859,25177,35,31,0,5.823600076837465e-05
16860,95893,36,30,0,4.864799848292023e-05
16861,81625,34,29,0,7.445899973390624e-05
16862,92108,42,29,0,0.0004370719980215654
16863,107622,38,30,2,0.0003351480008859653
16864,86252,44,30,1,0.0008687299996381626
16865,96351,49,29,1,0.000134216999867931
16866,116567,59,28,2,0.00047019900011946447
16867,22236,76,28,1,0.00023530999897047877
16868,6790,74,27,1,0.00016830799722811207
16869,72004,48,26,1,0.0001278099989576731
16870,117773,68,25,0,0.0001276460025110282
16871,55000,49,25,1,0.0001278079980693292
16872,48745,69,25,0,0.00028063799982191995
16873,29732,79,25,2,0.0002998370000568684
16874,75539,80,26,1,0.00017109500186052173
16875,10564,98,27,4,0.0002699729993764777
16876,77436,62,26,1,0.00013817299986840226
16877,70898,81,25,1,0.00013828499868395738
16878,68233,92,25,4,0.000361502003215719
16879,37653,143,24,0,0.00034492499980842695
16880,22653,92,24,6,0.00032637999902362935
16881,25962,88,25,6,0.0003904229997715447
16882,91401,136,26,4,0.00033275800160481595
16883,13944,125,27,4,0.00039356400156975724
16884,71947,108,26,7,0.00024204000146710314
16885,31063,137,27,6,0.0002973359987663571
16886,65114,138,27,11,0.0005161920016689692
16887,88012,162,27,2,0.00040802299918141216
16888,22767,142,30,3,0.0006270589983614627
16889,39577,127,31,8,0.0005700389992853161
16890,41119,74,31,23,0.0004528259996732231
16891,37036,136,31,25,0.0006399079975381028
16892,79712,132,30,8,0.00047742999959154986
16893,36969,93,30,21,0.0007026519997452851
16894,103169,125,31,11,0.0005889240019314457
16895,71541,76,31,16,0.0004992689973732922
16896,102277,192,31,2,0.0004698039992945269
16897,92552,77,31,16,0.0004705700011982117
16898,229,107,30,9,0.0005129959972691722
16899,42143,130,30,17,0.0005695060026482679
16900,105901,87,31,9,0.0005032240005675703
16901,24500,107,31,19,0.0006718430013279431
16902,48115,54,31,3,0.00026238700229441747
16903,87547,79,31,4,0.0005484610010171309
16904,107534,109,31,3,0.00038628400216111913
16905,24261,136,31,13,0.0006126299995230511
16906,27385,79,31,18,0.0006741549987054896
16907,115062,73,31,36,0.0007331829983741045
16908,35363,41,32,16,0.00032931199893937446
16909,102203,36,32,3,0.000764543998229783
16910,58172,33,32,1,0.00013366200073505752
16911,130441,35,31,0,5.6639997637830675e-05
16912,48546,38,30,0,5.116399916005321e-05
16913,2515,60,29,0,8.906799848773517e-05
16914,57263,32,28,0,3.858200216200203e-05
16915,85952,40,27,0,4.976399941369891e-05
16916,119952,46,27,0,6.609699994442053e-05
16917,86528,41,26,0,0.00012562899792101234
16918,89109,37,25,1,5.481400148710236e-05
16919,87344,41,24,0,4.620600157068111e-05
16920,117071,48,24,1,0.0005264419996819925
16921,48255,53,23,0,6.276500062085688e-05
16922,119434,56,22,0,8.494899884681217e-05
16923,122347,50,22,0,0.0002769860002445057
16924,107852,64,21,0,0.00019418499869061634
16925,80593,61,20,0,0.0003871890003210865
16926,116697,59,19,0,5.5167998652905226e-05
16927,62650,68,19,0,0.0001249369997822214
16928,116893,74,19,0,0.0002206169992859941
16929,131043,99,19,0,0.00023177599723567255
16930,104961,77,18,0,5.8223999076290056e-05
16931,54885,96,17,0,8.835199696477503e-05
16932,54795,75,18,1,0.0002057089986919891
16933,72490,79,17,0,5.411199890659191e-05
16934,131167,71,16,3,0.00016573999891988933
16935,82610,74,15,0,5.208999937167391e-05
16936,58216,87,16,1,0.0001407529998687096
16937,110455,69,19,3,0.00021877299877814949
16938,130322,71,18,1,9.361299817101099e-05
16939,43303,87,30,3,0.0003223950006940868
16940,109363,95,29,19,0.0006616520004172344
16941,118133,91,28,0,0.00011133799853269011
16942,72738,96,31,8,0.0005035439971834421
16943,86721,65,32,8,0.0005999929999234155
16944,113825,95,31,16,0.0005737299979955424
16945,15223,46,30,6,0.0003417569969315082
16946,125316,102,31,10,0.0005010460008634254
16947,100548,46,32,1,0.00015223200171021745
16948,78800,39,31,0,5.2875999244861305e-05
16949,16042,40,30,0,4.868900214205496e-05
16950,97491,54,29,0,7.390200335066766e-05
16951,77194,58,29,1,8.343300214619376e-05
16952,75761,40,28,0,5.834799958392978e-05
16953,39597,51,28,1,0.00013152099927538075
16954,19695,47,27,0,6.971199763938785e-05
16955,120321,60,26,1,0.00020107399905100465
16956,73216,55,25,0,6.647000191151164e-05
16957,70035,47,24,0,0.00011770099808927625
16958,54239,67,24,0,9.799699910217896e-05
16959,3377,57,24,0,0.00010153499897569418
16960,71482,64,23,1,0.0003969489989685826
16961,14783,53,23,1,0.00012251699808984995
16962,17097,63,22,2,0.00023728900123387575
16963,22833,71,22,2,0.00012118199811084196
16964,76830,79,21,3,0.00015145200086408295
16965,5665,79,20,1,0.00022831900059827603
16966,107436,93,19,1,0.0002257169981021434
16967,133062,77,18,0,6.108700108597986e-05
16968,35020,119,19,1,0.00016026099910959601
16969,93530,54,19,2,0.00023025799964671023
16970,123670,83,18,0,0.00014210800145519897
16971,95558,75,20,1,0.0002670149988261983
16972,78328,133,19,2,0.00028507100068964064
16973,9103,107,18,0,0.00019203100237064064
16974,105528,86,18,3,0.00017129600018961355
16975,91843,95,17,2,0.00021104999905219302
16976,46229,108,17,4,0.00023551200138172135
16977,20598,108,18,4,0.00016547899940633215
16978,104544,79,17,1,0.00013506899995263666
16979,10479,78,25,8,0.0005165540023881476
16980,51847,101,30,7,0.0005281359990476631
16981,21271,91,31,11,0.0004788020014530048
16982,103492,108,32,4,0.000424727000790881
16983,127816,80,32,10,0.0006091710019973107
16984,75612,46,32,7,0.0007147029973566532
16985,82587,77,31,17,0.0004868629985139705
16986,123389,70,31,39,0.0006652820011368021
16987,116319,79,32,31,0.0008272730010503437
16988,105314,100,32,12,0.0005785489993286319
16989,6831,139,31,10,0.000578843002585927
16990,108392,67,32,12,0.0005684610005118884
16991,35690,77,32,3,0.00046411799849011004
16992,62058,56,32,11,0.0007052949986245949
16993,118896,108,32,13,0.0004307229974074289
16994,49009,90,32,20,0.0006618849984079134
16995,116722,37,32,2,0.000613512998825172
16996,38898,42,32,12,0.00045105000026524067
16997,100021,130,31,10,0.0005092409992357716
16998,47128,82,31,6,0.0006977880002523307
16999,21192,73,31,3,0.0003607700018619653
17000,37378,118,31,12,0.0007141360001696739
17001,79633,37,31,3,0.00019573299869080074
17002,116724,32,32,1,0.00015786699805175886
17003,73842,108,32,14,0.000683786998706637
17004,89969,122,32,5,0.00046734999705222435
17005,66995,130,31,6,0.0004882419998466503
17006,61393,63,31,11,0.0005373640015022829
17007,19325,113,31,30,0.0006284250011958648
17008,131320,42,32,7,0.0007090050021361094
17009,27145,33,32,1,0.000776323999161832
17010,122652,82,32,19,0.0005392929997469764
17011,92577,68,32,10,0.0007217089987534564
17012,92075,49,31,1,0.00021957599892630242
17013,121891,88,32,31,0.0005973609986540396
17014,50340,87,32,10,0.0004024539994134102
17015,111271,73,32,16,0.0007774960031383671
17016,8615,70,32,3,0.0004202449999866076
17017,101744,113,31,10,0.00040150099812308326
17018,16665,117,31,62,0.001158309998572804
17019,80554,73,32,9,0.0004298210005799774
17020,105834,47,31,7,0.0002823069989972282
17021,126063,68,31,6,0.0006143479986349121
17022,8620,48,32,15,0.0008174889990186784
17023,3634,128,32,20,0.0006348910028464161
17024,54131,91,31,4,0.00045897600284661166
17025,99690,81,31,31,0.0005918000024394132
17026,127948,72,31,38,0.0006654130011156667
17027,34618,83,32,14,0.0006337749982776586
17028,14824,72,31,9,0.0005442080000648275
17029,89915,43,32,2,0.0001881280004454311
17030,106685,78,32,13,0.0006452060006267857
17031,49737,78,31,22,0.0005160340006113984
17032,99520,49,32,1,0.00013882600251236
17033,50122,64,32,6,0.0009243900021829177
17034,34200,139,31,43,0.0009498180006630719
17035,29258,95,32,23,0.0005867950021638535
17036,37716,77,32,25,0.0006011440018482972
17037,17689,92,31,12,0.0005184190013096668
17038,59801,51,31,18,0.0005658669979311526
17039,129446,82,31,14,0.0005565730025409721
17040,89538,87,31,24,0.0006282680005824659
17041,104976,85,31,2,0.0003811530004895758
17042,34009,87,31,26,0.0004937399971822742
17043,66006,57,32,3,0.0006069419978302903
17044,17377,132,32,7,0.0004157519979344215
17045,8303,80,32,9,0.00047917200208758004
17046,79860,107,32,26,0.0006880580003780778
17047,95482,58,32,12,0.000484136999148177
17048,5638,115,32,16,0.0011778340012824629
17049,125733,110,31,15,0.0005073940010333899
17050,24392,59,31,21,0.0005421150017355103
17051,96596,70,31,21,0.0005038890012656339
17052,93798,124,30,13,0.0006012480007484555
17053,64909,96,32,10,0.00046750199908274226
17054,42895,50,32,9,0.0003383229995961301
17055,125842,100,32,7,0.0006057020000298508
17056,120678,128,31,16,0.0006213380002009217
17057,80276,109,31,18,0.0005138659980730154
17058,3420,123,31,14,0.0006434009992517531
17059,6058,90,32,14,0.0005583910024142824
17060,121399,178,32,12,0.00044235099994693883
17061,89458,129,31,21,0.001014175999443978
17062,70854,134,30,16,0.000628952999250032
17063,75314,138,31,24,0.0007226909983728547
17064,72889,59,31,56,0.0008427219981967937
17065,77129,87,31,34,0.0007156179999583401
17066,15695,76,31,1,0.0002510539998183958
17067,45242,86,31,15,0.0005560290010180324
17068,116126,94,31,43,0.0010140390004380606
17069,59069,60,32,2,0.0002117709991580341
17070,106176,59,32,2,0.00031137899713939987
17071,76915,72,31,8,0.0005995329993311316
17072,94915,100,30,4,0.0003073209991271142
17073,6908,96,30,9,0.0004524770010903012
17074,36528,102,29,6,0.0005210939998505637
17075,78671,123,32,7,0.0005052829983469564
17076,79570,61,32,23,0.0005348100021365099
17077,72291,55,32,5,0.0002614719996927306
17078,126194,67,32,23,0.0005599169999186415
17079,69493,85,32,5,0.0004319600011513103
17080,32267,82,32,29,0.0005081430026621092
17081,31756,210,32,10,0.0008202249991882127
17082,56494,98,32,3,0.00020161100110271946
17083,9193,92,32,6,0.0002916769990406465
17084,47763,101,32,14,0.0006885949987918139
17085,63500,43,33,2,0.00017080399993574247
17086,35348,72,33,27,0.0007773259967507329
17087,129355,56,32,29,0.0007398029993055388
17088,26150,33,33,1,0.00015000499843154103
17089,58191,33,32,0,4.283199814381078e-05
17090,66368,33,31,0,4.224499934935011e-05
17091,38305,33,30,0,4.1401999624213204e-05
17092,28536,33,29,0,3.995600127382204e-05
17093,15224,33,28,0,3.766199733945541e-05
17094,120774,33,27,0,3.709299926413223e-05
17095,38297,33,26,0,3.847699917969294e-05
17096,121131,52,33,13,0.0009565709988237359
17097,41283,123,32,5,0.0006546949989569839
17098,86062,34,33,1,0.00013458000103128143
17099,57807,37,32,0,4.626699956133962e-05
17100,87506,34,31,0,4.2063998989760876e-05
17101,58486,36,30,0,4.253799852449447e-05
17102,51751,54,30,1,7.67739984439686e-05
17103,128150,37,29,0,0.00017201599985128269
17104,130288,37,28,0,7.193199780886061e-05
17105,116947,56,30,3,0.0006824179981776979
17106,110711,51,29,1,0.00020597899856511503
17107,13870,100,33,17,0.0006150389999675099
17108,65927,58,32,31,0.0005435009989014361
17109,26933,33,33,1,0.00014563900185748935
17110,77373,39,33,5,0.0006263920004130341
17111,53568,68,33,8,0.00024330299856956117
17112,105799,33,33,1,0.00014008799917064607
17113,131409,36,33,1,0.0006400029997166712
17114,50010,33,33,1,0.00012214399976073764
17115,112476,92,33,4,0.0002788320016406942
17116,19812,98,33,23,0.0005396960004873108
17117,51306,54,33,4,0.000731332998839207
17118,129483,52,32,8,0.0004882569992332719
17119,96635,78,33,30,0.0007285930005309638
17120,54430,33,33,1,0.00011885899948538281
17121,130238,37,33,1,8.991600043373182e-05
17122,70618,63,33,8,0.0003320760006317869
17123,59151,73,32,10,0.0005941359995631501
17124,118103,100,32,7,0.0005301389974192716
17125,53890,99,32,2,0.0002379649995418731
17126,83003,67,31,7,0.0003525579995766748
17127,47327,64,33,16,0.0006828820005466696
17128,92395,38,33,21,0.0007769860021653585
17129,107757,47,33,36,0.0008011540012375917
17130,54526,106,32,42,0.0008855519990902394
17131,56302,61,33,59,0.0013744930001848843
17132,92927,43,33,12,0.0009161369998764712
17133,86787,37,33,1,0.0002533879996917676
17134,70950,96,33,13,0.0006678149984509218
17135,22070,74,33,22,0.0007749969990982208
17136,114249,102,33,28,0.0008680680002726149
17137,54350,142,33,15,0.0006378150028467644
17138,99969,54,33,80,0.0012180029989394825
17139,87214,86,33,14,0.0009368360006192233
17140,83653,129,33,27,0.000777580000431044
17141,41473,107,33,6,0.0004601190012181178
17142,112695,112,32,0,0.00037420300213852897
17143,24583,112,33,10,0.0006219679999048822
17144,106763,109,33,3,0.0007986599994183052
17145,84257,59,33,48,0.0007271080030477606
17146,49236,84,33,15,0.0005927410020376556
17147,51825,134,33,8,0.0005735829981858842
17148,113210,84,32,8,0.00042709499757620506
17149,62470,68,33,20,0.0007010750014160294
17150,132888,42,34,1,0.00016777100245235488
17151,103718,42,34,1,0.0001771119968907442
17152,82806,34,33,0,4.5882999984314665e-05
17153,25037,34,32,0,4.511099905357696e-05
17154,101095,34,31,0,4.304299727664329e-05
17155,69601,46,33,1,0.00013724300151807256
17156,18252,38,34,2,0.0009370469997520559
17157,87629,99,34,4,0.0014582420008082408
17158,54856,105,34,25,0.0008576420004828833
17159,11633,116,33,31,0.0007156360006774776
17160,72658,50,33,11,0.0006571320009243209
17161,88903,64,33,13,0.0005408580000221264
17162,125267,108,34,11,0.0007621590011694934
17163,41813,65,34,0,0.00015599699690937996
17164,51704,41,33,0,6.17139994574245e-05
17165,116366,91,33,4,0.00028073700013919733
17166,78174,48,34,2,0.0009081659991352353
17167,83560,132,34,11,0.0007889309999882244
17168,131704,147,34,30,0.0009658839990152046
17169,109819,79,33,44,0.0011285489999863785
17170,18642,120,33,36,0.000943598999583628
17171,44866,162,33,15,0.0008522450007149018
17172,116380,105,33,17,0.0007366589998127893
17173,48189,236,33,15,0.0009718680012156256
17174,103934,68,34,6,0.0006776270020054653
17175,72555,105,33,17,0.0007608270025230013
17176,21859,69,33,22,0.0007042649995128158
17177,78764,114,33,19,0.0008167269988916814
17178,1713,79,34,19,0.0007316949995583855
17179,60088,80,34,4,0.0006021759982104413
17180,124358,43,34,3,0.0005924329998379108
17181,123876,67,34,43,0.000838817999465391
17182,49700,59,34,3,0.0002723139987210743
17183,72770,71,34,30,0.0012884459974884521
17184,94043,48,33,40,0.0009841790015343577
17185,25732,94,33,32,0.0007799579980201088
17186,120476,53,32,34,0.0008685370012244675
17187,71466,91,32,54,0.0013681669988727663
17188,10503,86,33,23,0.0005122339971421752
17189,16019,72,34,11,0.0009623949990782421
17190,80063,77,34,91,0.0015438109985552728
17191,71494,53,34,28,0.0008962329993664753
17192,69901,35,35,1,0.0001333230029558763
17193,12720,35,34,0,4.656300006899983e-05
17194,46460,37,34,1,8.897999941837043e-05
17195,72975,35,35,1,0.00018970299788634293
17196,67855,45,35,1,0.00011713899948517792
17197,42373,51,34,0,7.13339977664873e-05
17198,19501,51,33,0,6.939000013517216e-05
17199,56944,48,32,0,8.343299850821495e-05
17200,55913,51,31,0,6.301200119196437e-05
17201,39815,50,30,0,6.17989971942734e-05
17202,19611,51,29,0,6.040400330675766e-05
17203,80281,45,28,0,5.201399835641496e-05
17204,74290,51,27,0,5.513699943549e-05
17205,110392,50,26,0,5.373399835661985e-05
17206,8561,51,25,0,5.252100163488649e-05
17207,30014,51,24,0,5.276399679132737e-05
17208,19407,51,23,0,5.131000216351822e-05
17209,43712,39,22,0,4.2250998376403004e-05
17210,114255,45,21,0,4.4717999116983265e-05
17211,113737,51,20,0,4.785200144397095e-05
17212,11978,38,19,0,3.419800123083405e-05
17213,90954,44,18,0,3.451000156928785e-05
17214,80358,49,17,0,3.8930000300752e-05
17215,19819,51,16,0,3.373000072315335e-05
17216,86133,51,15,0,5.549100023927167e-05
17217,29430,51,14,0,3.2186999305849895e-05
17218,122476,39,13,0,2.4139000743161887e-05
17219,21757,38,12,0,2.2156000341055915e-05
17220,50009,35,11,0,2.0053001207998022e-05
17221,14402,45,10,0,2.5174998881993815e-05
17222,69883,39,9,0,2.0086998119950294e-05
17223,84737,51,8,0,2.4986002244986594e-05
17224,90462,51,7,0,2.3161999706644565e-05
17225,74839,40,7,1,2.6577999960863963e-05
17226,8344,85,10,1,0.0001287119994231034
17227,22289,55,35,19,0.0011313579998386558
17228,108820,36,35,1,0.00016340599904651754
17229,86783,35,34,0,4.6192999434424564e-05
17230,77374,35,33,0,4.846000229008496e-05
17231,49011,39,32,0,5.3589999879477546e-05
17232,100754,37,31,0,5.452999903354794e-05
17233,91033,35,30,0,4.55109984613955e-05
17234,59720,35,29,0,4.2501000280026346e-05
17235,49138,56,30,0,8.740799967199564e-05
17236,103173,39,29,3,0.00015381399862235412
17237,34090,46,30,1,0.00013115399997332133
17238,129807,99,30,2,0.00016296099784085527
17239,1690,85,29,3,0.0007354490007855929
17240,52412,70,32,2,0.00022161699962452985
17241,106786,35,35,1,0.00013092999870423228
17242,47398,50,35,1,0.00022143300157040358
17243,110976,35,34,0,5.1614002586575225e-05
17244,23349,36,35,1,0.00013076100003672764
17245,81793,35,34,0,4.7359000745927915e-05
17246,52046,35,33,0,4.4750999222742394e-05
17247,95613,35,32,0,4.261200228938833e-05
17248,101273,35,31,0,4.349500159150921e-05
17249,128402,35,30,0,4.232799983583391e-05
17250,106234,35,29,0,3.940500027965754e-05
17251,103324,35,28,0,4.0064998756861314e-05
17252,113084,46,27,0,5.4058000387158245e-05
17253,96352,35,26,0,3.796300006797537e-05
17254,36215,36,25,0,3.74529990949668e-05
17255,104047,46,24,0,4.8690999392420053e-05
17256,89313,35,23,0,3.562900019460358e-05
17257,23907,36,22,0,4.115100091439672e-05
17258,69094,35,21,0,3.609200211940333e-05
17259,9321,35,20,0,3.407500116736628e-05
17260,49034,35,19,0,3.0976003472460434e-05
17261,94376,44,18,0,3.7763002183055505e-05
17262,40173,42,17,0,2.7065001631854102e-05
17263,871,38,17,1,4.502099909586832e-05
17264,6078,38,16,0,2.5376997655257583e-05
17265,127743,37,15,1,3.247499989811331e-05
17266,62564,36,14,1,4.029000047012232e-05
17267,128974,36,13,0,2.1612999262288213e-05
17268,99877,38,12,0,2.2484000510303304e-05
17269,72298,36,11,0,1.9824998162221164e-05
17270,98318,48,10,0,2.5477002054685727e-05
17271,80380,39,10,1,5.554299787036143e-05
17272,79208,40,9,1,2.768299964373e-05
17273,26886,40,9,0,5.066400262876414e-05
17274,70235,44,10,2,5.546100146602839e-05
17275,38553,46,13,2,0.00010349199874326587
17276,83259,35,35,1,0.00014692700278828852
17277,126550,35,35,1,0.00017165499957627617
17278,71507,64,35,6,0.0006313230005616788
17279,110994,80,34,2,0.0003703909969772212
17280,97752,38,35,1,0.00020139799744356424
17281,119007,67,35,20,0.001135156002419535
17282,67618,76,35,1,0.0007118880021153018
17283,48790,62,34,1,0.00023832199804019183
17284,129229,53,33,0,8.727599924895912e-05
17285,67303,41,33,2,0.0008357169972441625
17286,87931,63,32,0,0.00011177600026712753
17287,30189,57,32,4,0.0008871140016708523
17288,126959,43,33,2,0.0009361310003441758
17289,120556,83,34,7,0.0009761459987203125
17290,52290,80,33,1,0.0011308670000289567
17291,69226,102,34,7,0.0010536189984122757
17292,11513,136,35,5,0.0005672330007655546
17293,117441,88,34,2,0.00035210400164942257
17294,103058,56,35,83,0.0012948130024597049
17295,47882,36,36,1,0.00014452100003836676
17296,100821,40,35,0,5.83159999223426e-05
17297,9411,36,34,0,5.5688000429654494e-05
17298,117355,36,33,0,4.6762997953919694e-05
17299,26414,36,32,0,4.613599958247505e-05
17300,26778,44,31,0,5.704900104319677e-05
17301,89754,36,30,0,4.4840999180451035e-05
17302,120000,36,29,0,4.391400216263719e-05
17303,1821,36,28,0,4.2997999116778374e-05
17304,66527,36,27,0,4.1056999180000275e-05
17305,52202,39,26,0,7.04180019965861e-05
17306,63864,36,25,0,4.1021998185897246e-05
17307,69520,36,24,0,3.979099710704759e-05
17308,68087,36,23,0,3.731099786818959e-05
17309,749,36,22,0,3.7466001231223345e-05
17310,66728,36,21,0,3.716500214068219e-05
17311,68729,36,20,0,3.558600292308256e-05
17312,56849,36,19,0,3.327699960209429e-05
17313,81971,36,18,0,2.784200114547275e-05
17314,77755,36,17,0,2.501199924154207e-05
17315,71072,36,16,0,2.4603003112133592e-05
17316,39220,36,15,0,2.5153000024147332e-05
17317,100989,36,14,0,2.4258999474113807e-05
17318,54583,36,13,0,2.2816999262431636e-05
17319,112750,41,13,0,3.4386997867841274e-05
17320,6364,69,13,1,7.62390009185765e-05
17321,40682,73,12,0,0.0001529319997644052
17322,72983,83,11,0,4.518400237429887e-05
17323,82421,85,10,0,3.543000275385566e-05
17324,111278,79,21,4,0.00024121200112858787
17325,97135,87,34,3,0.0005033110028307419
17326,82704,155,36,23,0.0009124149983108509
17327,130327,48,36,2,0.00023065899949870072
17328,105496,53,36,3,0.001520084999356186
17329,35375,59,35,4,0.0007855869989725761
17330,19491,57,36,6,0.0006751990003976971
17331,105016,56,36,2,0.0001824469982238952
17332,63056,83,36,19,0.0008898050000425428
17333,10065,44,36,1,0.0002200599992647767
17334,62045,43,35,0,0.00012122800035285763
17335,52987,36,34,0,7.420299880323e-05
17336,41133,36,33,0,7.09449996065814e-05
17337,133023,70,34,1,0.000584223002078943
17338,20151,57,33,2,0.0003679809997265693
17339,125425,41,33,5,0.0005167820017959457
17340,129659,78,32,1,0.0001402769994456321
17341,84975,56,33,3,0.0004405959989526309
17342,130134,91,33,3,0.00023748300009174272
17343,108737,62,32,2,0.0006575650004378986
17344,15568,75,31,0,9.12770010472741e-05
17345,11107,62,30,0,9.091899846680462e-05
17346,92625,49,32,5,0.0007412750019284431
17347,119416,49,31,0,7.458600157406181e-05
17348,72951,52,33,11,0.0006780559997423552
17349,21501,87,35,16,0.0008609010001237039
17350,1949,108,34,6,0.0005063839998911135
17351,5978,64,35,27,0.0006808139987697359
17352,88560,59,35,46,0.0013161749993741978
17353,115543,109,36,1,0.00029064499904052354
17354,83319,86,36,45,0.0010673599972506054
17355,82558,36,36,1,0.00016874100037966855
17356,62859,36,35,0,5.39800021215342e-05
17357,60117,36,34,0,5.018899901187979e-05
17358,112609,42,34,0,0.0001602099982846994
17359,40990,41,33,1,0.00026795600206241943
17360,14212,41,32,1,0.00011851699673570693
17361,16558,58,31,0,9.56960029725451e-05
17362,85744,47,31,0,7.21910000720527e-05
17363,58182,65,32,2,0.0003980490000685677
17364,82261,75,32,2,0.0001510720030637458
17365,44943,53,31,3,0.0001587170008860994
17366,28563,55,30,7,0.0003025539990630932
17367,58243,84,30,4,0.0004005880000477191
17368,117140,62,30,0,0.0005639629998768214
17369,124231,89,29,0,0.0002507009994587861
17370,5034,94,28,4,0.0003030990010302048
17371,132594,66,28,3,0.0002651940012583509
17372,38810,56,27,2,0.00012374099969747476
17373,77816,119,28,7,0.0003875759975926485
17374,123951,114,27,0,0.0001395049985148944
17375,59915,110,26,3,0.00024971499806270003
17376,29502,102,25,0,0.00037217899807728827
17377,38171,93,31,12,0.0007507199989049695
17378,44278,107,32,16,0.0006312160003290046
17379,55494,105,32,25,0.0005810869988636114
17380,51866,112,32,15,0.0007849670000723563
17381,32650,128,32,8,0.0005999300010444131
17382,36182,97,32,15,0.0005316969982231967
17383,85607,83,34,41,0.0012974259989277925
17384,86951,94,34,31,0.0009698670000943821
17385,57150,178,34,38,0.0012585699987539556
17386,77019,117,35,10,0.0008777660004852805
17387,129183,82,35,21,0.0010866869997698814
17388,59843,91,35,3,0.0005980460009595845
17389,1677,115,35,20,0.0008721279991732445
17390,125365,86,35,8,0.0005244530002528336
17391,67449,86,35,39,0.0008815760011202656
17392,28232,74,35,6,0.0006536869987030514
17393,52028,125,34,17,0.0006728090011165477
17394,30764,79,34,3,0.00042230699909850955
17395,132075,79,35,34,0.0008822939998935908
17396,79552,108,35,11,0.0006151760026114061
17397,63946,84,36,18,0.000783682000474073
17398,89242,114,35,56,0.0008708519999345299
17399,118929,80,36,9,0.0011875029995280784
17400,61461,99,36,19,0.0010039090011559892
17401,51459,74,35,4,0.00024346300051547587
17402,87300,76,35,4,0.0010009990000980906
17403,47776,49,36,1,0.000364408999303123
17404,21728,60,36,20,0.0009632770015741698
17405,76706,126,35,9,0.000578582999878563
17406,111385,213,35,7,0.0005888349987799302
17407,24417,67,36,1,0.00030471499849227257
17408,26219,74,35,10,0.0005911609987379052
17409,24099,54,36,10,0.001080752001143992
17410,29606,152,36,12,0.0008499850009684451
17411,82347,59,36,24,0.001103435002733022
17412,17967,76,36,21,0.0008059179999690969
17413,122865,36,36,1,0.00013093800225760788
17414,38921,89,36,16,0.000756492001528386
17415,90881,47,37,1,0.001193576001242036
17416,9670,47,36,0,6.465200203820132e-05
17417,27656,37,37,1,0.00017490699974587187
17418,65801,37,36,0,5.580300057772547e-05
17419,102692,37,35,0,5.016600334784016e-05
17420,25214,37,34,0,4.677900142269209e-05
17421,40608,37,33,0,4.793699918081984e-05
17422,90253,37,32,0,4.847800300922245e-05
17423,55962,37,31,0,4.865300070377998e-05
17424,13596,46,30,0,9.841799692367204e-05
17425,39820,53,31,2,0.0007373140033450909
17426,50462,53,30,0,6.709499939461239e-05
17427,60812,53,29,0,5.946600140305236e-05
17428,117690,53,28,0,7.711400030530058e-05
17429,84851,61,30,1,0.00017468500300310552
17430,132679,85,29,3,0.0001724680005281698
17431,42220,83,31,6,0.00044422999781090766
17432,96331,74,31,3,0.0008644440022180788
17433,74971,85,30,4,0.00030804500056547113
17434,108210,74,29,0,9.16520002647303e-05
17435,108207,74,28,0,7.407099838019349e-05
17436,101446,67,29,3,0.0007438410029863007
17437,22681,66,30,3,0.0003437160012254026
17438,122363,59,29,9,0.0004416190022311639
17439,90171,69,29,1,9.488499927101657e-05
17440,109025,63,28,1,0.0002750830026343465
17441,9217,81,29,2,0.0006360369989124592
17442,85272,107,30,5,0.0004737900017062202
17443,121444,95,30,8,0.0003533929993864149
17444,63470,88,31,12,0.0006668509995506611
17445,94597,130,31,3,0.0004976399977749679
17446,14186,133,30,11,0.0005842450009367894
17447,123633,105,31,3,0.0004643809988920111
17448,124956,104,31,5,0.00040224800250143744
17449,114530,117,30,2,0.0006134270006441511
17450,24895,114,31,2,0.0004317560014897026
17451,50897,150,32,18,0.000839848999021342
17452,40599,107,34,28,0.0007849110006645788
17453,44322,129,34,8,0.0006341859989333898
17454,14503,93,34,20,0.00063501200202154
17455,6256,123,33,8,0.0007964370015542954
17456,126487,92,33,2,0.00030086100014159456
17457,75847,194,34,16,0.0009911970009852666
17458,72941,169,34,13,0.0008164800019585527
17459,111303,166,35,7,0.0006737619987688959
17460,43850,173,35,11,0.0009072859975276515
17461,71982,104,35,19,0.0008800649993645493
17462,55799,120,35,6,0.0013830870011588559
17463,120989,101,35,16,0.0009265100015909411
17464,46783,81,34,55,0.0010676890015020035
17465,63552,108,33,15,0.0006514609995065257
17466,89910,91,36,26,0.001056391000020085
17467,32003,166,35,26,0.0010043630027212203
17468,89425,81,35,10,0.001042817999405088
17469,76213,157,35,58,0.0018531280002207495
17470,72166,61,35,14,0.001097493000997929
17471,6506,108,35,10,0.0006284390001383144
17472,126679,127,36,11,0.0008599729990237392
17473,85176,252,36,13,0.000954695999098476
17474,37179,88,36,16,0.00100646700229845
17475,53342,165,36,2,0.0009579249999660533
17476,129313,138,35,1,0.00031490599940298125
17477,105274,113,35,2,0.00039183400076581165
17478,28128,166,36,14,0.0010286379983881488
17479,42994,108,35,17,0.0010223880017292686
17480,3365,103,34,14,0.000610685001447564
17481,131234,65,36,6,0.0010056169994641095
17482,34387,141,36,11,0.0008881059984560125
17483,81462,67,36,6,0.0009366949998366181
17484,26459,79,36,1,0.00046330600162036717
17485,106893,56,37,6,0.0009317250005551614
17486,43025,45,36,8,0.0010899369990511332
17487,16795,37,37,1,0.00014135800302028656
17488,9668,37,36,0,4.965799962519668e-05
17489,27445,37,35,0,4.7513000026810914e-05
17490,98631,48,34,0,6.907100032549351e-05
17491,76882,48,33,0,7.984400144778192e-05
17492,99972,50,33,0,6.498299990198575e-05
17493,7898,41,32,0,4.976900163455866e-05
17494,67744,41,31,0,5.1162001909688115e-05
17495,131717,50,30,0,5.5754997447365895e-05
17496,18242,73,29,0,8.009999874047935e-05
17497,12041,41,28,0,4.886899841949344e-05
17498,16308,41,27,0,4.635799996322021e-05
17499,39190,50,26,0,5.450000026030466e-05
17500,4799,41,25,0,4.578800144372508e-05
17501,21144,45,24,0,5.197300197323784e-05
17502,21339,41,23,0,4.423899736138992e-05
17503,62572,50,22,0,5.030499960412271e-05
17504,93532,41,21,0,4.2984000174328685e-05
17505,38556,50,20,0,4.79949994769413e-05
17506,11381,50,19,0,5.2214996685506776e-05
17507,2166,41,18,0,3.3280997740803286e-05
17508,21341,41,17,0,5.207700087339617e-05
17509,90275,50,16,0,3.698599903145805e-05
17510,6173,41,15,0,2.800000220304355e-05
17511,83371,41,14,0,2.638300065882504e-05
17512,53488,41,13,0,2.5700999685795978e-05
17513,124655,41,12,0,2.383299943176098e-05
17514,62013,41,11,0,2.4168999516405165e-05
17515,503,41,10,0,2.3093998606782407e-05
17516,75119,41,9,0,2.1587002265732735e-05
17517,18021,50,8,0,2.4791999749140814e-05
17518,112479,50,7,0,2.3206997866509482e-05
17519,112638,50,6,0,2.1317999198799953e-05
17520,114871,41,5,0,1.764100306900218e-05
17521,122431,61,6,0,7.013899812591262e-05
17522,79613,56,5,0,4.4231997890165076e-05
17523,82373,77,6,0,5.832100214320235e-05
17524,93595,74,6,0,3.95499992009718e-05
17525,84509,38,37,15,0.0010529390019655693
17526,113591,84,37,28,0.0010136109995073639
17527,71745,59,37,4,0.000920152997423429
17528,20296,100,37,15,0.0007462579997081775
17529,111957,65,36,13,0.0008621909983048681
17530,93271,153,35,2,0.0006201479991432279
17531,121181,94,35,10,0.0010632650009938516
17532,17075,96,35,1,0.00014380300126504153
17533,94797,38,37,1,0.00018719299987424165
17534,74461,82,37,35,0.0009780020009202417
17535,68148,133,36,42,0.0012675049983954523
17536,47710,87,36,46,0.0010057789986603893
17537,17760,73,37,3,0.0008872559992596507
17538,66396,83,37,10,0.0006711930000165012
17539,104040,87,37,13,0.0008878650005499367
17540,23279,43,37,1,0.0006703619983454701
17541,84628,46,36,1,0.0005772350014012773
17542,77754,330,37,6,0.0010794580011861399
17543,45886,105,37,1,0.00038607600072282366
17544,69582,118,36,13,0.0005595729999186005
17545,56669,86,37,0,0.0003181470019626431
17546,94887,41,37,1,0.00011709300088114105
17547,125226,93,37,9,0.0007488769988412969
17548,39871,60,37,1,0.0009777909981494304
17549,77322,40,38,1,0.00017355499949189834
17550,66525,41,37,0,5.93310032854788e-05
17551,11119,49,36,0,7.636500231456012e-05
17552,105349,38,35,0,5.31190016772598e-05
17553,62605,38,34,0,5.182500171940774e-05
17554,68952,40,34,1,7.002600250416435e-05
17555,9226,46,33,1,0.00010212800043518655
17556,88746,59,35,5,0.0011459300003480166
17557,99254,62,34,0,9.103299817070365e-05
17558,22804,80,34,0,0.0004208629979984835
17559,79821,52,34,4,0.0008023439986573067
17560,11378,70,33,2,0.0005319679985404946
17561,34679,52,32,0,7.78479989094194e-05
17562,57830,82,32,0,0.0002368500026932452
17563,110923,74,32,5,0.00021506800112547353
17564,85871,105,32,6,0.0004960570004186593
17565,128685,112,31,0,0.00024205400040955283
17566,17380,55,31,9,0.0008406500019191299
17567,110219,85,30,3,0.0006876510014990345
17568,58401,62,29,4,0.0002894289973482955
17569,86016,55,28,0,0.00011854800322907977
17570,64357,87,29,5,0.0006661270017502829
17571,85855,87,28,0,9.60059987846762e-05
17572,86700,59,27,5,0.0003870649998134468
17573,5216,77,26,0,8.928599709179252e-05
17574,85102,77,26,1,0.0001950229998328723
17575,116865,126,25,2,0.00018993699995917268
17576,37040,70,27,4,0.0005475760008266661
17577,47911,105,27,6,0.000578657000005478
17578,65822,83,27,1,0.00040306899973074906
17579,77415,133,28,11,0.0006535569991683587
17580,111639,79,28,0,0.000329443999362411
17581,118170,86,27,8,0.0005126779979036655
17582,96817,106,30,4,0.0006716929965477902
17583,119919,101,29,0,0.000765535998652922
17584,48951,125,29,17,0.0007027609972283244
17585,118835,157,30,12,0.0006330599971988704
17586,76427,110,33,11,0.00048622499889461324
17587,75373,111,32,28,0.0009972219995688647
17588,97654,132,34,11,0.0010265880009683315
17589,124109,130,33,0,0.00015321300088544376
17590,17146,159,32,24,0.0009858759985945653
17591,124983,185,32,1,0.0005171009979676455
17592,722,113,32,8,0.0006556060034199618
17593,122272,123,33,11,0.0008428430010098964
17594,70916,75,34,36,0.0013969930005259812
17595,63299,92,34,8,0.00026630100182956085
17596,41169,75,35,32,0.001209022000693949
17597,22979,193,34,33,0.0011919690005015582
17598,92437,106,34,28,0.0011737329987226985
17599,104365,78,33,34,0.0010766159975901246
17600,60957,166,34,54,0.0014981849999458063
17601,132445,132,34,23,0.0006304170019575395
17602,55602,149,35,26,0.0016054509978857823
17603,7894,145,35,25,0.0010107199996127747
17604,46342,124,34,33,0.001089094002963975
17605,114095,142,34,32,0.0013306779983395245
17606,124713,80,35,33,0.0011557670004549436
17607,83051,75,37,19,0.0012970919997314923
17608,16158,137,36,3,0.0009550410031806678
17609,39258,59,35,16,0.0012746610009344295
17610,123834,75,35,10,0.0009703720024845097
17611,64568,142,35,18,0.0010713239971664734
17612,112217,61,34,2,0.0008151639995048754
17613,45530,169,36,2,0.001141304997872794
17614,81151,212,36,2,0.0011043759986932855
17615,25588,113,35,2,0.0009201450011460111
17616,36814,98,37,14,0.0007924860001367051
17617,33040,257,36,15,0.0011029830020561349
17618,19674,129,35,5,0.00043166999967070296
17619,74497,194,35,7,0.0008074290017248131
17620,103407,117,37,13,0.0008136039978126064
17621,119664,135,37,24,0.001067362001776928
17622,13557,213,37,9,0.001038812999468064
17623,79069,75,37,33,0.0013304210006026551
17624,109670,140,37,0,0.0004815089996554889
17625,132663,118,37,1,0.0007123769973986782
17626,116758,38,38,1,0.0001649429977987893
17627,24921,46,37,0,6.791800115024671e-05
17628,13121,41,36,0,5.712200072593987e-05
17629,96002,38,35,0,5.225400309427641e-05
17630,74591,38,34,0,4.923399683320895e-05
17631,123142,85,33,0,0.00011828700007754378
17632,109420,52,32,0,7.439999899361283e-05
17633,116973,38,31,0,4.954999894835055e-05
17634,73143,41,30,0,5.8467001508688554e-05
17635,38969,38,29,0,7.533099778811447e-05
17636,124094,38,28,0,4.738400093629025e-05
17637,122813,46,27,0,5.385499753174372e-05
17638,103571,42,26,0,6.963700070627965e-05
17639,117616,38,25,0,7.242300125653856e-05
17640,28977,41,24,0,7.004300277912989e-05
17641,130445,46,25,2,0.0002509480000298936
17642,81422,59,24,1,0.0001376430009258911
17643,119697,80,24,1,0.0002300649975950364
17644,29282,61,24,2,0.0001858849973359611
17645,85778,57,25,6,0.00031748300170875154
17646,55886,74,25,3,0.0003082589973928407
17647,76071,116,24,5,0.000285135000012815
17648,129410,85,23,7,0.00032084099802887067
17649,82009,101,24,7,0.0004151860011916142
17650,44123,61,24,3,0.0005052500018791761
17651,3952,73,23,3,0.00011398400238249451
17652,16123,60,22,1,0.00016993900135275908
17653,100249,79,24,2,0.00018962999820359983
17654,87793,85,25,0,0.00033160499879159033
17655,131028,92,26,10,0.0005266240004857536
17656,34265,88,25,13,0.00042802299867616966
17657,94357,76,28,6,0.0006144479993963614
17658,11318,138,28,26,0.0008154949973686598
17659,90794,219,35,8,0.0013996309971844312
17660,58749,158,35,12,0.0009134889987763017
17661,35550,233,36,5,0.0011320539997541346
17662,88481,120,35,15,0.0014154509990476072
17663,26227,63,35,4,0.0009963560005417094
17664,41665,140,35,9,0.0008460480021312833
17665,35881,148,35,6,0.0010611249999783468
17666,95911,87,36,15,0.0010735860014392529
17667,99324,149,36,33,0.0011451370010036044
17668,81477,56,36,27,0.0015201690002868418
17669,39659,152,37,15,0.0009645630016166251
17670,51587,123,37,11,0.0008178669995686505
17671,28210,99,37,8,0.0008278139976027887
17672,27862,188,37,8,0.0012244379977346398
17673,92357,104,37,11,0.0007062959994073026
17674,67716,140,37,10,0.0011260389983362984
17675,90650,38,38,1,0.00015145799989113584
17676,120460,38,37,0,5.280600089463405e-05
17677,108874,42,36,0,5.936000161455013e-05
17678,14586,45,35,0,5.913499990128912e-05
17679,116128,38,34,0,4.7774999984540045e-05
17680,11404,56,33,0,6.657700214418583e-05
17681,121205,65,32,0,8.023400005185977e-05
17682,42487,45,31,0,5.3461997595150024e-05
17683,105401,45,30,0,5.6069999118335545e-05
17684,13114,42,29,0,5.415600026026368e-05
17685,48527,46,28,0,6.014199971104972e-05
17686,62359,38,27,0,4.417599848238751e-05
17687,90053,42,26,0,4.6123997890390456e-05
17688,82590,68,25,0,7.052599903545342e-05
17689,31568,41,24,0,4.531399827101268e-05
17690,15155,45,23,0,4.693800292443484e-05
17691,109536,40,22,0,4.038599945488386e-05
17692,18651,38,21,0,3.769699833355844e-05
17693,56223,40,20,0,9.541300096316263e-05
17694,19415,40,19,0,3.7920002796454355e-05
17695,101370,56,18,0,4.481499854591675e-05
17696,58656,38,17,0,2.6714998966781422e-05
17697,465,45,16,0,2.7480000426294282e-05
17698,100900,42,15,0,2.801500158966519e-05
17699,37330,42,14,0,2.59830012510065e-05
17700,49459,38,13,0,2.205899727414362e-05
17701,38829,69,12,0,4.9440001021139324e-05
17702,43602,38,11,0,2.112700167344883e-05
17703,4903,47,10,0,5.198100188863464e-05
17704,48870,38,9,0,2.2230000467970967e-05
17705,63803,51,8,0,2.898399907280691e-05
17706,45421,46,7,0,2.5831999664660543e-05
17707,111572,45,6,0,1.8990998796653003e-05
17708,128038,42,5,0,1.823999991756864e-05
17709,29801,38,4,0,1.3298998965183273e-05
17710,4074,74,4,0,4.5534998207585886e-05
17711,65676,65,5,0,6.426399704650976e-05
17712,57772,132,11,1,0.00014705200010212138
17713,4636,120,19,4,0.00020456499987631105
17714,100715,139,37,15,0.0009367950005980674
17715,92220,38,38,1,0.00017801500143832527
17716,69110,38,37,0,6.067899812478572e-05
17717,92240,38,36,0,5.458400119096041e-05
17718,132927,49,36,1,9.24300002225209e-05
17719,14006,43,37,1,0.0010124069995072205
17720,494,43,36,0,7.3669998528203e-05
17721,47856,162,37,12,0.0017097370000556111
17722,19204,152,37,11,0.0007527750021836255
17723,104802,120,36,55,0.0018792499977280386
17724,127456,119,37,8,0.0010467489992151968
17725,75326,72,38,1,0.0003247860004194081
17726,109146,68,38,32,0.0013024159998167306
17727,8924,63,37,10,0.001141303997428622
17728,79477,51,38,1,0.000234879000345245
17729,120599,56,37,0,8.965099914348684e-05
17730,94348,61,38,1,0.00024392799969064072
17731,58014,94,38,6,0.0009468629978073295
17732,47789,48,38,8,0.001197162000607932
17733,45779,68,38,31,0.0015718920003564563
17734,83172,38,38,1,0.00017482999828644097
17735,86050,49,37,0,7.97100001364015e-05
17736,16115,42,36,0,6.368300091708079e-05
17737,58254,54,35,0,7.748999996692874e-05
17738,35666,40,34,0,5.586799670709297e-05
17739,126834,67,34,0,0.00011593000090215355
17740,50627,58,33,0,0.00011625499973888509
17741,88948,72,32,0,8.498099850839935e-05
17742,104103,80,32,2,0.0005429449993243907
17743,42355,46,31,1,0.00044167899977765046
17744,45541,57,34,11,0.0011235230012971442
17745,6345,59,33,0,0.00014038899826118723
17746,93544,61,32,0,9.045399929163978e-05
17747,90186,85,32,3,0.0004142079997109249
17748,113390,64,32,4,0.001032215001032455
17749,77052,64,31,0,0.00011331600035191514
17750,42505,64,30,0,0.0001494130010541994
17751,88644,112,33,14,0.0011493530000734609
17752,2158,115,36,18,0.001702730998658808
17753,75690,149,37,7,0.0010406180008430965
17754,81251,113,37,29,0.0017416519985999912
17755,46847,175,38,30,0.0018552340006863233
17756,117579,192,38,29,0.0013408030026766937
17757,124351,81,38,1,0.00033492000147816725
17758,28416,39,39,1,0.00016023900025174953
17759,57809,40,38,0,5.6682001741137356e-05
17760,122981,39,37,0,5.320100171957165e-05
17761,50516,39,36,0,4.9856000259751454e-05
17762,59348,45,35,0,0.00010169800225412473
17763,44070,39,34,0,5.236799916019663e-05
17764,41798,39,33,0,4.873600119026378e-05
17765,84619,45,32,0,5.456299913930707e-05
17766,58764,65,31,0,8.820000221021473e-05
17767,78092,39,30,0,5.058799797552638e-05
17768,14911,39,29,0,5.316199894878082e-05
17769,13078,42,28,0,7.786500282236375e-05
17770,73626,39,27,0,4.8080997657962143e-05
17771,20298,39,26,0,4.511400038609281e-05
17772,47399,39,25,0,4.4714997784467414e-05
17773,127701,57,24,0,7.376500070677139e-05
17774,125784,43,23,0,4.689199704444036e-05
17775,28822,39,22,0,4.316899867262691e-05
17776,82539,43,21,0,4.6471999667119235e-05
17777,130480,39,20,0,3.952099723392166e-05
17778,126094,39,19,0,3.647499761427753e-05
17779,96431,39,18,0,3.120199835393578e-05
17780,74939,53,18,1,6.682000093860552e-05
17781,129261,55,17,1,5.7598001149017364e-05
17782,3677,48,16,0,3.339600152685307e-05
17783,21551,48,15,1,4.271299985703081e-05
17784,107711,55,14,0,3.870499858749099e-05
17785,21504,51,13,1,5.631200110656209e-05
17786,6165,80,13,0,8.994100062409416e-05
17787,111942,86,28,5,0.0005000549972464796
17788,64374,80,35,3,0.0006026599985489156
17789,63709,75,38,2,0.0009053649991983548
17790,128792,80,38,1,0.00097959000049741
17791,122181,53,38,18,0.00146204900011071
17792,84886,54,38,9,0.0011867229986819439
17793,115975,41,39,2,0.0012289179976505693
17794,87133,40,38,0,6.767300146748312e-05
17795,76075,42,37,0,5.95580022491049e-05
17796,60569,41,36,0,5.795100150862709e-05
17797,118980,44,35,0,5.890700049349107e-05
17798,87390,44,34,0,5.3657000535167754e-05
17799,62257,45,33,0,5.8290999731980264e-05
17800,102305,49,34,0,0.0009934780027833767
17801,115774,48,33,0,7.092399755492806e-05
17802,26819,48,32,0,6.188299812492914e-05
17803,48536,47,32,1,0.00023656499979551882
17804,117051,80,31,1,0.00015659500058973208
17805,57660,47,30,0,6.109600144554861e-05
17806,105101,82,31,0,0.00015302099927794188
17807,100875,147,34,3,0.00033408699891879223
17808,44323,39,39,1,0.0002561879991844762
17809,53569,39,38,0,5.8308000006945804e-05
17810,36744,39,37,0,5.648200021823868e-05
17811,119178,68,37,1,0.00028483200003392994
17812,130158,40,36,1,8.690799950272776e-05
17813,116146,70,36,1,0.0003504999986034818
17814,33805,60,37,3,0.0003433660021983087
17815,93012,61,36,2,0.0002553289996285457
17816,102805,68,37,14,0.000945888998103328
17817,89257,84,36,6,0.0008039770000323188
17818,53998,105,35,0,0.0002083649997075554
17819,118013,77,35,0,0.0002836049970937893
17820,111211,75,34,15,0.0008805520010355394
17821,14956,112,33,2,0.0003677890017570462
17822,26503,108,33,1,0.00029134199940017425
17823,9540,86,35,2,0.0007036930001049768
17824,61290,174,37,2,0.0006137560012575705
17825,52192,83,38,1,0.0003741370019270107
17826,131315,57,37,0,7.876699964981526e-05
17827,33351,176,38,10,0.0008850580015860032
17828,95822,143,37,21,0.0013740629983658437
17829,10341,133,38,0,0.00030778200016357005
17830,88283,133,38,5,0.0012877529989054892
17831,89091,79,37,0,0.0005798089987365529
17832,87325,92,38,12,0.0009975009998015594
17833,100159,71,39,10,0.0010171640024054796
17834,68673,131,39,2,0.0006822149989602622
17835,3907,39,39,2,0.0004438050018507056
17836,110559,39,38,1,0.0001045339995471295
17837,85077,61,39,4,0.0007614659989485517
17838,111709,128,39,54,0.00281879499743809
17839,8583,121,38,11,0.001569460000609979
17840,38670,111,38,16,0.0019978409982286394
17841,31334,76,39,33,0.0015673849993618205
17842,2417,142,39,42,0.002109881999786012
17843,108405,61,39,1,0.00026390600032755174
17844,33908,75,39,1,0.00018951700258185156
17845,43088,90,38,1,0.00034832699748221785
17846,74380,114,37,0,0.00022681400150759146
17847,110739,72,36,0,0.00012163599967607297
17848,96808,71,36,2,0.00040113999784807675
17849,122193,45,37,2,0.0001631539998925291
17850,122030,85,38,0,0.00025184799960698
17851,95357,115,38,41,0.0015949810003803577
17852,124480,73,38,42,0.0014772009999433067
17853,128641,119,39,3,0.0005159539978194516
17854,111500,57,39,10,0.0014002450006955769
17855,48043,60,38,0,0.00011029700181097724
17856,85481,60,37,0,9.039900032803416e-05
17857,69977,67,37,1,0.00012373800200293772
17858,40270,111,37,3,0.0006609759984712582
17859,85990,94,38,0,0.00035616400055005215
17860,60760,94,37,0,0.00011625499973888509
17861,99870,93,38,21,0.001549325002997648
17862,2444,81,39,11,0.0015059109973662999
17863,129063,109,38,2,0.0007466729985026177
17864,22416,81,39,24,0.0008181330013030674
17865,60010,70,38,39,0.0015810619988769758
17866,70366,83,37,38,0.0015607749992341269
17867,101102,58,37,16,0.0012409789997036569
17868,115267,70,38,17,0.0014240800010156818
17869,133202,72,39,13,0.0012860749993706122
17870,50515,88,39,16,0.001536676998512121
17871,18164,114,38,6,0.001014060999295907
17872,28748,90,38,9,0.0013400120005826466
17873,10426,117,38,7,0.0006888770003570244
17874,15826,116,38,16,0.0017084960018109996
17875,76438,60,39,5,0.00047704300231998786
17876,19869,107,39,12,0.0010777999996207654
17877,48863,132,39,21,0.0016891390005184803
17878,118437,69,38,0,0.001086249998479616
17879,83171,84,38,15,0.0018297060014447197
17880,116284,143,37,1,0.0012288719990465324
17881,4679,105,37,3,0.0013381649987422861
17882,84456,113,36,4,0.0012529289997473825
17883,23211,158,37,6,0.0027790290005214047
17884,100077,105,36,1,0.0010999250007444061
17885,37907,124,35,1,0.00024407299861195497
17886,2478,116,34,2,0.0009553939999022987
17887,93624,110,34,8,0.0013196309992054012
17888,38413,111,33,1,0.0010033010003098752
17889,33500,158,32,1,0.0008592330013925675
17890,2736,120,32,12,0.0010211709995928686
17891,26713,156,31,5,0.001509140998678049
17892,130588,112,31,0,0.0011650270025711507
17893,106164,114,31,2,0.0007169849995989352
17894,61157,139,31,0,0.000908667003386654
17895,85740,202,30,0,0.0012419079976098146
17896,45970,168,29,1,0.0005417560023488477
17897,59292,120,29,2,0.001112403999286471
17898,71040,144,28,1,0.0010341519991925452
17899,114959,178,27,1,0.0004101129998161923
17900,74054,97,27,3,0.00048237399823847227
17901,19960,92,26,0,0.000834703998407349
17902,14859,118,26,1,0.0005148170021129772
17903,124529,224,25,4,0.0006577909989573527
17904,114804,90,26,0,0.0007245779997901991
17905,121026,110,26,3,0.0005450739990919828
17906,14149,153,26,0,0.0008974949996627402
17907,49486,141,25,0,0.00019366700144018978
17908,25329,166,24,0,0.0003060929993807804
17909,8775,132,24,5,0.00041476200203760527
17910,54681,189,23,0,0.00021791999824927188
17911,99023,120,25,7,0.000528215998201631
17912,51358,145,25,4,0.0005666690012731124
17913,85451,169,26,5,0.0005779790008091368
17914,106497,252,25,1,0.0005356760011636652
17915,65337,214,25,4,0.0007361730022239499
17916,66840,99,26,13,0.000715239999408368
17917,48507,91,27,2,0.0004235870001139119
17918,39521,134,38,18,0.0011094000001321547
17919,8834,40,40,1,0.00022476600133813918
17920,40034,40,39,0,5.9820999013027176e-05
17921,110249,40,38,0,5.602999954135157e-05
17922,55823,40,37,0,5.5067001085262746e-05
17923,23121,40,36,0,5.56759987375699e-05
17924,38869,40,35,0,9.146000229520723e-05
17925,100795,40,34,0,5.444699854706414e-05
17926,3543,40,33,0,5.120099740452133e-05
17927,56895,40,32,0,5.0815000577131286e-05
17928,45891,40,31,0,5.021600009058602e-05
17929,16455,40,30,0,4.9790000048233196e-05
17930,122461,40,29,0,4.7915000322973356e-05
17931,126168,40,28,0,6.803399810451083e-05
17932,101468,40,27,0,8.021100074984133e-05
17933,14691,52,27,1,0.00015492499733227305
17934,75347,61,26,0,7.777799692121334e-05
17935,87497,51,25,0,7.602199912071228e-05
17936,38527,70,26,1,0.0008294040017062798
17937,109785,63,25,0,9.101600153371692e-05
17938,104312,60,24,0,7.673199797864072e-05
17939,83465,75,24,1,0.0006936809986655135
17940,822,66,23,0,8.45989998197183e-05
17941,109000,66,22,0,7.936600013636053e-05
17942,44251,68,21,0,7.353799810516648e-05
17943,103361,69,20,0,6.530099926749244e-05
17944,128107,66,19,0,6.144700091681443e-05
17945,19921,66,18,0,5.962399882264435e-05
17946,2545,80,17,0,7.19700001354795e-05
17947,101986,76,16,0,6.142499842098914e-05
17948,57331,153,15,0,0.0002527569995436352
17949,37858,82,14,0,6.835399835836142e-05
17950,2486,68,13,0,4.823299968848005e-05
17951,108054,127,13,0,0.00011247200018260628
17952,10373,112,12,0,0.00010396099969511852
17953,63663,91,11,0,7.092499799910001e-05
17954,81790,123,10,0,8.606200208305381e-05
17955,87262,113,12,0,0.00015516199709963985
17956,34066,114,13,0,0.0001553980000608135
17957,112157,141,14,0,0.000233086000662297
17958,69090,132,15,0,0.00013576000128523447
17959,130997,258,18,0,0.0003396089996385854
17960,40495,180,40,1,0.0004805859971384052
17961,92092,64,39,0,0.00010540900257183239
17962,95934,61,38,0,9.89559994195588e-05
17963,39264,57,37,0,0.00010378800288890488
17964,34110,45,36,0,6.453999958466738e-05
17965,106945,71,35,0,9.40610007091891e-05
17966,88155,137,35,0,0.00023522400078945793
17967,10914,83,34,0,0.00010903799920924939
17968,36781,110,34,0,0.00037289399915607646
17969,32202,81,33,0,9.329000022262335e-05
17970,110402,80,32,0,8.114799857139587e-05
17971,70099,72,31,1,0.00010362499961047433
17972,100930,81,31,0,0.00015095799972186796
17973,19066,165,30,1,0.00027579499874264
17974,46415,93,30,0,0.00026459099899511784
17975,41554,153,29,4,0.0008485680009471253
17976,40242,73,33,2,0.0015692109991505276
17977,85009,96,33,2,0.0011235549973207526
17978,42092,110,33,2,0.0005784310014860239
17979,95179,76,32,2,0.0004311180018703453
17980,29489,69,31,2,0.0004924360000586603
17981,42551,102,40,58,0.002230330002930714
17982,78904,41,40,1,0.00020730100004584529
17983,25205,40,39,0,6.030000076862052e-05
17984,44091,49,38,0,6.850199861219153e-05
17985,105083,53,38,1,0.0009170060002361424
17986,75465,54,37,0,0.0007253340008901432
17987,86029,81,36,0,0.00013314399984665215
17988,62515,90,35,1,0.0002904619977925904
17989,115510,54,34,0,7.464299778803252e-05
17990,118942,49,36,2,0.000983175999863306
17991,84265,66,39,1,0.0013493539991031867
17992,102691,58,38,0,9.136500011663884e-05
17993,98225,70,38,1,0.0005269149987725541
17994,114,70,37,0,9.563200001139194e-05
17995,69250,53,39,3,0.0005971960017632227
17996,95036,229,40,34,0.0023847099982958753
17997,112972,55,40,7,0.001583495999511797
17998,128081,208,40,3,0.0008358450031664688
17999,2839,144,39,16,0.0019015060024685226
18000,131592,41,41,1,0.00021249100245768204
18001,6358,50,40,0,0.00022192300093593076
18002,57961,48,39,0,7.462099893018603e-05
18003,62459,45,38,0,6.745600330759771e-05
18004,100461,52,37,0,7.487999755539931e-05
18005,125678,85,36,0,0.00016412299737567082
18006,80782,58,35,0,9.678099740995094e-05
18007,74361,56,34,0,7.572600225103088e-05
18008,100717,41,33,0,5.359699935070239e-05
18009,42366,64,32,0,9.143399802269414e-05
18010,7026,52,31,0,7.031499990262091e-05
18011,14651,55,30,0,7.287700282176957e-05
18012,122495,45,29,0,5.553899973165244e-05
18013,8381,51,28,0,6.167800165712833e-05
18014,113726,49,27,0,5.933599823038094e-05
18015,55085,64,27,0,0.00013570499868365005
18016,16400,74,26,1,0.00010893599755945615
18017,116337,81,25,0,0.00011672700202325359
18018,16434,65,24,0,0.00010098599886987358
18019,107846,88,23,0,0.00019447500017122366
18020,5866,58,23,2,8.643200271762908e-05
18021,68363,153,22,0,0.00027866899836226366
18022,129273,93,21,1,0.00015850499767111614
18023,120199,109,20,0,9.08719994185958e-05
18024,111660,61,19,0,0.0003097830012848135
18025,71801,85,18,1,0.00012853299995185807
18026,113138,93,17,0,0.000178447000507731
18027,122425,92,17,1,0.00013630499961436726
18028,8833,117,16,0,0.00016344300092896447
18029,44183,139,15,1,0.00015187700046226382
18030,49689,52,14,2,0.00010498100164113566
18031,89588,98,14,1,0.0001502029990660958
18032,19383,112,14,0,0.000377180000214139
18033,60471,149,17,2,0.00044541099850903265
18034,100394,151,17,0,0.0002522960021451581
18035,55999,126,17,2,0.000222487000428373
18036,39696,163,17,3,0.00017347800167044625
18037,106274,185,25,5,0.0006501230018329807
18038,112848,108,24,0,0.00016536800103494897
18039,35290,427,27,5,0.001131191002059495
18040,52682,281,34,2,0.0004902580003545154
18041,120618,120,40,28,0.0020346950004750397
18042,121869,47,41,1,0.0001860150005086325
18043,131209,47,40,0,6.880200089653954e-05
18044,130442,41,39,0,8.552000144845806e-05
18045,3607,44,38,0,6.234099782886915e-05
18046,115986,51,37,0,6.909400326549076e-05
18047,86676,47,36,0,7.349199950112961e-05
18048,108181,44,35,0,6.445200051530264e-05
18049,130328,41,34,0,5.499100007000379e-05
18050,80438,47,33,0,6.019099964760244e-05
18051,38308,44,32,0,5.5011998483678326e-05
18052,109337,44,31,0,5.463900015456602e-05
18053,46685,41,30,0,4.8776997573440894e-05
18054,2743,47,29,0,5.669099846272729e-05
18055,103179,47,28,0,5.555800089496188e-05
18056,114977,47,27,0,5.328699990059249e-05
18057,117,44,26,0,5.2733998018084094e-05
18058,54947,41,25,0,4.620700201485306e-05
18059,104473,47,24,0,5.654699998558499e-05
18060,80496,45,23,0,4.7207002353388816e-05
18061,117090,47,22,0,4.67569989268668e-05
18062,38375,41,21,0,4.0432998503092676e-05
18063,125512,133,20,0,0.00015925600018817931
18064,130363,53,19,0,4.9859001592267305e-05
18065,112163,44,18,0,3.529099922161549e-05
18066,53955,47,17,0,3.370500053279102e-05
18067,72647,47,16,0,3.169900082866661e-05
18068,130239,41,15,0,2.7286998374620453e-05
18069,88511,67,14,0,5.338600021786988e-05
18070,117289,41,13,0,2.506199962226674e-05
18071,75948,41,12,0,2.273399877594784e-05
18072,82615,47,11,0,2.6273002731613815e-05
18073,75975,44,10,0,2.3471999156754464e-05
18074,75976,41,9,0,2.1134001144673675e-05
18075,75996,94,9,1,0.00011790200005634688
18076,88419,50,8,0,6.114800271461718e-05
18077,76034,49,7,0,2.290899647050537e-05
18078,72161,46,6,0,1.9467999663902447e-05
18079,1086,362,38,11,0.0011087980019510724
18080,99348,41,41,1,0.00017547999959788285
18081,94244,58,41,7,0.0005689470017387066
18082,82482,51,41,0,0.0006813280015194323
18083,18481,58,40,0,0.00011638000069069676
18084,45039,49,39,0,7.759900108794682e-05
18085,64852,58,38,0,9.031499939737841e-05
18086,97115,48,37,0,7.228100002976134e-05
18087,66401,48,36,0,7.098400237737224e-05
18088,39923,42,35,1,0.0006172629982756916
18089,81908,47,34,0,7.368899969151244e-05
18090,45438,107,33,0,0.00016454700016765855
18091,13698,48,32,0,6.743100311723538e-05
18092,34531,48,32,0,0.00013963300079922192
18093,45746,75,31,1,0.00026450199948158115
18094,57419,70,41,4,0.0007977109999046661
18095,129683,53,41,1,0.00023935199715197086
18096,85229,99,40,0,0.00020042799951625057
18097,13012,56,41,6,0.0013930629975220654
18098,45009,171,41,9,0.0017962689998967107
18099,23156,81,41,4,0.0005137080006534234
18100,57091,131,41,1,0.00029816000096616335
18101,38155,216,42,31,0.0022998170024948195
18102,110902,172,41,14,0.0015330359965446405
18103,40170,234,41,12,0.0019862169974658173
18104,121112,42,42,1,0.00017845899856183678
18105,27169,42,41,0,6.278000000747852e-05
18106,118912,52,40,0,7.612299668835476e-05
18107,106546,42,39,0,8.755200178711675e-05
18108,71776,44,38,0,6.37339981039986e-05
18109,29153,45,38,0,0.00013078099800623022
18110,46684,45,37,0,5.8691999583970755e-05
18111,109036,45,36,0,5.643099939334206e-05
18112,109562,45,35,0,5.439199958345853e-05
18113,130561,45,34,0,5.8066998462891206e-05
18114,127111,52,33,0,6.581799971172586e-05
18115,36013,45,32,0,5.553899973165244e-05
18116,77240,45,31,0,5.486499867402017e-05
18117,67742,45,30,0,5.465799767989665e-05
18118,81851,45,29,0,5.262799822958186e-05
18119,125853,45,28,0,5.2426999900490046e-05
18120,36002,45,27,0,5.107899778522551e-05
18121,115491,45,26,0,5.4754000302636996e-05
18122,80037,45,25,0,5.3484000090975314e-05
18123,32607,45,24,0,4.717399860965088e-05
18124,52781,45,23,0,4.7254001401597634e-05
18125,130865,47,22,0,4.861400157096796e-05
18126,51137,45,21,0,4.464700032258406e-05
18127,33362,45,20,0,4.308600182412192e-05
18128,31813,45,19,0,3.72989998140838e-05
18129,85051,45,18,0,3.1633000617148355e-05
18130,59092,45,17,0,2.9721999453613535e-05
18131,42972,72,17,1,6.551300248247571e-05
18132,24649,47,16,0,4.391499896883033e-05
18133,3905,46,15,0,2.960799974971451e-05
18134,8003,47,14,0,2.839700027834624e-05
18135,125524,47,13,0,2.714500078582205e-05
18136,111046,134,12,1,0.00012007799887214787
18137,20055,73,11,0,5.64559995837044e-05
18138,8816,47,10,0,2.533599763410166e-05
18139,110570,49,9,1,0.00011727600212907419
18140,128204,100,12,1,0.00016571200103498995
18141,77179,101,14,1,0.0002539119996072259
18142,79956,64,14,2,0.00014784200175199658
18143,102855,121,15,1,0.00015333400006056763
18144,41918,84,16,0,0.00017421099983039312
18145,121118,105,31,1,0.0008618219981144648
18146,77320,103,33,4,0.0010448089997225907
18147,28317,116,40,0,0.00024587000007159077
18148,9896,68,39,18,0.0019984460013802163
18149,65388,83,39,0,0.00045147299897507764
18150,77480,188,40,13,0.0010804150006151758
18151,101797,105,40,5,0.0014124189983704127
18152,14063,148,41,36,0.0021508209974854253
18153,76749,133,41,13,0.001834393999160966
18154,117615,108,42,4,0.0011931340013688896
18155,119412,42,42,1,0.00023757300004945137
18156,75145,73,42,3,0.0008941129999584518
18157,116658,150,42,0,0.0007940560026327148
18158,43961,155,41,0,0.0008924520006985404
18159,30407,50,40,2,0.001417586001480231
18160,40978,190,41,0,0.0006790400002500974
18161,18781,174,40,0,0.0002651780014275573
18162,15524,73,41,1,0.0016953450030996464
18163,36739,106,40,1,0.0006566689989995211
18164,104073,76,40,0,0.000531646997842472
18165,120425,214,39,0,0.0006953480005904566
18166,20405,172,39,0,0.00027938799757976085
18167,73703,197,38,0,0.0002519570007279981
18168,67890,91,40,2,0.002136725001037121
18169,13758,93,39,1,0.0016942870024649892
18170,18533,102,40,1,0.0017831260011007544
18171,463,42,42,1,0.0002562119989306666
18172,85199,50,42,1,0.00015095400158315897
18173,12328,74,41,0,0.00018528699729358777
18174,55155,96,40,0,0.00016836899885674939
18175,105545,65,39,0,0.0001038430018525105
18176,50730,95,38,0,0.00014363199807121418
18177,78169,89,37,0,0.00013134700202499516
18178,74989,69,36,0,9.969399980036542e-05
18179,90879,68,35,0,9.675700130173936e-05
18180,108418,51,34,0,9.594899893272668e-05
18181,111496,151,33,0,0.00021063399981358089
18182,34862,82,32,0,0.00010626800212776288
18183,33709,65,31,0,8.73850003699772e-05
18184,65713,128,30,0,0.000162776999786729
18185,11851,111,29,0,0.00013973500244901516
18186,81585,61,28,0,0.00011455500134616159
18187,129737,43,27,0,5.359599890653044e-05
18188,94679,72,26,0,8.36750004964415e-05
18189,93426,66,25,0,7.323400132008828e-05
18190,53473,65,24,0,6.878400017740205e-05
18191,96500,76,23,0,8.032099867705256e-05
18192,109912,45,22,0,4.9647998821455985e-05
18193,24969,68,21,0,6.711799869663082e-05
18194,76564,86,20,0,8.324699956574477e-05
18195,98055,87,19,0,8.831599916447885e-05
18196,52351,94,18,0,7.265700332936831e-05
18197,75254,66,17,0,5.899800089537166e-05
18198,100099,85,16,0,6.669899812550284e-05
18199,11152,116,15,0,9.011300062411465e-05
18200,41077,65,14,0,4.215999797452241e-05
18201,128732,52,13,0,3.245800326112658e-05
18202,66826,70,12,0,4.554300176096149e-05
18203,12376,68,11,0,3.660500078694895e-05
18204,8953,99,10,0,9.432600199943408e-05
18205,114677,74,9,0,4.516199987847358e-05
18206,4959,73,8,0,4.039999839733355e-05
18207,101495,71,7,0,3.4234999475302175e-05
18208,97431,52,6,0,2.2074000298744068e-05
18209,102617,97,5,0,4.291999721317552e-05
18210,21786,82,4,0,2.8682999982265756e-05
18211,87452,58,3,0,2.1900999854551628e-05
18212,47237,80,2,0,2.813299943227321e-05
18213,39298,113,2,0,6.247900091693737e-05
18214,461,124,2,0,4.774899935000576e-05
18215,128016,44,44,1,0.00025218299924745224
18216,46668,62,43,0,0.00012058599895681255
18217,122101,78,42,0,0.00012632400103029795
18218,73034,44,41,0,6.669700087513775e-05
18219,113434,57,40,0,9.42270016821567e-05
18220,7522,44,39,0,6.907900024089031e-05
18221,53483,63,39,0,0.00014724599895998836
18222,13876,69,38,1,0.000293175002298085
18223,16877,125,37,1,0.00023314699865295552
18224,42883,106,37,0,0.00017589300114195794
18225,54771,96,36,3,0.0009095300010812934
18226,91005,76,35,0,0.000258558000496123
18227,76854,83,35,0,0.00017273499906877987
18228,12997,156,34,1,0.00045825400229659863
18229,86202,144,33,0,0.00027692000003298745
18230,119253,95,32,1,0.0002882490007323213
18231,4024,124,32,3,0.000440132000221638
18232,67410,175,31,1,0.0003243189967179205
18233,29289,72,31,2,0.0013308039997355081
18234,60288,63,32,8,0.0009972709995054174
18235,62604,83,32,0,0.0011554709999472834
18236,68603,181,34,2,0.001020358999085147
18237,115076,95,33,4,0.0013595519994851202
18238,85659,213,37,21,0.0025114060008490924
18239,100958,141,36,2,0.0016653400016366504
18240,131813,182,36,23,0.002516192002076423
18241,67374,143,37,2,0.0006213699998625088
18242,23986,323,39,5,0.002478779999364633
18243,94235,333,40,17,0.002430360000289511
18244,38966,213,40,41,0.003175456000462873
18245,35777,156,39,3,0.0012025629985146224
18246,117350,211,40,11,0.002458692000800511
18247,49118,271,39,5,0.0018164419998356607
18248,115607,235,39,2,0.0013156809982319828
18249,34608,336,38,13,0.002348752001125831
18250,45163,174,42,3,0.0013471789970935788
18251,38109,420,42,13,0.0024204219989769626
18252,119413,44,44,1,0.00021731699962401763
18253,116881,44,43,0,6.739599848515354e-05
18254,116885,47,42,0,6.986800144659355e-05
18255,84164,47,43,0,0.0015207800024654716
18256,87492,67,42,0,0.00010914400263573043
18257,116054,47,41,0,6.945299901417457e-05
18258,32129,48,40,0,7.113899846444838e-05
18259,58397,47,39,0,6.718399890814908e-05
18260,72116,47,38,0,9.976199726224877e-05
18261,82195,65,37,0,0.00141263699697447
18262,72168,47,36,0,0.00010265499804518186
18263,9667,63,35,0,9.871400106931105e-05
18264,54558,57,34,0,7.97849970695097e-05
18265,122276,47,33,0,6.171300265123136e-05
18266,120851,47,32,0,6.047099668649025e-05
18267,3582,47,31,0,5.863299884367734e-05
18268,57158,47,30,0,5.555799725698307e-05
18269,125915,47,29,0,5.361900184652768e-05
18270,120929,47,28,0,5.283399877953343e-05
18271,48548,47,27,0,5.392800085246563e-05
18272,87685,80,27,0,0.00011595899923122488
18273,103697,73,27,0,0.0010585499985609204
18274,47463,69,26,0,0.00011173200255143456
18275,47486,73,25,0,7.922800068627112e-05
18276,64456,61,24,0,0.00021970799934933893
18277,83284,73,23,0,0.00011354299931554124
18278,83992,82,22,0,8.423299732385203e-05
18279,96411,66,21,2,9.912899986375123e-05
18280,131204,76,21,0,8.562899893149734e-05
18281,45920,79,20,0,8.754399823374115e-05
18282,58700,74,19,0,6.123800267232582e-05
18283,30912,136,18,1,0.00015449500278919004
18284,116004,72,17,0,5.193399920244701e-05
18285,59793,82,16,0,5.5724001867929474e-05
18286,117288,77,15,0,4.860300032305531e-05
18287,85934,76,14,0,4.758800059789792e-05
18288,130543,76,13,0,4.480099960346706e-05
18289,91101,96,13,1,7.778000144753605e-05
18290,82115,88,12,0,6.363500142470002e-05
18291,58411,74,12,2,0.00017808099801186472
18292,131121,124,12,2,0.00022148700008983724
18293,63793,118,14,2,0.00016645599680487067
18294,103671,97,26,0,0.0003442029992584139
18295,56221,64,44,1,0.0017372500005876645
18296,36833,68,43,0,0.00012240099749760702
18297,62596,45,45,1,0.0002649239977472462
18298,109733,45,44,0,7.411100159515627e-05
18299,92229,45,43,0,6.759999814676121e-05
18300,98637,45,42,0,6.550400212290697e-05
18301,26305,45,41,0,6.473499888670631e-05
18302,99718,45,40,0,6.464199759648181e-05
18303,113254,45,39,0,6.22730003669858e-05
18304,89782,45,38,0,6.38819983578287e-05
18305,56723,45,37,0,6.194099842105061e-05
18306,77525,74,37,0,0.0002105899984599091
18307,59501,69,36,0,0.00021198800095589831
18308,93025,115,35,1,0.0002614620025269687
18309,66740,85,34,0,0.00012737799988826737
18310,59830,55,33,0,7.298199852812104e-05
18311,65642,75,33,0,0.0004924679997202475
18312,41425,75,32,0,9.635600144974887e-05
18313,30068,68,32,0,0.0013484320006682537
18314,51962,69,32,0,0.00020258299991837703
18315,33983,72,31,0,9.775900252861902e-05
18316,4469,63,30,0,0.0009898089992930181
18317,122978,91,30,0,0.0013248909999674652
18318,46797,88,30,0,0.0005305239974404685
18319,125022,65,29,1,0.0005481890002556611
18320,82142,83,28,0,0.00043834000098286197
18321,38858,125,28,0,0.0009699179972812999
18322,101780,105,27,0,0.00015216799874906428
18323,35411,139,26,0,0.00015320300008170307
18324,17806,125,25,0,0.00012117699952796102
18325,108090,126,24,0,0.00010975399709423073
18326,63346,121,23,0,9.974500062526204e-05
18327,33973,126,22,0,0.00010469399785506539
18328,50427,125,21,0,9.657199916546233e-05
18329,83016,112,21,0,0.00033351199817843735
18330,15211,129,20,0,0.00013163199764676392
18331,13068,111,19,0,9.661000149208121e-05
18332,25452,158,18,4,0.000301420997857349
18333,116191,124,19,1,0.00018300900046597235
18334,126394,150,20,2,0.00037487100053112954
18335,61175,133,21,1,0.00027006600066670217
18336,51437,138,22,1,0.00032327400185749866
18337,75441,96,27,0,0.00030373800109373406
18338,837,137,31,3,0.0007115930020518135
18339,80912,106,36,0,0.0003104329989582766
18340,19981,51,46,1,0.0001904480013763532
18341,110473,49,45,0,0.0001110419980250299
18342,127794,46,44,0,6.990600013523363e-05
18343,128095,46,43,0,6.47529996058438e-05
18344,52495,46,42,0,6.416100222850218e-05
18345,132492,112,41,0,0.00016672100173309445
18346,26775,52,40,0,7.029200060060248e-05
18347,118760,52,39,0,6.602600115002133e-05
18348,7928,46,38,0,5.930900078965351e-05
18349,31449,48,37,0,5.987499753246084e-05
18350,73345,46,36,0,5.898100062040612e-05
18351,123238,49,35,0,6.031399971107021e-05
18352,117174,46,34,0,6.285599738475867e-05
18353,9999,46,33,0,8.53810015541967e-05
18354,110459,47,32,0,5.611700180452317e-05
18355,293,46,31,0,5.6092001614160836e-05
18356,112085,47,30,0,5.440099994302727e-05
18357,44255,52,29,0,6.024699905538e-05
18358,112069,50,28,0,5.8130997786065564e-05
18359,67090,60,27,0,7.579100201837718e-05
18360,25780,48,26,0,5.830499867442995e-05
18361,35038,50,25,0,5.308199979481287e-05
18362,59719,46,24,0,4.847899981541559e-05
18363,66036,50,23,0,5.038299786974676e-05
18364,86000,49,22,0,4.8349000280722976e-05
18365,61438,48,21,0,4.605699723470025e-05
18366,12927,46,20,0,4.723199890577234e-05
18367,42080,49,19,0,6.517400106531568e-05
18368,85485,49,18,0,4.059500133735128e-05
18369,50920,46,17,0,3.219800055376254e-05
18370,56938,48,16,0,3.337700036354363e-05
18371,61119,46,15,0,2.9961000109324232e-05
18372,36625,68,15,0,6.81020028423518e-05
18373,16920,65,14,0,4.044399975100532e-05
18374,25112,70,13,0,4.0154998714569956e-05
18375,76345,69,12,0,3.6122997698839754e-05
18376,111223,136,11,0,0.0001454680023016408
18377,24442,72,10,0,5.8240999351255596e-05
18378,36789,68,9,0,3.3473999792477116e-05
18379,41202,88,9,0,0.00020195199977024458
18380,59733,143,9,0,8.792000153334811e-05
18381,21512,113,9,1,0.0001743339998938609
18382,88216,145,8,1,8.213700129999779e-05
18383,18396,192,15,1,0.00023460900047211908
18384,535,72,46,1,0.00031411199961439706
18385,66205,52,45,0,8.80229999893345e-05
18386,89652,65,44,0,0.00010056300016003661
18387,46691,46,43,0,6.633100201725028e-05
18388,1186,47,42,0,6.618400220759213e-05
18389,70307,92,41,0,0.000139588002639357
18390,27563,47,40,0,6.520199895021506e-05
18391,47052,52,39,0,7.265400199685246e-05
18392,42201,59,38,0,7.816499783075415e-05
18393,10429,46,37,0,6.088800000725314e-05
18394,98951,46,36,0,9.442700320505537e-05
18395,19564,59,35,0,7.862900019972585e-05
18396,2115,46,34,0,5.979799971100874e-05
18397,42438,68,33,0,8.63250024849549e-05
18398,74310,53,32,0,6.143100108602084e-05
18399,92113,59,31,0,7.014600123511627e-05
18400,19696,46,30,0,0.00010844100324902683
18401,73462,59,29,0,6.869299977552146e-05
18402,47571,59,28,0,6.625699825235642e-05
18403,24313,62,27,0,6.770400068489835e-05
18404,2392,98,26,0,0.0001298280003538821
18405,5674,66,26,0,0.00035247800042270683
18406,3964,73,25,0,8.472700210404582e-05
18407,80011,67,24,0,6.672700328635983e-05
18408,43765,65,23,0,8.168999920599163e-05
18409,45180,111,22,0,0.00010333300087950192
18410,123757,161,21,0,0.00018253300004289486
18411,112705,68,20,0,9.04199987417087e-05
18412,123909,118,19,0,0.00011850699956994504
18413,95887,66,18,0,4.844199793296866e-05
18414,99980,66,17,0,4.4892000005347654e-05
18415,133266,66,16,0,4.2044997826451436e-05
18416,34454,155,15,0,0.00010410799950477667
18417,67862,69,14,0,4.408200038596988e-05
18418,72284,66,13,0,3.677099812193774e-05
18419,76504,66,12,0,3.485599881969392e-05
18420,58395,64,11,0,3.304599886178039e-05
18421,24412,80,11,1,7.589599772472866e-05
18422,59881,109,10,0,0.0001064610005414579
18423,81414,78,9,0,4.088800051249564e-05
18424,6729,90,8,0,7.820700193406083e-05
18425,2758,85,7,0,3.795399970840663e-05
18426,7072,116,7,0,0.00010387499787611887
18427,12680,94,7,0,8.292999700643122e-05
18428,1155,134,21,0,0.00018873100270866416
18429,43601,173,25,2,0.0003504779997456353
18430,22523,196,28,2,0.00040281199835590087
18431,95773,66,46,1,0.0002612690004752949
18432,124359,46,45,0,7.787899812683463e-05
18433,82887,46,44,0,9.537300138617866e-05
18434,103046,70,43,0,0.00011473699851194397
18435,66514,46,42,0,6.527199730044231e-05
18436,49242,46,41,0,6.307800140348263e-05
18437,112486,46,40,0,6.081099854782224e-05
18438,103796,55,39,0,7.350400119321421e-05
18439,51700,46,38,0,5.880499884369783e-05
18440,107657,46,37,0,6.0585000028368086e-05
18441,123790,51,37,1,0.00027252099971519783
18442,97434,51,36,0,9.712599785416387e-05
18443,114539,51,35,0,7.169099990278482e-05
18444,105925,51,34,0,6.448099884437397e-05
18445,27470,93,33,0,0.0001370249992760364
18446,104113,51,32,0,6.393299918272533e-05
18447,111723,62,31,0,7.650499901501462e-05
18448,1917,87,30,0,0.00010833599662873894
18449,31800,55,29,0,6.806100282119587e-05
18450,109375,51,28,0,5.9714999224524945e-05
18451,123706,51,27,0,5.696099833585322e-05
18452,90402,323,46,0,0.00133474099857267
18453,60211,91,46,2,0.002103648002957925
18454,99825,77,45,2,0.0019130920009047259
18455,97249,195,47,2,0.0009131139995588455
18456,88583,52,48,1,0.0002020980027737096
18457,79339,48,47,0,7.239499973366037e-05
18458,54591,48,46,0,6.90849992679432e-05
18459,124145,48,45,0,6.642600055783987e-05
18460,69704,48,44,0,9.712600149214268e-05
18461,3721,54,43,0,8.213399996748194e-05
18462,33364,48,42,0,6.561799818882719e-05
18463,26204,52,41,0,6.73850008752197e-05
18464,77416,48,40,0,6.207700062077492e-05
18465,123134,48,39,0,6.113700146670453e-05
18466,1664,48,38,0,6.414800009224564e-05
18467,124686,75,37,0,9.377199967275374e-05
18468,4507,48,36,0,6.150699846330099e-05
18469,96241,48,35,0,5.907899685553275e-05
18470,89804,68,34,0,7.895999806351028e-05
18471,47056,48,33,0,5.720499757444486e-05
18472,76467,48,32,0,6.269699952099472e-05
18473,10348,48,31,0,8.224099656217732e-05
18474,23296,49,30,0,6.062499960535206e-05
18475,36617,52,29,0,6.071399911888875e-05
18476,18952,49,28,0,5.561199941439554e-05
18477,37248,48,27,0,5.329000123310834e-05
18478,11916,52,26,0,5.7356999604962766e-05
18479,104467,48,25,0,5.1041002734564245e-05
18480,17292,52,24,0,5.437199797597714e-05
18481,21847,74,23,0,6.945600034669042e-05
18482,132226,49,22,0,4.99339985253755e-05
18483,6468,52,21,0,5.10929967276752e-05
18484,80777,52,20,0,4.976200216333382e-05
18485,94350,52,19,0,4.455499947653152e-05
18486,49424,50,18,0,3.8592999771935865e-05
18487,81169,52,17,0,3.4724002034636214e-05
18488,124309,48,16,0,3.09349998133257e-05
18489,124247,52,15,0,0.0006280039997363929
18490,124248,48,14,0,4.8817000788403675e-05
18491,101025,48,13,0,2.813500032061711e-05
18492,80763,52,12,0,2.9219001589808613e-05
18493,119360,48,11,0,2.5515997549518943e-05
18494,101585,70,10,0,4.0499999158782884e-05
18495,116579,49,9,0,2.4790999304968864e-05
18496,75042,48,8,0,2.273900099680759e-05
18497,103770,48,7,0,2.129299900843762e-05
18498,23913,48,6,0,2.03950003196951e-05
18499,74084,52,5,0,2.0040999515913427e-05
18500,80044,52,4,0,3.3521999284857884e-05
18501,33139,70,3,0,2.3680000595049933e-05
18502,118184,52,2,0,1.4712000847794116e-05
18503,11707,48,1,0,1.2455999240046367e-05
18504,56290,172,3,0,0.00010442399798193946
18505,41476,51,51,1,0.0002436640024825465
18506,116488,51,50,0,8.114800220937468e-05
18507,16259,62,49,0,0.00010101199950440787
18508,99347,100,48,0,0.0001711229997454211
18509,82160,51,47,0,0.00010991499948431738
18510,20813,61,46,0,9.426199903828092e-05
18511,26872,85,45,0,0.00013099900024826638
18512,32468,85,44,0,0.0001065540018316824
18513,89753,54,43,0,7.820300015737303e-05
18514,44502,51,42,0,6.953399861231446e-05
18515,44645,67,41,0,9.154100189334713e-05
18516,53481,58,40,0,7.565499981865287e-05
18517,81287,51,39,0,6.756999937351793e-05
18518,9412,51,38,0,9.35160023800563e-05
18519,100752,85,37,0,0.00010961699808831327
18520,96796,71,36,0,8.975300079328008e-05
18521,117627,64,35,0,7.720500070718117e-05
18522,97110,77,34,0,8.79359977261629e-05
18523,57560,51,33,0,6.0460999520728365e-05
18524,18996,51,32,0,6.064700210117735e-05
18525,81899,51,31,0,5.9054997109342366e-05
18526,33053,85,30,0,9.109999882639386e-05
18527,43484,51,29,0,5.934699947829358e-05
18528,124701,64,28,0,7.247300163726322e-05
18529,27588,51,27,0,6.340400068438612e-05
18530,40607,54,26,0,6.726100036757998e-05
18531,100640,63,25,0,6.822300201747566e-05
18532,27170,51,24,0,5.505500303115696e-05
18533,6947,85,23,0,8.203300239983946e-05
18534,37541,51,22,0,5.426300049293786e-05
18535,106794,77,21,0,6.927700087544508e-05
18536,119978,51,20,0,9.505699927103706e-05
18537,94954,54,19,0,4.897799954051152e-05
18538,89654,61,18,0,4.491700019570999e-05
18539,43066,65,17,0,4.570199962472543e-05
18540,40811,84,16,0,6.15719982306473e-05
18541,72811,70,15,0,4.4668999180430546e-05
18542,83257,72,14,0,4.6351000491995364e-05
18543,79277,72,13,0,6.588000178453512e-05
18544,97583,93,12,0,6.57599994156044e-05
18545,90426,81,11,0,4.0238999645225704e-05
18546,30007,82,10,0,3.736800135811791e-05
18547,6000,82,9,0,4.8193000111496076e-05
18548,27309,51,8,0,2.3890999727882445e-05
18549,35991,94,8,0,5.368699930841103e-05
18550,43483,86,7,0,5.696199878002517e-05
18551,36257,105,6,0,7.490499774576165e-05
18552,28426,80,6,0,6.445799954235554e-05
18553,11443,100,5,0,6.373699943651445e-05
18554,26988,98,6,0,6.330999894998968e-05
18555,27901,143,5,0,0.0001517429991508834
18556,80896,69,52,1,0.00034376200346741825
18557,529,71,51,0,0.0001271050023206044
18558,131866,102,50,0,0.00021965599808027036
18559,62084,59,49,0,0.00010836999717867002
18560,16931,72,48,0,0.0001551060013298411
18561,63476,74,47,0,0.00013909300105297007
18562,110423,52,46,0,8.160400102497078e-05
18563,49020,52,45,0,7.752800229354762e-05
18564,28633,67,44,0,9.466900155530311e-05
18565,34975,59,43,0,9.093900007428601e-05
18566,52703,58,42,0,8.419400182901882e-05
18567,29546,70,41,0,0.00010456200107000768
18568,53098,52,40,0,0.00010990000009769574
18569,10384,57,39,0,8.795299800112844e-05
18570,90437,86,38,0,0.00013201399997342378
18571,119591,64,37,0,9.106699872063473e-05
18572,129966,88,36,0,0.00018348300000070594
18573,33840,59,35,0,8.211300155380741e-05
18574,119395,56,34,0,7.468799958587624e-05
18575,111412,52,33,0,6.614000085392036e-05
18576,109509,58,32,0,8.533700020052493e-05
18577,90048,58,31,0,7.828800153220072e-05
18578,46160,58,30,0,6.908400246175006e-05
18579,125156,72,30,1,0.00011835599798359908
18580,74653,123,29,1,0.0002071899980364833
18581,90038,96,29,1,0.0008259499991254415
18582,103230,103,28,0,0.00011898600132553838
18583,40855,112,27,0,0.0007931489999464247
18584,51933,129,26,1,0.00019865700232912786
18585,72216,117,25,0,0.00015608600006089546
18586,8094,148,25,0,0.00027125300039188005
18587,111908,91,24,1,0.0006405690000974573
18588,81031,155,23,0,0.000293182998575503
18589,101361,134,22,0,0.00020685500203398988
18590,18984,123,23,0,0.0005518910002138
18591,113663,132,22,0,0.00021661600112565793
18592,13739,179,21,2,0.0005258099990896881
18593,60975,148,20,0,0.00021521499729715288
18594,11205,121,19,0,0.00016201999824261293
18595,43160,214,19,0,0.0002605420013424009
18596,55837,144,18,0,0.00011245499990764074
18597,91586,219,18,0,0.00026697000066633336
18598,50808,269,17,2,0.0003738019986485597
18599,124741,256,17,0,0.00039336200279649347
18600,18314,329,16,1,0.0005459830026666168
18601,127886,222,16,0,0.0002947160028270446
18602,44612,313,15,1,0.0004452339999261312
18603,93504,387,15,0,0.00046242000098573044
18604,89732,351,15,0,0.0002914400029112585
18605,49387,249,14,0,0.00021020599888288416
18606,75223,270,15,0,0.00025078500038944185
18607,104963,66,53,1,0.0003182399996148888
18608,80646,53,52,0,9.33519986574538e-05
18609,20498,53,51,0,8.578699998906814e-05
18610,64293,53,50,0,8.084699948085472e-05
18611,103558,69,49,0,0.00010748900240287185
18612,131133,69,48,0,9.721600144985132e-05
18613,103673,53,47,0,7.750900113023818e-05
18614,130398,70,46,0,9.06429995666258e-05
18615,109386,53,45,0,7.321199882426299e-05
18616,64411,69,44,0,8.851600068737753e-05
18617,58850,69,43,0,8.53910023579374e-05
18618,60579,63,42,0,8.09479970484972e-05
18619,58217,53,41,0,7.104500036803074e-05
18620,51690,69,40,0,8.204500045394525e-05
18621,117778,66,39,0,9.82490018941462e-05
18622,83848,73,38,0,0.0001130720011133235
18623,58751,53,37,0,7.144499977584928e-05
18624,64945,53,36,0,6.745200153090991e-05
18625,85940,69,35,0,7.83300019975286e-05
18626,48549,53,34,0,6.532699990202673e-05
18627,109370,53,33,0,6.346200098050758e-05
18628,88969,53,32,0,6.45059990347363e-05
18629,76108,53,31,0,6.256800043047406e-05
18630,121767,71,30,0,7.704900053795427e-05
18631,54424,53,29,0,6.0413000028347597e-05
18632,120959,69,28,0,6.658599886577576e-05
18633,54552,53,27,0,6.222899901331402e-05
18634,87518,69,26,0,8.875900311977603e-05
18635,111913,100,25,0,0.00010747299893409945
18636,52138,53,24,0,5.553699884330854e-05
18637,54157,74,23,0,6.901300002937205e-05
18638,784,53,22,0,5.3430998377734795e-05
18639,85948,98,21,0,9.184699956676923e-05
18640,50642,53,20,0,5.23510025232099e-05
18641,58844,69,19,0,5.5212000006577e-05
18642,131091,129,18,0,8.597700070822611e-05
18643,87507,53,17,0,3.773099888348952e-05
18644,64279,53,16,0,3.366999953868799e-05
18645,115421,53,15,0,3.2551997719565406e-05
18646,69869,100,14,0,5.678599700331688e-05
18647,80629,144,14,1,0.0002047929992841091
18648,104942,149,13,1,0.00012668899944401346
18649,57375,98,12,0,5.0659000407904387e-05
18650,116846,169,11,0,0.00015248400086420588
18651,85972,78,21,0,0.00010172099791816436
18652,130401,117,20,0,9.066399798030034e-05
18653,103589,78,19,0,6.094099808251485e-05
18654,118341,101,18,0,6.822100112913176e-05
18655,50247,78,17,0,4.646400338970125e-05
18656,48567,93,16,0,4.941400038660504e-05
18657,131391,78,15,0,4.020300184492953e-05
18658,103484,105,22,0,0.00014531100168824196
18659,14976,107,55,1,0.0005007099971408024
18660,9987,65,54,0,0.0001274940004805103
18661,32020,76,53,0,0.00012730700109386817
18662,95255,63,52,0,0.00010112699965247884
18663,49944,80,51,0,0.00012856099783675745
18664,99374,81,50,0,0.00012342400077614002
18665,30,80,49,0,0.00011624000035226345
18666,13889,93,48,0,0.00017761400158633478
18667,87294,129,47,0,0.00021348199879867025
18668,75616,80,46,0,0.00011308799730613828
18669,96459,80,45,0,0.00010413900236017071
18670,47968,274,44,0,0.0004954850010108203
18671,84327,76,43,0,0.00013167300130589865
18672,4786,157,42,0,0.00030767499993089586
18673,5233,81,41,0,0.00011264400018262677
18674,111600,81,40,0,0.00010275499880663119
18675,49747,80,39,0,0.00012375100050121546
18676,2633,80,38,0,9.528800001135096e-05
18677,68018,173,37,0,0.00025700900005176663
18678,40181,80,36,0,0.00010043899965239689
18679,51701,55,35,0,7.349100269493647e-05
18680,101558,55,34,0,6.9472000177484e-05
18681,90427,55,33,0,6.765899888705462e-05
18682,916,62,32,0,8.395499753532931e-05
18683,34893,80,31,0,9.217200204147957e-05
18684,23626,139,30,0,0.0001643959985813126
18685,83674,108,29,0,0.00011690300016198307
18686,99361,55,28,0,6.543400013470091e-05
18687,31802,55,27,0,6.243000098038465e-05
18688,11874,81,26,0,7.781200110912323e-05
18689,89194,80,25,0,7.375799759756774e-05
18690,101751,55,24,0,5.723799768020399e-05
18691,60308,148,23,0,0.00022148100106278434
18692,27331,76,22,0,7.45210018067155e-05
18693,29845,55,21,0,5.728999894927256e-05
18694,101863,76,20,0,6.215000030351803e-05
18695,38264,76,19,0,5.686300210072659e-05
18696,82886,69,18,0,4.797700239578262e-05
18697,5335,154,17,0,0.00013457200111588463
18698,386,55,16,0,3.74509982066229e-05
18699,77959,140,15,0,0.00010220300100627355
18700,128213,112,14,0,8.699600221007131e-05
18701,72315,80,13,0,4.985400300938636e-05
18702,47765,67,12,0,4.464199810172431e-05
18703,10976,220,12,1,0.00026769900068757124
18704,36907,297,11,0,0.00021847799871466123
18705,16190,109,10,0,0.00011230599920963868
18706,6288,146,9,0,8.758499825489707e-05
18707,105680,153,8,0,9.20370002859272e-05
18708,28516,271,7,0,0.0001683610025793314
18709,111161,350,6,0,0.00022385600095731206
18710,21718,369,6,0,0.00023873799727880396
18711,53213,504,5,0,0.00022857899966766126
18712,64054,292,4,1,0.00014429700240725651
18713,62821,418,3,0,0.0002175899971916806
18714,90592,137,15,0,0.00010415399810881354
18715,125954,102,56,1,0.0004534740000963211
18716,62855,56,55,0,0.00010193600246566348
18717,115209,150,54,0,0.0003711259996634908
18718,95765,124,53,0,0.00031215899798553437
18719,11799,200,52,0,0.00043776000165962614
18720,84122,222,51,0,0.0003742179978871718
18721,101167,142,50,0,0.00023937199875945225
18722,99104,123,49,0,0.0002557890002208296
18723,8273,148,48,0,0.00024533699979656376
18724,1663,56,47,0,9.307799700764008e-05
18725,56933,90,46,0,0.00013341999874683097
18726,5453,66,45,0,9.508199946139939e-05
18727,28577,91,44,0,0.00013441299961414188
18728,97320,135,43,0,0.00023799199698260054
18729,17837,114,42,0,0.00017608000052860007
18730,73589,135,41,0,0.00021201699928496964
18731,80561,58,40,0,8.541699935449287e-05
18732,131221,85,39,0,0.00011533900033100508
18733,99086,122,38,0,0.0002122510013577994
18734,80186,161,37,0,0.0002331629984837491
18735,92790,383,36,0,0.000600547999056289
18736,115900,211,35,0,0.000286505000985926
18737,48703,131,34,0,0.00017458799993619323
18738,70339,56,33,0,7.345199992414564e-05
18739,83351,175,32,0,0.000242118003370706
18740,99539,69,31,0,9.4063001597533e-05
18741,4239,174,30,0,0.00020647500059567392
18742,23453,149,29,0,0.0001633259998925496
18743,122787,111,28,0,0.00011255600111326203
18744,57156,145,27,0,0.00018628300313139334
18745,67299,162,26,0,0.0001628300014999695
18746,44434,124,25,0,0.00014659299995400943
18747,126916,125,24,0,0.00011983199874521233
18748,59861,107,23,0,0.00010326600022381172
18749,74570,163,22,0,0.00018450000061420724
18750,130519,105,21,0,9.705200136522762e-05
18751,49258,61,20,0,6.448899875977077e-05
18752,115480,152,19,0,0.00012676800179178827
18753,105049,104,18,0,6.92630019329954e-05
18754,119515,114,17,0,8.545899981982075e-05
18755,7264,174,16,0,0.0001438529980077874
18756,60576,56,15,0,3.750500036403537e-05
18757,7205,139,14,0,0.00012421100109349936
18758,130853,105,13,0,5.9277997934259474e-05
18759,58278,173,12,0,0.00011104799705208279
18760,1324,122,11,0,6.379299884429201e-05
18761,2094,126,10,0,5.968899858999066e-05
18762,75947,230,9,0,0.00011334299779264256
18763,107877,159,8,0,8.006400094018318e-05
18764,37479,224,7,0,0.00012406500172801316
18765,1776,126,6,0,7.88590004958678e-05
18766,99239,93,5,0,4.325400004745461e-05
18767,7083,73,4,0,2.7307996788294986e-05
18768,104749,162,3,0,8.04940027592238e-05
18769,44785,141,2,0,4.2342999222455546e-05
18770,114352,196,1,0,8.37539992062375e-05
18771,51697,86,0,0,1.8979000742547214e-05
