pos,vertex,degree,p_size,cliques,seconds
0,40263,0,0,1,2.689999746507965e-06
1,23799,0,0,1,9.420000424142927e-07
2,1,1,1,1,1.3870000657334458e-05
3,81928,1,1,1,4.9150003178510815e-06
4,11,1,1,1,4.008999894722365e-06
5,24590,1,1,1,2.924999535025563e-06
6,16412,1,1,1,2.9169996196287684e-06
7,29,1,1,1,3.068999831157271e-06
8,32801,1,1,1,2.529999619582668e-06
9,24639,1,1,1,2.1879995983908884e-06
10,57411,1,1,1,2.556999788794201e-06
11,69,1,1,1,2.6950001483783126e-06
12,84929,1,0,0,1.8400005501462147e-06
13,8264,1,1,1,2.809999386954587e-06
14,57422,1,1,1,2.9029997676843777e-06
15,81999,1,1,1,2.507000317564234e-06
16,73808,1,1,1,2.409999979136046e-06
17,57425,1,1,1,2.5019999156938866e-06
18,73816,1,1,1,2.6369998522568494e-06
19,41051,1,1,1,3.448999450483825e-06
20,49254,1,1,1,2.3479997253161855e-06
21,24682,1,1,1,2.7160003810422495e-06
22,33925,1,0,0,1.4929992175893858e-06
23,32888,1,1,1,3.013000423379708e-06
24,32894,1,1,1,4.999000339012127e-06
25,32896,1,1,1,2.666000000317581e-06
26,65669,1,1,1,2.3840002540964633e-06
27,134,1,1,1,2.133000634785276e-06
28,16517,1,1,1,2.3789998522261158e-06
29,34629,1,0,0,1.4179995559970848e-06
30,65674,1,1,1,2.29600027523702e-06
31,4779,1,0,0,1.5249997886712663e-06
32,140,1,1,1,2.0669995137723163e-06
33,32908,1,1,1,2.663000486791134e-06
34,82065,1,1,1,2.62100002146326e-06
35,146,1,1,1,1.9930002963519655e-06
36,16544,1,1,1,2.5709996407385916e-06
37,8370,1,1,1,2.632999894558452e-06
38,73911,1,1,1,2.9060001907055266e-06
39,16219,1,0,0,1.5670002539991401e-06
40,73914,1,1,1,2.4480004867655225e-06
41,73915,1,1,1,2.8160002329968847e-06
42,32955,1,1,1,2.2469994291896e-06
43,16588,1,1,1,2.4230002964031883e-06
44,80302,1,0,0,1.4110000847722404e-06
45,16589,1,1,1,2.1699997887481004e-06
46,82126,1,1,1,2.309999217686709e-06
47,73935,1,1,1,2.3909997253213078e-06
48,73936,1,1,1,2.4420005502179265e-06
49,24784,1,1,1,2.4050004867604002e-06
50,41169,1,1,1,2.2989997887634672e-06
51,75641,1,0,0,1.4900006135576405e-06
52,82127,1,1,1,2.443000084895175e-06
53,82125,1,1,1,2.1730002117692493e-06
54,52744,1,0,0,2.7860005502589047e-06
55,8410,1,1,1,2.6910001906799152e-06
56,218,1,1,1,2.526999196561519e-06
57,228,1,1,1,2.5109993657679297e-06
58,33007,1,1,1,2.151000444428064e-06
59,65776,1,1,1,2.7509995561558753e-06
60,73969,1,1,1,2.5900008040480316e-06
61,82166,1,1,1,2.323000444448553e-06
62,56373,1,0,0,1.419000000169035e-06
63,65786,1,1,1,2.432000655971933e-06
64,254,1,1,1,2.3030006559565663e-06
65,82175,1,1,1,2.337999831070192e-06
66,38958,1,0,0,1.5229998098220676e-06
67,65793,1,1,1,2.609000148368068e-06
68,65796,1,1,1,2.337999831070192e-06
69,8452,1,1,1,2.4470000425935723e-06
70,49416,1,1,1,2.148000021406915e-06
71,51091,1,0,0,1.3990002116770484e-06
72,33033,1,1,1,2.3820002752472647e-06
73,8509,1,1,1,8.94699951459188e-06
74,49470,1,1,1,2.022000444412697e-06
75,24910,1,1,1,3.137999556201976e-06
76,75334,1,0,0,1.3779999790131114e-06
77,335,1,1,1,2.040000254055485e-06
78,65875,1,1,1,2.322000000276603e-06
79,65883,1,1,1,2.3789998522261158e-06
80,44493,1,0,0,1.5799996617715806e-06
81,350,1,1,1,2.638999831106048e-06
82,351,1,1,1,2.10799953492824e-06
83,69622,1,0,0,1.5000005078036338e-06
84,352,1,1,1,2.8780004868167453e-06
85,355,1,1,1,2.3969996618689038e-06
86,33124,1,1,1,2.4869996195775457e-06
87,65892,1,1,1,2.3109996618586592e-06
88,57701,1,1,1,2.367999513808172e-06
89,41322,1,1,1,2.1979994926368818e-06
90,366,1,1,1,2.0380002752062865e-06
91,8559,1,1,1,2.2370004444383085e-06
92,41341,1,1,1,2.527000106056221e-06
93,8573,1,1,1,2.8280001060920767e-06
94,24958,1,1,1,2.509000296413433e-06
95,24957,1,1,1,2.4110004233079962e-06
96,82309,1,1,1,1.9589997464208864e-06
97,41349,1,1,1,2.280999979120679e-06
98,402,1,1,1,2.194000444433186e-06
99,33174,1,1,1,2.8059994292561896e-06
100,49563,1,1,1,2.5529998310958035e-06
101,417,1,1,1,2.200000380980782e-06
102,51619,1,0,0,1.3010003385716118e-06
103,427,1,1,1,1.9809995137620717e-06
104,74320,1,0,0,1.2669997886405326e-06
105,25008,1,1,1,2.2010008251527324e-06
106,16819,1,1,1,2.017999577219598e-06
107,40359,1,0,0,1.2950004020240158e-06
108,33214,1,1,1,2.316000063729007e-06
109,33216,1,1,1,2.2099993657320738e-06
110,33217,1,1,1,2.418999429210089e-06
111,65989,1,1,1,2.1850000848644413e-06
112,61446,1,0,0,1.2480004443204962e-06
113,65990,1,1,1,2.474000211805105e-06
114,51694,1,0,0,1.3429998944047838e-06
115,455,1,1,1,2.1190007828408852e-06
116,33224,1,1,1,1.990999408008065e-06
117,65992,1,1,1,2.043000677076634e-06
118,10078,1,0,0,1.374000021314714e-06
119,33226,1,1,1,2.7219994080951437e-06
120,33230,1,1,1,2.7520000003278255e-06
121,57810,1,1,1,2.286999915668275e-06
122,66004,1,1,1,2.3269994926522486e-06
123,8660,1,1,1,2.5399995138286613e-06
124,57814,1,1,1,2.314000084879808e-06
125,25045,1,1,1,2.329000380996149e-06
126,883,1,0,0,1.2849995982833207e-06
127,57818,1,1,1,2.2940002963878214e-06
128,82407,1,1,1,2.088000655930955e-06
129,82408,1,1,1,2.632999894558452e-06
130,42551,1,0,0,1.2760001482092775e-06
131,25064,1,1,1,2.3910006348160096e-06
132,25066,1,1,1,1.8339997041039169e-06
133,82414,1,1,1,2.069999936793465e-06
134,49650,1,1,1,1.7550000848132186e-06
135,508,1,1,1,1.4799998098169453e-06
136,509,1,1,1,2.1710002329200506e-06
137,74243,1,1,1,2.1410005501820706e-06
138,74245,1,1,1,1.9389999579288997e-06
139,16903,1,1,1,1.7010006558848545e-06
140,8714,1,1,1,1.7920001482707448e-06
141,66070,1,1,1,1.8430000636726618e-06
142,33303,1,1,1,1.9869994503096677e-06
143,33311,1,1,1,1.9360004444024526e-06
144,2383,1,0,0,1.1040001481887884e-06
145,57890,1,1,1,1.5949999578879215e-06
146,25136,1,1,1,1.934000465553254e-06
147,25140,1,1,1,1.958000211743638e-06
148,41534,1,1,1,1.759000042511616e-06
149,74306,1,1,1,1.7620004655327648e-06
150,56948,1,0,0,1.0610001481836662e-06
151,16965,1,1,1,2.0320003386586905e-06
152,57926,1,1,1,3.293000190751627e-06
153,41545,1,1,1,1.7669999579084106e-06
154,56583,1,0,0,1.1050005923607387e-06
155,49746,1,1,1,1.7929996829479933e-06
156,29900,1,0,0,9.729992598295212e-07
157,33370,1,1,1,1.946000338648446e-06
158,74336,1,1,1,1.7789998310036026e-06
159,77578,2,0,0,1.4129991541267373e-06
160,74339,1,1,1,1.67500002135057e-06
161,18271,1,0,0,1.2010004866169766e-06
162,617,1,1,1,2.015000063693151e-06
163,74352,1,1,1,1.8339997041039169e-06
164,67569,1,0,0,1.0759995348053053e-06
165,17011,1,1,1,1.922000592458062e-06
166,57974,1,1,1,2.13899966183817e-06
167,57975,1,1,1,1.8939999790745787e-06
168,57978,1,1,1,1.4899997040629387e-06
169,25218,1,1,1,1.9499993868521415e-06
170,25223,1,1,1,1.7880001905723475e-06
171,59244,1,0,0,1.0109997674589977e-06
172,66187,1,1,1,1.8169994291383773e-06
173,10405,1,0,0,1.1669999366858974e-06
174,57998,1,1,1,1.764999979059212e-06
175,17049,1,1,1,2.0570005290210247e-06
176,66217,1,1,1,1.7980000848183408e-06
177,33455,1,1,1,1.743999746395275e-06
178,66225,1,1,1,1.7390002540196292e-06
179,41651,1,1,1,2.2240001271711662e-06
180,692,1,1,1,1.6389994925702922e-06
181,33461,1,1,1,1.915999746415764e-06
182,74422,1,1,1,1.8769997041090392e-06
183,694,1,1,1,1.976000021386426e-06
184,25277,1,1,1,1.6699996194802225e-06
185,702,1,1,1,1.4909992387401871e-06
186,41674,1,1,1,1.9240005713072605e-06
187,736,1,1,1,1.6439998944406398e-06
188,41697,1,1,1,1.9769995560636744e-06
189,41700,1,1,1,3.008900057466235e-05
190,41703,1,1,1,3.6499995985650457e-06
191,74475,1,1,1,2.8270005714148283e-06
192,17136,1,1,1,2.382999809924513e-06
193,17140,1,1,1,1.8990003809449263e-06
194,74489,1,1,1,2.630000381032005e-06
195,58124,1,1,1,2.1229998310445808e-06
196,58125,1,1,1,1.993999831029214e-06
197,74551,1,1,1,2.225999196525663e-06
198,33593,1,1,1,1.9120006982120685e-06
199,33597,1,1,1,1.9949993657064624e-06
200,33598,1,1,1,1.941999471455347e-06
201,74558,1,1,1,2.053999196505174e-06
202,25406,1,1,1,1.8970004020957276e-06
203,65301,1,0,0,1.327999598288443e-06
204,50013,1,1,1,1.7219999790540896e-06
205,9058,1,1,1,1.9589997464208864e-06
206,41843,1,1,1,2.0500001483014785e-06
207,889,1,1,1,1.8150003597838804e-06
208,891,1,1,1,1.7879992810776457e-06
209,17291,1,1,1,1.8159998944611289e-06
210,17292,1,1,1,2.0529996618279256e-06
211,25483,1,1,1,1.7290003597736359e-06
212,17294,1,1,1,2.151000444428064e-06
213,74643,1,1,1,1.550999513710849e-06
214,41877,1,1,1,1.948999852174893e-06
215,48337,1,0,0,1.0230005500488915e-06
216,41878,1,1,1,1.5050000001792796e-06
217,942,1,1,1,1.6710000636521727e-06
218,943,1,1,1,2.005999704124406e-06
219,54276,1,0,0,1.0069998097606003e-06
220,955,1,1,1,1.6990006770356558e-06
221,41942,1,1,1,1.9870003598043695e-06
222,58329,1,1,1,1.8339997041039169e-06
223,58330,1,1,1,1.4389997886610217e-06
224,82907,1,1,1,1.8410000848234631e-06
225,17375,1,1,1,2.1470004867296666e-06
226,66534,1,1,1,2.327999936824199e-06
227,998,1,1,1,1.5750001693959348e-06
228,17389,1,1,1,2.2800004444434308e-06
229,17392,1,1,1,1.6920002963161096e-06
230,63188,1,0,0,1.0320000001229346e-06
231,17397,1,1,1,1.818999407987576e-06
232,66550,1,1,1,1.5350005924119614e-06
233,58362,1,1,1,1.8700002328841947e-06
234,58363,1,1,1,2.013000084843952e-06
235,1025,1,1,1,1.9600001905928366e-06
236,58374,1,1,1,1.7849997675511986e-06
237,58375,1,1,1,1.7639995348872617e-06
238,1030,1,1,1,1.8989994714502245e-06
239,66589,1,1,1,2.368000423302874e-06
240,17442,1,1,1,1.5260002328432165e-06
241,17444,1,1,1,1.7729998944560066e-06
242,28149,1,0,0,1.100000190490391e-06
243,9254,1,1,1,1.7550000848132186e-06
244,21602,1,0,0,1.1070005712099373e-06
245,25640,1,1,1,1.7840002328739502e-06
246,48219,1,0,0,9.34000127017498e-07
247,50232,1,1,1,2.0139996195212007e-06
248,50235,1,1,1,1.9959998098784126e-06
249,74817,1,1,1,1.8760001694317907e-06
250,74818,1,1,1,1.8299997464055195e-06
251,14663,1,0,0,1.100000190490391e-06
252,33859,1,1,1,1.7479997040936723e-06
253,58434,1,1,1,2.2779995560995303e-06
254,9287,1,1,1,1.755999619490467e-06
255,1121,1,1,1,1.5920004443614744e-06
256,2380,1,0,0,1.0170006135012954e-06
257,17509,1,1,1,1.630000042496249e-06
258,88050,1,0,0,1.014999725157395e-06
259,9321,1,1,1,2.1320001906133257e-06
260,83056,1,1,1,1.9829994926112704e-06
261,83057,1,1,1,1.8720002117333934e-06
262,33926,1,1,1,2.009000127145555e-06
263,33927,1,1,1,1.922000592458062e-06
264,66703,1,1,1,1.764999979059212e-06
265,58512,1,1,1,2.035999386862386e-06
266,33936,1,1,1,1.8190003174822778e-06
267,87424,1,0,0,9.989998943638057e-07
268,83089,1,1,1,3.793000360019505e-06
269,58514,1,1,1,1.782999788702e-06
270,70270,1,0,0,1.1069996617152356e-06
271,83095,1,1,1,2.2490003175335005e-06
272,50327,1,1,1,1.95199936570134e-06
273,7603,1,0,0,1.1419997463235632e-06
274,58520,1,1,1,1.6719995983294211e-06
275,71960,1,0,0,1.0100002327817492e-06
276,9382,1,1,1,1.690000317466911e-06
277,38988,1,0,0,1.0519997886149213e-06
278,66727,1,1,1,2.2399999579647556e-06
279,9390,1,1,1,2.065999979095068e-06
280,74927,1,1,1,1.8079999790643342e-06
281,33977,1,1,1,1.8989994714502245e-06
282,33980,1,1,1,1.8359996829531156e-06
283,50366,1,1,1,2.1309997464413755e-06
284,58575,1,1,1,2.2220001483219676e-06
285,1235,1,1,1,1.8580003597890027e-06
286,42196,1,1,1,1.607999365660362e-06
287,1236,1,1,1,1.7429993022233248e-06
288,58579,1,1,1,1.7419997675460763e-06
289,42197,1,1,1,1.9990002328995615e-06
290,50399,1,1,1,1.714000063657295e-06
291,66797,1,1,1,1.8989994714502245e-06
292,74999,1,1,1,1.7630000002100132e-06
293,75010,1,1,1,1.9680001059896313e-06
294,83209,1,1,1,1.475999852118548e-06
295,1296,1,1,1,1.9240005713072605e-06
296,72026,1,0,0,1.0290004865964875e-06
297,50449,1,1,1,2.1249998098937795e-06
298,83226,1,1,1,1.8119999367627315e-06
299,59797,1,0,0,1.1230004020035267e-06
300,83227,1,1,1,2.1109999579493888e-06
301,9508,1,1,1,1.948999852174893e-06
302,42284,1,1,1,1.773999429133255e-06
303,34104,1,1,1,2.0459992811083794e-06
304,66883,1,1,1,1.5920004443614744e-06
305,88807,1,0,0,1.047999830916524e-06
306,66888,1,1,1,1.9839999367832206e-06
307,83278,1,1,1,1.7359998309984803e-06
308,34130,1,1,1,1.7869997464003973e-06
309,25942,1,1,1,1.817000338633079e-06
310,66902,1,1,1,1.9320004867040552e-06
311,75097,1,1,1,1.759000042511616e-06
312,9577,1,1,1,1.9260005501564592e-06
313,25966,1,1,1,1.6070007404778153e-06
314,83317,1,1,1,1.7279999156016856e-06
315,34165,1,1,1,1.9529998098732904e-06
316,50551,1,1,1,1.493999661761336e-06
317,50552,1,1,1,1.7570000636624172e-06
318,61177,1,0,0,1.0490002750884742e-06
319,50553,1,1,1,1.9409999367780983e-06
320,75132,1,1,1,1.8119999367627315e-06
321,31238,1,0,0,1.0270005077472888e-06
322,1411,1,1,1,1.6140002117026597e-06
323,83341,1,1,1,1.987999894481618e-06
324,25998,1,1,1,1.817000338633079e-06
325,1427,1,1,1,1.8780001482809894e-06
326,22765,1,0,0,1.1340007404214703e-06
327,58774,1,1,1,1.4729994290973991e-06
328,58775,1,1,1,1.8179998733103275e-06
329,17895,1,0,0,1.044999407895375e-06
330,58776,1,1,1,2.1039995772298425e-06
331,66970,1,1,1,5.158999556442723e-06
332,52591,2,0,0,1.5169998732744716e-06
333,66971,1,1,1,1.749999682942871e-06
334,83356,1,1,1,1.8029995771939866e-06
335,42405,1,1,1,1.7100001059588976e-06
336,83367,1,1,1,1.6550002328585833e-06
337,1449,1,1,1,1.635999979043845e-06
338,75189,1,1,1,1.9179997252649628e-06
339,50613,1,1,1,1.6550002328585833e-06
340,34232,1,1,1,1.7719994502840564e-06
341,1465,1,1,1,1.9629997041192837e-06
342,67011,1,1,1,2.091000169457402e-06
343,9670,1,1,1,2.1290006770868786e-06
344,9678,1,1,1,1.7180000213556923e-06
345,34264,1,1,1,1.7659995137364604e-06
346,34274,1,1,1,1.7370002751704305e-06
347,58853,1,1,1,1.9170001905877143e-06
348,67052,1,1,1,1.6389994925702922e-06
349,67059,1,1,1,2.125999344571028e-06
350,81891,1,0,0,1.0900002962443978e-06
351,9717,1,1,1,1.7819993445300497e-06
352,26105,1,1,1,1.7250004020752385e-06
353,17918,1,1,1,1.9360004444024526e-06
354,17920,1,1,1,1.5969999367371202e-06
355,67073,1,1,1,1.7090005712816492e-06
356,58881,1,1,1,1.8340006135986187e-06
357,12289,1,0,0,1.0600006135064177e-06
358,1551,1,1,1,2.0530005713226274e-06
359,26143,1,1,1,1.9720000636880286e-06
360,9760,1,1,1,1.9680001059896313e-06
361,34339,1,1,1,1.5159994291025214e-06
362,34340,1,1,1,1.952000275196042e-06
363,1571,1,1,1,1.8470000213710591e-06
364,67122,1,1,1,2.194000444433186e-06
365,75321,1,1,1,1.7759994079824537e-06
366,9798,1,1,1,2.221000613644719e-06
367,42580,1,1,1,1.8990003809449263e-06
368,75360,1,1,1,1.5699997675255872e-06
369,1638,1,1,1,1.8419996195007116e-06
370,34415,1,1,1,1.9239996618125588e-06
371,1661,1,1,1,1.9749995772144757e-06
372,26237,1,1,1,1.7740003386279568e-06
373,42937,1,0,0,1.1040001481887884e-06
374,26241,1,1,1,1.8159998944611289e-06
375,59013,1,1,1,1.6730000425013714e-06
376,54378,1,0,0,9.96999915514607e-07
377,26250,1,1,1,1.5759997040731832e-06
378,1679,1,1,1,1.5080004232004285e-06
379,26259,1,1,1,1.7850006770459004e-06
380,42648,1,1,1,1.7310003386228345e-06
381,34461,1,1,1,1.9230001271353103e-06
382,1698,1,1,1,1.8240007193526253e-06
383,26280,1,1,1,1.794999661797192e-06
384,1740,1,1,1,1.7880001905723475e-06
385,50896,1,1,1,1.7069996829377487e-06
386,9946,1,1,1,1.8660002751857974e-06
387,9947,1,1,1,1.9990002328995615e-06
388,9948,1,1,1,1.8070004443870857e-06
389,9949,1,1,1,1.7139991541625932e-06
390,34534,1,1,1,1.6610001694061793e-06
391,75496,1,1,1,2.1169998944969848e-06
392,75498,1,1,1,1.9709996195160784e-06
393,26347,1,1,1,1.99999976757681e-06
394,42735,1,1,1,2.042000232904684e-06
395,42736,1,1,1,3.3579999580979347e-06
396,67316,1,1,1,1.991000317502767e-06
397,67317,1,1,1,2.0110001059947535e-06
398,18174,1,1,1,1.793000592442695e-06
399,67352,1,1,1,1.9769995560636744e-06
400,67353,1,1,1,2.222999682999216e-06
401,42782,1,1,1,2.3269994926522486e-06
402,42783,1,1,1,2.0589995983755216e-06
403,42800,1,1,1,1.9289991541882046e-06
404,1849,1,1,1,1.5639998309779912e-06
405,83774,1,1,1,2.1699997887481004e-06
406,75589,1,1,1,2.1559999368037097e-06
407,1873,1,1,1,7.303000529645942e-06
408,71681,1,0,0,1.1339998309267685e-06
409,26450,1,1,1,1.829000211728271e-06
410,18258,1,1,1,1.728999450278934e-06
411,26461,1,1,1,1.9179997252649628e-06
412,75615,1,1,1,2.00100021174876e-06
413,26464,1,1,1,1.8199998521595262e-06
414,26469,1,1,1,1.7879992810776457e-06
415,1906,1,1,1,1.6049998521339148e-06
416,51067,1,1,1,1.6640005924273282e-06
417,1915,1,1,1,1.7460006347391754e-06
418,1921,1,1,1,1.7760003174771555e-06
419,51092,1,1,1,1.7960001059691422e-06
420,51093,1,1,1,2.476000190654304e-06
421,51095,1,1,1,2.380000296398066e-06
422,51096,1,1,1,1.8040000213659368e-06
423,75678,1,1,1,2.0900006347801536e-06
424,14367,1,0,0,1.0519997886149213e-06
425,34723,1,1,1,1.9299995983601548e-06
426,51118,1,1,1,1.8299997464055195e-06
427,53390,1,0,0,1.0000003385357559e-06
428,59311,1,1,1,1.8330001694266684e-06
429,59316,1,1,1,1.8869995983550325e-06
430,59319,1,1,1,1.8539994925959036e-06
431,48960,1,0,0,1.0049998309114017e-06
432,51136,1,1,1,2.61999957729131e-06
433,42964,1,1,1,1.9079998310189694e-06
434,32638,1,0,0,1.0949997886200435e-06
435,42967,1,1,1,1.7880001905723475e-06
436,34778,1,1,1,1.9500002963468432e-06
437,3064,1,0,0,1.1290003385511227e-06
438,42971,1,1,1,1.8179998733103275e-06
439,67548,1,1,1,2.0349998521851376e-06
440,26987,1,0,0,1.0639996617101133e-06
441,67549,1,1,1,2.5099998310906813e-06
442,10212,1,1,1,1.936999979079701e-06
443,67565,1,1,1,1.946000338648446e-06
444,59376,1,1,1,1.9660001271404326e-06
445,75785,1,1,1,1.6069998309831135e-06
446,61614,1,0,0,1.0739995559561066e-06
447,51210,1,1,1,2.10799953492824e-06
448,83979,1,1,1,1.7800002751755528e-06
449,75788,1,1,1,2.0050001694471575e-06
450,67599,1,1,1,1.794999661797192e-06
451,51217,1,1,1,1.759000042511616e-06
452,83995,1,1,1,1.9150002117385156e-06
453,51230,1,1,1,1.5380001059384085e-06
454,18462,1,1,1,1.6309995771734975e-06
455,75810,1,1,1,2.145000507880468e-06
456,10274,1,1,1,1.945999429153744e-06
457,2084,1,1,1,2.3270004021469504e-06
458,51238,1,1,1,2.0260004021110944e-06
459,34855,1,1,1,3.6020001061842777e-06
460,18473,1,1,1,1.942999915627297e-06
461,84017,1,1,1,2.240999492642004e-06
462,18486,1,1,1,1.787000655895099e-06
463,59448,1,1,1,1.8390001059742644e-06
464,64984,1,0,0,1.0510002539376728e-06
465,10307,1,1,1,1.94000040210085e-06
466,51268,1,1,1,1.6770000001997687e-06
467,51270,1,1,1,1.7299998944508843e-06
468,59471,1,1,1,1.880000127130188e-06
469,18522,1,1,1,1.761999556038063e-06
470,59510,1,1,1,1.8219998310087249e-06
471,59512,1,1,1,1.8780001482809894e-06
472,51321,1,1,1,1.6369995137210935e-06
473,18559,1,1,1,1.886000063677784e-06
474,51330,1,1,1,1.7839993233792484e-06
475,2179,1,1,1,1.7759994079824537e-06
476,10372,1,1,1,2.0320003386586905e-06
477,34950,1,1,1,1.6679996406310238e-06
478,61544,1,0,0,1.1479996828711592e-06
479,67719,1,1,1,1.743999746395275e-06
480,51336,1,1,1,1.782999788702e-06
481,5813,1,0,0,9.840005077421665e-07
482,67726,1,1,1,1.8990003809449263e-06
483,2195,1,1,1,1.720000000204891e-06
484,88768,1,0,0,9.740006134961732e-07
485,75925,1,1,1,1.7100001059588976e-06
486,2198,1,1,1,1.7359998309984803e-06
487,36722,1,0,0,9.959994713426568e-07
488,43176,1,1,1,1.9150002117385156e-06
489,43177,1,1,1,2.175000190618448e-06
490,38713,1,0,0,1.0649991963873617e-06
491,51370,1,1,1,2.220000169472769e-06
492,59579,1,1,1,1.6640005924273282e-06
493,54517,1,0,0,9.96999915514607e-07
494,75971,1,1,1,1.6860003597685136e-06
495,28272,1,0,0,9.51999936660286e-07
496,51399,1,1,1,1.4269999155658297e-06
497,18637,1,1,1,1.9560002328944393e-06
498,88437,1,0,0,1.0920002750935964e-06
499,75984,1,1,1,1.6639996829326265e-06
500,63449,1,0,0,9.7599968285067e-07
501,75986,1,1,1,1.8099999579135329e-06
502,10455,1,1,1,2.080999365716707e-06
503,43645,1,0,0,1.0590001693344675e-06
504,2264,1,1,1,2.0190000213915482e-06
505,26853,1,1,1,1.7479997040936723e-06
506,35049,1,1,1,2.0079996829736046e-06
507,35050,1,1,1,2.2909998733666725e-06
508,2294,1,1,1,1.9090002751909196e-06
509,10487,1,1,1,1.9170001905877143e-06
510,10501,1,1,1,1.440000232832972e-06
511,10504,1,1,1,1.75300010596402e-06
512,10505,1,1,1,1.4500001270789653e-06
513,51468,1,1,1,1.92199968296336e-06
514,67855,1,1,1,1.577999682922382e-06
515,35090,1,1,1,1.7279999156016856e-06
516,10523,1,1,1,1.8099999579135329e-06
517,52766,1,0,0,1.0160001693293452e-06
518,10528,1,1,1,1.914000677061267e-06
519,10529,1,1,1,1.996999344555661e-06
520,43301,1,1,1,1.6539997886866331e-06
521,26919,1,1,1,1.7520005712867714e-06
522,26920,1,1,1,2.2220001483219676e-06
523,26921,1,1,1,3.6410001484910026e-06
524,2346,1,1,1,1.976000021386426e-06
525,51504,1,1,1,1.8729997464106418e-06
526,26929,1,1,1,1.806999534892384e-06
527,84284,1,1,1,1.9110002540401183e-06
528,67912,1,1,1,2.243999915663153e-06
529,10571,1,1,1,1.8060000002151355e-06
530,35152,1,1,1,2.210999809904024e-06
531,35155,1,1,1,1.5469995560124516e-06
532,35163,1,1,1,2.046000190603081e-06
533,59740,1,1,1,2.2579997676075436e-06
534,59746,1,1,1,2.4729999495320953e-05
535,35171,1,1,1,4.757000169774983e-06
536,2405,1,1,1,3.0649998734588735e-06
537,26985,1,1,1,1.824999344535172e-06
538,26990,1,1,1,1.8939999790745787e-06
539,35182,1,1,1,1.9110002540401183e-06
540,64395,1,0,0,1.2500004231696948e-06
541,10612,1,1,1,1.901000359794125e-06
542,27021,1,1,1,1.997000254050363e-06
543,2446,1,1,1,2.0320003386586905e-06
544,2445,1,1,1,1.6969997886917554e-06
545,53144,1,0,0,1.0370004019932821e-06
546,59796,1,1,1,1.8959999579237774e-06
547,71418,1,0,0,1.0160001693293452e-06
548,35224,1,1,1,1.829000211728271e-06
549,51615,1,1,1,1.6699996194802225e-06
550,81178,1,0,0,1.0339999789721332e-06
551,35263,1,1,1,1.8040000213659368e-06
552,18880,1,1,1,4.665999767894391e-06
553,35270,1,1,1,1.647999852139037e-06
554,35272,1,0,0,9.959994713426568e-07
555,18894,1,1,1,1.964000148291234e-06
556,10704,1,1,1,1.7550000848132186e-06
557,18898,1,1,1,1.913000232889317e-06
558,68051,1,1,1,1.8659993656910956e-06
559,59859,1,1,1,1.749999682942871e-06
560,59863,1,1,1,2.1109999579493888e-06
561,18905,1,1,1,1.787000655895099e-06
562,73501,1,0,0,1.0900002962443978e-06
563,18906,1,1,1,1.7809998098528013e-06
564,10715,1,1,1,1.8660002751857974e-06
565,59866,1,1,1,1.8410000848234631e-06
566,68072,1,1,1,1.6280000636470504e-06
567,84492,1,1,1,1.4800007193116471e-06
568,35342,1,1,1,1.7920001482707448e-06
569,59928,1,1,1,1.7399997886968777e-06
570,27349,1,0,0,1.1479996828711592e-06
571,59929,1,1,1,1.8190003174822778e-06
572,59931,1,1,1,2.1440000637085177e-06
573,47044,1,0,0,1.1559995982679538e-06
574,68129,1,1,1,1.4739998732693493e-06
575,59954,1,1,1,1.8010005078394897e-06
576,64024,1,0,0,1.0260000635753386e-06
577,59960,1,1,1,1.6889998732949607e-06
578,59971,1,1,1,2.3840002540964633e-06
579,10823,1,1,1,2.0079996829736046e-06
580,27211,1,1,1,1.4469997040578164e-06
581,10827,1,1,1,1.9480003174976446e-06
582,68188,1,1,1,1.7469992599217221e-06
583,51805,1,1,1,1.8569999156170525e-06
584,35433,1,1,1,1.8090004232362844e-06
585,35435,1,1,1,1.946000338648446e-06
586,60013,1,1,1,3.311000000394415e-06
587,60015,1,1,1,1.7720003597787581e-06
588,84596,1,1,1,1.8000000636675395e-06
589,84597,1,1,1,1.9780000002356246e-06
590,2691,1,1,1,1.8259997887071222e-06
591,2699,1,1,1,2.18700006371364e-06
592,2706,1,1,1,1.953999344550539e-06
593,10899,2,1,1,2.4860000849002972e-06
594,43668,1,1,1,1.8159998944611289e-06
595,10902,1,1,1,1.8629998521646485e-06
596,44252,2,0,0,1.407000127073843e-06
597,10903,1,1,1,2.3610000425833277e-06
598,76446,1,1,1,1.9240005713072605e-06
599,56672,1,0,0,9.980003596865572e-07
600,68257,1,1,1,1.8089995137415826e-06
601,62726,1,0,0,1.052000698109623e-06
602,68266,1,1,1,2.010000571317505e-06
603,76460,1,1,1,2.287000825162977e-06
604,35511,1,1,1,2.1979994926368818e-06
605,84673,1,1,1,1.8000000636675395e-06
606,84674,1,1,1,1.874000190582592e-06
607,19348,1,0,0,1.035999957821332e-06
608,2776,1,1,1,1.7740003386279568e-06
609,51931,1,1,1,2.2790000002714805e-06
610,35552,1,1,1,1.7880001905723475e-06
611,23519,1,0,0,1.0739995559561066e-06
612,2788,1,1,1,1.954999788722489e-06
613,20663,1,0,0,1.0439998732181266e-06
614,2790,1,1,1,1.749999682942871e-06
615,19179,1,1,1,1.6200001482502557e-06
616,54010,1,0,0,1.0100002327817492e-06
617,2795,1,1,1,1.720000000204891e-06
618,44848,1,0,0,1.1249994713580236e-06
619,2801,1,1,1,1.6229996617767029e-06
620,62229,1,0,0,1.1290003385511227e-06
621,68338,1,1,1,1.5739997252239846e-06
622,2803,1,1,1,1.806999534892384e-06
623,76541,1,1,1,2.2399999579647556e-06
624,2813,1,1,1,1.6260000847978517e-06
625,19207,1,1,1,1.7569991541677155e-06
626,27404,1,1,1,1.5440000424860045e-06
627,51982,1,1,1,1.7880001905723475e-06
628,2832,1,1,1,1.6819994925754145e-06
629,19217,1,1,1,1.9350000002305023e-06
630,76589,1,1,1,0.00012953300029039383
631,52015,1,1,1,3.4839995350921527e-06
632,4436,1,0,0,1.0680005289032124e-06
633,27441,1,1,1,2.0069992388016544e-06
634,60222,1,1,1,2.3900001906440593e-06
635,35648,1,1,1,1.8989994714502245e-06
636,2886,1,1,1,1.8939999790745787e-06
637,68422,1,1,1,1.6730000425013714e-06
638,32901,2,0,0,1.3300004866323434e-06
639,2895,1,1,1,1.8629998521646485e-06
640,19280,1,1,1,1.9350000002305023e-06
641,84829,1,1,1,1.8470000213710591e-06
642,84830,1,1,1,1.7479997040936723e-06
643,68448,1,1,1,2.214000232925173e-06
644,52080,1,1,1,2.2670001271762885e-06
645,84848,1,1,1,1.8970004020957276e-06
646,52083,1,1,1,1.7129996194853447e-06
647,68467,1,1,1,1.9320004867040552e-06
648,2937,1,1,1,1.9899998733308166e-06
649,52089,1,1,1,1.8490000002202578e-06
650,43904,1,1,1,3.658000423456542e-06
651,60289,1,1,1,2.1309997464413755e-06
652,84874,1,1,1,1.857999450294301e-06
653,52116,1,1,1,1.8159998944611289e-06
654,2983,1,1,1,1.823000275180675e-06
655,68533,1,1,1,1.6459998732898384e-06
656,27584,1,1,1,1.7800002751755528e-06
657,84931,1,1,1,2.0649995349231176e-06
658,60356,1,1,1,1.851999513746705e-06
659,11208,1,1,1,2.220000169472769e-06
660,35789,1,1,1,1.8210002963314764e-06
661,19421,1,1,1,1.8390001059742644e-06
662,60393,1,1,1,1.9029994291486219e-06
663,3059,1,1,1,2.017999577219598e-06
664,76792,1,1,1,1.8509999790694565e-06
665,35840,1,1,1,2.015000063693151e-06
666,19457,1,1,1,1.9929993868572637e-06
667,44033,1,1,1,1.5949999578879215e-06
668,19460,1,1,1,2.0140005290159024e-06
669,19462,1,1,1,1.8659993656910956e-06
670,76825,1,1,1,2.1859996195416898e-06
671,52250,1,1,1,1.7539996406412683e-06
672,70733,1,0,0,1.0450003173900768e-06
673,52251,1,1,1,1.8780001482809894e-06
674,52254,1,1,1,1.759000042511616e-06
675,44067,1,1,1,1.8099999579135329e-06
676,68654,1,1,1,1.6710000636521727e-06
677,3118,1,1,1,1.6930007404880598e-06
678,76864,1,1,1,1.8029995771939866e-06
679,52297,1,1,1,1.6760004655225202e-06
680,13620,1,0,0,1.1059992175432853e-06
681,68683,1,1,1,1.9589997464208864e-06
682,27724,1,1,1,1.7150005078292452e-06
683,19544,1,1,1,1.8139999156119302e-06
684,35935,1,1,1,1.9720000636880286e-06
685,27744,1,1,1,1.9560002328944393e-06
686,68726,1,1,1,1.8439995983499102e-06
687,28815,1,0,0,1.2070004231645726e-06
688,44168,1,1,1,2.222999682999216e-06
689,68755,1,1,1,1.8149994502891786e-06
690,11420,1,1,1,1.865000740508549e-06
691,11421,1,1,1,1.8709997675614432e-06
692,27814,1,1,1,1.8370001271250658e-06
693,27815,1,1,1,2.0050001694471575e-06
694,27818,1,0,0,1.014999725157395e-06
695,68776,1,1,1,2.414999471511692e-06
696,27819,1,1,1,1.8299997464055195e-06
697,3244,1,1,1,2.0380002752062865e-06
698,3260,1,1,1,1.7770007616491057e-06
699,85181,1,1,1,1.6429994502686895e-06
700,13320,1,0,0,1.0410003596916795e-06
701,11467,1,1,1,2.0390007193782367e-06
702,11469,1,1,1,1.7939992176252417e-06
703,44238,1,1,1,2.0199995560687967e-06
704,11470,1,1,1,1.9049994079978205e-06
705,77008,1,1,1,2.1410005501820706e-06
706,85200,1,1,1,1.7400006981915794e-06
707,44242,1,1,1,1.7819993445300497e-06
708,85199,1,1,1,8.410999726038426e-06
709,11477,1,1,1,1.9859999156324193e-06
710,77019,1,1,1,2.035999386862386e-06
711,11484,1,1,1,1.7430002117180265e-06
712,11485,1,1,1,1.6579997463850304e-06
713,11486,1,1,1,1.9869994503096677e-06
714,60651,1,1,1,3.7429999792948365e-06
715,85231,1,1,1,1.8030004866886884e-06
716,36083,1,1,1,1.8820001059793867e-06
717,77045,1,1,1,1.9859999156324193e-06
718,85238,1,1,1,1.6130006770254113e-06
719,60664,1,1,1,1.903999873320572e-06
720,68859,1,1,1,1.7550000848132186e-06
721,68860,1,1,1,1.8179998733103275e-06
722,11515,1,1,1,1.7129996194853447e-06
723,52489,1,1,1,1.9799999790848233e-06
724,11536,1,1,1,1.8079999790643342e-06
725,11537,1,1,1,1.8060000002151355e-06
726,44306,1,1,1,1.8490000002202578e-06
727,27923,1,1,1,2.071999915642664e-06
728,27922,1,1,1,1.8099999579135329e-06
729,32542,1,0,0,1.0769999789772555e-06
730,27929,1,1,1,2.021000000240747e-06
731,27930,1,1,1,2.005999704124406e-06
732,87659,1,0,0,1.0829999155248515e-06
733,44317,1,1,1,2.0789993868675083e-06
734,11556,1,1,1,1.865000740508549e-06
735,27966,1,1,1,1.6719995983294211e-06
736,5395,1,0,0,1.0600006135064177e-06
737,52548,1,1,1,1.919000169436913e-06
738,60751,1,1,1,1.5330006135627627e-06
739,11600,1,1,1,2.214000232925173e-06
740,11599,1,1,1,2.0170000425423495e-06
741,77138,1,1,1,2.476000190654304e-06
742,77139,1,1,1,1.8450000425218605e-06
743,88658,1,0,0,1.0780004231492057e-06
744,11606,1,1,1,1.9210001482861117e-06
745,77147,1,1,1,2.2060003175283782e-06
746,77149,1,1,1,1.8239998098579235e-06
747,11644,1,1,1,1.7880001905723475e-06
748,44430,1,1,1,2.074999429169111e-06
749,44435,1,1,1,1.7659995137364604e-06
750,85404,1,1,1,1.8419996195007116e-06
751,3487,1,1,1,2.038999809883535e-06
752,69029,1,1,1,1.9360004444024526e-06
753,19886,1,1,1,1.9270000848337077e-06
754,85423,1,1,1,2.065999979095068e-06
755,77231,1,1,1,1.5499999790336005e-06
756,28098,1,1,1,1.7780002963263541e-06
757,77251,1,1,1,1.8439995983499102e-06
758,77252,1,1,1,1.7640004443819635e-06
759,36313,1,1,1,1.7719994502840564e-06
760,85466,1,1,1,1.7430002117180265e-06
761,85467,1,1,1,1.8700002328841947e-06
762,3578,1,1,1,1.8060000002151355e-06
763,28156,1,1,1,2.0110001059947535e-06
764,3581,1,1,1,1.8889995772042312e-06
765,85503,1,1,1,2.0200004655634984e-06
766,85504,1,1,1,1.8360005924478173e-06
767,20099,1,0,0,1.0920002750935964e-06
768,60931,1,1,1,1.8509999790694565e-06
769,44549,1,1,1,1.7960001059691422e-06
770,3613,1,1,1,2.1320001906133257e-06
771,3614,1,1,1,1.7840002328739502e-06
772,80774,1,0,0,1.1259999155299738e-06
773,69151,1,1,1,2.0349998521851376e-06
774,3616,1,1,1,1.7539996406412683e-06
775,44582,1,1,1,1.8929995349026285e-06
776,44585,1,1,1,1.6529993445146829e-06
777,77355,1,1,1,2.009000127145555e-06
778,36414,1,1,1,3.820000529231038e-06
779,48503,1,0,0,1.071999577106908e-06
780,36420,1,1,1,1.8730006559053436e-06
781,77465,1,0,0,1.1519996405695565e-06
782,52805,1,1,1,2.0080005924683064e-06
783,36427,1,1,1,1.5589994291076437e-06
784,77388,1,1,1,1.7909997040987946e-06
785,46278,1,0,0,1.0510002539376728e-06
786,20057,1,1,1,2.021000000240747e-06
787,3687,1,1,1,1.6530002540093847e-06
788,3688,1,1,1,1.696000254014507e-06
789,77422,2,1,1,2.727000719460193e-06
790,36467,1,1,1,1.720000000204891e-06
791,36470,1,1,1,2.1020005078753456e-06
792,28279,1,1,1,1.7260008462471887e-06
793,28280,1,1,1,2.058000063698273e-06
794,44666,1,1,1,1.856000380939804e-06
795,44667,1,1,1,1.8869995983550325e-06
796,52869,1,1,1,1.9839999367832206e-06
797,12067,1,0,0,1.0839994502021e-06
798,28299,1,1,1,1.8040000213659368e-06
799,44689,1,1,1,1.8099999579135329e-06
800,77463,1,1,1,1.8210002963314764e-06
801,20131,1,1,1,1.7119991753133945e-06
802,77476,1,1,1,1.901000359794125e-06
803,20134,1,1,1,1.8669998098630458e-06
804,77478,1,1,1,1.7719994502840564e-06
805,69302,1,1,1,1.62599917530315e-06
806,52918,1,1,1,1.9389999579288997e-06
807,36534,1,1,1,1.791999238776043e-06
808,20155,1,1,1,1.544999577163253e-06
809,77501,1,1,1,1.8490000002202578e-06
810,61118,1,1,1,1.7960001059691422e-06
811,40205,1,0,0,9.40000063565094e-07
812,85712,1,1,1,1.8619994079926983e-06
813,77526,1,1,1,1.9440003597992472e-06
814,85725,1,1,1,1.6399999367422424e-06
815,44772,1,1,1,1.782999788702e-06
816,44774,1,1,1,1.8549999367678538e-06
817,44775,1,1,1,1.9240005713072605e-06
818,12016,1,1,1,2.0890001906082034e-06
819,77562,1,1,1,1.9600001905928366e-06
820,61178,1,1,1,2.171999767597299e-06
821,44805,1,1,1,2.085000232909806e-06
822,69382,2,1,1,2.4649998522363603e-06
823,64434,1,0,0,1.2330001482041553e-06
824,69391,1,1,1,1.7610000213608146e-06
825,36630,1,1,1,2.106000465573743e-06
826,36632,1,1,1,1.8700002328841947e-06
827,69408,1,1,1,1.6670001059537753e-06
828,44850,1,1,1,1.7129996194853447e-06
829,12086,1,1,1,1.5480000001844019e-06
830,77623,1,1,1,2.8323999686108436e-05
831,28473,1,1,1,5.0379994718241505e-06
832,28475,1,1,1,2.91600008495152e-06
833,88095,1,0,0,1.3899998521083035e-06
834,53057,1,1,1,1.8559994714451022e-06
835,77633,1,1,1,1.633000465517398e-06
836,31951,1,0,0,1.0799994925037026e-06
837,53075,1,1,1,2.3749998945277184e-06
838,78913,1,0,0,1.0619996828609146e-06
839,77659,1,1,1,1.8390001059742644e-06
840,77661,1,1,1,1.9050003174925223e-06
841,36701,1,1,1,4.528000317804981e-06
842,20319,1,1,1,1.9930002963519655e-06
843,77668,1,1,1,2.1350006136344746e-06
844,61286,1,1,1,1.8809996618074365e-06
845,36724,1,1,1,1.97000008483883e-06
846,69511,1,1,1,1.7640004443819635e-06
847,77709,1,1,1,1.6779995348770171e-06
848,20379,1,1,1,1.764999979059212e-06
849,53150,1,1,1,2.011999640672002e-06
850,71132,1,0,0,1.1140000424347818e-06
851,4015,1,1,1,1.8029995771939866e-06
852,53168,1,1,1,2.1759997252956964e-06
853,20402,1,1,1,1.6360008885385469e-06
854,12211,1,1,1,1.5750001693959348e-06
855,36822,1,1,1,1.881999196484685e-06
856,21526,1,0,0,1.0639996617101133e-06
857,4055,1,1,1,1.8580003597890027e-06
858,77787,1,1,1,2.0440002117538825e-06
859,53229,1,1,1,2.100000529026147e-06
860,28655,1,1,1,1.7630000002100132e-06
861,69623,1,1,1,2.7030000637751073e-06
862,28665,1,1,1,1.549000444356352e-06
863,4097,1,1,1,1.989000338653568e-06
864,61447,1,1,1,1.97000008483883e-06
865,4104,1,1,1,1.9529998098732904e-06
866,4102,1,1,1,1.7669999579084106e-06
867,20489,1,1,1,1.6399999367422424e-06
868,31780,1,0,0,1.0110006769536994e-06
869,86028,1,1,1,2.1080004444229417e-06
870,86029,1,1,1,1.731999873300083e-06
871,36880,1,1,1,1.8629998521646485e-06
872,12962,1,0,0,1.1170004654559307e-06
873,4115,1,1,1,1.8570008251117542e-06
874,36884,1,1,1,1.9600001905928366e-06
875,53272,1,1,1,1.6909998521441594e-06
876,53301,1,1,1,2.1200003175181337e-06
877,61543,1,0,0,1.0379999366705306e-06
878,69693,1,1,1,1.5280002116924152e-06
879,77890,1,1,1,1.680999957898166e-06
880,77891,1,1,1,1.7479997040936723e-06
881,86084,1,1,1,1.8279997675563209e-06
882,61521,1,1,1,1.9859999156324193e-06
883,4188,1,1,1,1.8549999367678538e-06
884,4191,1,1,1,1.9420003809500486e-06
885,4192,1,1,1,1.8319997252547182e-06
886,12395,1,1,1,1.6760004655225202e-06
887,12396,1,1,1,2.2599997464567423e-06
888,69741,1,1,1,1.6499998309882358e-06
889,14070,1,0,0,1.0310004654456861e-06
890,28789,1,1,1,1.672000507824123e-06
891,28793,1,1,1,1.9259996406617574e-06
892,12411,1,1,1,1.5739997252239846e-06
893,28795,2,1,1,2.3729999156785198e-06
894,28802,1,1,1,1.8090004232362844e-06
895,28805,1,1,1,1.7520005712867714e-06
896,53385,1,1,1,1.497000084782485e-06
897,20623,1,1,1,1.6770000001997687e-06
898,24046,1,0,0,1.219999830937013e-06
899,28826,1,1,1,1.7800002751755528e-06
900,45212,2,1,1,2.7090000003227033e-06
901,86179,1,1,1,1.9589997464208864e-06
902,61603,1,1,1,2.112000402121339e-06
903,69804,1,1,1,1.4509996617562138e-06
904,53435,1,1,1,1.5559999155811965e-06
905,37052,1,1,1,3.277999894635286e-06
906,31341,1,0,0,1.1060001270379871e-06
907,4289,1,1,1,1.6590001905569807e-06
908,4290,1,1,1,1.737999809847679e-06
909,12490,1,1,1,2.5620001906645484e-06
910,20685,1,1,1,1.8089995137415826e-06
911,86221,1,1,1,1.8339997041039169e-06
912,57129,1,0,0,1.110999619413633e-06
913,12496,1,1,1,1.7849997675511986e-06
914,20690,1,1,1,1.8700002328841947e-06
915,73170,1,0,0,1.035999957821332e-06
916,53462,1,1,1,1.680999957898166e-06
917,37090,1,1,1,1.8179998733103275e-06
918,37099,1,1,1,1.965000592463184e-06
919,37105,1,1,1,2.0129991753492504e-06
920,78066,1,1,1,1.936999979079701e-06
921,69878,1,1,1,1.7960001059691422e-06
922,69880,1,1,1,1.6719995983294211e-06
923,37115,1,1,1,1.9499993868521415e-06
924,4440,1,0,0,9.719997251522727e-07
925,69897,1,1,1,1.965999217645731e-06
926,86292,1,1,1,1.8299997464055195e-06
927,45333,1,1,1,1.7100001059588976e-06
928,86294,1,1,1,1.8239998098579235e-06
929,20798,1,1,1,1.9620001694420353e-06
930,4435,1,1,1,1.874000190582592e-06
931,4438,1,1,1,1.594000423210673e-06
932,29018,1,1,1,1.7129996194853447e-06
933,29030,1,1,1,1.7680004020803608e-06
934,4461,1,1,1,2.0190000213915482e-06
935,4463,1,1,1,1.6959993445198052e-06
936,78197,1,1,1,1.5979994714143686e-06
937,61814,1,1,1,1.7510001271148212e-06
938,37246,1,1,1,1.577999682922382e-06
939,61832,1,1,1,1.981999957934022e-06
940,20886,1,1,1,1.672000507824123e-06
941,29082,1,1,1,1.770999915606808e-06
942,53666,1,1,1,2.5380004444741644e-06
943,45489,1,1,1,1.7130005289800465e-06
944,78270,1,1,1,2.1010000637033954e-06
945,12739,1,1,1,1.7630000002100132e-06
946,70091,1,1,1,1.915999746415764e-06
947,53732,1,1,1,2.249999852210749e-06
948,53733,1,1,1,1.716999577183742e-06
949,37351,1,1,1,1.946000338648446e-06
950,45549,1,1,1,1.8900000213761814e-06
951,45551,1,1,1,2.0139996195212007e-06
952,29188,1,1,1,2.0170000425423495e-06
953,12805,1,1,1,2.2730000637238845e-06
954,86538,1,1,1,2.103000042552594e-06
955,78357,1,1,1,1.8460004866938107e-06
956,53794,1,1,1,1.6650001271045767e-06
957,61986,2,1,1,2.600000698294025e-06
958,70189,1,1,1,1.6650001271045767e-06
959,29233,1,1,1,1.8049995560431853e-06
960,47751,1,0,0,1.1069996617152356e-06
961,29236,1,1,1,1.8310001905774698e-06
962,37434,1,1,1,1.5969999367371202e-06
963,37437,1,1,1,1.5340001482400112e-06
964,2336,3,0,0,1.5929999790387228e-06
965,78413,1,1,1,1.7900001694215462e-06
966,23855,1,0,0,1.0639996617101133e-06
967,12884,1,1,1,1.6950007193372585e-06
968,78431,1,1,1,1.8609998733154498e-06
969,16351,1,0,0,2.682999365788419e-06
970,45666,1,1,1,1.9320004867040552e-06
971,78435,1,1,1,2.240999492642004e-06
972,45667,1,1,1,1.8169994291383773e-06
973,45669,1,1,1,1.5989999155863188e-06
974,53881,1,1,1,1.630000042496249e-06
975,78459,1,1,1,1.8939999790745787e-06
976,70268,1,1,1,2.204999873356428e-06
977,45706,1,1,1,1.94000040210085e-06
978,62090,1,1,1,1.8119999367627315e-06
979,81140,1,0,0,9.770001270226203e-07
980,4755,1,1,1,1.708000127109699e-06
981,62109,1,1,1,1.600000359758269e-06
982,78500,1,1,1,1.8439995983499102e-06
983,4797,1,1,1,1.8000000636675395e-06
984,4798,1,1,1,1.8929995349026285e-06
985,21216,1,1,1,1.820000761654228e-06
986,21233,1,1,1,2.3420006982632913e-06
987,54006,1,1,1,1.737999809847679e-06
988,78582,1,1,1,1.8480004655430093e-06
989,13051,1,1,1,1.538999640615657e-06
990,4900,1,1,1,1.7030006347340532e-06
991,78639,1,1,1,1.672000507824123e-06
992,15446,1,0,0,1.0949997886200435e-06
993,78642,1,1,1,1.606000296305865e-06
994,15447,1,0,0,1.142000655818265e-06
995,62266,1,1,1,1.8569999156170525e-06
996,62269,1,1,1,1.6349995348718949e-06
997,4926,1,1,1,1.5750001693959348e-06
998,62278,1,1,1,1.7960001059691422e-06
999,21327,1,1,1,1.883000550151337e-06
1000,4943,1,1,1,1.976000021386426e-06
1001,4945,1,1,1,1.8709997675614432e-06
1002,21329,1,1,1,2.085000232909806e-06
1003,29531,1,1,1,1.8000000636675395e-06
1004,24516,1,0,0,1.1100000847363845e-06
1005,45917,1,1,1,1.865000740508549e-06
1006,78686,1,1,1,1.9360004444024526e-06
1007,78693,1,1,1,1.9360004444024526e-06
1008,21352,2,1,1,2.375999429204967e-06
1009,86901,1,1,1,1.7869997464003973e-06
1010,70518,1,1,1,1.767999492585659e-06
1011,4998,1,1,1,1.7100001059588976e-06
1012,71673,1,0,0,1.0839994502021e-06
1013,29575,1,1,1,1.6469994079670869e-06
1014,69567,2,0,0,1.4059996829018928e-06
1015,29597,1,1,1,2.0229999790899456e-06
1016,54173,1,1,1,1.8040000213659368e-06
1017,86942,1,1,1,1.91000071936287e-06
1018,86944,1,1,1,1.7929996829479933e-06
1019,62370,1,1,1,1.7479997040936723e-06
1020,62371,1,1,1,1.8749997252598405e-06
1021,21451,1,1,1,1.5890000213403255e-06
1022,29653,1,1,1,1.759000042511616e-06
1023,62422,1,1,1,1.8709997675614432e-06
1024,5107,1,1,1,1.7660004232311621e-06
1025,54270,1,1,1,1.7359998309984803e-06
1026,54271,1,1,1,1.8789996829582378e-06
1027,29697,1,1,1,1.926999175339006e-06
1028,54275,1,1,1,1.7550000848132186e-06
1029,29711,1,1,1,1.895000423246529e-06
1030,21520,1,1,1,1.844000507844612e-06
1031,87060,1,1,1,1.946000338648446e-06
1032,29717,1,1,1,1.53700057126116e-06
1033,21524,1,1,1,4.386000000522472e-06
1034,29721,1,1,1,1.985000380955171e-06
1035,29737,1,1,1,2.4860000849002972e-06
1036,46125,1,1,1,1.785999302228447e-06
1037,70705,1,1,1,1.8179998733103275e-06
1038,70711,1,1,1,1.7720003597787581e-06
1039,70712,1,1,1,1.6619997040834278e-06
1040,29764,2,1,1,2.800999936880544e-06
1041,21585,1,1,1,2.223000592493918e-06
1042,14273,1,0,0,1.1419997463235632e-06
1043,46162,1,1,1,1.8329992599319667e-06
1044,21587,1,1,1,2.4689998099347576e-06
1045,78936,1,1,1,1.6619997040834278e-06
1046,46170,1,1,1,1.972999598365277e-06
1047,13403,1,1,1,1.7220008885487914e-06
1048,54366,1,1,1,1.6399999367422424e-06
1049,87137,1,1,1,1.8730006559053436e-06
1050,21601,1,1,1,1.9199997041141614e-06
1051,39829,1,0,0,1.0840003596968018e-06
1052,87140,1,1,1,1.7630000002100132e-06
1053,71796,1,0,0,1.146999238699209e-06
1054,29798,1,1,1,2.083999788737856e-06
1055,21609,1,1,1,1.722999513731338e-06
1056,70762,1,1,1,2.056999619526323e-06
1057,54377,1,1,1,1.7660004232311621e-06
1058,70766,1,1,1,1.9540002540452406e-06
1059,70772,1,1,1,1.5799996617715806e-06
1060,62581,2,1,1,1.9859999156324193e-06
1061,40206,1,0,0,1.2040000001434237e-06
1062,46201,1,1,1,1.6739995771786198e-06
1063,7411,1,0,0,1.0839994502021e-06
1064,70779,1,1,1,2.032999873335939e-06
1065,87165,1,1,1,2.0039997252752073e-06
1066,54401,1,1,1,1.7860002117231488e-06
1067,54498,1,0,0,1.1029997040168382e-06
1068,54428,1,1,1,2.0349998521851376e-06
1069,87197,1,1,1,1.658999281062279e-06
1070,21674,1,1,1,1.8659993656910956e-06
1071,70828,2,1,1,2.57199917541584e-06
1072,62637,1,1,1,2.3659995349589735e-06
1073,5297,1,1,1,1.710999640636146e-06
1074,29879,1,1,1,2.0849993234151043e-06
1075,13497,1,1,1,1.7749998733052053e-06
1076,70855,1,1,1,1.9379995137569495e-06
1077,70868,1,1,1,2.038999809883535e-06
1078,87263,1,1,1,1.6499998309882358e-06
1079,87264,1,1,1,1.742000677040778e-06
1080,54497,1,1,1,1.966999661817681e-06
1081,5368,1,1,1,1.9559993233997375e-06
1082,5373,1,1,1,2.219999259978067e-06
1083,62723,1,1,1,1.6859994502738118e-06
1084,46354,1,1,1,1.639000402064994e-06
1085,5400,1,1,1,1.9050003174925223e-06
1086,79144,1,1,1,1.869999323389493e-06
1087,13616,1,1,1,1.8209993868367746e-06
1088,30008,1,1,1,1.7550000848132186e-06
1089,70993,1,1,1,1.8060000002151355e-06
1090,79187,1,1,1,1.6529993445146829e-06
1091,70995,1,1,1,1.817000338633079e-06
1092,62806,1,1,1,1.7039992599165998e-06
1093,40096,1,0,0,1.1100000847363845e-06
1094,13655,1,1,1,1.8040000213659368e-06
1095,71001,1,1,1,1.606000296305865e-06
1096,30042,1,1,1,3.2850002753548324e-06
1097,46460,1,1,1,1.9299995983601548e-06
1098,62845,1,1,1,1.6860003597685136e-06
1099,62846,1,1,1,1.743999746395275e-06
1100,71461,1,0,0,1.0450003173900768e-06
1101,38275,1,1,1,1.696000254014507e-06
1102,5510,1,1,1,2.081999809888657e-06
1103,5536,1,1,1,2.2369995349436067e-06
1104,38311,1,1,1,1.874000190582592e-06
1105,79273,1,1,1,1.7399997886968777e-06
1106,79275,1,1,1,1.8760001694317907e-06
1107,79285,1,1,1,1.8569999156170525e-06
1108,79289,1,1,1,1.6849999155965634e-06
1109,30189,1,0,0,1.02400008472614e-06
1110,62911,1,1,1,1.9150002117385156e-06
1111,71107,1,1,1,1.972999598365277e-06
1112,79301,1,1,1,1.9600001905928366e-06
1113,71110,1,1,1,1.7779993868316524e-06
1114,7476,1,0,0,1.3589997251983732e-06
1115,38344,1,1,1,2.0000006770715117e-06
1116,71663,1,0,0,1.1499996617203578e-06
1117,38353,1,1,1,2.237999979115557e-06
1118,21973,1,1,1,1.6020003386074677e-06
1119,13782,1,1,1,1.6670001059537753e-06
1120,5591,1,1,1,1.5890000213403255e-06
1121,13783,1,1,1,1.9090002751909196e-06
1122,5593,1,1,1,1.8470000213710591e-06
1123,5596,1,1,1,1.824999344535172e-06
1124,14339,1,0,0,1.1140000424347818e-06
1125,5597,1,1,1,2.2740005078958347e-06
1126,54750,1,1,1,1.5189998521236703e-06
1127,71137,1,1,1,1.886000063677784e-06
1128,30188,1,1,1,1.7339998521492817e-06
1129,38389,1,1,1,2.335000317543745e-06
1130,5624,1,1,1,1.845999577199109e-06
1131,79354,1,1,1,1.925000105984509e-06
1132,13835,1,1,1,1.5969999367371202e-06
1133,38413,1,1,1,1.7279999156016856e-06
1134,46607,1,1,1,2.3229995349538513e-06
1135,30271,1,1,1,1.8240007193526253e-06
1136,46658,1,1,1,1.7110005501308478e-06
1137,46663,1,1,1,1.9500002963468432e-06
1138,71257,1,1,1,1.8600003386382014e-06
1139,87642,1,1,1,1.8849996195058338e-06
1140,46683,1,1,1,2.0409997887327336e-06
1141,46686,2,1,1,2.5079998522414826e-06
1142,63086,1,1,1,1.997000254050363e-06
1143,38523,1,1,1,1.8700002328841947e-06
1144,71299,1,1,1,1.6260000847978517e-06
1145,87684,1,1,1,1.8270002328790724e-06
1146,79496,1,1,1,1.7699994714348577e-06
1147,87688,1,1,1,1.7370002751704305e-06
1148,87691,1,0,0,1.1050005923607387e-06
1149,87693,1,1,1,6.270000085351057e-06
1150,79501,1,1,1,5.1950000852230005e-06
1151,5777,1,1,1,2.258999302284792e-06
1152,54934,1,1,1,1.8939999790745787e-06
1153,79511,1,1,1,1.9389999579288997e-06
1154,87704,1,1,1,1.5340001482400112e-06
1155,13977,1,1,1,1.8999999156221747e-06
1156,71322,1,1,1,1.8760001694317907e-06
1157,5787,1,1,1,1.7299998944508843e-06
1158,71323,1,1,1,2.309999217686709e-06
1159,5788,1,1,1,1.776999852154404e-06
1160,38570,1,1,1,3.209000169590581e-06
1161,54977,1,1,1,2.1050000214017928e-06
1162,54978,1,1,1,1.9040007828152739e-06
1163,80103,1,0,0,1.2820000847568735e-06
1164,5831,1,1,1,1.7789998310036026e-06
1165,46802,1,1,1,1.6229996617767029e-06
1166,15309,2,0,0,1.424999936716631e-06
1167,54997,1,1,1,1.5900004655122757e-06
1168,63190,1,1,1,1.6820004020701163e-06
1169,31784,3,0,0,1.7149995983345434e-06
1170,46827,1,1,1,2.0609995772247203e-06
1171,71406,1,1,1,1.8509999790694565e-06
1172,71417,1,1,1,1.8799992176354863e-06
1173,63229,1,1,1,1.7469992599217221e-06
1174,80303,1,0,0,1.1460006135166623e-06
1175,22271,1,1,1,1.8470000213710591e-06
1176,71423,2,1,1,2.345999746466987e-06
1177,71430,1,1,1,1.979000444407575e-06
1178,22287,1,1,1,1.7869997464003973e-06
1179,22290,1,1,1,1.793000592442695e-06
1180,46877,1,1,1,1.5259993233485147e-06
1181,79646,1,1,1,1.996999344555661e-06
1182,14114,1,1,1,1.6050007616286166e-06
1183,63284,1,1,1,1.8870005078497343e-06
1184,79700,1,1,1,1.627000528969802e-06
1185,79705,1,1,1,1.5320001693908125e-06
1186,30555,1,1,1,1.9270000848337077e-06
1187,79707,1,1,1,1.7940001271199435e-06
1188,79716,1,1,1,2.0180004867142998e-06
1189,63344,1,1,1,1.7800002751755528e-06
1190,46961,1,1,1,1.8599994291434996e-06
1191,87929,1,1,1,1.9859999156324193e-06
1192,63354,1,1,1,1.731999873300083e-06
1193,46970,1,1,1,2.2249996618484147e-06
1194,6012,1,1,1,1.9979997887276113e-06
1195,6015,1,1,1,1.696000254014507e-06
1196,22402,1,1,1,1.5469995560124516e-06
1197,55171,1,1,1,1.6939993656706065e-06
1198,14225,1,1,1,1.725999936752487e-06
1199,71578,1,1,1,1.7960001059691422e-06
1200,14236,1,1,1,1.953000719367992e-06
1201,30630,1,1,1,1.8330001694266684e-06
1202,63400,1,1,1,1.8520004232414067e-06
1203,47031,1,1,1,1.618000169401057e-06
1204,22463,1,1,1,1.954999788722489e-06
1205,55232,1,1,1,1.5010000424808823e-06
1206,22465,1,1,1,1.8190003174822778e-06
1207,47042,1,1,1,1.5669993445044383e-06
1208,55239,1,1,1,2.1160003598197363e-06
1209,55244,1,1,1,1.5810001059435308e-06
1210,71638,1,1,1,2.533000042603817e-06
1211,55265,1,1,1,1.6519998098374344e-06
1212,63463,1,1,1,1.835000148275867e-06
1213,30699,1,1,1,1.7789998310036026e-06
1214,38896,1,1,1,1.523999344499316e-06
1215,47092,1,1,1,1.6379999578930438e-06
1216,14333,1,1,1,1.5450004866579548e-06
1217,63500,1,1,1,1.692999830993358e-06
1218,88574,1,0,0,1.0450003173900768e-06
1219,38927,1,1,1,1.782999788702e-06
1220,38928,1,1,1,1.8669998098630458e-06
1221,88082,1,1,1,2.0320003386586905e-06
1222,47122,1,1,1,1.714000063657295e-06
1223,30744,1,1,1,1.7970005501410924e-06
1224,63518,1,1,1,3.5950006349594332e-06
1225,71717,1,1,1,1.7219999790540896e-06
1226,23291,1,0,0,1.0840003596968018e-06
1227,6227,1,1,1,1.5280002116924152e-06
1228,47203,1,1,1,1.6699996194802225e-06
1229,79977,1,1,1,1.692999830993358e-06
1230,65350,1,0,0,9.659997886046767e-07
1231,71797,1,1,1,1.7370002751704305e-06
1232,22668,1,1,1,1.696000254014507e-06
1233,22767,1,0,0,1.1129995982628316e-06
1234,22669,1,1,1,1.8310001905774698e-06
1235,63640,1,1,1,1.7460006347391754e-06
1236,80025,1,1,1,2.099999619531445e-06
1237,80027,1,1,1,1.424999936716631e-06
1238,80028,1,1,1,1.989000338653568e-06
1239,63647,1,1,1,2.0050001694471575e-06
1240,14515,1,1,1,1.7600004866835661e-06
1241,30907,1,1,1,1.5599998732795939e-06
1242,55492,1,1,1,1.725999936752487e-06
1243,30918,1,1,1,1.8149994502891786e-06
1244,30919,1,1,1,1.8660002751857974e-06
1245,80076,1,1,1,1.7570000636624172e-06
1246,22738,1,1,1,1.7989996194955893e-06
1247,63704,1,1,1,2.0750003386638127e-06
1248,14556,1,1,1,1.782999788702e-06
1249,71910,1,1,1,1.6760004655225202e-06
1250,22764,1,1,1,2.1980004021315835e-06
1251,30958,1,1,1,1.7610000213608146e-06
1252,22769,1,1,1,1.920000613608863e-06
1253,88329,1,1,1,1.850000444392208e-06
1254,71976,1,1,1,1.845999577199109e-06
1255,22829,1,1,1,2.2719996195519343e-06
1256,88390,1,1,1,1.820000761654228e-06
1257,39239,1,1,1,1.773999429133255e-06
1258,39240,1,1,1,1.7160000425064936e-06
1259,72020,1,1,1,1.4630004443461075e-06
1260,72029,1,1,1,1.7560005289851688e-06
1261,14690,1,1,1,2.0229999790899456e-06
1262,72035,1,1,1,1.7830006981967017e-06
1263,72046,2,1,1,2.114999915647786e-06
1264,6514,1,1,1,1.7899992599268444e-06
1265,55667,1,1,1,2.153999957954511e-06
1266,55669,1,1,1,1.5969999367371202e-06
1267,55681,1,1,1,1.797999175323639e-06
1268,15794,1,0,0,1.041999894368928e-06
1269,72067,1,1,1,1.7899992599268444e-06
1270,72074,1,1,1,1.7470001694164239e-06
1271,55691,1,1,1,2.10899997910019e-06
1272,6546,1,1,1,1.5470004655071534e-06
1273,39315,1,1,1,1.8620003174874e-06
1274,39338,1,1,1,2.0140005290159024e-06
1275,72109,1,1,1,1.859000803960953e-06
1276,22959,1,1,1,1.7630000002100132e-06
1277,31161,1,1,1,1.8999999156221747e-06
1278,39355,1,1,1,1.8419996195007116e-06
1279,22993,1,1,1,1.7239999579032883e-06
1280,6613,1,1,1,2.1169998944969848e-06
1281,31194,1,1,1,1.7090005712816492e-06
1282,55771,1,1,1,1.543000507808756e-06
1283,63962,2,1,1,2.151000444428064e-06
1284,23518,1,0,0,1.174999852082692e-06
1285,55774,1,1,1,1.7419997675460763e-06
1286,55775,1,1,1,1.5309997252188623e-06
1287,6627,1,1,1,1.8660002751857974e-06
1288,72165,1,1,1,2.9630000426550396e-06
1289,55796,1,1,1,1.995000275201164e-06
1290,88567,1,1,1,1.6350004443665966e-06
1291,39415,1,1,1,1.75300010596402e-06
1292,88569,1,1,1,1.9119997887173668e-06
1293,31229,1,1,1,2.0690004021162167e-06
1294,80385,1,1,1,1.8999999156221747e-06
1295,47634,1,1,1,2.046000190603081e-06
1296,47636,1,1,1,1.7489992387709208e-06
1297,72233,1,1,1,1.5480000001844019e-06
1298,47659,1,1,1,1.568999323353637e-06
1299,80457,1,1,1,1.8939999790745787e-06
1300,55885,1,1,1,1.7800002751755528e-06
1301,72279,1,1,1,1.9989993234048598e-06
1302,72282,1,1,1,1.794999661797192e-06
1303,72283,1,1,1,2.07799985219026e-06
1304,64094,1,1,1,2.3539996618637815e-06
1305,31327,1,1,1,1.7969996406463906e-06
1306,48959,1,0,0,1.2080008673365228e-06
1307,14954,1,1,1,1.8270002328790724e-06
1308,47723,1,1,1,1.5610003174515441e-06
1309,23159,1,1,1,1.48799972521374e-06
1310,23165,1,1,1,1.51799940795172e-06
1311,23167,1,1,1,2.038999809883535e-06
1312,64130,1,1,1,1.5870000424911268e-06
1313,23173,1,1,1,1.8379996618023142e-06
1314,6796,2,1,1,2.0200004655634984e-06
1315,48218,1,0,0,1.0630001270328648e-06
1316,14992,1,1,1,1.9709996195160784e-06
1317,39583,1,1,1,1.7869997464003973e-06
1318,80545,1,1,1,1.5530004020547494e-06
1319,80567,1,1,1,1.7279999156016856e-06
1320,15032,1,1,1,1.7540005501359701e-06
1321,80568,1,1,1,1.8969994926010258e-06
1322,47801,1,1,1,1.8450000425218605e-06
1323,80571,1,1,1,1.5539999367319979e-06
1324,80569,1,1,1,1.8509999790694565e-06
1325,56002,1,1,1,3.646499953902094e-05
1326,88772,1,1,1,1.7740003386279568e-06
1327,72402,1,1,1,1.6459998732898384e-06
1328,23262,1,1,1,1.672000507824123e-06
1329,47858,1,1,1,1.6220001270994544e-06
1330,7453,1,0,0,1.034000888466835e-06
1331,47862,1,1,1,1.4779998309677467e-06
1332,10219,2,0,0,1.2820000847568735e-06
1333,72446,1,1,1,1.6820004020701163e-06
1334,72450,1,1,1,1.75300010596402e-06
1335,15113,1,1,1,2.178000613639597e-06
1336,80667,1,1,1,1.8849996195058338e-06
1337,88863,1,1,1,1.627000528969802e-06
1338,47905,1,1,1,1.75300010596402e-06
1339,40642,1,0,0,9.989998943638057e-07
1340,23352,1,1,1,1.8569999156170525e-06
1341,23353,1,1,1,1.5750001693959348e-06
1342,69749,2,0,0,1.2740001693600789e-06
1343,56123,1,1,1,1.6100002540042624e-06
1344,88902,1,1,1,1.6779995348770171e-06
1345,15224,1,1,1,1.7230004232260399e-06
1346,23424,1,1,1,1.7570000636624172e-06
1347,23438,1,1,1,1.4849993021925911e-06
1348,15248,1,1,1,1.8490000002202578e-06
1349,48017,1,1,1,1.838000571297016e-06
1350,31637,1,1,1,1.6609992599114776e-06
1351,48021,1,1,1,3.2010002541937865e-06
1352,15255,1,1,1,1.7610000213608146e-06
1353,39831,1,1,1,1.7500005924375728e-06
1354,31642,1,1,1,1.8370001271250658e-06
1355,80796,1,1,1,1.8470000213710591e-06
1356,39854,1,1,1,1.8339997041039169e-06
1357,31670,1,1,1,1.6340000001946464e-06
1358,64441,1,1,1,1.9740000425372273e-06
1359,23485,1,1,1,1.5969999367371202e-06
1360,64445,1,1,1,1.6820004020701163e-06
1361,48067,1,1,1,1.8679993445402943e-06
1362,48070,1,1,1,1.844000507844612e-06
1363,15310,1,1,1,1.755999619490467e-06
1364,89040,1,1,1,1.6410003809141926e-06
1365,15313,1,1,1,1.7840002328739502e-06
1366,89041,1,1,1,2.163000317523256e-06
1367,15319,1,1,1,1.7239999579032883e-06
1368,72669,2,1,1,2.6790003175847232e-06
1369,80862,1,1,1,1.776999852154404e-06
1370,80865,1,1,1,1.7180000213556923e-06
1371,23523,1,1,1,1.5740006347186863e-06
1372,64484,1,1,1,1.4859997463645414e-06
1373,23525,1,1,1,1.5969999367371202e-06
1374,56293,1,1,1,1.8060000002151355e-06
1375,80868,1,1,1,1.7250004020752385e-06
1376,80872,1,1,1,1.5429995983140543e-06
1377,89079,1,1,1,1.8219998310087249e-06
1378,39927,1,1,1,2.056999619526323e-06
1379,23543,1,1,1,2.3760003386996686e-06
1380,80895,1,1,1,1.8840000848285854e-06
1381,31745,1,1,1,1.594000423210673e-06
1382,48130,1,1,1,1.8499995348975062e-06
1383,40070,1,0,0,1.1279998943791725e-06
1384,7182,1,1,1,2.0110001059947535e-06
1385,64532,1,1,1,1.7399997886968777e-06
1386,16041,1,0,0,1.058000634657219e-06
1387,89118,1,1,1,1.838000571297016e-06
1388,48158,1,1,1,1.6889998732949607e-06
1389,64551,2,1,1,1.928000529005658e-06
1390,56360,1,1,1,1.793000592442695e-06
1391,64553,1,1,1,1.5699997675255872e-06
1392,56365,1,1,1,2.013000084843952e-06
1393,23602,1,1,1,2.0349998521851376e-06
1394,31795,1,1,1,1.5390005501103587e-06
1395,48186,2,1,1,2.3239999791258015e-06
1396,23613,2,1,1,2.4359997041756287e-06
1397,89158,1,1,1,1.6950007193372585e-06
1398,15451,3,1,1,2.8360000214888714e-06
1399,15453,1,1,1,1.6169997252291068e-06
1400,15455,1,0,0,1.154000528913457e-06
1401,80990,1,1,1,1.475999852118548e-06
1402,80993,1,1,1,1.5169998732744716e-06
1403,56419,1,1,1,1.6579997463850304e-06
1404,64613,1,1,1,1.8339997041039169e-06
1405,56423,1,1,1,1.8610007828101516e-06
1406,72808,1,1,1,1.9870003598043695e-06
1407,81003,1,1,1,1.4959996406105347e-06
1408,89196,1,1,1,1.8640002963365987e-06
1409,7279,1,1,1,1.7270003809244372e-06
1410,40061,1,1,1,1.7040001694113016e-06
1411,7295,1,1,1,1.7600004866835661e-06
1412,56455,1,1,1,1.601999429112766e-06
1413,23698,1,1,1,1.9480003174976446e-06
1414,81044,1,1,1,1.5109999367268756e-06
1415,81045,1,1,1,3.660000402305741e-06
1416,81047,1,1,1,1.8000000636675395e-06
1417,15515,1,1,1,1.6410003809141926e-06
1418,40103,1,1,1,2.4390001271967776e-06
1419,23719,1,1,1,1.5929999790387228e-06
1420,23727,1,1,1,1.7860002117231488e-06
1421,15535,2,1,1,2.165999831049703e-06
1422,65042,1,0,0,1.157000042439904e-06
1423,72891,1,1,1,1.9689996406668797e-06
1424,7358,1,1,1,1.7940001271199435e-06
1425,15557,1,1,1,1.8060000002151355e-06
1426,15558,1,0,0,1.014999725157395e-06
1427,31957,1,1,1,1.8779992387862876e-06
1428,72948,1,1,1,1.702000190562103e-06
1429,7413,1,1,1,2.058000063698273e-06
1430,23801,1,1,1,1.9540002540452406e-06
1431,48377,1,1,1,1.5079995137057267e-06
1432,7417,1,1,1,1.4589995771530084e-06
1433,67676,2,0,0,1.3179997040424496e-06
1434,64767,1,1,1,1.901000359794125e-06
1435,40192,1,1,1,1.657000211707782e-06
1436,40194,1,1,1,1.7899992599268444e-06
1437,48390,1,1,1,1.939999492606148e-06
1438,48395,1,1,1,1.749999682942871e-06
1439,56588,1,1,1,2.0169991330476478e-06
1440,56593,1,1,1,1.5519999578827992e-06
1441,15672,1,1,1,1.469999915570952e-06
1442,64828,1,1,1,1.5659998098271899e-06
1443,56640,1,1,1,1.6819994925754145e-06
1444,32073,1,1,1,1.577999682922382e-06
1445,40266,1,1,1,1.497000084782485e-06
1446,40267,1,1,1,1.863999386841897e-06
1447,81225,1,1,1,1.759000042511616e-06
1448,81230,1,1,1,1.8330001694266684e-06
1449,23888,1,1,1,1.609000719327014e-06
1450,23893,1,1,1,1.4900006135576405e-06
1451,64894,1,1,1,1.725999936752487e-06
1452,73100,1,1,1,1.7060001482605003e-06
1453,73108,2,1,1,2.4020000637392513e-06
1454,81320,1,1,1,1.7209995348821394e-06
1455,81321,1,1,1,1.5380001059384085e-06
1456,56775,1,1,1,1.7249994925805368e-06
1457,64970,1,1,1,1.7879992810776457e-06
1458,56780,1,1,1,1.5989999155863188e-06
1459,56781,1,1,1,1.5339992387453094e-06
1460,64982,1,1,1,1.4770002962904982e-06
1461,73177,1,1,1,1.7079992176149972e-06
1462,73178,1,1,1,1.6599997252342291e-06
1463,7663,1,1,1,2.069999936793465e-06
1464,24049,1,1,1,1.67500002135057e-06
1465,7682,1,1,1,1.6140002117026597e-06
1466,24098,1,1,1,1.829000211728271e-06
1467,56881,1,1,1,1.6599997252342291e-06
1468,24115,1,1,1,1.776999852154404e-06
1469,32318,1,1,1,2.5170002118102275e-06
1470,32319,1,1,1,1.6599997252342291e-06
1471,48709,1,1,1,1.7310003386228345e-06
1472,56906,1,1,1,1.4500001270789653e-06
1473,24159,1,1,1,1.4509996617562138e-06
1474,48747,1,1,1,2.1759997252956964e-06
1475,40580,1,1,1,1.8849996195058338e-06
1476,40581,1,1,1,2.3370002963929437e-06
1477,40583,1,0,0,1.1040001481887884e-06
1478,56966,1,1,1,1.7719994502840564e-06
1479,65159,1,1,1,3.203000233042985e-06
1480,32445,1,1,1,1.9740000425372273e-06
1481,32446,1,1,1,1.635999979043845e-06
1482,40668,1,1,1,2.1239993657218292e-06
1483,81653,1,1,1,2.073000359814614e-06
1484,16118,1,1,1,5.486000191012863e-06
1485,81656,1,1,1,3.3850001273094676e-06
1486,32506,1,1,1,2.7999994927085936e-06
1487,81661,1,1,1,1.9000008251168765e-06
1488,40710,1,1,1,2.0799998310394585e-06
1489,73480,1,1,1,1.7780002963263541e-06
1490,73484,1,1,1,1.800999598344788e-06
1491,24337,1,1,1,1.6629992387606762e-06
1492,73495,1,1,1,2.1559999368037097e-06
1493,40736,1,1,1,1.7299998944508843e-06
1494,57121,1,1,1,1.5670002539991401e-06
1495,65320,1,1,1,1.669000084802974e-06
1496,7979,1,1,1,1.7540005501359701e-06
1497,73516,1,1,1,1.6910007616388611e-06
1498,16176,1,1,1,1.4950001059332862e-06
1499,48961,1,1,1,1.8439995983499102e-06
1500,8005,2,1,1,2.363999556109775e-06
1501,16205,1,1,1,1.8300006559002213e-06
1502,8019,1,1,1,1.7330003174720332e-06
1503,40811,1,1,1,1.4930001270840876e-06
1504,65389,1,1,1,1.9270000848337077e-06
1505,49006,1,1,1,1.7399997886968777e-06
1506,40820,1,1,1,1.7050006135832518e-06
1507,49014,1,1,1,1.7069996829377487e-06
1508,49018,1,0,0,1.3299995771376416e-06
1509,57207,1,1,1,1.907000296341721e-06
1510,40825,1,1,1,1.696000254014507e-06
1511,32636,1,1,1,1.728999450278934e-06
1512,32646,1,1,1,1.6999993022182025e-06
1513,57226,1,1,1,1.5549994714092463e-06
1514,73619,1,1,1,1.7050006135832518e-06
1515,73622,1,1,1,1.5790001270943321e-06
1516,8098,1,1,1,1.6760004655225202e-06
1517,8115,1,1,1,1.8379996618023142e-06
1518,65461,1,1,1,1.4600000213249587e-06
1519,49085,1,1,1,1.4779998309677467e-06
1520,16329,1,1,1,1.8270002328790724e-06
1521,73692,1,1,1,1.658999281062279e-06
1522,73700,1,1,1,1.6029998732847162e-06
1523,24552,1,1,1,1.511999471404124e-06
1524,16361,1,1,1,1.5600007827742957e-06
1525,49139,1,1,1,1.8399996406515129e-06
1526,16375,1,1,1,1.823000275180675e-06
1527,8184,1,1,1,1.4840006770100445e-06
1528,81919,1,1,1,1.8529999579186551e-06
1529,49936,2,1,1,2.1990008463035338e-06
1530,980,2,1,1,2.748000042629428e-06
1531,75143,2,1,1,2.2469994291896e-06
1532,17835,2,1,1,2.426999344606884e-06
1533,83816,2,1,1,2.1220002963673323e-06
1534,10298,2,1,1,2.207999386882875e-06
1535,26957,2,1,1,2.1429996195365675e-06
1536,27119,2,1,1,2.2129997887532227e-06
1537,68824,2,1,1,2.2680005713482387e-06
1538,36085,2,1,1,2.4470000425935723e-06
1539,3750,2,1,1,2.4510000002919696e-06
1540,12039,2,1,1,2.7590003810473718e-06
1541,29081,2,1,1,2.7209998734178953e-06
1542,78638,2,1,1,2.136000148311723e-06
1543,54250,2,1,1,3.788999492826406e-06
1544,87044,3,1,1,3.046000529138837e-06
1545,29815,2,1,1,2.0110001059947535e-06
1546,21803,2,1,1,2.0470006347750314e-06
1547,13993,2,1,1,2.3060001694830135e-06
1548,88091,2,1,1,2.1500000002561137e-06
1549,39378,2,1,1,2.189999577240087e-06
1550,16390,2,2,1,4.726999577542301e-06
1551,83277,3,1,0,1.9409999367780983e-06
1552,8210,2,2,1,4.124000042793341e-06
1553,43491,3,1,0,1.8020000425167382e-06
1554,43494,2,0,0,1.4439992810366675e-06
1555,32796,2,2,1,4.859000000578817e-06
1556,32797,2,2,1,4.405999789014459e-06
1557,39827,2,1,0,1.5900004655122757e-06
1558,82997,2,0,0,1.267999323317781e-06
1559,16413,2,2,1,4.094999894732609e-06
1560,17692,2,1,0,1.4050001482246444e-06
1561,28339,2,0,0,1.401000190526247e-06
1562,32803,2,2,1,4.196999725536443e-06
1563,24637,2,2,1,4.180999894742854e-06
1564,8254,2,2,1,4.206000085105188e-06
1565,8263,3,2,1,4.487000296649057e-06
1566,87966,2,1,0,1.5270006770151667e-06
1567,57419,3,2,1,4.307999915909022e-06
1568,36721,2,1,0,1.4120005289441906e-06
1569,8270,2,2,1,3.907000063918531e-06
1570,57424,2,2,1,3.6669998735305853e-06
1571,67225,2,1,0,1.4919996829121374e-06
1572,9818,4,1,1,2.8599997676792555e-06
1573,65620,2,2,1,3.7740001062047668e-06
1574,73829,2,2,1,4.282000190869439e-06
1575,51218,2,1,0,1.4090001059230417e-06
1576,32872,2,2,1,3.826000465778634e-06
1577,8308,2,2,1,3.916000423487276e-06
1578,65659,2,2,1,4.241999704390764e-06
1579,83043,2,1,0,1.493999661761336e-06
1580,65660,2,2,1,4.12700046581449e-06
1581,41086,2,2,1,3.873999958159402e-06
1582,83219,2,1,0,1.5529994925600477e-06
1583,17036,2,0,0,1.4659999578725547e-06
1584,16513,2,2,2,4.105999323655851e-06
1585,16514,2,2,1,4.106000233150553e-06
1586,132,2,2,1,4.482999429455958e-06
1587,8325,2,2,1,4.420000550453551e-06
1588,32903,2,2,1,4.428000465850346e-06
1589,65675,2,2,1,4.045999958179891e-06
1590,70767,2,1,0,1.481999788666144e-06
1591,141,2,2,1,3.9300002754316665e-06
1592,32910,2,2,2,3.366999408171978e-06
1593,49298,2,2,2,3.385999661986716e-06
1594,82069,2,2,1,3.92299989471212e-06
1595,67710,2,1,0,1.3959997886558995e-06
1596,82073,2,2,1,4.288000127417035e-06
1597,16541,2,2,1,3.811000169662293e-06
1598,63639,2,1,0,1.491000148234889e-06
1599,41117,2,2,1,3.9630003811907955e-06
1600,24733,2,2,1,4.042999535158742e-06
1601,24734,2,2,1,4.374999662104528e-06
1602,36664,2,1,0,1.3959997886558995e-06
1603,73896,2,2,1,4.069000169693027e-06
1604,32941,2,2,1,4.411999725562055e-06
1605,32946,2,2,1,4.092999915883411e-06
1606,32947,2,2,1,5.712000529456418e-06
1607,32949,2,2,1,4.197999260213692e-06
1608,65719,2,2,1,4.644000000553206e-06
1609,183,2,2,1,3.918999937013723e-06
1610,8377,2,2,1,4.053000338899437e-06
1611,8380,2,2,1,4.273999365977943e-06
1612,76891,2,1,0,1.4179995559970848e-06
1613,65726,2,2,1,3.7620002331095748e-06
1614,88573,3,1,0,1.7359998309984803e-06
1615,23435,2,0,0,1.3419994502328336e-06
1616,65727,2,2,1,3.995000042777974e-06
1617,48559,2,1,0,1.3989993021823466e-06
1618,32969,2,2,1,4.120000085094944e-06
1619,39645,2,1,0,1.454999619454611e-06
1620,24782,2,2,1,3.962999471696094e-06
1621,70769,2,1,0,1.3939998098067008e-06
1622,24783,2,2,1,4.43399949290324e-06
1623,73937,2,2,1,4.033000550407451e-06
1624,73942,2,2,1,3.805000233114697e-06
1625,84532,2,1,0,1.5040004655020311e-06
1626,2648,4,1,1,4.0469994928571396e-06
1627,222,2,2,1,4.438000360096339e-06
1628,223,2,2,1,3.372999344719574e-06
1629,230,2,2,1,4.0499999158782884e-06
1630,82960,2,1,0,1.7749998733052053e-06
1631,2391,3,0,0,1.6710000636521727e-06
1632,24816,2,2,1,3.9379992813337594e-06
1633,59522,2,1,0,1.3799999578623101e-06
1634,36708,2,0,0,1.3449998732539825e-06
1635,41209,2,2,1,4.439999429450836e-06
1636,42861,2,1,0,1.4550005289493129e-06
1637,41210,2,2,1,4.526999873633031e-06
1638,41212,2,2,1,4.137999894737732e-06
1639,82174,2,2,1,4.0169998101191595e-06
1640,49408,2,2,1,3.96899940824369e-06
1641,82177,2,2,1,4.219999937049579e-06
1642,8451,2,2,1,1.004899968393147e-05
1643,15315,2,1,0,1.6049998521339148e-06
1644,33031,2,2,1,4.161999640928116e-06
1645,45955,2,1,0,1.3860008039046079e-06
1646,8478,2,2,1,4.0499999158782884e-06
1647,16672,2,2,1,3.6579995139618404e-06
1648,24867,2,2,1,4.369000635051634e-06
1649,16682,2,2,1,4.128000000491738e-06
1650,316,5,2,2,6.074000339140184e-06
1651,49469,2,2,1,3.954999556299299e-06
1652,328,2,2,1,3.901000127370935e-06
1653,333,2,2,1,3.977999767812435e-06
1654,336,2,2,1,3.821000063908286e-06
1655,65874,2,2,1,4.0349996197619475e-06
1656,82259,2,2,1,3.837999429379124e-06
1657,340,3,2,1,4.3119998736074194e-06
1658,56591,2,1,0,1.4620000001741573e-06
1659,341,2,2,1,3.612000000430271e-06
1660,74069,2,2,1,3.6500005080597475e-06
1661,52550,2,1,0,1.4269999155658297e-06
1662,33113,2,2,1,4.204999640933238e-06
1663,82265,2,2,1,3.680999725474976e-06
1664,33115,2,2,1,4.194000212009996e-06
1665,24928,2,2,1,3.455000296526123e-06
1666,24929,2,2,1,3.881999873556197e-06
1667,24939,2,1,0,1.436999809811823e-06
1668,65891,2,2,1,3.920999915862922e-06
1669,33126,2,2,1,3.858000127365813e-06
1670,8555,2,2,1,6.289000339165796e-06
1671,367,2,2,1,4.374999662104528e-06
1672,65907,2,2,1,3.750999894691631e-06
1673,53303,2,1,0,1.5050000001792796e-06
1674,53304,2,0,0,1.3499993656296283e-06
1675,8566,3,2,1,4.833000275539234e-06
1676,41340,2,2,2,3.358999492775183e-06
1677,82304,2,2,1,3.977000233135186e-06
1678,78498,2,1,0,1.422000423190184e-06
1679,33154,2,2,1,4.252000508131459e-06
1680,41347,2,2,1,3.67499978892738e-06
1681,34822,2,1,0,1.4229999578674324e-06
1682,41350,2,2,1,4.033000550407451e-06
1683,82313,2,2,1,3.539999852364417e-06
1684,78552,2,1,0,1.4900006135576405e-06
1685,13805,2,0,0,1.3580001905211248e-06
1686,82316,2,2,1,3.90900004276773e-06
1687,82317,2,2,1,3.816000571532641e-06
1688,398,2,2,1,3.994000508100726e-06
1689,396,2,2,1,3.8610005503869615e-06
1690,77895,2,1,0,1.5069999790284783e-06
1691,49562,2,2,1,3.930999810108915e-06
1692,60610,2,1,0,1.508999957877677e-06
1693,418,2,2,1,3.5680004657479003e-06
1694,65967,2,2,1,3.7669997254852206e-06
1695,44075,2,1,0,1.3000008038943633e-06
1696,65971,2,2,1,3.6559995351126418e-06
1697,449,2,2,1,4.081999577465467e-06
1698,80289,2,1,0,1.430999873264227e-06
1699,453,2,2,1,4.020999767817557e-06
1700,25031,2,2,1,3.953000486944802e-06
1701,462,2,2,1,3.6810006349696778e-06
1702,57811,2,2,1,3.989999640907627e-06
1703,45492,2,1,0,1.4859997463645414e-06
1704,63008,2,0,0,1.4730003385921009e-06
1705,25044,2,2,1,3.6729998100781813e-06
1706,8103,2,1,0,1.4710003597429022e-06
1707,33248,2,2,1,4.606000402418431e-06
1708,25059,2,2,1,4.3149993871338665e-06
1709,30006,2,1,0,1.5659998098271899e-06
1710,25065,2,2,1,3.828999979305081e-06
1711,49649,2,2,1,4.023999281344004e-06
1712,55113,2,1,0,1.6520007193321362e-06
1713,49652,2,2,1,4.159000127401669e-06
1714,8694,2,2,1,4.206000085105188e-06
1715,16889,2,2,1,4.069000169693027e-06
1716,2806,3,1,0,1.7890006347442977e-06
1717,8698,2,2,1,2.9128999813110568e-05
1718,49663,2,2,1,5.69300027564168e-06
1719,16900,2,2,1,3.997999556304421e-06
1720,53256,3,1,0,2.4660002964083105e-06
1721,56771,2,0,0,1.5589994291076437e-06
1722,25094,2,2,1,3.7950003388687037e-06
1723,74246,2,2,1,3.6129995351075195e-06
1724,65478,3,1,0,1.7100001059588976e-06
1725,10400,2,0,0,1.3199996828916483e-06
1726,16904,2,2,1,3.739000021596439e-06
1727,62142,2,1,0,1.5930008885334246e-06
1728,25097,2,2,1,4.362000254332088e-06
1729,49690,2,2,1,3.906999154423829e-06
1730,2406,2,1,0,1.452000105928164e-06
1731,33307,2,2,1,3.5499997466104105e-06
1732,49692,2,2,1,4.481000360101461e-06
1733,33308,2,2,1,4.657999852497596e-06
1734,50017,2,1,0,4.149000233155675e-06
1735,49696,2,2,1,4.473000444704667e-06
1736,39690,2,1,0,1.5369996617664583e-06
1737,33314,2,2,1,3.6829997043241747e-06
1738,33315,2,2,1,3.8550006138393655e-06
1739,550,2,2,1,4.2219999158987775e-06
1740,552,2,2,1,3.53700033883797e-06
1741,16333,3,1,0,1.728999450278934e-06
1742,82482,2,2,1,3.4200002119177952e-06
1743,71598,2,1,0,1.5380001059384085e-06
1744,82484,2,2,1,4.025000635010656e-06
1745,58866,2,1,0,1.4349998309626244e-06
1746,33333,2,2,1,4.26399947173195e-06
1747,33339,2,2,1,3.6760002330993302e-06
1748,31193,2,1,0,1.4000006558489986e-06
1749,45337,3,1,1,2.4670007405802608e-06
1750,13106,2,1,1,2.0679999579442665e-06
1751,33345,2,2,1,3.89300021197414e-06
1752,74305,2,2,1,4.044999514007941e-06
1753,57928,2,2,1,3.764999746636022e-06
1754,8787,2,2,1,3.7059999158373103e-06
1755,8793,2,2,1,3.956000000471249e-06
1756,11635,2,1,0,1.440000232832972e-06
1757,33369,2,2,1,3.475999619695358e-06
1758,36546,2,1,0,1.3720000424655154e-06
1759,78168,2,0,0,1.2820000847568735e-06
1760,25188,2,2,1,3.7779991544084623e-06
1761,25193,2,2,1,3.935999302484561e-06
1762,618,2,2,1,3.710999408212956e-06
1763,25196,2,2,1,3.993999598606024e-06
1764,623,2,2,1,3.571999513951596e-06
1765,63179,2,1,0,1.3509998098015785e-06
1766,82547,2,2,1,4.262999937054701e-06
1767,17012,2,2,1,3.4810000215657055e-06
1768,86180,2,1,0,1.4269999155658297e-06
1769,87079,2,0,0,1.4480001482297666e-06
1770,82549,2,2,1,3.966999429394491e-06
1771,49785,2,2,1,4.126999556319788e-06
1772,49789,2,2,1,3.952000042772852e-06
1773,74367,2,2,1,3.949000529246405e-06
1774,17026,2,2,1,4.229999831295572e-06
1775,8835,2,2,1,3.7239997254800983e-06
1776,74370,2,2,1,3.697000465763267e-06
1777,72542,2,1,0,1.4469997040578164e-06
1778,8837,2,2,1,3.929999365936965e-06
1779,10409,3,1,0,1.8199998521595262e-06
1780,66184,2,2,1,3.358999492775183e-06
1781,70732,5,1,0,2.593999852251727e-06
1782,41620,2,2,1,3.731999640876893e-06
1783,17053,2,2,1,3.926000317733269e-06
1784,2265,2,1,0,1.4479992387350649e-06
1785,58014,2,2,1,3.6789997466257773e-06
1786,58016,2,2,1,3.6219998946762644e-06
1787,82914,2,1,0,1.4379993444890715e-06
1788,66218,2,2,1,3.347000529174693e-06
1789,77457,3,1,0,1.7009997463901527e-06
1790,79293,4,1,1,2.8330005079624243e-06
1791,41650,2,2,1,4.286999683245085e-06
1792,86534,2,1,0,1.35000027512433e-06
1793,49846,2,2,1,4.286999683245085e-06
1794,33462,2,2,1,4.200999683234841e-06
1795,83810,2,1,0,1.3510007192962803e-06
1796,697,2,2,1,4.214000000501983e-06
1797,11474,2,1,0,1.3829994713887572e-06
1798,701,2,2,1,5.5180007620947435e-06
1799,8901,2,2,1,3.755999387067277e-06
1800,81767,2,1,0,1.3580001905211248e-06
1801,712,2,2,1,3.960999492846895e-06
1802,82633,2,2,1,3.850000211969018e-06
1803,8906,2,2,1,4.167999577475712e-06
1804,33487,2,2,1,3.664000360004138e-06
1805,66264,2,2,1,3.8989992390270345e-06
1806,728,2,2,1,3.6310002542450093e-06
1807,729,2,2,1,4.066999281349126e-06
1808,14322,2,1,0,1.4099996406002901e-06
1809,66269,2,2,1,4.069000169693027e-06
1810,41696,2,2,1,3.59699970431393e-06
1811,41698,2,2,1,3.934999767807312e-06
1812,753,2,2,1,4.065000211994629e-06
1813,754,2,2,1,4.135999915888533e-06
1814,17154,2,2,1,3.6709998312289827e-06
1815,47534,2,1,0,1.3239996405900456e-06
1816,17155,2,2,1,3.3819997042883188e-06
1817,36706,3,1,0,1.6410003809141926e-06
1818,41738,2,2,1,3.913999535143375e-06
1819,779,2,2,1,4.359000740805641e-06
1820,58123,2,2,1,3.870000000461005e-06
1821,12068,2,1,0,1.356000211671926e-06
1822,58126,2,2,1,4.01800025429111e-06
1823,20273,2,1,0,1.4229999578674324e-06
1824,78656,2,0,0,1.4430006558541209e-06
1825,58129,2,2,1,4.045999958179891e-06
1826,33563,2,2,1,4.336000529292505e-06
1827,33564,2,2,1,4.1410003177588806e-06
1828,33571,2,2,2,3.838999873551074e-06
1829,25405,2,2,1,3.789999936998356e-06
1830,74559,2,2,1,4.196000190859195e-06
1831,74561,2,2,1,3.925000783056021e-06
1832,82755,2,2,1,4.090000402356964e-06
1833,49994,2,2,1,3.870000000461005e-06
1834,88074,2,1,0,1.345999407931231e-06
1835,74577,2,2,1,3.778000063903164e-06
1836,25968,2,1,0,1.4200004443409853e-06
1837,74578,2,2,1,3.795999873545952e-06
1838,74581,3,2,1,4.816999535250943e-06
1839,29652,2,1,0,1.3989993021823466e-06
1840,50016,2,2,1,4.002999958174769e-06
1841,41840,2,2,1,3.884999387082644e-06
1842,884,2,2,1,3.5620005292003043e-06
1843,885,2,2,1,3.4929998946608976e-06
1844,58441,3,1,0,1.6639996829326265e-06
1845,77664,3,0,0,1.5519999578827992e-06
1846,41845,2,2,1,4.069999704370275e-06
1847,28058,2,1,0,1.4719998944201507e-06
1848,88794,3,0,0,1.5300001905416138e-06
1849,66428,2,2,1,4.244000592734665e-06
1850,16372,2,1,0,1.3959997886558995e-06
1851,41858,2,2,1,3.1199997465591878e-06
1852,17290,2,2,2,3.4529994081822224e-06
1853,25482,2,2,1,3.7380004869191907e-06
1854,83955,2,1,0,1.32000059238635e-06
1855,60016,2,0,0,1.4200004443409853e-06
1856,17293,2,2,1,4.137999894737732e-06
1857,14066,2,1,0,1.3509998098015785e-06
1858,56792,2,0,0,6.075999408494681e-06
1859,33693,2,2,1,3.7909994716756046e-06
1860,50083,2,2,1,3.9599999581696466e-06
1861,33720,2,2,1,5.359999704523943e-06
1862,52216,2,1,0,1.3600001693703234e-06
1863,58297,2,2,1,4.481000360101461e-06
1864,953,2,2,1,4.0439999793306924e-06
1865,33721,2,2,1,3.699000444612466e-06
1866,39584,2,1,0,1.4170000213198364e-06
1867,58300,2,2,1,3.5140001273248345e-06
1868,21450,2,1,0,1.3789995136903599e-06
1869,82874,2,2,1,3.6620003811549395e-06
1870,75025,2,1,0,1.314000655838754e-06
1871,3997,2,0,0,1.3130002116668038e-06
1872,33724,2,2,1,4.230000740790274e-06
1873,86420,2,1,0,1.3049993867753074e-06
1874,41935,2,2,1,3.6999999792897142e-06
1875,54400,2,1,0,1.3799999578623101e-06
1876,66516,2,2,1,3.8000007407390513e-06
1877,33750,2,2,1,3.5229995773988776e-06
1878,82911,2,2,1,3.7910003811703064e-06
1879,33765,2,2,1,3.627000296546612e-06
1880,999,2,2,1,3.9930000639287755e-06
1881,41970,3,2,1,4.133999937039334e-06
1882,52267,2,1,0,1.3030003174208105e-06
1883,25587,2,2,1,3.5570001273299567e-06
1884,41971,2,2,1,4.509000063990243e-06
1885,66553,3,2,1,4.51199957751669e-06
1886,58372,2,2,1,3.7059999158373103e-06
1887,52493,2,1,0,1.351999344478827e-06
1888,58377,2,2,1,3.628000740718562e-06
1889,58379,2,2,1,3.4000004234258085e-06
1890,74783,2,2,1,3.913000000466127e-06
1891,50222,2,2,1,3.480000486888457e-06
1892,50242,2,2,1,3.8670004869345576e-06
1893,42053,2,2,1,3.8790003600297496e-06
1894,83014,2,2,1,3.642000592662953e-06
1895,33863,2,2,1,4.007999450550415e-06
1896,25676,2,2,1,3.3749993235687725e-06
1897,13991,3,1,0,1.8549999367678538e-06
1898,33868,3,2,1,2.6489997253520414e-06
1899,83025,2,2,1,3.8010002754162997e-06
1900,17514,2,2,1,4.1350003812112845e-06
1901,50305,2,2,1,3.546000698406715e-06
1902,9346,2,2,1,3.4320000850129873e-06
1903,85972,2,1,0,1.297999915550463e-06
1904,1153,3,2,1,4.626000190910418e-06
1905,22178,2,1,0,1.4620000001741573e-06
1906,50311,2,2,1,4.133000402362086e-06
1907,1163,2,2,1,3.9480000850744545e-06
1908,58513,2,2,1,3.5560005926527083e-06
1909,11468,2,1,0,1.3239996405900456e-06
1910,58516,2,2,1,3.5080001907772385e-06
1911,58529,2,2,1,3.5690000004251488e-06
1912,58533,2,2,1,3.4799995773937553e-06
1913,9385,2,2,1,3.364999429322779e-06
1914,9388,2,2,1,3.916000423487276e-06
1915,74928,2,2,1,3.4600006983964704e-06
1916,50359,2,2,1,2.996999683091417e-06
1917,33976,2,2,1,3.524000021570828e-06
1918,50374,2,2,1,3.899999683198985e-06
1919,66800,2,2,1,3.4659997254493646e-06
1920,50446,2,2,2,2.8869999368907884e-06
1921,5251,2,1,1,2.190000486734789e-06
1922,1295,2,2,1,3.6309993447503075e-06
1923,71684,2,1,0,1.3669996405951679e-06
1924,1297,2,2,1,3.854000169667415e-06
1925,75031,2,2,1,5.208000402490143e-06
1926,83223,2,2,1,3.852000190818217e-06
1927,83225,3,2,1,4.610999894794077e-06
1928,17690,2,2,1,4.739000360132195e-06
1929,25884,2,2,1,3.850000211969018e-06
1930,32348,2,1,0,1.3900007616030052e-06
1931,9504,2,2,1,3.991000085079577e-06
1932,58657,2,2,1,3.6870005715172738e-06
1933,1933,2,1,0,1.3779999790131114e-06
1934,58659,2,2,1,8.760000127949752e-06
1935,42277,2,2,1,5.015000169805717e-06
1936,58674,2,2,1,3.92299989471212e-06
1937,83253,2,2,1,4.307999915909022e-06
1938,75068,2,2,1,3.717000254255254e-06
1939,83263,2,2,1,3.5320008464623243e-06
1940,70905,3,1,0,2.0260004021110944e-06
1941,75072,2,2,1,4.300000000512227e-06
1942,68786,2,1,0,1.505999534856528e-06
1943,75073,2,2,1,3.7479994716704823e-06
1944,14560,2,1,0,1.481999788666144e-06
1945,66879,2,2,1,3.8569996831938624e-06
1946,78173,2,1,0,1.463999979023356e-06
1947,66884,2,2,1,3.8179996408871375e-06
1948,6440,2,1,0,1.407000127073843e-06
1949,66885,2,2,1,3.946000106225256e-06
1950,66886,2,2,1,4.260000423528254e-06
1951,58836,2,1,0,1.508999957877677e-06
1952,9550,2,2,1,3.6159999581286684e-06
1953,9911,2,1,0,1.3789995136903599e-06
1954,34132,2,2,1,4.200999683234841e-06
1955,75093,2,2,1,3.7929994505248033e-06
1956,79188,2,1,0,1.4379993444890715e-06
1957,67113,2,0,0,1.430999873264227e-06
1958,75092,3,2,1,3.950999598600902e-06
1959,14557,2,1,0,1.4200004443409853e-06
1960,60011,2,0,0,1.321999661740847e-06
1961,75096,2,2,1,4.069999704370275e-06
1962,75101,2,2,1,3.9360002119792625e-06
1963,50532,3,2,1,4.417999662109651e-06
1964,72175,2,1,0,1.3079998097964562e-06
1965,50543,2,2,1,4.339999577496201e-06
1966,50544,2,2,1,3.7910003811703064e-06
1967,66927,2,2,1,4.045000423502643e-06
1968,16212,2,1,0,1.4689994713990018e-06
1969,50547,2,2,1,3.701999958138913e-06
1970,50548,2,2,1,3.696000021591317e-06
1971,34164,2,2,1,3.5709999792743474e-06
1972,50550,3,2,1,4.4899998101755045e-06
1973,5402,2,1,0,1.4019997252034955e-06
1974,5744,2,0,0,1.3280005077831447e-06
1975,50554,2,2,1,3.84499981009867e-06
1976,42363,2,2,1,3.6920000638929196e-06
1977,1404,2,2,1,4.1410003177588806e-06
1978,42584,2,1,0,1.3720000424655154e-06
1979,9601,2,2,1,4.089999492862262e-06
1980,55441,2,1,0,1.481999788666144e-06
1981,42373,2,2,1,4.434000402397942e-06
1982,36459,2,1,0,1.3660001059179194e-06
1983,42375,2,2,1,4.2339997889939696e-06
1984,42377,2,2,1,3.680999725474976e-06
1985,66955,2,2,1,3.760000254260376e-06
1986,42379,3,2,1,4.45099976786878e-06
1987,71102,2,1,0,1.3879998732591048e-06
1988,66973,2,2,1,3.344000106153544e-06
1989,421,3,1,0,3.499999365885742e-06
1990,42399,2,2,1,3.59699970431393e-06
1991,26023,2,2,1,3.9719998312648386e-06
1992,58793,2,2,1,3.7520003388635814e-06
1993,50605,2,2,1,3.885000296577346e-06
1994,58798,2,2,1,3.8670004869345576e-06
1995,18781,2,1,0,1.3859998944099061e-06
1996,31878,2,0,0,1.2700002116616815e-06
1997,9647,2,2,1,3.3149999580928124e-06
1998,66989,2,2,1,3.7629997677868232e-06
1999,75185,2,2,1,3.4139993658754975e-06
2000,50606,2,2,1,3.9060005292412825e-06
2001,83863,2,1,0,1.3749995559919626e-06
2002,61247,3,1,1,2.683999809960369e-06
2003,50614,2,2,1,3.797999852395151e-06
2004,72894,2,1,0,1.2640002751140855e-06
2005,66999,3,2,1,4.0619997889734805e-06
2006,81698,2,1,0,1.4290008039097302e-06
2007,50618,2,2,1,3.989999640907627e-06
2008,1468,2,2,1,4.625999281415716e-06
2009,50622,2,2,1,3.7189993236097507e-06
2010,51692,2,1,0,1.4159995771478862e-06
2011,57205,4,1,1,2.6699999580159783e-06
2012,48389,2,1,1,2.2790000002714805e-06
2013,9669,2,2,1,4.086999979335815e-06
2014,9679,2,2,1,4.202000127406791e-06
2015,52919,2,1,0,1.353000698145479e-06
2016,83412,2,2,1,4.17159999415162e-05
2017,9685,2,2,1,4.298999556340277e-06
2018,83415,2,2,1,3.6559995351126418e-06
2019,42457,2,2,1,3.975999788963236e-06
2020,9690,2,2,1,4.021000677312259e-06
2021,42465,2,2,1,3.86300052923616e-06
2022,7416,2,1,0,1.446000169380568e-06
2023,42467,3,2,1,4.171000000496861e-06
2024,40515,2,1,0,1.3689996194443665e-06
2025,67053,2,2,1,3.7339996197260916e-06
2026,9713,2,2,1,3.859000571537763e-06
2027,9716,2,2,1,4.061000254296232e-06
2028,17913,2,2,1,4.062999323650729e-06
2029,17915,2,2,1,3.638999260147102e-06
2030,67071,2,2,1,3.942999683204107e-06
2031,1536,2,2,1,4.188999810139649e-06
2032,67076,2,2,1,4.315999831305817e-06
2033,34313,2,2,1,3.5840002965414897e-06
2034,55637,2,1,0,1.4199995348462835e-06
2035,1552,2,2,1,3.328999810037203e-06
2036,26883,2,1,0,1.4049992387299426e-06
2037,17944,2,2,1,3.579000804165844e-06
2038,1565,2,2,1,3.778000063903164e-06
2039,69106,2,1,0,1.5519999578827992e-06
2040,26144,2,2,1,4.215000444673933e-06
2041,34338,2,2,1,4.303000423533376e-06
2042,5874,2,1,0,1.4090001059230417e-06
2043,67106,2,2,1,3.947000550397206e-06
2044,1570,2,2,2,3.281000317656435e-06
2045,75304,2,2,1,3.7749996408820152e-06
2046,75305,2,2,1,3.555000148480758e-06
2047,71950,2,1,0,1.3259996194392443e-06
2048,51056,2,0,0,1.35000027512433e-06
2049,67114,2,2,1,3.849999302474316e-06
2050,75315,2,2,1,4.100999831280205e-06
2051,42550,2,2,1,3.614999513956718e-06
2052,51804,2,1,0,1.3870003385818563e-06
2053,67129,2,2,1,5.765999958384782e-06
2054,61133,2,1,0,1.4430006558541209e-06
2055,59061,2,0,0,1.2900000001536682e-06
2056,75323,2,2,1,3.859000571537763e-06
2057,30522,2,1,0,1.436999809811823e-06
2058,84827,2,0,0,1.2580003385664895e-06
2059,26180,5,2,1,3.8689995562890545e-06
2060,26184,2,2,1,4.307999915909022e-06
2061,9801,2,2,1,3.956000000471249e-06
2062,9802,2,2,1,3.635999746620655e-06
2063,83539,2,2,1,4.200000148557592e-06
2064,67171,2,2,1,3.879999894706998e-06
2065,22010,2,1,0,1.6029998732847162e-06
2066,5642,2,0,0,1.297999915550463e-06
2067,42599,2,2,1,3.879999894706998e-06
2068,9833,2,2,1,4.204999640933238e-06
2069,34410,2,2,1,3.533999915816821e-06
2070,34414,2,2,1,4.164000529272016e-06
2071,13268,2,1,0,1.2930004231748171e-06
2072,47779,6,1,1,3.678000211948529e-06
2073,1657,2,2,1,3.533999915816821e-06
2074,42618,2,2,1,3.814000592683442e-06
2075,42621,2,2,1,4.071999683219474e-06
2076,59006,2,2,1,4.497999725572299e-06
2077,1663,2,2,1,3.7099998735357076e-06
2078,26251,2,2,1,3.903000106220134e-06
2079,67213,2,2,1,3.743999513972085e-06
2080,42637,2,2,1,3.981999725510832e-06
2081,42641,2,2,1,3.5009998100576922e-06
2082,50841,2,2,1,3.7009995139669627e-06
2083,67228,2,2,2,3.355999979248736e-06
2084,9885,2,2,2,3.0339997465489432e-06
2085,67231,2,2,1,3.7549998523900285e-06
2086,42676,2,2,1,4.319000254326966e-06
2087,9909,2,2,1,3.7989993870723993e-06
2088,59063,2,2,1,4.006999915873166e-06
2089,13535,2,1,0,1.3549997674999759e-06
2090,75454,2,2,2,3.3810001696110703e-06
2091,26302,2,2,1,4.3149993871338665e-06
2092,26303,2,2,1,4.116000127396546e-06
2093,67270,2,2,1,3.7910003811703064e-06
2094,9926,2,2,1,3.1310000849771313e-06
2095,67281,2,2,1,3.7740001062047668e-06
2096,59096,2,2,2,3.3730002542142756e-06
2097,9956,2,2,1,3.6259998523746617e-06
2098,9957,2,2,1,4.096999873581808e-06
2099,42738,2,2,1,3.640000613813754e-06
2100,50937,2,2,1,4.083999556314666e-06
2101,19255,2,1,0,1.4079996617510915e-06
2102,67321,4,2,2,4.286999683245085e-06
2103,75515,2,2,1,4.479999915929511e-06
2104,83736,2,2,1,3.7820000216015615e-06
2105,1820,2,2,1,3.5470002330839634e-06
2106,1825,2,2,1,3.4820004657376558e-06
2107,34601,2,2,1,3.787000423471909e-06
2108,75569,2,2,1,4.026999704365153e-06
2109,62602,2,1,0,1.3930002751294523e-06
2110,75570,2,2,1,4.196999725536443e-06
2111,1847,2,2,1,3.5980001484858803e-06
2112,53360,2,1,0,1.3750004654866643e-06
2113,21373,2,0,0,1.3660001059179194e-06
2114,1850,2,2,1,3.453000317676924e-06
2115,10062,2,2,2,3.291999746579677e-06
2116,26449,2,2,1,5.535000127565581e-06
2117,83798,2,2,1,3.627000296546612e-06
2118,18263,2,2,1,3.848000233119819e-06
2119,89100,2,1,0,1.3829994713887572e-06
2120,51033,2,2,1,3.582000317692291e-06
2121,35151,2,1,0,1.377000444335863e-06
2122,26457,2,2,1,3.9990000004763715e-06
2123,10073,2,2,1,4.78470001326059e-05
2124,51037,2,2,1,6.254000254557468e-06
2125,59233,2,2,1,4.074000571563374e-06
2126,75617,2,2,1,3.749999450519681e-06
2127,26467,2,2,1,2.6695999622461386e-05
2128,26470,2,2,1,7.245000233524479e-06
2129,59239,2,2,1,5.4749998525949195e-06
2130,51057,2,2,1,4.070000613864977e-06
2131,75638,2,2,1,4.102999810129404e-06
2132,88103,2,1,0,1.947999408002943e-06
2133,1926,2,2,1,4.8700003389967605e-06
2134,51080,2,2,1,3.7999998312443495e-06
2135,51084,2,2,1,4.026999704365153e-06
2136,51090,2,2,1,4.1740004235180095e-06
2137,51100,2,2,1,3.885999831254594e-06
2138,42927,2,2,1,3.670000296551734e-06
2139,59318,2,2,1,3.7620002331095748e-06
2140,42938,2,2,1,3.860000106215011e-06
2141,18379,2,2,1,3.761999323614873e-06
2142,67601,2,1,0,1.5539999367319979e-06
2143,34771,2,2,1,4.18699983129045e-06
2144,26583,2,2,2,4.068000635015778e-06
2145,71460,3,1,1,2.748000042629428e-06
2146,10200,2,2,1,4.129999979340937e-06
2147,10201,2,2,1,4.196000190859195e-06
2148,67552,2,2,1,3.5960001696366817e-06
2149,22177,2,1,0,1.4360002751345746e-06
2150,26606,2,2,1,3.99999953515362e-06
2151,26607,2,2,1,3.699000444612466e-06
2152,51191,2,2,1,3.915999513992574e-06
2153,34812,2,2,1,3.821999598585535e-06
2154,72212,2,1,0,1.401000190526247e-06
2155,30245,2,0,0,1.2539994713733904e-06
2156,34823,2,2,1,3.6699993870570324e-06
2157,83980,2,2,1,4.202999662084039e-06
2158,34840,2,2,1,4.290000106266234e-06
2159,83996,2,2,1,3.602999640861526e-06
2160,13099,2,1,0,1.3499993656296283e-06
2161,63709,2,0,0,1.315999725193251e-06
2162,18461,3,2,1,4.464000085135922e-06
2163,75809,2,2,1,4.098000317753758e-06
2164,51237,2,2,2,4.042000000481494e-06
2165,2086,2,2,1,3.96899940824369e-06
2166,2091,2,2,2,3.5600005503511056e-06
2167,20488,2,1,1,2.323000444448553e-06
2168,34859,2,2,1,3.504000233078841e-06
2169,5298,2,1,0,1.485000211687293e-06
2170,51249,2,2,1,3.866000042762607e-06
2171,48124,2,1,0,1.446000169380568e-06
2172,51251,2,0,0,1.424999936716631e-06
2173,51252,2,2,1,3.6339997677714564e-06
2174,18485,2,2,1,3.9360002119792625e-06
2175,18487,2,2,1,3.903000106220134e-06
2176,59447,3,2,1,4.77699995826697e-06
2177,10299,2,2,1,4.101000740774907e-06
2178,31877,4,1,0,1.9899998733308166e-06
2179,51263,2,2,2,3.0410001272684895e-06
2180,67662,2,2,1,6.194999514264055e-06
2181,10325,2,2,1,3.9360002119792625e-06
2182,81390,2,1,0,1.454999619454611e-06
2183,59478,2,2,1,4.00099997932557e-06
2184,43097,2,2,1,3.8599991967203096e-06
2185,43100,2,2,1,4.106999767827801e-06
2186,51307,2,2,1,4.165999598626513e-06
2187,51322,2,1,0,1.4899997040629387e-06
2188,51315,4,2,1,5.165999937162269e-06
2189,8056,2,1,0,1.4500001270789653e-06
2190,51318,3,2,1,4.231999810144771e-06
2191,59511,2,2,1,3.7429999792948365e-06
2192,59514,2,2,1,4.295000508136582e-06
2193,59516,2,2,1,3.6940000427421182e-06
2194,2175,2,2,1,3.825999556283932e-06
2195,67711,2,2,1,4.276999788999092e-06
2196,49084,2,1,0,1.4649995137006044e-06
2197,34945,2,2,1,4.083999556314666e-06
2198,2178,3,2,1,4.0229997466667555e-06
2199,11213,2,1,0,1.3899998521083035e-06
2200,67718,2,2,1,3.920999915862922e-06
2201,67720,2,2,1,3.797999852395151e-06
2202,51348,2,2,1,3.983999704360031e-06
2203,15868,2,1,0,1.3649996617459692e-06
2204,10393,2,2,1,4.195999281364493e-06
2205,51356,2,2,1,3.448999450483825e-06
2206,51358,2,2,1,3.955000465794001e-06
2207,18592,2,2,1,4.042999535158742e-06
2208,75943,2,2,2,3.3520000215503387e-06
2209,43178,2,2,1,3.5590001061791554e-06
2210,59584,2,2,1,4.139000338909682e-06
2211,29914,2,1,0,1.5069999790284783e-06
2212,51398,2,2,1,4.012999852420762e-06
2213,51402,2,2,1,4.112999704375397e-06
2214,35022,2,2,1,3.4499998946557753e-06
2215,75982,2,2,1,3.845999344775919e-06
2216,71109,2,1,0,1.3360004231799394e-06
2217,10451,2,2,1,3.5200000638724305e-06
2218,10454,2,2,1,3.868000021611806e-06
2219,10518,2,1,0,1.5100004020496272e-06
2220,12210,3,1,1,2.4169994503608905e-06
2221,51415,2,2,1,3.858000127365813e-06
2222,2266,2,2,1,3.570000444597099e-06
2223,43228,2,2,2,3.237999408156611e-06
2224,77486,2,1,1,2.29600027523702e-06
2225,10464,2,2,1,4.362000254332088e-06
2226,51427,2,2,1,3.834000381175429e-06
2227,29645,2,1,0,1.3170001693652011e-06
2228,51428,2,2,1,3.805000233114697e-06
2229,51431,2,1,0,1.3509998098015785e-06
2230,18665,2,2,2,2.9779994292766787e-06
2231,35051,2,2,1,4.1620005504228175e-06
2232,59629,2,2,1,3.879999894706998e-06
2233,3752,2,1,0,1.3230001059127972e-06
2234,60672,3,1,1,2.5919998734025285e-06
2235,43255,2,2,1,3.9930000639287755e-06
2236,26872,2,2,1,4.1620005504228175e-06
2237,2297,2,2,1,3.856000148516614e-06
2238,56671,2,1,0,1.5040004655020311e-06
2239,43257,2,2,1,3.6319997889222577e-06
2240,2299,2,2,1,4.1920002331607975e-06
2241,43260,3,2,2,4.657000317820348e-06
2242,68337,2,1,1,2.775000211840961e-06
2243,35070,2,2,1,4.131999958190136e-06
2244,59647,2,2,1,6.488000508397818e-06
2245,5515,2,1,0,1.368000084767118e-06
2246,84225,3,2,2,3.7029994928161614e-06
2247,10498,2,2,1,4.4839998736279085e-06
2248,88689,2,1,0,1.42800035973778e-06
2249,10502,2,2,1,3.954999556299299e-06
2250,32494,2,1,0,1.3960006981506012e-06
2251,51469,2,2,1,3.4099994081771e-06
2252,76691,2,1,0,1.4019997252034955e-06
2253,10522,2,2,1,3.7999998312443495e-06
2254,10525,2,2,1,4.7069997890503146e-06
2255,10526,2,2,1,3.463999746600166e-06
2256,11211,2,1,0,6.131000191089697e-06
2257,55504,2,0,0,1.4739998732693493e-06
2258,43300,2,2,1,4.432999958225992e-06
2259,51496,2,2,1,4.4090002120356075e-06
2260,2345,2,2,1,3.793000360019505e-06
2261,67883,2,2,1,3.899000148521736e-06
2262,12433,2,1,0,1.5099994925549254e-06
2263,21156,2,0,0,1.3769995348411612e-06
2264,67885,2,2,1,3.743999513972085e-06
2265,59698,2,2,1,3.629999810073059e-06
2266,22665,2,1,0,1.3559993021772243e-06
2267,51508,2,2,1,3.981999725510832e-06
2268,84280,2,2,1,3.737999577424489e-06
2269,84281,2,2,1,3.778000063903164e-06
2270,84282,2,2,1,3.7520003388635814e-06
2271,43323,2,2,2,2.9140001061023213e-06
2272,67918,2,2,1,3.875999937008601e-06
2273,88594,2,1,0,1.5759997040731832e-06
2274,59731,2,2,2,2.9529992389143445e-06
2275,10583,2,2,1,4.145999810134526e-06
2276,15921,2,1,0,1.4719998944201507e-06
2277,43355,2,2,1,3.5650000427267514e-06
2278,35164,2,2,1,3.866000042762607e-06
2279,43357,2,2,1,3.529999958118424e-06
2280,78493,2,1,0,1.3730004866374657e-06
2281,59744,2,2,1,4.506000550463796e-06
2282,76135,2,2,1,3.608999577409122e-06
2283,35181,2,2,1,3.875999937008601e-06
2284,51585,2,2,1,3.629999810073059e-06
2285,84358,2,2,1,3.7159998100833036e-06
2286,84360,2,2,1,3.848000233119819e-06
2287,59788,3,2,1,2.785999640764203e-06
2288,36426,3,1,1,2.849999873433262e-06
2289,27023,2,2,1,3.5439998100628145e-06
2290,2447,2,2,1,3.821999598585535e-06
2291,35218,2,2,1,3.582000317692291e-06
2292,78747,2,1,0,1.3589997251983732e-06
2293,35221,2,2,1,3.6219998946762644e-06
2294,59804,2,2,1,3.791999915847555e-06
2295,51617,2,2,1,3.7129993870621547e-06
2296,35234,2,2,1,3.975999788963236e-06
2297,51618,2,2,1,3.7239997254800983e-06
2298,22012,2,1,0,1.4659999578725547e-06
2299,48211,2,0,0,1.3599992598756216e-06
2300,18858,2,2,1,4.042999535158742e-06
2301,76207,2,2,1,3.711000317707658e-06
2302,46235,2,1,0,1.3520002539735287e-06
2303,68023,2,2,1,3.961000402341597e-06
2304,76216,2,2,1,3.872999513987452e-06
2305,43459,3,2,1,4.177999471721705e-06
2306,43460,2,2,1,3.7179997889325023e-06
2307,23990,2,1,0,1.374000021314714e-06
2308,43462,2,2,1,5.390000296756625e-06
2309,2503,2,2,1,3.5470002330839634e-06
2310,10705,2,2,1,4.3059999370598234e-06
2311,68052,2,2,1,3.590999767766334e-06
2312,68053,2,1,0,1.469999915570952e-06
2313,10709,2,2,1,3.2999996619764715e-06
2314,59865,2,2,1,4.063000233145431e-06
2315,89112,2,1,0,1.371000507788267e-06
2316,68065,2,2,1,4.223999894747976e-06
2317,18916,2,2,1,3.541999831213616e-06
2318,68071,2,2,1,3.970999387092888e-06
2319,44310,2,1,0,1.2770005923812278e-06
2320,2538,2,2,2,3.2650004868628457e-06
2321,18924,2,2,2,3.2730004022596404e-06
2322,18926,2,2,2,3.0459996196441352e-06
2323,27120,2,2,1,3.691000529215671e-06
2324,27121,2,1,0,1.4399993233382702e-06
2325,10756,2,2,1,4.280000212020241e-06
2326,51720,2,2,1,3.6880001061945222e-06
2327,68120,2,2,1,3.844000275421422e-06
2328,59932,2,2,1,3.4869999581133015e-06
2329,80518,2,1,0,1.481999788666144e-06
2330,59937,2,2,1,4.085000000486616e-06
2331,76327,2,2,1,4.062999323650729e-06
2332,59955,2,2,1,2.8002999897580594e-05
2333,59972,2,2,1,4.640000042854808e-06
2334,19025,2,2,1,3.35000004270114e-06
2335,68180,2,2,1,4.114999683224596e-06
2336,69179,2,1,0,1.3990002116770484e-06
2337,35426,2,2,1,4.202999662084039e-06
2338,80423,2,1,0,1.383000380883459e-06
2339,10851,2,2,1,3.991999619756825e-06
2340,22590,2,1,0,1.4770002962904982e-06
2341,60009,2,2,1,3.989999640907627e-06
2342,2666,2,2,1,4.128999535168987e-06
2343,60010,2,2,1,4.2100000428035855e-06
2344,60012,2,2,1,3.4619997677509673e-06
2345,10867,2,2,1,3.5390003176871687e-06
2346,48476,2,1,0,1.532999704068061e-06
2347,84599,2,2,1,4.137000360060483e-06
2348,43651,2,2,1,3.641999683168251e-06
2349,2695,2,2,1,3.6190003811498173e-06
2350,2698,2,2,1,3.8130001485114917e-06
2351,19087,2,2,1,3.7239997254800983e-06
2352,24035,3,1,0,1.8329992599319667e-06
2353,29503,2,0,0,1.413000063621439e-06
2354,2703,2,2,1,4.081000042788219e-06
2355,31134,2,1,0,1.3660001059179194e-06
2356,10900,2,2,1,4.190000254311599e-06
2357,52485,2,1,0,1.5270006770151667e-06
2358,68256,2,2,1,3.50700065609999e-06
2359,68262,2,2,1,3.7310001061996445e-06
2360,57191,2,1,0,1.3979997675050981e-06
2361,27303,2,2,1,4.384000021673273e-06
2362,68267,2,2,1,3.7500003600143827e-06
2363,57231,2,1,0,1.3930002751294523e-06
2364,51887,2,2,1,4.043000444653444e-06
2365,14945,2,1,0,1.4320003174361773e-06
2366,60109,2,2,1,3.961000402341597e-06
2367,3236,2,1,0,1.3369999578571878e-06
2368,10980,2,2,1,4.8509991756873205e-06
2369,76520,2,2,1,4.290000106266234e-06
2370,2796,2,2,1,4.0169998101191595e-06
2371,68334,2,2,1,5.625999619951472e-06
2372,60145,2,2,1,4.108000211999752e-06
2373,60147,2,2,1,3.89300021197414e-06
2374,68342,2,2,1,3.998000465799123e-06
2375,68348,2,2,1,3.857000592688564e-06
2376,2812,3,2,1,5.124999916006345e-06
2377,19206,2,2,1,4.0559998524258845e-06
2378,19208,2,2,1,4.0619997889734805e-06
2379,72626,2,1,0,1.5560008250758983e-06
2380,5106,4,1,1,3.2669995562173426e-06
2381,27403,2,2,2,3.332000233058352e-06
2382,20621,2,1,1,2.600000698294025e-06
2383,16328,2,1,1,2.2479998733615503e-06
2384,27431,2,2,1,3.7940008041914552e-06
2385,84782,2,2,1,3.860000106215011e-06
2386,27439,2,2,1,3.766000190807972e-06
2387,24359,3,1,0,2.0500001483014785e-06
2388,52018,2,2,1,4.007999450550415e-06
2389,11062,2,2,1,3.7130002965568565e-06
2390,76608,2,2,1,3.932999788958114e-06
2391,76611,2,2,1,4.071999683219474e-06
2392,2887,2,2,1,3.930999810108915e-06
2393,53611,2,1,0,1.3199996828916483e-06
2394,31643,2,0,0,1.2820000847568735e-06
2395,68427,2,2,1,4.214999535179231e-06
2396,19276,2,2,1,4.233000254316721e-06
2397,2893,4,2,0,4.661999810195994e-06
2398,19279,3,2,1,4.692999937105924e-06
2399,22135,2,1,0,1.3489998309523799e-06
2400,52055,2,2,1,3.934000233130064e-06
2401,20949,2,1,0,1.3199996828916483e-06
2402,52066,3,2,1,4.08000050811097e-06
2403,48936,2,1,0,1.4120005289441906e-06
2404,34799,6,1,1,4.595999598677736e-06
2405,68462,2,2,1,3.633000233094208e-06
2406,52081,2,2,1,4.010000338894315e-06
2407,2934,2,2,1,3.996000486949924e-06
2408,19320,2,2,1,3.807999746641144e-06
2409,60281,2,2,1,4.39200084656477e-06
2410,2942,2,2,1,4.002999958174769e-06
2411,2946,2,2,1,4.0619997889734805e-06
2412,52103,5,2,1,5.390000296756625e-06
2413,2952,2,2,1,3.927000761905219e-06
2414,52105,2,2,1,3.992000529251527e-06
2415,76682,2,2,1,3.424999704293441e-06
2416,76683,2,2,1,4.21699951402843e-06
2417,35722,3,2,1,4.9720001698005944e-06
2418,60654,2,1,0,1.3569997463491745e-06
2419,71666,2,0,0,1.3549997674999759e-06
2420,52109,2,2,1,3.7520003388635814e-06
2421,12019,2,1,0,1.3479993867804296e-06
2422,4006,2,0,0,1.2620002962648869e-06
2423,76686,2,2,2,2.9739994715782814e-06
2424,84880,2,2,1,3.538999408192467e-06
2425,70523,2,1,0,1.3450007827486843e-06
2426,52117,2,2,1,4.990999514120631e-06
2427,48181,2,1,0,1.3349999790079892e-06
2428,2968,2,2,1,4.38699953519972e-06
2429,68834,2,1,0,1.410000550094992e-06
2430,76696,2,2,1,4.120000085094944e-06
2431,48235,2,1,0,1.4620000001741573e-06
2432,40356,2,0,0,1.3750004654866643e-06
2433,2971,2,2,1,4.032999640912749e-06
2434,47033,2,1,0,1.3910002962802537e-06
2435,84910,2,2,1,5.672000042977743e-06
2436,68535,2,2,1,3.756999831239227e-06
2437,27576,3,2,1,5.04200033901725e-06
2438,52156,2,2,1,3.881999873556197e-06
2439,27583,2,2,1,3.4929998946608976e-06
2440,11207,2,2,1,3.6589999581337906e-06
2441,52170,2,2,1,4.116000127396546e-06
2442,27603,2,2,1,3.7099998735357076e-06
2443,19422,2,2,1,3.6999999792897142e-06
2444,52193,2,2,1,3.7970003177179024e-06
2445,52195,2,2,1,3.7940008041914552e-06
2446,52197,2,2,1,4.342000465840101e-06
2447,84966,2,2,1,3.92299989471212e-06
2448,60394,2,2,1,4.354000338935293e-06
2449,60395,2,2,1,4.011000783066265e-06
2450,60396,2,2,1,3.827999535133131e-06
2451,19436,2,2,1,4.286000148567837e-06
2452,68600,2,2,1,3.991999619756825e-06
2453,68603,2,2,1,3.7149993659113534e-06
2454,44035,2,2,1,3.8869993659318425e-06
2455,19461,2,2,1,3.91000048693968e-06
2456,46587,2,1,0,1.4510005712509155e-06
2457,27662,2,2,1,3.7850004446227103e-06
2458,44049,2,2,1,3.7830004657735117e-06
2459,85015,2,2,1,3.410000317671802e-06
2460,19486,2,2,1,8.71599968377268e-06
2461,19487,2,2,1,3.1709996619611047e-06
2462,3107,2,2,1,3.96899940824369e-06
2463,3108,2,2,1,3.890000698447693e-06
2464,52274,2,2,1,3.5949997254647315e-06
2465,11320,2,2,1,3.799000296567101e-06
2466,56633,2,1,0,1.3659991964232177e-06
2467,40644,2,0,0,1.3190001482143998e-06
2468,3130,2,2,1,3.778000063903164e-06
2469,76865,2,2,1,4.099999387108255e-06
2470,76867,2,2,1,3.6310002542450093e-06
2471,85067,2,2,1,4.4990001697442494e-06
2472,52300,2,2,1,4.237999746692367e-06
2473,53372,2,1,0,1.6280000636470504e-06
2474,19542,2,2,1,3.711000317707658e-06
2475,35933,2,2,1,3.6319997889222577e-06
2476,77793,2,1,0,1.3019998732488602e-06
2477,19553,2,2,1,3.856000148516614e-06
2478,52324,2,2,1,3.6830006138188764e-06
2479,47983,2,1,0,1.3270000636111945e-06
2480,76902,2,2,1,4.014999831269961e-06
2481,68713,2,2,1,4.756999260280281e-06
2482,56768,2,1,0,1.3839999155607074e-06
2483,76908,2,0,0,1.3750004654866643e-06
2484,68714,2,2,1,3.355999979248736e-06
2485,37559,2,1,0,1.3480002962751314e-06
2486,76907,2,2,1,3.90900004276773e-06
2487,68719,2,2,1,4.119000550417695e-06
2488,11378,2,2,1,3.975999788963236e-06
2489,68725,2,2,1,3.89099932363024e-06
2490,11383,2,2,1,3.4619997677509673e-06
2491,75111,3,1,0,1.6739995771786198e-06
2492,2083,3,0,0,1.6049998521339148e-06
2493,44159,2,2,1,4.102000275452156e-06
2494,87658,2,1,0,1.4500001270789653e-06
2495,44162,2,2,1,3.825000021606684e-06
2496,35970,2,2,1,3.932000254280865e-06
2497,3206,2,2,1,4.087999514013063e-06
2498,40107,2,1,0,1.3760000001639128e-06
2499,85129,2,2,1,6.0840002333861776e-06
2500,76943,2,2,1,3.3850001273094676e-06
2501,3220,2,2,1,4.661999810195994e-06
2502,60569,2,2,1,3.5109997043036856e-06
2503,29710,2,1,0,1.491000148234889e-06
2504,71280,2,0,0,1.4859997463645414e-06
2505,11418,2,2,1,4.255999556335155e-06
2506,81660,3,1,0,1.9509998310240917e-06
2507,68784,2,2,1,4.300000000512227e-06
2508,44209,2,2,1,4.1920002331607975e-06
2509,68787,2,2,1,4.134999471716583e-06
2510,72235,2,1,0,1.446000169380568e-06
2511,68788,2,2,1,4.129999979340937e-06
2512,68789,2,2,1,4.071999683219474e-06
2513,85184,2,2,1,3.991000085079577e-06
2514,68802,2,2,1,3.938000190828461e-06
2515,44240,2,2,1,4.116000127396546e-06
2516,85201,2,2,1,4.151000212004874e-06
2517,60624,2,2,1,3.8749994928366505e-06
2518,44244,2,2,1,3.870000000461005e-06
2519,85209,2,1,0,1.416000486642588e-06
2520,85207,3,2,1,3.3839996831375174e-06
2521,85208,2,2,1,3.1919998946250416e-06
2522,77033,2,2,1,3.690000085043721e-06
2523,44266,2,2,1,3.5809998735203408e-06
2524,85230,3,2,2,3.819000085059088e-06
2525,85235,2,2,1,3.3540000003995374e-06
2526,85237,2,2,1,4.969000656274147e-06
2527,68854,2,2,2,4.810999598703347e-06
2528,85240,2,2,1,6.4030000430648215e-06
2529,44287,2,2,1,5.797999619971961e-06
2530,11521,2,2,1,6.4480000219191425e-06
2531,11522,2,2,1,8.908400013751816e-05
2532,68870,2,2,1,5.111000064061955e-06
2533,52492,2,2,1,4.276999788999092e-06
2534,85262,2,2,2,3.6589999581337906e-06
2535,11538,2,2,1,4.292000085115433e-06
2536,27925,2,2,2,3.5159991966793314e-06
2537,85273,2,2,1,4.366999746707734e-06
2538,52506,2,2,1,3.7629997677868232e-06
2539,44314,2,2,1,3.905000085069332e-06
2540,6754,2,1,0,1.4689994713990018e-06
2541,11549,2,2,1,3.9990000004763715e-06
2542,71570,2,1,0,1.543000507808756e-06
2543,11552,2,2,1,5.1260003601782955e-06
2544,11555,4,2,1,5.859999873791821e-06
2545,6755,2,1,0,1.3939998098067008e-06
2546,49005,3,0,0,1.6260000847978517e-06
2547,3364,2,2,2,3.2219995773630217e-06
2548,52547,2,2,1,3.889999788952991e-06
2549,21316,2,1,0,1.3939998098067008e-06
2550,68951,2,2,1,3.45799981005257e-06
2551,11607,2,2,1,4.11000019084895e-06
2552,11608,2,2,1,3.606000063882675e-06
2553,52569,2,2,1,4.535999323707074e-06
2554,36711,2,1,0,1.3469998521031812e-06
2555,3426,2,2,1,4.606999937095679e-06
2556,68963,2,2,2,3.257000571466051e-06
2557,19825,2,2,1,3.8629996197414584e-06
2558,19826,2,2,1,4.207000529277138e-06
2559,77174,2,2,1,4.5019996832706966e-06
2560,77188,2,2,1,3.950000063923653e-06
2561,48177,2,1,0,1.589999556017574e-06
2562,36230,2,2,2,3.2549996831221506e-06
2563,36235,2,2,1,5.578000127570704e-06
2564,44429,2,2,1,3.871999979310203e-06
2565,85395,2,2,1,3.6430001273402013e-06
2566,21542,2,1,0,1.3930002751294523e-06
2567,77214,2,2,1,4.106999767827801e-06
2568,11688,2,2,1,3.717000254255254e-06
2569,11698,3,2,1,4.2550000216579065e-06
2570,15251,2,1,0,1.4269999155658297e-06
2571,52663,2,2,1,3.696000021591317e-06
2572,3518,2,2,1,3.9120004657888785e-06
2573,6758,2,1,0,1.5180003174464218e-06
2574,69057,2,2,1,3.7239997254800983e-06
2575,20772,2,1,0,1.3879998732591048e-06
2576,22591,2,0,0,1.3150001905160025e-06
2577,3533,3,2,2,4.3329991967766546e-06
2578,69071,2,2,1,3.81399968318874e-06
2579,85462,2,2,1,4.124000042793341e-06
2580,85465,2,2,1,4.082000486960169e-06
2581,60890,2,2,1,3.821000063908286e-06
2582,60891,2,2,1,3.9659998947172426e-06
2583,3554,2,2,1,4.529999387159478e-06
2584,44527,2,2,1,3.868000021611806e-06
2585,28148,2,2,1,4.161999640928116e-06
2586,69110,2,2,1,3.995999577455223e-06
2587,28161,2,2,1,4.088000423507765e-06
2588,87748,2,1,0,1.3449998732539825e-06
2589,60949,2,2,1,3.7789995985804126e-06
2590,19994,2,2,1,3.947000550397206e-06
2591,52763,2,2,1,4.280999746697489e-06
2592,69149,3,2,1,4.755999725603033e-06
2593,69156,2,2,1,4.832000740861986e-06
2594,21232,2,1,0,1.48799972521374e-06
2595,44581,3,2,1,4.573000296659302e-06
2596,36400,2,2,1,3.967999873566441e-06
2597,20023,2,2,1,3.4450004022801295e-06
2598,69178,2,2,1,3.7620002331095748e-06
2599,64813,2,1,0,1.3019998732488602e-06
2600,77374,3,2,2,3.767999260162469e-06
2601,36415,2,2,1,3.6319997889222577e-06
2602,52804,2,2,1,3.868000021611806e-06
2603,44626,2,2,1,3.8749994928366505e-06
2604,61015,2,2,1,4.215000444673933e-06
2605,85594,2,2,1,4.159000127401669e-06
2606,3690,4,2,1,5.0630005716811866e-06
2607,52846,2,2,1,4.202000127406791e-06
2608,11896,2,2,2,3.4659997254493646e-06
2609,69243,2,2,1,3.7429999792948365e-06
2610,11899,2,2,1,4.151000212004874e-06
2611,28287,2,2,1,4.206000085105188e-06
2612,77461,2,2,1,3.977999767812435e-06
2613,3738,2,2,1,3.6709998312289827e-06
2614,77487,2,2,1,3.973000275436789e-06
2615,20154,2,2,1,4.440000338945538e-06
2616,24256,3,1,0,1.7759994079824537e-06
2617,36548,2,2,1,4.567999894788954e-06
2618,72677,2,1,0,1.3480002962751314e-06
2619,61132,2,2,1,4.217000423523132e-06
2620,36561,2,2,2,3.1529998523183167e-06
2621,11990,3,2,1,5.018000592826866e-06
2622,11991,2,2,1,4.2310002754675224e-06
2623,85747,2,2,1,3.6199999158270657e-06
2624,40753,3,1,0,1.6949998098425567e-06
2625,17601,4,0,0,1.6650001271045767e-06
2626,61176,2,2,1,5.4299998737405986e-06
2627,77561,2,2,1,4.532999810180627e-06
2628,36618,2,2,1,4.176999937044457e-06
2629,77581,3,2,1,3.178000042680651e-06
2630,64019,2,1,1,2.3630000214325264e-06
2631,44821,2,2,1,3.7039999369881116e-06
2632,44824,2,2,1,4.059000275447033e-06
2633,78248,2,1,0,1.5890000213403255e-06
2634,36633,2,2,1,4.307000381231774e-06
2635,72404,2,1,0,1.448999682907015e-06
2636,69401,3,2,1,4.9270001909462735e-06
2637,61218,2,2,1,3.9690003177383915e-06
2638,28454,2,2,1,3.525000465742778e-06
2639,81184,2,1,0,1.2999998943996616e-06
2640,22180,2,0,0,1.2629998309421353e-06
2641,28460,2,2,1,3.6199999158270657e-06
2642,36653,2,2,1,3.6880001061945222e-06
2643,72033,2,1,0,1.6490002963109873e-06
2644,44846,2,2,1,4.126999556319788e-06
2645,3887,2,2,1,4.309000360080972e-06
2646,85807,2,2,1,4.557000465865713e-06
2647,20274,2,2,1,4.003999492852017e-06
2648,12085,2,2,1,3.7190002331044525e-06
2649,73284,2,1,0,1.4150000424706377e-06
2650,61846,2,0,0,1.3999997463542968e-06
2651,28472,4,2,1,4.630999683286063e-06
2652,48062,2,1,0,1.4119996194494888e-06
2653,61245,2,2,1,3.6800001907977276e-06
2654,85833,4,2,1,5.373999556468334e-06
2655,77644,2,2,1,4.051999894727487e-06
2656,12110,3,2,1,4.712000190920662e-06
2657,4051,2,1,0,1.3879998732591048e-06
2658,3921,2,2,1,3.819999619736336e-06
2659,77656,2,2,1,4.627000635082368e-06
2660,69466,2,2,1,3.541999831213616e-06
2661,20322,2,2,1,3.9300002754316665e-06
2662,20323,2,2,1,3.815999662037939e-06
2663,65246,2,1,0,1.3199996828916483e-06
2664,61287,2,2,1,3.5859993658959866e-06
2665,44923,2,2,1,3.7849995351280086e-06
2666,28544,2,2,1,4.112999704375397e-06
2667,77711,2,2,1,4.5829992814105935e-06
2668,20375,2,2,1,4.526999873633031e-06
2669,53145,2,2,1,3.5470002330839634e-06
2670,38530,2,1,0,1.4950001059332862e-06
2671,78805,5,1,0,3.1319996196543798e-06
2672,3998,2,2,1,4.065000211994629e-06
2673,40080,2,1,0,1.3450007827486843e-06
2674,77734,2,2,1,3.469999683147762e-06
2675,56972,2,1,0,1.48799972521374e-06
2676,31146,3,1,1,2.601999767648522e-06
2677,61351,3,2,1,4.663000254367944e-06
2678,4035,3,2,1,4.487999831326306e-06
2679,77764,2,2,1,3.7909994716756046e-06
2680,69574,2,2,1,3.6450001061894e-06
2681,39238,2,1,0,1.3819999367115088e-06
2682,85971,3,2,1,4.1530001908540726e-06
2683,6011,2,1,0,1.4140005077933893e-06
2684,36821,2,2,1,4.530999831331428e-06
2685,77781,2,2,1,3.5630000638775527e-06
2686,77789,2,2,1,4.323000212025363e-06
2687,77795,2,2,1,4.069999704370275e-06
2688,28654,2,2,1,4.262000402377453e-06
2689,85998,3,2,2,3.551999725459609e-06
2690,69618,2,2,1,8.31400029710494e-06
2691,56567,3,1,0,1.7310003386228345e-06
2692,36850,2,2,1,3.684000148496125e-06
2693,24032,2,1,0,1.5000005078036338e-06
2694,4094,2,0,0,1.4090001059230417e-06
2695,28663,3,2,1,5.203000000619795e-06
2696,69624,2,2,1,3.725999704329297e-06
2697,4103,2,2,1,4.196999725536443e-06
2698,6786,2,1,0,1.4359993656398728e-06
2699,20492,2,2,1,3.8550006138393655e-06
2700,86033,2,2,1,3.6949995774193667e-06
2701,63705,2,1,0,1.2689997674897313e-06
2702,86035,2,2,1,3.6669998735305853e-06
2703,53273,2,2,1,3.791999915847555e-06
2704,28711,2,2,1,4.067000190843828e-06
2705,86266,2,1,0,1.389000317431055e-06
2706,4138,2,2,1,4.721400000562426e-05
2707,36911,2,2,2,9.359000614495017e-06
2708,77893,2,2,1,7.133999133657198e-06
2709,45132,2,2,1,3.908000508090481e-06
2710,77901,2,2,1,4.100000296602957e-06
2711,53344,2,2,1,4.1039993448066525e-06
2712,53345,2,2,1,3.555000148480758e-06
2713,53346,2,2,1,4.356000317784492e-06
2714,12394,2,2,1,4.503000127442647e-06
2715,12397,2,2,1,4.169000021647662e-06
2716,55785,2,1,0,1.5780005924170837e-06
2717,77938,2,2,1,3.5980001484858803e-06
2718,53365,4,2,1,5.304999831423629e-06
2719,72385,2,1,0,1.3990002116770484e-06
2720,12412,2,2,1,3.707999894686509e-06
2721,12420,2,2,1,3.2740008464315906e-06
2722,53381,2,2,1,3.512000148475636e-06
2723,28804,2,2,1,4.162999175605364e-06
2724,32503,2,1,0,1.4550005289493129e-06
2725,61733,2,0,0,1.3520002539735287e-06
2726,53386,2,2,1,4.011999408248812e-06
2727,12428,2,2,1,3.7729996620328166e-06
2728,4770,4,1,0,2.279999534948729e-06
2729,4951,2,0,0,1.5350005924119614e-06
2730,37006,2,2,1,4.367999281384982e-06
2731,53391,2,2,1,3.875999937008601e-06
2732,61779,2,1,0,1.5699997675255872e-06
2733,86160,2,2,1,3.1399995350511745e-06
2734,85820,3,1,0,1.6490002963109873e-06
2735,86161,2,2,1,4.008000360045116e-06
2736,86165,2,2,1,3.763000677281525e-06
2737,28825,2,2,1,3.918999937013723e-06
2738,46585,2,1,0,1.4219995136954822e-06
2739,61610,2,2,1,3.840000317723025e-06
2740,61664,2,1,0,1.3569997463491745e-06
2741,20661,2,2,1,3.923999429389369e-06
2742,69817,2,2,1,3.6159999581286684e-06
2743,20665,2,2,1,3.8030002542654984e-06
2744,12493,2,2,1,3.5960001696366817e-06
2745,45266,2,2,1,4.045999958179891e-06
2746,12502,3,2,1,5.744999725720845e-06
2747,61657,2,2,1,4.039000486955047e-06
2748,53466,2,2,2,3.21200059261173e-06
2749,61659,2,2,1,3.7020008676336147e-06
2750,21149,2,1,0,1.5610003174515441e-06
2751,22929,2,0,0,1.4319994079414755e-06
2752,53469,2,2,2,4.172999979346059e-06
2753,63579,2,1,1,2.407000465609599e-06
2754,28897,2,2,1,6.279999979597051e-06
2755,61665,2,2,1,4.198999704385642e-06
2756,32907,3,1,0,1.838000571297016e-06
2757,37098,2,2,1,4.21799995820038e-06
2758,86262,2,2,1,3.924999873561319e-06
2759,86264,2,2,1,4.386000000522472e-06
2760,28922,2,2,1,4.1350003812112845e-06
2761,28923,2,2,1,3.447000381129328e-06
2762,88943,2,1,0,1.371000507788267e-06
2763,28926,2,2,1,4.335000085120555e-06
2764,20741,2,2,1,3.7609997889376245e-06
2765,29913,2,1,0,1.3259996194392443e-06
2766,78087,2,2,1,3.6250003176974133e-06
2767,29728,2,1,0,1.3509998098015785e-06
2768,69898,2,2,1,3.977999767812435e-06
2769,86291,2,2,1,3.961999937018845e-06
2770,78110,2,2,1,3.955000465794001e-06
2771,78111,2,2,1,4.008000360045116e-06
2772,53551,2,2,1,3.821999598585535e-06
2773,61762,2,2,1,4.178999915893655e-06
2774,37189,2,2,1,3.7850004446227103e-06
2775,78167,2,2,1,3.5780003599938937e-06
2776,54507,2,1,0,1.3210001270635985e-06
2777,68602,3,1,1,2.783000127237756e-06
2778,29016,2,2,1,3.284000740677584e-06
2779,4439,2,2,1,3.9630003811907955e-06
2780,78174,2,2,1,3.7689997043344192e-06
2781,53608,2,2,1,4.122000063944142e-06
2782,61806,2,2,2,3.11499934468884e-06
2783,47743,2,1,1,2.4349992600036785e-06
2784,4465,4,2,1,4.777999492944218e-06
2785,73255,4,1,0,2.0750003386638127e-06
2786,61840,2,2,1,3.441000444581732e-06
2787,4504,2,2,1,3.502999788906891e-06
2788,4505,2,2,1,3.622999429353513e-06
2789,45475,2,2,1,4.280000212020241e-06
2790,53667,2,2,1,3.9719998312648386e-06
2791,53670,2,2,1,3.553999704308808e-06
2792,63251,2,1,0,1.3779999790131114e-06
2793,78247,2,2,1,4.025999260193203e-06
2794,12730,2,2,2,3.361999915796332e-06
2795,12733,2,2,1,4.015999365947209e-06
2796,12746,3,2,1,4.102999810129404e-06
2797,61907,2,2,1,3.5630000638775527e-06
2798,70113,2,2,1,3.913999535143375e-06
2799,4583,2,2,1,3.868000021611806e-06
2800,12775,2,2,1,3.816000571532641e-06
2801,12780,2,2,2,3.1800000215298496e-06
2802,12784,2,2,1,3.7809995774296112e-06
2803,45552,2,2,1,3.963999915868044e-06
2804,70128,3,2,1,6.0660004237433895e-06
2805,86518,2,2,1,3.8049993236199953e-06
2806,70139,2,2,1,4.343999535194598e-06
2807,20996,2,2,1,3.78400000045076e-06
2808,12804,3,2,1,4.66799974674359e-06
2809,88142,2,1,0,1.2939999578520656e-06
2810,20998,2,2,1,4.059999810124282e-06
2811,62500,2,1,0,1.4179995559970848e-06
2812,86536,3,2,1,4.889000592811499e-06
2813,78345,2,2,1,4.135999915888533e-06
2814,87045,2,1,0,1.45800004247576e-06
2815,4627,3,2,2,3.833999471680727e-06
2816,78356,5,2,1,5.205999514146242e-06
2817,53793,2,2,1,4.5709994083154015e-06
2818,29219,2,2,1,5.300000339047983e-06
2819,21315,2,1,0,1.4519991964334622e-06
2820,86568,2,2,1,3.84399936592672e-06
2821,61993,2,2,1,3.902999196725432e-06
2822,86569,2,2,1,4.5110000428394414e-06
2823,70187,6,2,2,5.478999810293317e-06
2824,86572,2,2,1,3.529999958118424e-06
2825,29232,2,2,1,3.899999683198985e-06
2826,70196,2,2,1,4.116999662073795e-06
2827,21056,2,2,1,4.161000106250867e-06
2828,4676,3,2,1,4.212999556330033e-06
2829,42293,3,1,0,1.725999936752487e-06
2830,21063,2,2,1,4.4779999370803125e-06
2831,29266,2,2,1,4.040000021632295e-06
2832,45661,2,2,1,3.691000529215671e-06
2833,29277,2,2,1,4.227000317769125e-06
2834,29281,2,2,1,3.78400000045076e-06
2835,29296,2,2,1,3.6020001061842777e-06
2836,56766,2,1,0,1.3979997675050981e-06
2837,53873,2,2,1,4.436999915924389e-06
2838,78479,2,2,1,3.659999492811039e-06
2839,78480,2,2,1,3.492000359983649e-06
2840,4757,2,2,1,3.911999556294177e-06
2841,63365,2,1,0,1.3170001693652011e-06
2842,78494,2,2,1,4.102999810129404e-06
2843,21763,2,1,0,1.3790004231850617e-06
2844,12961,3,2,1,3.1950003176461905e-06
2845,70319,2,2,1,3.584999831218738e-06
2846,4786,2,2,2,3.244000254198909e-06
2847,12987,2,2,1,3.6499995985650457e-06
2848,37569,2,2,1,3.620999450504314e-06
2849,55797,2,1,0,1.5100004020496272e-06
2850,21185,3,2,1,4.293000529287383e-06
2851,62149,2,2,1,3.557999662007205e-06
2852,46492,2,1,0,1.3600001693703234e-06
2853,13011,3,2,1,2.627000867505558e-06
2854,78575,2,2,1,3.6649998946813866e-06
2855,54003,2,2,1,3.834000381175429e-06
2856,21236,2,2,1,4.241000169713516e-06
2857,63753,2,1,0,1.3749995559919626e-06
2858,72252,2,0,0,1.35000027512433e-06
2859,54007,2,2,1,4.319999789004214e-06
2860,22469,2,1,0,1.2959999367012642e-06
2861,54008,2,2,1,3.864000063913409e-06
2862,54009,2,2,1,3.821999598585535e-06
2863,80464,2,1,0,1.2930004231748171e-06
2864,29437,2,2,1,3.504000233078841e-06
2865,29438,2,2,1,4.550999619823415e-06
2866,29446,2,2,1,4.092000381206162e-06
2867,45840,2,2,1,3.895999725500587e-06
2868,62225,2,2,1,3.712000761879608e-06
2869,30041,2,1,0,1.309999788645655e-06
2870,37666,2,2,1,3.961999937018845e-06
2871,13098,2,2,1,3.617999936977867e-06
2872,21317,2,2,1,4.748999344883487e-06
2873,70477,2,2,1,4.106999767827801e-06
2874,21326,2,2,1,3.4199993024230935e-06
2875,21330,2,2,1,3.6190003811498173e-06
2876,13143,2,2,1,3.7879999581491575e-06
2877,29534,2,2,1,3.5530001696315594e-06
2878,21353,2,2,1,4.595999598677736e-06
2879,4983,2,2,1,3.4970007618539967e-06
2880,22973,2,1,0,1.2999998943996616e-06
2881,45948,2,2,2,5.111999598739203e-06
2882,70524,2,2,1,4.246000571583863e-06
2883,21371,2,2,1,4.011999408248812e-06
2884,63763,2,1,0,1.4469997040578164e-06
2885,45952,2,2,2,2.9650000215042382e-06
2886,21386,3,2,1,4.599000021698885e-06
2887,86941,2,2,1,3.7939998946967535e-06
2888,54174,2,2,1,3.5810007830150425e-06
2889,5031,2,1,0,4.193699987808941e-05
2890,62369,2,2,1,7.364999873971101e-06
2891,62378,2,2,1,5.021000106353313e-06
2892,21446,2,2,2,3.5570001273299567e-06
2893,13255,2,2,1,2.7124000553158112e-05
2894,13256,2,2,1,6.102000043028966e-06
2895,21447,2,2,1,4.29700048698578e-06
2896,29643,2,2,1,3.952000042772852e-06
2897,62433,2,2,1,3.866000042762607e-06
2898,5111,3,2,1,4.368000190879684e-06
2899,54272,2,2,1,3.895000190823339e-06
2900,54274,2,2,1,3.8629996197414584e-06
2901,29698,2,2,1,3.758999810088426e-06
2902,87046,2,2,1,4.163999619777314e-06
2903,62473,3,2,1,4.000000444648322e-06
2904,15111,3,1,0,1.7989996194955893e-06
2905,7832,2,0,0,1.481999788666144e-06
2906,54287,2,2,1,3.7359995985752903e-06
2907,62480,2,2,1,3.838000338873826e-06
2908,62481,2,2,1,3.7879999581491575e-06
2909,62479,2,2,1,4.461999196792021e-06
2910,29713,2,2,1,4.163999619777314e-06
2911,87058,2,2,1,4.085000000486616e-06
2912,29720,2,2,1,3.7869995139772072e-06
2913,29732,2,2,1,3.6190003811498173e-06
2914,29736,2,2,1,3.7770005292259157e-06
2915,21546,2,2,1,3.7710005926783197e-06
2916,70703,2,2,1,4.224999429425225e-06
2917,87089,2,2,1,3.5800003388430923e-06
2918,29750,2,2,1,3.717000254255254e-06
2919,54329,5,2,1,5.4749998525949195e-06
2920,78908,2,2,1,3.821999598585535e-06
2921,15647,2,1,0,1.3400003808783367e-06
2922,78911,2,2,1,3.8629996197414584e-06
2923,79247,2,1,0,1.4319994079414755e-06
2924,87108,2,2,1,3.956000000471249e-06
2925,78917,2,2,1,4.155000169703271e-06
2926,78919,3,2,1,3.1219997254083864e-06
2927,46159,2,2,1,3.769000613829121e-06
2928,46173,2,2,1,3.612000000430271e-06
2929,87135,2,2,1,4.874999831372406e-06
2930,13408,2,2,1,3.858999662043061e-06
2931,13411,2,2,1,3.92299989471212e-06
2932,78951,2,2,1,4.350000381236896e-06
2933,21614,2,2,1,3.6410001484910026e-06
2934,46202,2,2,1,4.270999852451496e-06
2935,70778,2,2,1,3.6709998312289827e-06
2936,54394,2,2,1,4.484999408305157e-06
2937,5252,2,2,1,3.858000127365813e-06
2938,70789,3,2,2,4.110999725526199e-06
2939,5254,2,2,1,3.638999260147102e-06
2940,54429,2,2,1,4.045000423502643e-06
2941,54432,2,2,1,4.338000508141704e-06
2942,62643,2,2,1,4.072000592714176e-06
2943,13498,2,2,1,3.6820001696469262e-06
2944,62894,2,1,0,1.481999788666144e-06
2945,13499,2,2,1,6.223000127647538e-06
2946,6793,2,1,0,1.3960006981506012e-06
2947,87231,2,2,1,3.6849996831733733e-06
2948,87233,2,2,1,3.791999915847555e-06
2949,13515,2,2,1,4.841999725613277e-06
2950,46289,3,2,1,5.029999556427356e-06
2951,72023,3,1,0,1.7130005289800465e-06
2952,29906,2,2,1,4.559000444714911e-06
2953,46290,2,2,1,4.119000550417695e-06
2954,13523,2,2,1,3.6679994082078338e-06
2955,14717,2,1,0,1.4020006346981972e-06
2956,10417,4,1,0,2.773999767669011e-06
2957,29911,2,2,1,3.883000317728147e-06
2958,70872,4,2,0,4.53000029665418e-06
2959,87261,2,2,1,3.7740001062047668e-06
2960,5361,2,2,1,3.7980007618898526e-06
2961,5375,2,2,1,3.875999937008601e-06
2962,13575,2,2,1,4.114999683224596e-06
2963,6519,2,1,0,1.362000148219522e-06
2964,54547,2,2,1,4.081999577465467e-06
2965,5396,2,2,1,4.0409995563095436e-06
2966,38176,2,2,1,3.680999725474976e-06
2967,29993,2,2,1,3.525000465742778e-06
2968,31930,2,1,0,1.356000211671926e-06
2969,30005,2,2,1,4.081999577465467e-06
2970,21814,2,2,1,4.133999937039334e-06
2971,54587,2,2,1,3.979999746661633e-06
2972,70972,3,2,1,4.709999302576762e-06
2973,70977,2,2,1,3.8509997466462664e-06
2974,70981,2,2,1,3.995999577455223e-06
2975,70983,2,2,2,3.1700001272838563e-06
2976,70985,2,2,1,4.547000571619719e-06
2977,87370,2,2,1,3.832999937003478e-06
2978,21838,2,2,1,3.991000085079577e-06
2979,13650,2,2,1,3.2640000426908955e-06
2980,30037,2,2,1,3.7800000427523628e-06
2981,79191,2,2,1,4.196000190859195e-06
2982,21850,2,2,1,3.5229995773988776e-06
2983,62810,4,2,1,3.2149991966434754e-06
2984,71029,2,2,1,3.7689997043344192e-06
2985,71031,2,2,1,3.8030002542654984e-06
2986,46455,3,2,1,4.367999281384982e-06
2987,63363,3,1,0,1.6980002328637056e-06
2988,46463,3,2,1,4.734999492939096e-06
2989,71045,2,2,1,3.617999936977867e-06
2990,23194,2,1,0,1.4319994079414755e-06
2991,5514,2,2,1,3.5570001273299567e-06
2992,12204,3,1,0,1.7419997675460763e-06
2993,29028,3,0,0,1.570000677020289e-06
2994,71051,2,2,1,3.785999979299959e-06
2995,79256,2,2,1,3.794999429374002e-06
2996,62875,2,2,1,4.041000465804245e-06
2997,79260,2,2,1,3.818000550381839e-06
2998,46493,2,2,1,3.89199976780219e-06
2999,79259,2,2,1,3.831999492831528e-06
3000,38310,3,2,1,4.3730005927500315e-06
3001,13736,2,2,1,3.562999154382851e-06
3002,46505,3,2,1,5.310000233293977e-06
3003,46506,2,2,1,4.012000317743514e-06
3004,87466,2,2,1,3.981999725510832e-06
3005,21932,2,2,1,3.6499995985650457e-06
3006,62893,2,2,1,3.4049999158014543e-06
3007,79278,2,2,1,3.821000063908286e-06
3008,79283,3,2,1,4.6710001697647385e-06
3009,71101,2,2,1,5.436000719782896e-06
3010,54739,2,2,1,3.939000635000411e-06
3011,5592,2,2,1,4.108999746677e-06
3012,71138,2,2,1,3.7059999158373103e-06
3013,87921,4,1,0,1.9989993234048598e-06
3014,71140,2,2,1,4.59100010630209e-06
3015,71146,2,2,1,4.762000571645331e-06
3016,79340,2,2,1,3.7909994716756046e-06
3017,38382,4,2,1,5.290999979479238e-06
3018,13807,2,2,1,4.325000190874562e-06
3019,13810,3,2,1,4.444999831321184e-06
3020,13812,2,2,1,4.362999789009336e-06
3021,38408,2,1,0,1.4500001270789653e-06
3022,46586,2,2,1,3.75400031771278e-06
3023,22022,2,2,2,3.2389998523285612e-06
3024,38411,2,2,1,4.444999831321184e-06
3025,13836,2,2,1,3.6860001273453236e-06
3026,23690,2,1,0,1.469999915570952e-06
3027,5652,2,2,1,3.7849995351280086e-06
3028,3047,3,1,0,1.9379995137569495e-06
3029,63006,2,2,1,4.096999873581808e-06
3030,80629,2,1,0,1.3610006135422736e-06
3031,40821,2,0,0,1.4529996406054124e-06
3032,5663,3,2,1,3.236000338802114e-06
3033,30244,2,2,1,3.5630000638775527e-06
3034,5669,2,2,1,3.64600055036135e-06
3035,22064,2,2,1,4.212999556330033e-06
3036,46673,3,2,1,4.280000212020241e-06
3037,30293,2,2,1,4.094000360055361e-06
3038,63074,2,2,1,3.5960001696366817e-06
3039,63078,2,2,1,3.7880008676438592e-06
3040,5736,2,2,1,3.8370008041965775e-06
3041,79468,2,2,1,3.948999619751703e-06
3042,46711,2,2,1,3.7250001696520485e-06
3043,38524,2,2,1,4.026000169687904e-06
3044,71295,2,2,2,3.1680001484346576e-06
3045,87680,2,2,1,3.818000550381839e-06
3046,31714,2,1,0,1.491000148234889e-06
3047,30359,2,2,1,4.2100000428035855e-06
3048,87705,2,2,1,4.126999556319788e-06
3049,79514,2,2,1,4.251999598636758e-06
3050,13978,2,2,1,3.7310001061996445e-06
3051,79515,2,2,1,3.989000106230378e-06
3052,79518,2,2,1,3.840999852400273e-06
3053,63140,2,2,2,2.9470002118614502e-06
3054,5818,2,2,1,3.7260006138239987e-06
3055,63178,2,2,1,4.449999323696829e-06
3056,63186,2,2,1,4.504000571614597e-06
3057,63187,2,2,1,4.12600002164254e-06
3058,54999,2,2,1,4.20500055042794e-06
3059,31797,2,1,0,1.4479992387350649e-06
3060,79598,2,2,1,3.7279996831784956e-06
3061,79599,2,1,0,1.3369999578571878e-06
3062,71408,2,2,1,4.092000381206162e-06
3063,7474,2,1,0,1.4830002328380942e-06
3064,71407,2,2,1,4.7519997679046355e-06
3065,71416,2,2,1,3.563999598554801e-06
3066,87815,2,2,1,3.6799992813030258e-06
3067,87816,2,2,1,4.337000063969754e-06
3068,87818,2,2,1,4.12700046581449e-06
3069,30487,2,2,1,3.889999788952991e-06
3070,46888,2,2,1,3.93899972550571e-06
3071,79660,2,2,1,4.0049999370239675e-06
3072,30514,2,2,1,3.355999979248736e-06
3073,71476,6,2,1,6.684000254608691e-06
3074,71480,2,2,1,4.368000190879684e-06
3075,55109,2,2,1,4.139000338909682e-06
3076,79701,2,2,1,4.0380000427830964e-06
3077,8079,3,1,0,1.880000127130188e-06
3078,46937,2,2,1,3.7340005292207934e-06
3079,55139,3,2,1,4.7220000851666555e-06
3080,38757,2,2,1,4.215000444673933e-06
3081,14182,2,2,1,8.68700044520665e-06
3082,55141,2,2,1,4.847999662160873e-06
3083,14186,2,2,1,4.208999598631635e-06
3084,38776,3,2,1,4.3119998736074194e-06
3085,56496,2,1,0,1.5599998732795939e-06
3086,42105,5,1,0,2.9390002964646555e-06
3087,63358,2,2,1,3.864999598590657e-06
3088,6016,2,2,1,4.055000317748636e-06
3089,63364,2,2,1,3.75400031771278e-06
3090,55182,2,2,1,3.4799995773937553e-06
3091,14223,2,2,1,4.010000338894315e-06
3092,87960,2,2,1,3.7279996831784956e-06
3093,87961,2,2,1,4.1110006350209005e-06
3094,38812,2,2,1,3.481999556242954e-06
3095,14239,2,2,1,3.7849995351280086e-06
3096,15987,2,1,0,1.3769995348411612e-06
3097,71584,2,2,1,3.7729996620328166e-06
3098,63391,2,2,1,4.0919994717114605e-06
3099,63394,2,2,1,4.114999683224596e-06
3100,63403,4,2,1,5.472999873745721e-06
3101,87981,2,2,1,4.08000050811097e-06
3102,79792,2,2,1,4.3179998101550154e-06
3103,30642,3,2,1,4.040000021632295e-06
3104,30644,2,2,1,3.950000063923653e-06
3105,31135,2,1,0,1.3990002116770484e-06
3106,87989,2,2,1,3.620999450504314e-06
3107,30646,2,2,1,4.2219999158987775e-06
3108,30653,2,2,1,4.004000402346719e-06
3109,55231,3,2,1,4.888999683316797e-06
3110,38848,2,2,1,4.506999175646342e-06
3111,14275,2,2,1,4.145999810134526e-06
3112,23659,2,1,0,1.3999997463542968e-06
3113,22468,2,2,1,4.556000021693762e-06
3114,55243,2,2,1,4.006000381195918e-06
3115,24158,2,1,0,1.3899998521083035e-06
3116,71634,2,2,1,4.666000677389093e-06
3117,71636,2,2,1,4.069999704370275e-06
3118,88020,2,2,1,4.090999937034212e-06
3119,79831,2,2,1,4.0439999793306924e-06
3120,14298,4,2,1,5.763999979535583e-06
3121,47074,2,2,2,3.512000148475636e-06
3122,14324,2,2,1,4.0229997466667555e-06
3123,71672,2,2,2,2.988000233017374e-06
3124,88060,2,2,1,4.036000063933898e-06
3125,88062,2,2,1,4.178000381216407e-06
3126,63489,2,2,1,3.924999873561319e-06
3127,71685,2,2,1,3.6219998946762644e-06
3128,38925,5,2,2,5.372999112296384e-06
3129,38926,2,2,1,3.7560002965619788e-06
3130,71698,3,2,1,4.354000338935293e-06
3131,63509,2,2,1,4.380000063974876e-06
3132,30746,2,2,1,3.684000148496125e-06
3133,63517,2,2,1,3.897000169672538e-06
3134,63519,2,2,1,3.940999704354908e-06
3135,88096,2,2,1,3.7929994505248033e-06
3136,71715,2,2,1,5.797000085294712e-06
3137,47151,2,2,1,3.7740001062047668e-06
3138,47155,2,2,1,3.578999894671142e-06
3139,63542,2,2,1,3.6530000215861946e-06
3140,6207,2,2,1,3.758999810088426e-06
3141,55360,2,2,1,4.270999852451496e-06
3142,14404,2,2,1,4.326000635046512e-06
3143,30788,2,2,1,3.660000402305741e-06
3144,79941,2,2,1,4.547999196802266e-06
3145,6228,2,2,1,3.6410001484910026e-06
3146,14432,2,2,1,3.853000634990167e-06
3147,47212,2,2,1,3.3310006983811036e-06
3148,71795,2,2,1,4.292000085115433e-06
3149,47222,2,2,1,3.6799992813030258e-06
3150,79995,2,2,1,3.931000719603617e-06
3151,63618,2,2,1,3.8539992601727135e-06
3152,80013,2,2,1,4.13999987358693e-06
3153,14477,2,2,2,3.110999386990443e-06
3154,55437,2,2,1,3.6080000427318737e-06
3155,30862,3,2,2,4.583000190905295e-06
3156,47255,2,2,1,3.731999640876893e-06
3157,47750,2,1,0,1.3979997675050981e-06
3158,14495,2,2,1,3.7039999369881116e-06
3159,63651,3,2,1,4.912999429507181e-06
3160,63656,2,2,1,3.944999662053306e-06
3161,6705,2,1,0,1.410000550094992e-06
3162,30895,2,2,1,3.858000127365813e-06
3163,6461,2,1,0,1.4410006770049222e-06
3164,39114,2,2,1,3.89199976780219e-06
3165,6347,2,2,1,3.168999683111906e-06
3166,47307,2,2,1,3.3810001696110703e-06
3167,80078,2,2,1,3.5920002119382843e-06
3168,80079,2,2,1,3.7099998735357076e-06
3169,63703,2,2,1,3.8049993236199953e-06
3170,63706,2,2,1,4.26399947173195e-06
3171,63708,2,2,1,3.4479999158065766e-06
3172,88599,2,1,0,1.3859998944099061e-06
3173,22749,3,2,1,3.3790001907618716e-06
3174,63716,2,2,1,4.028000148537103e-06
3175,88295,2,2,1,3.6799992813030258e-06
3176,71914,2,2,1,3.7179997889325023e-06
3177,30955,2,2,1,3.252999704272952e-06
3178,14581,2,2,1,3.7560002965619788e-06
3179,15920,2,1,0,1.4379993444890715e-06
3180,88312,2,2,1,3.6310002542450093e-06
3181,6399,2,2,1,3.4200002119177952e-06
3182,63752,2,2,1,3.96999985241564e-06
3183,14609,2,2,1,3.8509997466462664e-06
3184,56439,2,1,0,1.4030001693754457e-06
3185,71953,2,2,1,3.7339996197260916e-06
3186,63776,2,2,1,3.668999852379784e-06
3187,71972,2,2,1,3.721000211953651e-06
3188,63787,2,2,1,3.78299955627881e-06
3189,63789,2,2,1,3.4859995139413513e-06
3190,6463,2,2,1,3.895999725500587e-06
3191,39241,2,2,1,3.691000529215671e-06
3192,14665,3,2,1,4.272000296623446e-06
3193,64922,2,1,0,1.4019997252034955e-06
3194,31054,2,2,1,3.907999598595779e-06
3195,6479,2,2,1,3.1459994715987705e-06
3196,49841,4,1,0,2.0249999579391442e-06
3197,39249,2,2,1,4.2669998947530985e-06
3198,14678,2,2,1,3.6860001273453236e-06
3199,72025,2,2,1,3.4079994293279015e-06
3200,14691,2,2,1,5.077999958302826e-06
3201,6502,2,2,1,3.7380004869191907e-06
3202,80233,3,2,1,4.910999450657982e-06
3203,72627,2,1,0,1.491000148234889e-06
3204,41544,3,0,0,1.7820002540247515e-06
3205,55665,2,2,1,4.018999788968358e-06
3206,31093,2,2,1,4.005999471701216e-06
3207,63882,2,2,1,3.875000402331352e-06
3208,55690,2,2,1,4.031000571558252e-06
3209,31116,2,2,1,4.008999894722365e-06
3210,6538,3,2,1,4.350000381236896e-06
3211,14731,3,2,1,4.752000677399337e-06
3212,6545,2,2,1,3.911000021616928e-06
3213,22931,2,2,1,3.847000698442571e-06
3214,14742,2,2,1,3.8060006772866473e-06
3215,39319,2,2,1,4.405999789014459e-06
3216,72089,2,2,1,3.713999831234105e-06
3217,22939,4,2,1,5.1679999160114676e-06
3218,80287,2,2,1,4.034000085084699e-06
3219,31149,5,2,0,5.354000677471049e-06
3220,22961,2,2,2,3.234999894630164e-06
3221,72126,3,2,1,3.0649998734588735e-06
3222,72127,2,2,1,3.926999852410518e-06
3223,55752,3,2,1,4.352000360086095e-06
3224,14803,2,2,1,3.836000360024627e-06
3225,6615,2,2,1,3.7740001062047668e-06
3226,80357,2,2,1,3.609000486903824e-06
3227,6631,2,2,2,2.9319999157451093e-06
3228,72167,2,2,1,3.330999788886402e-06
3229,72172,2,2,1,3.3300002542091534e-06
3230,88561,2,2,1,3.584999831218738e-06
3231,88568,2,2,1,3.67499978892738e-06
3232,6648,3,2,1,4.618999810190871e-06
3233,88571,2,2,1,4.134000846534036e-06
3234,80390,2,2,1,3.881999873556197e-06
3235,31240,2,2,1,3.5709999792743474e-06
3236,31242,2,2,1,4.128999535168987e-06
3237,31244,3,2,1,4.376999640953727e-06
3238,89119,2,1,0,1.416000486642588e-06
3239,64031,2,2,1,4.038999577460345e-06
3240,55842,2,2,1,3.950000063923653e-06
3241,14882,2,2,1,4.655000338971149e-06
3242,14890,2,2,1,4.057000296597835e-06
3243,14891,2,2,1,3.4260001484653912e-06
3244,47661,2,2,1,3.453000317676924e-06
3245,80427,4,2,1,5.038999915996101e-06
3246,31289,2,2,1,4.276000254321843e-06
3247,39483,2,2,1,3.991999619756825e-06
3248,80448,2,2,1,4.036999598611146e-06
3249,14923,4,2,0,3.98800057155313e-06
3250,8376,3,1,1,2.460999894537963e-06
3251,88653,2,2,1,3.416000254219398e-06
3252,14926,2,2,1,3.942999683204107e-06
3253,88654,2,2,1,3.035999725398142e-06
3254,47694,4,2,1,2.881999535020441e-06
3255,88657,2,2,1,3.5409993870416656e-06
3256,6738,2,2,1,3.8359994505299255e-06
3257,55889,3,2,1,4.550999619823415e-06
3258,47702,2,2,1,4.312999408284668e-06
3259,14938,2,2,1,4.014999831269961e-06
3260,14940,2,2,1,4.0859995351638645e-06
3261,31328,2,2,1,4.020000233140308e-06
3262,72300,2,2,1,3.5099992601317354e-06
3263,23156,2,2,1,4.212000021652784e-06
3264,23168,2,2,1,6.166999810375273e-06
3265,6785,5,2,0,2.4322000172105618e-05
3266,24709,4,1,1,6.790000043110922e-06
3267,31371,3,2,2,4.743999852507841e-06
3268,80558,2,2,1,4.48300033895066e-06
3269,39602,2,2,1,3.7239997254800983e-06
3270,80563,2,2,1,3.7939998946967535e-06
3271,72373,2,2,1,4.339999577496201e-06
3272,47797,2,2,1,3.965000360039994e-06
3273,80575,2,2,1,3.9180004023364745e-06
3274,56000,2,2,1,3.6319997889222577e-06
3275,31430,2,2,1,3.547999767761212e-06
3276,23239,4,2,1,5.255999894870911e-06
3277,72403,2,2,1,3.4289996619918384e-06
3278,88788,2,2,1,3.9420001485268585e-06
3279,88796,2,2,1,3.83099995815428e-06
3280,23266,4,2,1,4.971999260305893e-06
3281,57294,2,1,0,1.612000232853461e-06
3282,56043,2,2,1,3.3599999369471334e-06
3283,64238,2,2,1,4.2849997043958865e-06
3284,10582,5,1,0,2.738000148383435e-06
3285,64240,2,2,1,4.159999662078917e-06
3286,56054,2,2,2,3.1800000215298496e-06
3287,56055,2,2,1,3.5309994927956723e-06
3288,56969,2,1,0,1.3319995559868403e-06
3289,64253,2,2,1,4.350999915914144e-06
3290,23293,2,2,1,3.4690001484705135e-06
3291,88832,2,2,1,3.5200000638724305e-06
3292,15105,2,2,1,3.629999810073059e-06
3293,39682,2,2,1,4.343999535194598e-06
3294,39683,2,2,1,4.069000169693027e-06
3295,56069,2,2,1,3.578999894671142e-06
3296,80647,2,2,1,3.496999852359295e-06
3297,72456,2,2,1,4.075000106240623e-06
3298,15314,2,1,0,1.4739998732693493e-06
3299,47883,2,2,1,3.889000254275743e-06
3300,39693,2,2,1,4.358999831310939e-06
3301,23315,2,2,1,3.5920002119382843e-06
3302,80666,3,2,1,4.030000127386302e-06
3303,72475,3,2,1,4.417000127432402e-06
3304,47900,2,2,1,3.589999323594384e-06
3305,80669,2,2,1,3.819000085059088e-06
3306,88864,2,2,1,3.6980000004405156e-06
3307,88872,2,2,1,3.665999429358635e-06
3308,72525,2,2,1,3.967999873566441e-06
3309,15193,2,2,1,4.077000085089821e-06
3310,88927,2,2,1,4.331000127422158e-06
3311,72544,2,2,1,3.825000021606684e-06
3312,48472,2,1,0,1.3449998732539825e-06
3313,47982,4,2,2,4.0349996197619475e-06
3314,47985,3,2,1,4.810000064026099e-06
3315,47987,2,2,1,3.53599989466602e-06
3316,39798,2,2,1,3.946000106225256e-06
3317,15234,2,2,1,3.7070003600092605e-06
3318,80771,2,2,1,3.819999619736336e-06
3319,72583,2,2,2,3.4120002965210006e-06
3320,23434,2,2,1,3.498000296531245e-06
3321,15252,2,2,1,3.8689995562890545e-06
3322,31639,2,2,1,3.3340002119075507e-06
3323,48028,2,2,1,3.892000677296892e-06
3324,56230,2,2,1,4.414000613905955e-06
3325,31659,3,2,2,3.360000846441835e-06
3326,72621,2,2,1,3.81399968318874e-06
3327,64430,5,2,1,4.294000063964631e-06
3328,39855,2,2,1,6.040000698703807e-06
3329,31663,3,2,1,4.991999958292581e-06
3330,23486,2,2,1,3.7849995351280086e-06
3331,72659,4,2,1,3.3000005714711733e-06
3332,80867,2,2,1,4.37400012742728e-06
3333,7141,2,2,1,3.6860001273453236e-06
3334,7142,2,2,1,3.6310002542450093e-06
3335,80870,2,2,1,3.395000021555461e-06
3336,39916,2,2,1,3.864000063913409e-06
3337,7150,2,2,1,3.199000275344588e-06
3338,31726,5,2,1,5.435000275610946e-06
3339,72688,2,2,1,4.2550000216579065e-06
3340,23538,2,2,1,3.5380007830099203e-06
3341,89078,2,2,1,3.082000148424413e-06
3342,15359,4,2,1,5.369000064092688e-06
3343,64527,2,2,1,3.7830004657735117e-06
3344,89103,2,2,1,4.105999323655851e-06
3345,48146,2,2,1,3.45900025422452e-06
3346,48157,2,2,1,3.889000254275743e-06
3347,64555,2,2,1,3.249999281251803e-06
3348,48179,2,2,1,3.6320006984169595e-06
3349,56372,2,2,1,3.520999598549679e-06
3350,56376,2,2,1,3.092999577347655e-06
3351,23610,5,2,1,3.7399995562736876e-06
3352,89151,2,2,1,4.12700046581449e-06
3353,80959,2,2,1,3.970000761910342e-06
3354,89155,2,2,1,3.721000211953651e-06
3355,80969,2,2,1,3.866999577439856e-06
3356,56410,2,2,1,3.584999831218738e-06
3357,7258,2,2,1,3.7800000427523628e-06
3358,80995,2,2,1,3.7879999581491575e-06
3359,81004,2,2,1,3.7099998735357076e-06
3360,7276,2,2,1,3.334999746584799e-06
3361,72811,2,2,1,3.5499997466104105e-06
3362,56433,2,2,1,3.807999746641144e-06
3363,89208,2,2,1,3.53700033883797e-06
3364,81021,2,2,1,3.232000381103717e-06
3365,72831,2,2,1,4.124000042793341e-06
3366,72835,2,2,1,3.6069995985599235e-06
3367,28814,3,1,0,1.9569997675716877e-06
3368,72837,2,2,1,3.4900003811344504e-06
3369,15494,2,2,1,3.7519994293688796e-06
3370,81035,2,2,1,3.610999556258321e-06
3371,15506,2,2,1,3.512000148475636e-06
3372,64660,3,2,1,4.411999725562055e-06
3373,81048,2,2,1,3.690000085043721e-06
3374,16330,2,1,0,1.4150000424706377e-06
3375,31900,6,2,1,5.681999937223736e-06
3376,7327,2,2,2,3.037000169570092e-06
3377,7341,2,2,1,3.873999958159402e-06
3378,15537,2,2,1,3.819000085059088e-06
3379,48339,2,1,0,1.3970002328278497e-06
3380,40111,2,2,1,3.870999535138253e-06
3381,72886,2,2,1,3.563999598554801e-06
3382,72893,2,2,1,3.7340005292207934e-06
3383,15553,3,2,1,4.7289995563915e-06
3384,15556,3,2,1,7.282999831659254e-06
3385,1936,3,1,1,2.5360004656249657e-06
3386,31949,4,2,1,3.7190002331044525e-06
3387,31959,2,2,1,3.7320005503715947e-06
3388,81111,3,2,1,4.2669998947530985e-06
3389,56555,2,2,1,3.7119998523849063e-06
3390,56563,2,2,1,4.504999196797144e-06
3391,56564,2,2,1,6.297999789239839e-06
3392,48375,2,2,1,3.9379992813337594e-06
3393,48382,2,2,1,3.677999302453827e-06
3394,65499,2,1,0,1.4500001270789653e-06
3395,23822,4,2,1,4.253000042808708e-06
3396,72977,2,2,1,0.0020786260001841583
3397,81169,2,2,1,1.1920999895664863e-05
3398,72983,2,2,2,4.5050001062918454e-06
3399,32024,2,2,1,5.398999746830668e-06
3400,48720,4,1,0,2.7280002541374415e-06
3401,77233,3,1,1,3.070000275329221e-06
3402,32028,2,2,1,4.642000021704007e-06
3403,32031,2,2,1,4.939999598718714e-06
3404,81183,2,2,1,4.9720001698005944e-06
3405,81185,2,2,1,4.6410004870267585e-06
3406,81188,2,2,1,4.689999514084775e-06
3407,23854,2,2,1,5.282000529405195e-06
3408,15664,2,2,1,4.943999556417111e-06
3409,56632,2,2,1,5.238000085228123e-06
3410,56639,2,2,1,5.167000381334219e-06
3411,32069,2,2,1,4.837000233237632e-06
3412,32071,2,2,1,5.225999302638229e-06
3413,73035,3,2,1,3.434000063862186e-06
3414,81228,2,2,1,4.213000465824734e-06
3415,32077,2,2,1,4.282000190869439e-06
3416,23886,2,2,1,3.8070002119638957e-06
3417,23894,2,2,1,4.229000296618324e-06
3418,23897,2,2,1,4.0229997466667555e-06
3419,23900,2,2,2,3.3940004868782125e-06
3420,48477,2,2,1,4.444999831321184e-06
3421,48478,2,2,1,3.897999704349786e-06
3422,64871,2,1,0,1.5600007827742957e-06
3423,23905,2,2,1,4.145000275457278e-06
3424,73058,2,2,1,3.966999429394491e-06
3425,64869,2,2,1,3.956999535148498e-06
3426,64874,2,2,1,2.0099000721529592e-05
3427,32121,2,2,1,3.593400015233783e-05
3428,23933,2,2,1,5.113000042911153e-06
3429,23944,2,2,1,4.51300002168864e-06
3430,7604,2,2,1,4.076000550412573e-06
3431,7606,2,2,1,3.897000169672538e-06
3432,56764,2,2,1,4.07900006393902e-06
3433,64961,2,2,1,3.887999810103793e-06
3434,64968,2,2,1,3.956999535148498e-06
3435,64980,2,2,1,4.425000042829197e-06
3436,81394,2,2,1,4.224999429425225e-06
3437,65014,2,2,1,3.9360002119792625e-06
3438,40449,2,2,1,4.094999894732609e-06
3439,65037,3,2,1,3.461000233073719e-06
3440,65038,2,2,1,3.634000677266158e-06
3441,65050,2,2,1,3.901000127370935e-06
3442,65064,2,2,1,4.062999323650729e-06
3443,32389,2,1,0,1.6269996194751002e-06
3444,81455,3,2,1,3.0499995773425326e-06
3445,56882,2,2,1,4.034000085084699e-06
3446,81458,2,2,1,4.593999619828537e-06
3447,81460,2,2,1,3.956000000471249e-06
3448,56901,2,2,1,4.268000338925049e-06
3449,32347,2,2,1,3.946000106225256e-06
3450,24173,2,2,1,4.051000360050239e-06
3451,24174,2,2,1,3.872999513987452e-06
3452,48756,2,2,1,4.575999810185749e-06
3453,56947,2,2,1,3.920000381185673e-06
3454,56962,2,2,1,3.5049997677560896e-06
3455,65156,2,2,1,5.750000127591193e-06
3456,65158,2,2,1,3.725999704329297e-06
3457,73349,4,2,1,5.45900002180133e-06
3458,65163,2,2,1,3.324999852338806e-06
3459,24375,4,1,0,2.1080004444229417e-06
3460,52209,3,0,0,1.6699996194802225e-06
3461,65172,2,2,1,4.4210000851307996e-06
3462,7861,2,2,1,4.261999492882751e-06
3463,40639,2,2,1,3.944999662053306e-06
3464,48841,3,2,1,4.968000212102197e-06
3465,81621,2,2,1,3.827000000455882e-06
3466,81622,2,2,1,3.6100000215810724e-06
3467,73431,4,2,1,4.720999640994705e-06
3468,40822,2,1,0,1.3999997463542968e-06
3469,51513,4,0,0,1.880000127130188e-06
3470,24290,2,2,1,4.501000148593448e-06
3471,7917,2,2,1,4.3670006562024355e-06
3472,32498,2,2,1,3.9599999581696466e-06
3473,32499,2,2,1,3.895999725500587e-06
3474,57088,2,2,1,3.7759991755592637e-06
3475,73483,2,2,1,4.1249995774705894e-06
3476,24332,5,2,1,5.865999810339417e-06
3477,73485,2,2,1,4.292999619792681e-06
3478,73492,3,2,2,3.9120004657888785e-06
3479,73493,2,2,1,4.488999366003554e-06
3480,81702,2,2,1,4.0349996197619475e-06
3481,24363,2,2,1,4.099999387108255e-06
3482,65324,2,2,1,3.872999513987452e-06
3483,10391,3,1,0,2.6309999157092534e-06
3484,48951,3,2,1,4.569000338960905e-06
3485,81724,2,2,1,3.617999936977867e-06
3486,49083,2,1,0,1.513000825070776e-06
3487,48958,2,2,1,4.979999175702687e-06
3488,48963,2,2,1,4.099999387108255e-06
3489,16200,2,2,1,4.171000000496861e-06
3490,65352,2,2,1,3.423000634938944e-06
3491,40781,2,2,1,4.991000423615333e-06
3492,40787,2,2,1,4.4270000216783956e-06
3493,8020,2,2,1,4.023999281344004e-06
3494,40789,2,2,1,4.253999577485956e-06
3495,73561,2,2,1,3.7620002331095748e-06
3496,57178,3,2,1,3.0660003176308237e-06
3497,40793,3,2,1,4.26600036007585e-06
3498,74356,4,1,0,2.052000127150677e-06
3499,81766,2,2,1,3.990000550402328e-06
3500,57192,2,2,1,3.6560004446073435e-06
3501,8044,2,2,1,4.0109998735715635e-06
3502,65392,2,2,1,3.7809995774296112e-06
3503,40837,2,2,1,3.7989993870723993e-06
3504,57224,2,2,1,3.719999767781701e-06
3505,40844,2,2,1,3.483000000414904e-06
3506,40846,2,2,1,3.653999556263443e-06
3507,40847,2,2,1,3.987999662058428e-06
3508,81807,2,2,1,3.662999915832188e-06
3509,24473,3,2,2,4.65199991595e-06
3510,8092,2,2,1,3.947000550397206e-06
3511,8106,2,2,1,4.0799995986162685e-06
3512,8108,2,2,1,3.916000423487276e-06
3513,49073,2,2,1,3.8689995562890545e-06
3514,49080,2,2,1,3.403999471629504e-06
3515,32716,3,2,1,4.473999979381915e-06
3516,57296,2,2,1,4.182000338914804e-06
3517,73688,2,2,1,3.8509997466462664e-06
3518,32730,2,2,1,3.882999408233445e-06
3519,16358,2,2,1,5.692999366146978e-06
3520,32745,4,2,1,4.986999556422234e-06
3521,24555,2,2,1,3.563999598554801e-06
3522,24556,2,2,1,3.854000169667415e-06
3523,81903,2,2,1,4.192999767838046e-06
3524,16369,3,2,1,4.828999408346135e-06
3525,40981,4,2,1,3.4899994716397487e-06
3526,73779,5,2,1,3.374000698386226e-06
3527,8260,4,2,1,4.748999344883487e-06
3528,57414,3,2,1,3.2569996619713493e-06
3529,79,5,2,1,5.10199970449321e-06
3530,8369,4,2,1,4.307999915909022e-06
3531,16696,4,2,1,4.811000508198049e-06
3532,74105,4,2,0,4.715000613941811e-06
3533,400,4,2,1,4.761999662150629e-06
3534,16790,3,2,1,5.357000190997496e-06
3535,41405,4,2,1,4.253000042808708e-06
3536,613,3,2,1,4.958000317856204e-06
3537,83003,4,2,1,4.846999217988923e-06
3538,33875,3,2,1,3.311000000394415e-06
3539,58470,3,2,1,3.2699999792384915e-06
3540,9343,4,2,0,4.509000063990243e-06
3541,74906,4,2,1,5.011999746784568e-06
3542,34055,4,2,1,3.6189994716551155e-06
3543,25902,5,2,1,5.175000296731014e-06
3544,66878,4,2,1,3.7740001062047668e-06
3545,83319,3,2,1,3.085000571445562e-06
3546,42398,5,2,1,5.335999958333559e-06
3547,34284,6,2,0,5.547000000660773e-06
3548,42561,4,2,0,4.159000127401669e-06
3549,50771,3,2,1,3.029999788850546e-06
3550,1744,5,2,0,4.1800003600656055e-06
3551,9945,3,2,1,4.575999810185749e-06
3552,18308,3,1,0,1.764999979059212e-06
3553,1871,4,2,1,5.042999873694498e-06
3554,1925,4,2,1,4.9959999159909785e-06
3555,2105,3,2,1,4.096999873581808e-06
3556,2331,3,2,1,4.416000592755154e-06
3557,35161,3,2,1,4.23500023316592e-06
3558,2677,3,2,1,3.172000106133055e-06
3559,27444,5,2,1,4.896000064036343e-06
3560,19261,3,2,1,4.727000487037003e-06
3561,60294,3,2,1,6.1800001276424155e-06
3562,3058,5,2,2,6.904999281687196e-06
3563,3120,3,2,1,4.370000169728883e-06
3564,11339,3,2,1,4.469000487006269e-06
3565,27812,4,2,1,7.650999577890616e-06
3566,77208,3,2,1,9.227899954566965e-05
3567,28113,3,2,1,6.209000275703147e-06
3568,11975,3,2,1,4.954999894835055e-06
3569,36575,3,2,1,4.5840006350772455e-06
3570,12122,3,2,1,2.8160002329968847e-06
3571,36896,3,2,1,2.5350000214530155e-06
3572,36952,3,2,1,3.1070003387867473e-06
3573,28823,6,2,1,5.824000254506245e-06
3574,62277,3,2,1,2.954999217763543e-06
3575,4949,3,2,1,4.167000042798463e-06
3576,5033,3,2,1,2.748000042629428e-06
3577,21523,3,2,1,5.5139998949016444e-06
3578,29910,3,2,1,2.7819996830658056e-06
3579,21787,6,2,1,3.316099991934607e-05
3580,70955,5,2,1,6.861999281682074e-06
3581,87597,4,2,1,6.276000021898653e-06
3582,87637,3,2,1,4.959000762028154e-06
3583,71285,3,2,1,7.781000022077933e-06
3584,87679,3,2,1,5.014000635128468e-06
3585,38808,5,2,2,4.741999873658642e-06
3586,30640,3,2,1,5.386999873735476e-06
3587,71929,4,2,1,5.10199970449321e-06
3588,14881,3,2,1,3.112000740657095e-06
3589,47699,3,2,2,4.2550000216579065e-06
3590,72277,3,2,1,3.330999788886402e-06
3591,80645,4,2,1,3.238000317651313e-06
3592,15344,3,2,1,4.890999662165996e-06
3593,56446,3,2,1,4.106999767827801e-06
3594,23795,5,2,1,5.859999873791821e-06
3595,73479,3,2,1,5.017999683332164e-06
3596,41524,4,2,0,6.210999345057644e-06
3597,3117,3,2,1,4.067000190843828e-06
3598,77357,4,2,0,4.149999767832924e-06
3599,20508,3,2,1,2.6289999368600547e-06
3600,70467,4,2,1,4.332000571594108e-06
3601,54936,4,2,1,4.320000698498916e-06
3602,12928,3,2,1,2.8070007829228416e-06
3603,2,3,3,1,7.103999450919218e-06
3604,6507,3,2,0,2.058000063698273e-06
3605,75969,3,1,0,1.9869994503096677e-06
3606,81938,3,3,1,6.749999556632247e-06
3607,55772,3,2,0,1.883000550151337e-06
3608,81449,3,1,0,1.800999598344788e-06
3609,8216,4,3,1,6.957000550755765e-06
3610,38874,3,2,0,1.8139999156119302e-06
3611,8218,3,3,1,7.053000445012003e-06
3612,32795,3,3,1,7.040999662422109e-06
3613,28,3,3,1,6.455999937315937e-06
3614,76695,3,2,0,1.9709996195160784e-06
3615,73767,3,3,1,6.829000085417647e-06
3616,60663,4,2,0,2.136000148311723e-06
3617,45466,4,1,0,2.201999450335279e-06
3618,57399,5,3,1,8.24899962026393e-06
3619,57400,3,3,1,7.18100000085542e-06
3620,49693,3,2,0,1.7540005501359701e-06
3621,57401,3,3,1,6.6829998104367405e-06
3622,49861,3,2,0,1.9380004232516512e-06
3623,39449,3,1,0,1.6700005289749242e-06
3624,8253,4,3,1,7.2109996835934e-06
3625,4187,3,2,0,1.9090002751909196e-06
3626,73789,5,3,1,8.155000614351593e-06
3627,24640,3,3,1,6.4389996623503976e-06
3628,88065,4,2,0,2.169000254070852e-06
3629,57410,3,3,1,6.336000296869315e-06
3630,57619,3,2,0,1.7749998733052053e-06
3631,8258,3,3,1,6.85499981045723e-06
3632,44241,3,2,0,1.8959999579237774e-06
3633,73806,3,3,1,6.690999725833535e-06
3634,8271,3,3,1,7.116000233509112e-06
3635,70957,3,2,0,1.7659995137364604e-06
3636,16466,5,3,1,7.785999514453579e-06
3637,73820,3,3,1,6.207999831531197e-06
3638,32871,3,3,2,5.708000571758021e-06
3639,107,3,3,2,6.289000339165796e-06
3640,59291,3,2,1,5.154000064067077e-06
3641,100,4,2,0,4.1290004446636885e-06
3642,108,3,3,1,6.727000254613813e-06
3643,49262,10,3,1,9.788999705051538e-06
3644,30294,3,2,0,1.89200000022538e-06
3645,82038,3,3,1,6.889000360388309e-06
3646,32887,3,3,1,8.398999852943234e-06
3647,65657,3,3,1,6.813999789301306e-06
3648,122,3,3,1,6.694000148854684e-06
3649,52486,3,2,0,1.886000063677784e-06
3650,37425,3,1,0,1.9139997675665654e-06
3651,468,4,1,1,2.9169996196287684e-06
3652,41085,3,3,1,7.048000043141656e-06
3653,57473,3,3,2,5.744999725720845e-06
3654,32899,3,3,1,5.89299997955095e-06
3655,56974,3,2,0,1.8820001059793867e-06
3656,32902,3,3,1,6.4959995142999105e-06
3657,16519,3,3,1,6.737999683537055e-06
3658,24710,3,3,1,6.412000402633566e-06
3659,53302,3,2,0,1.8419996195007116e-06
3660,78181,3,1,0,1.7989996194955893e-06
3661,48248,3,0,0,1.7250004020752385e-06
3662,24714,3,3,1,6.407000000763219e-06
3663,82066,3,3,1,6.098000085330568e-06
3664,37191,3,2,0,1.9139997675665654e-06
3665,4462,3,1,0,1.8159998944611289e-06
3666,20053,3,0,0,1.698999767540954e-06
3667,32915,3,3,1,6.57399959891336e-06
3668,14514,3,2,0,1.8589998944662511e-06
3669,43214,3,1,0,1.6399999367422424e-06
3670,82070,3,3,1,6.379999831551686e-06
3671,51215,3,2,0,1.909999809868168e-06
3672,51698,3,1,0,1.639000402064994e-06
3673,41110,4,3,1,8.428999535681214e-06
3674,41121,3,3,1,6.2339995565707795e-06
3675,56637,5,2,0,2.6710004021879286e-06
3676,53380,6,2,0,5.10199970449321e-06
3677,82081,3,3,1,1.0519000170461368e-05
3678,62869,3,2,0,1.8549999367678538e-06
3679,10125,3,1,0,1.7390002540196292e-06
3680,42883,5,2,1,4.86899989482481e-06
3681,65702,3,3,2,5.428000804386102e-06
3682,24749,3,3,1,6.580999979632907e-06
3683,35936,3,2,0,1.7490001482656226e-06
3684,73901,3,3,1,6.102000043028966e-06
3685,4946,3,2,0,1.835000148275867e-06
3686,73905,3,3,1,6.901999768160749e-06
3687,24756,3,3,2,5.447999683383387e-06
3688,89205,3,2,1,2.631999450386502e-06
3689,24757,3,3,1,6.94599930284312e-06
3690,32950,3,3,1,6.694000148854684e-06
3691,182,3,3,1,6.035000296833459e-06
3692,35158,3,2,0,2.0110001059947535e-06
3693,55008,3,1,0,1.7519996617920697e-06
3694,73913,3,3,1,6.692999704682734e-06
3695,32954,3,3,2,5.808000423712656e-06
3696,187,3,3,1,6.210999345057644e-06
3697,32956,3,3,1,5.765999958384782e-06
3698,24758,3,3,1,5.842999598826282e-06
3699,2950,3,2,0,1.8279997675563209e-06
3700,33549,3,1,0,1.7219999790540896e-06
3701,33550,3,0,0,1.5609994079568423e-06
3702,57540,4,3,1,7.016000381554477e-06
3703,37007,3,2,0,1.9930002963519655e-06
3704,38527,3,1,0,1.6710000636521727e-06
3705,72368,3,0,0,1.4630004443461075e-06
3706,32966,3,3,1,6.91599962010514e-06
3707,32967,3,3,1,6.504999873868655e-06
3708,19026,3,2,0,1.8179998733103275e-06
3709,77953,3,1,0,1.6889998732949607e-06
3710,8398,3,3,1,8.815999535727315e-06
3711,18200,3,2,0,1.960999725270085e-06
3712,57559,3,3,2,5.652999789163005e-06
3713,8409,3,3,1,7.08599964127643e-06
3714,71261,3,2,0,1.8379996618023142e-06
3715,57570,3,3,1,5.9120002333656885e-06
3716,16613,3,3,1,6.77699972584378e-06
3717,81761,3,2,0,1.8000000636675395e-06
3718,58580,3,1,0,1.6949998098425567e-06
3719,65783,3,3,1,5.701999725715723e-06
3720,59132,3,2,0,1.7789998310036026e-06
3721,15227,3,1,0,1.5650002751499414e-06
3722,65784,3,3,1,6.891999873914756e-06
3723,82169,4,3,1,7.330000698857475e-06
3724,60582,5,2,0,2.706000486796256e-06
3725,15811,4,2,1,4.860000444750767e-06
3726,65791,3,3,2,5.845000487170182e-06
3727,59058,3,2,1,2.815999323502183e-06
3728,49450,3,3,1,6.031000339135062e-06
3729,51591,3,2,0,1.990999408008065e-06
3730,14728,3,1,0,1.8580003597890027e-06
3731,77360,6,1,0,2.7309997676638886e-06
3732,16684,3,3,1,6.407000000763219e-06
3733,42644,3,2,0,1.835000148275867e-06
3734,305,3,3,1,6.457999916165136e-06
3735,16689,3,3,1,6.075999408494681e-06
3736,36408,3,2,0,1.7490001482656226e-06
3737,4501,3,1,0,1.6269996194751002e-06
3738,41267,3,3,1,6.223000127647538e-06
3739,70657,3,2,0,2.515600044716848e-05
3740,85020,3,1,0,3.203000233042985e-06
3741,2400,4,1,1,4.432000423548743e-06
3742,41266,3,3,1,8.625999726064038e-06
3743,46497,3,2,0,1.9079998310189694e-06
3744,41288,3,3,1,6.598000254598446e-06
3745,46212,3,2,0,1.8620003174874e-06
3746,334,3,3,1,6.661999577772804e-06
3747,337,3,3,1,6.433000635297503e-06
3748,33112,3,3,1,6.174999725772068e-06
3749,33114,3,3,1,6.5589993027970195e-06
3750,54005,3,2,0,1.8600003386382014e-06
3751,8545,3,3,2,5.494000106409658e-06
3752,16739,3,3,1,6.233000021893531e-06
3753,368,3,3,1,5.910999789193738e-06
3754,88061,3,2,0,1.8520004232414067e-06
3755,57850,3,1,0,1.708000127109699e-06
3756,41329,6,3,1,9.015000614454038e-06
3757,24948,5,3,2,6.043000212230254e-06
3758,377,3,3,2,5.459999556478579e-06
3759,24962,3,3,1,7.124999683583155e-06
3760,49539,3,3,1,6.244000360311475e-06
3761,423,3,3,2,6.485999620053917e-06
3762,33207,3,3,1,5.951000275672413e-06
3763,67216,3,2,0,1.806999534892384e-06
3764,34463,3,1,0,1.6600006347289309e-06
3765,59068,3,0,0,1.6600006347289309e-06
3766,33211,3,3,1,5.895999493077397e-06
3767,78202,3,2,0,1.7940001271199435e-06
3768,80989,3,1,0,1.5570003597531468e-06
3769,7113,4,1,1,3.0699993658345193e-06
3770,46707,3,2,1,4.239000190864317e-06
3771,25025,5,3,3,5.9970006986986846e-06
3772,25032,3,3,1,6.778999704692978e-06
3773,57817,3,3,1,6.052000571798999e-06
3774,9666,3,2,0,3.425000613788143e-06
3775,8667,4,3,1,7.2759994509397075e-06
3776,25052,3,3,2,6.2159997469279915e-06
3777,33247,4,3,1,6.821000170020852e-06
3778,25057,3,3,1,6.7830005718860775e-06
3779,28369,5,2,0,2.7860005502589047e-06
3780,64722,4,1,0,1.9290000636829063e-06
3781,6636,3,0,0,1.5949999578879215e-06
3782,82413,3,3,2,5.62799959880067e-06
3783,82417,3,3,1,6.2099998103803955e-06
3784,82425,4,3,1,6.7219998527434655e-06
3785,22958,3,2,0,1.7579995983396657e-06
3786,74236,3,3,1,6.77699972584378e-06
3787,74238,3,3,1,6.924999979673885e-06
3788,49662,8,3,1,8.273000275949016e-06
3789,50569,3,2,0,1.663000148255378e-06
3790,79277,3,1,0,1.621000592422206e-06
3791,8707,3,3,1,6.379999831551686e-06
3792,8709,3,3,2,6.025999937264714e-06
3793,74249,3,3,1,6.3850002334220335e-06
3794,82910,3,2,0,1.8569999156170525e-06
3795,33302,3,3,1,6.292999387369491e-06
3796,60979,3,2,0,1.6579997463850304e-06
3797,538,3,3,1,6.431000656448305e-06
3798,33310,3,3,1,6.319000021903776e-06
3799,1166,3,2,0,1.8370001271250658e-06
3800,33312,3,3,1,6.340999789244961e-06
3801,7983,4,2,0,2.253000275231898e-06
3802,37623,5,2,0,4.621000698534772e-06
3803,57889,4,3,2,4.498000635067001e-06
3804,81649,3,2,2,3.4700005926424637e-06
3805,74289,5,3,1,7.606999133713543e-06
3806,33869,3,2,0,1.856000380939804e-06
3807,41525,3,3,1,7.0810001489007846e-06
3808,33334,3,3,1,6.3490006141364574e-06
3809,25156,3,3,2,6.072999894968234e-06
3810,74311,3,3,1,6.377999852702487e-06
3811,70318,3,2,0,1.7399997886968777e-06
3812,49745,3,3,1,6.752999979653396e-06
3813,49747,3,3,1,5.637999493046664e-06
3814,8790,3,3,2,6.588999895029701e-06
3815,41560,4,3,3,5.13299983140314e-06
3816,41561,3,3,1,6.5900003392016515e-06
3817,88066,3,2,0,1.8430000636726618e-06
3818,74335,3,3,2,5.439999767986592e-06
3819,38486,4,2,0,3.907999598595779e-06
3820,619,3,3,1,6.246000339160673e-06
3821,74351,3,3,1,6.360000043059699e-06
3822,26958,3,2,0,1.7189995560329407e-06
3823,49777,3,3,2,5.889000021852553e-06
3824,36466,6,2,0,5.184000656299759e-06
3825,74364,3,3,2,5.591999979515094e-06
3826,8836,3,3,1,6.447000487241894e-06
3827,74372,3,3,1,6.764000318071339e-06
3828,25224,3,3,1,6.031000339135062e-06
3829,10383,3,2,0,1.7740003386279568e-06
3830,63352,8,2,1,4.317000275477767e-06
3831,57999,3,3,1,6.481000127678271e-06
3832,17052,3,3,1,6.074999873817433e-06
3833,44778,3,2,0,1.9889994291588664e-06
3834,58031,6,3,1,1.0990000191668514e-05
3835,41649,3,3,1,6.614999620069284e-06
3836,58035,3,3,1,6.138000571809243e-06
3837,9897,3,2,0,1.7819993445300497e-06
3838,58036,3,3,1,7.046999598969705e-06
3839,53139,4,2,0,2.204999873356428e-06
3840,39959,6,2,0,4.759000148624182e-06
3841,693,3,3,1,5.767999937233981e-06
3842,68391,3,2,0,1.9509998310240917e-06
3843,77665,3,1,0,1.8470000213710591e-06
3844,53622,4,1,1,3.1800000215298496e-06
3845,58049,3,3,2,6.3910001699696295e-06
3846,29650,3,2,1,4.095000804227311e-06
3847,41675,3,3,1,6.356000085361302e-06
3848,58430,4,2,0,2.1140003809705377e-06
3849,2779,3,1,0,1.7519996617920697e-06
3850,55917,7,2,1,6.301999746938236e-06
3851,58070,3,3,1,6.416999895009212e-06
3852,66265,3,3,1,5.75299964111764e-06
3853,69917,4,2,0,2.2579997676075436e-06
3854,41692,3,3,1,6.211999789229594e-06
3855,58795,3,2,0,1.7269994714297354e-06
3856,739,3,3,1,6.565000148839317e-06
3857,41699,3,3,1,6.18900048721116e-06
3858,19234,3,2,0,1.782999788702e-06
3859,38342,3,1,0,1.6640005924273282e-06
3860,41701,3,3,1,6.2849994719726965e-06
3861,54483,3,2,0,1.8450000425218605e-06
3862,87259,3,1,0,1.720000000204891e-06
3863,74474,3,3,1,6.5270005507045425e-06
3864,56368,3,2,0,1.759000042511616e-06
3865,72463,6,2,0,4.911999894829933e-06
3866,41707,3,3,1,6.072999894968234e-06
3867,23848,3,2,0,1.7820002540247515e-06
3868,5538,3,1,0,1.8400005501462147e-06
3869,18211,3,0,0,1.5960004020598717e-06
3870,49902,4,3,1,8.164000064425636e-06
3871,752,3,3,1,7.175000064307824e-06
3872,755,3,3,1,6.188999577716459e-06
3873,17141,3,3,1,6.306000614131335e-06
3874,33543,3,3,1,6.3790002968744375e-06
3875,33562,3,3,1,6.782999662391376e-06
3876,74540,3,3,1,6.9779998739250004e-06
3877,82753,3,3,1,7.247999747050926e-06
3878,33605,3,3,1,5.660999704559799e-06
3879,50004,3,3,1,6.333000783342868e-06
3880,41842,3,3,1,4.575099956127815e-05
3881,82805,4,3,1,9.006000254885294e-06
3882,50039,3,3,1,6.999999641266186e-06
3883,10333,4,2,0,2.282799960084958e-05
3884,39688,3,1,0,3.7359995985752903e-06
3885,51584,5,2,1,7.97500069893431e-06
3886,50047,3,3,1,8.043999514484312e-06
3887,50049,3,3,2,6.306000614131335e-06
3888,74626,3,3,1,6.862000191176776e-06
3889,19216,4,2,0,2.4529999791411683e-06
3890,10082,3,1,0,1.8949995137518272e-06
3891,55263,4,1,1,3.097000444540754e-06
3892,74627,3,3,1,6.1470000218832865e-06
3893,77479,3,2,0,1.788999725249596e-06
3894,21162,6,2,1,3.975999788963236e-06
3895,25487,4,3,1,7.470999662473332e-06
3896,19829,3,2,0,1.8400005501462147e-06
3897,19998,4,2,1,4.6980003389762715e-06
3898,83363,3,2,1,3.1310000849771313e-06
3899,53985,3,2,1,5.021000106353313e-06
3900,74644,3,3,1,6.906000635353848e-06
3901,46241,3,2,0,4.642000021704007e-06
3902,41883,3,3,1,6.83799953549169e-06
3903,17338,3,3,1,6.585999472008552e-06
3904,50862,3,2,0,2.0669995137723163e-06
3905,43539,3,1,0,1.8049995560431853e-06
3906,66499,3,3,1,6.439999197027646e-06
3907,51685,3,2,0,1.8270002328790724e-06
3908,63821,5,1,0,2.323000444448553e-06
3909,973,3,3,1,6.275000487221405e-06
3910,58319,3,3,1,6.784999641240574e-06
3911,3485,3,2,0,1.9290000636829063e-06
3912,66515,3,3,1,5.986000360280741e-06
3913,58338,4,3,2,6.961000508454163e-06
3914,995,5,3,1,7.409999852825422e-06
3915,33764,3,3,1,7.35100002202671e-06
3916,997,3,3,1,6.381999810400885e-06
3917,77419,3,2,0,1.8749997252598405e-06
3918,9291,3,1,0,1.7539996406412683e-06
3919,85263,3,0,0,1.731999873300083e-06
3920,17393,3,3,1,6.021000444889069e-06
3921,48798,3,2,0,1.985000380955171e-06
3922,1009,3,3,1,5.624000550596975e-06
3923,58356,3,3,1,6.1740001910948195e-06
3924,17399,3,3,1,6.069999471947085e-06
3925,76690,3,2,0,1.8539994925959036e-06
3926,52268,3,1,0,1.651000275160186e-06
3927,17402,3,3,1,6.510999810416251e-06
3928,58366,3,3,1,6.793000466132071e-06
3929,14226,3,2,0,1.7540005501359701e-06
3930,9215,4,3,1,7.685000127821695e-06
3931,1029,4,3,1,6.952000148885418e-06
3932,49082,3,2,0,1.8119999367627315e-06
3933,50183,3,3,1,6.689999281661585e-06
3934,1031,3,3,1,6.07899983151583e-06
3935,58378,3,3,1,6.2830004026182e-06
3936,69058,3,2,0,1.7669999579084106e-06
3937,55464,3,1,0,1.6129997675307095e-06
3938,42007,3,3,1,6.6110005718655884e-06
3939,58395,3,3,1,6.031000339135062e-06
3940,28053,4,2,0,1.993999831029214e-06
3941,17446,3,3,2,6.111999937274959e-06
3942,25641,3,3,1,7.030000233498868e-06
3943,37190,3,2,0,1.7440006558899768e-06
3944,50219,3,3,1,6.090000169933774e-06
3945,9264,4,3,1,7.100999937392771e-06
3946,58419,3,3,1,6.196999493113253e-06
3947,58422,3,3,2,5.591999979515094e-06
3948,50231,3,3,1,5.7939996622735634e-06
3949,82999,3,3,1,5.91100069868844e-06
3950,38387,3,2,0,1.781000719347503e-06
3951,8008,3,1,0,1.7470001694164239e-06
3952,67721,3,0,0,1.5759997040731832e-06
3953,74816,3,3,2,5.442000656330492e-06
3954,58443,5,3,1,7.3490000431775115e-06
3955,81784,3,2,0,1.901000359794125e-06
3956,66964,3,1,0,1.8739992810878903e-06
3957,44309,5,0,0,2.5469998945482075e-06
3958,1101,3,3,1,6.702999598928727e-06
3959,1123,3,3,1,6.062000466044992e-06
3960,1124,3,3,1,5.649999366141856e-06
3961,12422,4,2,0,2.2029998945072293e-06
3962,9317,5,3,1,8.492999768350273e-06
3963,78491,3,2,0,1.6860003597685136e-06
3964,88900,3,1,0,1.5660007193218917e-06
3965,83050,3,3,1,8.058999810600653e-06
3966,83052,3,3,1,6.457000381487887e-06
3967,17518,3,3,1,7.152999387471937e-06
3968,83058,3,3,1,6.223999662324786e-06
3969,9664,3,2,0,1.9379995137569495e-06
3970,50309,3,3,2,6.130000656412449e-06
3971,1159,4,3,1,6.991000191192143e-06
3972,66701,3,3,1,7.124999683583155e-06
3973,61362,3,2,0,1.8179998733103275e-06
3974,83099,3,3,1,6.979000318096951e-06
3975,58528,3,3,1,6.211999789229594e-06
3976,51131,11,2,0,4.892000106337946e-06
3977,49443,5,2,1,3.5390003176871687e-06
3978,9384,3,3,1,6.920000487298239e-06
3979,50358,3,3,1,7.435000043187756e-06
3980,50361,3,3,2,5.314999725669622e-06
3981,79209,4,2,1,3.066999852308072e-06
3982,83135,3,3,1,1.146200065704761e-05
3983,71431,3,2,0,1.850000444392208e-06
3984,25793,3,3,1,6.588999895029701e-06
3985,14658,7,2,0,3.3189999157912098e-06
3986,52674,5,2,1,3.342999661981594e-06
3987,25794,3,3,1,6.12599978921935e-06
3988,33999,3,3,1,6.770000254618935e-06
3989,58576,3,3,1,6.185000529512763e-06
3990,1238,3,3,1,6.020000000717118e-06
3991,42201,5,3,1,7.691000064369291e-06
3992,70770,3,2,0,1.7779993868316524e-06
3993,17668,3,3,1,5.996999789203983e-06
3994,67252,3,2,0,1.9350000002305023e-06
3995,59621,3,1,0,1.7550000848132186e-06
3996,9505,3,3,1,6.029000360285863e-06
3997,62238,3,2,0,1.8410000848234631e-06
3998,42290,3,3,2,6.721000318066217e-06
3999,58676,3,3,1,6.469000254583079e-06
4000,25909,3,3,1,6.278000000747852e-06
4001,24550,3,2,0,1.83200063474942e-06
4002,78198,3,1,0,1.577999682922382e-06
4003,69379,6,2,1,4.473999979381915e-06
4004,75064,3,3,1,6.220000614121091e-06
4005,51396,3,2,0,1.9430008251219988e-06
4006,83257,3,3,1,7.1619997470406815e-06
4007,24376,3,2,0,1.856000380939804e-06
4008,31332,4,2,1,2.8459999157348648e-06
4009,50499,3,3,1,5.878999218111858e-06
4010,48764,3,2,0,1.7929996829479933e-06
4011,34136,4,3,2,5.964999218122102e-06
4012,83296,3,3,1,6.043999746907502e-06
4013,50529,3,3,1,6.072999894968234e-06
4014,50530,3,3,1,6.2830004026182e-06
4015,36536,3,2,0,1.6969997886917554e-06
4016,50528,3,3,2,5.9779995353892446e-06
4017,9581,4,3,1,6.526000106532592e-06
4018,70460,3,2,0,1.669000084802974e-06
4019,62601,3,1,0,1.8089995137415826e-06
4020,75128,3,3,1,6.6020002122968435e-06
4021,46161,3,2,0,1.8270002328790724e-06
4022,42361,3,3,2,5.527000212168787e-06
4023,50563,3,3,1,6.014000064169522e-06
4024,52118,3,2,0,1.7729998944560066e-06
4025,68896,7,1,0,3.006000042660162e-06
4026,9607,4,3,2,5.9240001064608805e-06
4027,15416,5,2,0,5.015999704482965e-06
4028,6511,5,2,1,3.3959995562327094e-06
4029,42385,4,3,1,9.389000297232997e-06
4030,17811,3,3,1,6.8999997893115506e-06
4031,71105,3,2,0,1.9009994502994232e-06
4032,17813,3,3,1,6.62200000078883e-06
4033,83355,3,3,1,6.193999979586806e-06
4034,80386,3,2,0,1.897999936772976e-06
4035,54527,3,1,0,1.7040001694113016e-06
4036,39853,3,0,0,1.5460000213352032e-06
4037,42404,3,3,1,7.261999598995317e-06
4038,26022,3,3,2,5.961999704595655e-06
4039,1448,3,3,1,2.585400034149643e-05
4040,58794,3,3,1,1.0419999853183981e-05
4041,1460,3,3,1,7.251000170072075e-06
4042,27445,3,2,0,2.0249999579391442e-06
4043,83392,3,3,1,6.706000021949876e-06
4044,50625,4,3,2,7.034000191197265e-06
4045,83398,3,3,2,6.3100005718297325e-06
4046,9671,3,3,1,7.10299991624197e-06
4047,9676,5,3,1,8.060999789449852e-06
4048,58830,3,3,1,6.739000127709005e-06
4049,6539,3,2,0,1.9299995983601548e-06
4050,61395,4,2,1,3.284000740677584e-06
4051,34256,3,3,1,6.448999556596391e-06
4052,31426,3,2,0,1.909999809868168e-06
4053,58846,3,3,1,6.359000508382451e-06
4054,38650,3,2,0,1.7579995983396657e-06
4055,1508,3,3,2,5.47600029676687e-06
4056,55471,3,2,1,4.157999683229718e-06
4057,42468,3,3,1,6.275000487221405e-06
4058,57225,3,2,0,1.7040001694113016e-06
4059,58851,3,3,1,6.55999974696897e-06
4060,17897,3,3,2,5.91000025451649e-06
4061,17899,3,3,1,6.618999577767681e-06
4062,58870,3,3,1,6.470999323937576e-06
4063,58873,3,3,1,6.835000021965243e-06
4064,1531,4,3,2,4.2669998947530985e-06
4065,1532,3,3,1,6.6709999373415485e-06
4066,30961,3,2,0,1.8060000002151355e-06
4067,58878,5,3,1,7.485000423912425e-06
4068,67077,3,3,1,5.553999471885618e-06
4069,64444,4,2,0,2.126999788742978e-06
4070,48353,4,1,0,1.9199997041141614e-06
4071,40191,4,0,0,1.8070004443870857e-06
4072,1566,3,3,1,6.176000169944018e-06
4073,60501,3,2,0,1.8900000213761814e-06
4074,67112,3,3,1,6.827000106568448e-06
4075,75312,3,3,1,5.89299997955095e-06
4076,34373,3,3,1,6.168999789224472e-06
4077,52810,4,2,0,2.1399991965154186e-06
4078,26181,3,3,1,5.973000043013599e-06
4079,75336,3,3,1,6.113000381446909e-06
4080,85668,3,2,0,1.8060000002151355e-06
4081,20604,3,1,0,1.7160000425064936e-06
4082,42587,3,3,2,5.911999323870987e-06
4083,34409,3,3,3,4.460999662114773e-06
4084,1644,4,3,1,4.992100002709776e-05
4085,42605,3,3,1,6.269000550673809e-06
4086,4582,5,2,0,2.826000127242878e-06
4087,42617,3,3,1,6.657999620074406e-06
4088,42620,3,3,1,7.361999450949952e-06
4089,1662,3,3,1,6.70000008540228e-06
4090,42630,3,3,1,6.964999556657858e-06
4091,67206,3,3,1,6.062000466044992e-06
4092,10822,3,2,0,1.8660002751857974e-06
4093,67209,3,3,2,7.682000614295248e-06
4094,75401,3,3,1,6.278000000747852e-06
4095,40189,5,2,0,2.7369997042114846e-06
4096,10688,3,1,0,1.7449992810725234e-06
4097,26253,3,3,1,6.063000000722241e-06
4098,6436,3,2,0,1.8000000636675395e-06
4099,65245,4,2,1,4.8700003389967605e-06
4100,78375,4,2,0,4.160000571573619e-06
4101,42642,3,3,1,6.535000466101337e-06
4102,21151,3,2,0,1.800999598344788e-06
4103,63137,3,1,0,1.6940002751653083e-06
4104,67223,3,3,1,6.737000148859806e-06
4105,18918,3,2,0,1.9330000213813037e-06
4106,45278,3,1,0,1.7729998944560066e-06
4107,34458,3,3,1,6.754999958502594e-06
4108,9882,3,3,1,6.593999387405347e-06
4109,9893,3,3,2,5.009999767935369e-06
4110,23206,3,2,1,4.521999471762683e-06
4111,67238,3,3,1,5.756999598816037e-06
4112,67251,3,3,1,6.246999873837922e-06
4113,59059,3,3,1,6.307999683485832e-06
4114,59062,3,3,1,6.199999916134402e-06
4115,59065,3,3,1,5.7309998737764545e-06
4116,15226,3,2,0,1.731999873300083e-06
4117,7104,3,1,0,1.663000148255378e-06
4118,59067,3,3,2,6.311000106506981e-06
4119,50900,3,3,1,6.512000254588202e-06
4120,9951,3,3,1,6.6679995143204e-06
4121,75492,3,3,1,5.973000043013599e-06
4122,75495,3,3,1,6.840999958512839e-06
4123,47851,3,2,0,1.909999809868168e-06
4124,75497,3,3,1,6.331999429676216e-06
4125,1770,3,3,1,6.5119993450935e-06
4126,42747,3,3,1,6.130000656412449e-06
4127,65471,3,2,0,1.7170004866784438e-06
4128,9997,7,3,2,1.3169999874662608e-05
4129,1821,3,3,1,5.687999873771332e-06
4130,76206,4,2,0,2.267999661853537e-06
4131,8100,4,2,1,5.304000296746381e-06
4132,12014,4,2,1,5.059999239165336e-06
4133,18214,3,3,1,6.434999704652e-06
4134,35674,3,2,0,1.663000148255378e-06
4135,34602,3,3,1,6.129999746917747e-06
4136,29297,3,2,0,1.8020000425167382e-06
4137,26421,3,3,1,6.692000170005485e-06
4138,21650,3,2,0,1.7209995348821394e-06
4139,26463,3,3,1,6.71700036036782e-06
4140,42862,3,3,1,6.924000444996636e-06
4141,18292,3,3,1,6.462000783358235e-06
4142,1912,3,3,1,6.770000254618935e-06
4143,75646,4,3,1,7.3940000220318325e-06
4144,1922,3,3,1,6.287999894993845e-06
4145,40643,3,2,0,1.7669999579084106e-06
4146,61053,3,1,0,1.7219999790540896e-06
4147,28451,3,0,0,1.594000423210673e-06
4148,42884,3,3,1,6.643999768130016e-06
4149,51086,3,3,1,6.184999620018061e-06
4150,83860,5,3,2,6.8250001277192496e-06
4151,51110,3,3,1,6.498000402643811e-06
4152,34728,3,3,1,6.680999831587542e-06
4153,51121,3,3,1,5.717000021832064e-06
4154,59317,3,3,1,6.064000444894191e-06
4155,42934,3,3,1,6.142000529507641e-06
4156,81604,3,2,0,3.5929997466155328e-06
4157,51135,4,3,1,6.908000614203047e-06
4158,34757,3,3,1,6.686000233457889e-06
4159,42963,3,3,3,4.800000169780105e-06
4160,59349,3,3,1,6.299999768089037e-06
4161,77899,3,2,0,1.7929996829479933e-06
4162,53792,3,1,0,1.7389993445249274e-06
4163,34777,4,3,2,5.5930004236870445e-06
4164,51164,5,3,1,7.869999535614625e-06
4165,67550,3,3,1,5.951999810349662e-06
4166,70690,3,2,0,1.8269993233843707e-06
4167,70692,3,1,0,1.7299998944508843e-06
4168,22740,3,0,0,1.600000359758269e-06
4169,42979,3,3,1,6.696000127703883e-06
4170,26605,5,3,1,8.056000297074206e-06
4171,2502,3,2,0,1.7250004020752385e-06
4172,59377,3,3,1,6.2099998103803955e-06
4173,13380,4,2,0,2.3929997041705064e-06
4174,72451,3,1,0,1.7330003174720332e-06
4175,54531,5,2,1,5.361999683373142e-06
4176,42994,3,3,1,6.315999598882627e-06
4177,2774,3,2,0,1.8730006559053436e-06
4178,18421,3,3,2,5.838999641127884e-06
4179,83978,3,3,1,6.0990005295025185e-06
4180,12900,3,2,0,1.8299997464055195e-06
4181,75791,3,3,2,5.409000550571363e-06
4182,51216,3,3,1,3.2637000003887806e-05
4183,34836,4,3,1,7.599999662488699e-06
4184,34837,3,3,1,6.4839996412047185e-06
4185,28659,3,2,0,2.1129999367985874e-06
4186,59414,4,3,2,6.741999641235452e-06
4187,51227,3,3,2,6.3299994508270174e-06
4188,2081,3,3,1,6.7579994720290415e-06
4189,18470,3,3,2,5.845000487170182e-06
4190,18478,3,3,1,7.519000064348802e-06
4191,10289,3,3,1,6.561999725818168e-06
4192,56487,3,2,0,1.9119997887173668e-06
4193,10295,5,3,1,7.419000212394167e-06
4194,34875,4,3,1,6.630999450862873e-06
4195,53894,3,2,0,1.787000655895099e-06
4196,34876,3,3,1,6.334999852697365e-06
4197,34881,3,3,2,5.19399964105105e-06
4198,51272,3,3,1,6.440000106522348e-06
4199,37553,3,2,0,1.845999577199109e-06
4200,71510,3,1,0,1.7479997040936723e-06
4201,10319,5,3,1,7.753000318189152e-06
4202,10330,3,3,1,6.199000381457154e-06
4203,68974,3,2,0,1.8430000636726618e-06
4204,26720,4,3,1,7.454999831679743e-06
4205,34938,3,3,1,6.653999662376009e-06
4206,2170,3,3,2,5.393999344960321e-06
4207,59521,3,3,1,6.3089992181630805e-06
4208,28043,3,2,0,1.8470000213710591e-06
4209,62383,6,2,0,5.67600000067614e-06
4210,51335,3,3,2,5.924999641138129e-06
4211,63488,3,2,1,4.389999958220869e-06
4212,26771,3,3,1,6.580999979632907e-06
4213,10394,3,3,1,5.925000550632831e-06
4214,15813,3,2,0,1.8150003597838804e-06
4215,51361,3,3,1,6.281000423769001e-06
4216,14408,3,2,0,1.948999852174893e-06
4217,43174,3,3,1,6.541000402648933e-06
4218,59564,3,3,1,7.0930000219959766e-06
4219,59573,6,3,1,7.814000127837062e-06
4220,18625,3,3,1,8.194999281840865e-06
4221,28797,4,2,0,2.287000825162977e-06
4222,85460,4,2,1,3.0259998311521485e-06
4223,51414,3,3,1,6.911000127729494e-06
4224,51426,3,3,2,7.5480002124095336e-06
4225,59620,4,3,1,6.236999979591928e-06
4226,30703,3,2,0,1.9170001905877143e-06
4227,43251,3,3,1,6.492000466096215e-06
4228,2296,3,3,1,6.966000000829808e-06
4229,10489,3,3,1,6.238000423763879e-06
4230,35074,3,3,1,6.461000339186285e-06
4231,2309,3,3,1,6.661000043095555e-06
4232,26887,3,3,2,5.253000381344464e-06
4233,24486,6,2,0,5.32100057171192e-06
4234,43274,3,3,1,7.091000043146778e-06
4235,35087,3,3,1,6.242000381462276e-06
4236,72804,5,2,0,3.1669997042627074e-06
4237,35088,3,3,1,6.056000529497396e-06
4238,81318,3,2,0,1.7909997040987946e-06
4239,10511,3,3,1,6.221000148798339e-06
4240,35091,3,3,1,6.4539999584667385e-06
4241,76055,3,3,1,5.5840000641183e-06
4242,43288,6,3,1,7.804000233591069e-06
4243,56447,3,2,0,1.9139997675665654e-06
4244,2329,4,3,2,6.943000698811375e-06
4245,26906,4,3,1,6.782000127714127e-06
4246,2337,3,3,1,6.246000339160673e-06
4247,61384,3,2,0,1.6829999367473647e-06
4248,51506,3,3,1,6.655999641225208e-06
4249,10570,3,3,2,5.599999894911889e-06
4250,84592,3,2,1,2.683999809960369e-06
4251,17512,4,2,2,4.101000740774907e-06
4252,76111,4,3,1,6.2729995988775045e-06
4253,84545,3,2,0,1.6730000425013714e-06
4254,88093,3,1,0,1.7219999790540896e-06
4255,30433,5,0,0,2.228999619546812e-06
4256,59729,3,3,2,5.1260003601782955e-06
4257,10600,4,3,1,6.410999958461616e-06
4258,10611,3,3,2,5.601999873761088e-06
4259,10613,3,3,1,6.551999831572175e-06
4260,78514,3,2,0,1.708000127109699e-06
4261,67968,3,3,1,5.72299995837966e-06
4262,35222,3,3,1,6.109000423748512e-06
4263,19925,3,2,0,1.7009997463901527e-06
4264,59805,3,3,1,6.320000466075726e-06
4265,18875,6,3,1,7.732999620202463e-06
4266,80829,3,2,0,1.7790007404983044e-06
4267,7998,3,1,0,1.7490001482656226e-06
4268,18879,3,3,1,6.2429999161395244e-06
4269,19258,3,2,0,1.811000402085483e-06
4270,76835,4,1,0,1.9299995983601548e-06
4271,46186,5,0,0,2.286999915668275e-06
4272,18883,3,3,1,6.055000085325446e-06
4273,52119,3,2,0,1.696000254014507e-06
4274,71103,3,1,0,1.5579998944303952e-06
4275,16114,3,0,0,1.5280002116924152e-06
4276,84433,4,3,2,1.1031999747501686e-05
4277,68050,3,3,1,6.413999471988063e-06
4278,59861,3,3,1,6.368999493133742e-06
4279,10712,3,3,1,6.387000212271232e-06
4280,27099,3,3,1,6.768999810446985e-06
4281,68062,3,3,2,6.18800004303921e-06
4282,59873,3,3,1,6.643999768130016e-06
4283,18915,3,3,2,4.876999810221605e-06
4284,2539,3,3,1,1.156899998022709e-05
4285,27117,9,3,2,8.366999281861354e-06
4286,70496,3,2,1,2.662999577296432e-06
4287,10768,3,3,2,5.224000233283732e-06
4288,10770,3,3,2,5.696999323845375e-06
4289,2579,4,3,1,6.467999810411129e-06
4290,79280,3,2,0,1.8549999367678538e-06
4291,59926,3,3,1,6.301999746938236e-06
4292,43545,4,3,1,7.3520004661986604e-06
4293,59934,4,3,1,6.434000169974752e-06
4294,88895,4,2,0,2.165999831049703e-06
4295,3685,3,1,0,1.6999993022182025e-06
4296,51750,3,3,1,6.780000148864929e-06
4297,22460,3,2,0,1.8259997887071222e-06
4298,68139,3,3,1,6.498999937321059e-06
4299,6595,3,2,0,1.7839993233792484e-06
4300,38770,4,2,1,3.043000106117688e-06
4301,84528,5,3,1,7.408000783470925e-06
4302,5212,3,2,0,1.9150002117385156e-06
4303,10803,3,3,1,6.866000148875173e-06
4304,14733,3,2,0,1.9059998521697707e-06
4305,76341,3,3,1,6.3490006141364574e-06
4306,77666,3,2,0,1.7920001482707448e-06
4307,59967,3,3,2,5.202000465942547e-06
4308,10824,3,3,1,6.613999175897334e-06
4309,27209,5,3,1,8.138000339386053e-06
4310,45724,5,2,0,2.564000169513747e-06
4311,11151,6,2,1,5.07200002175523e-06
4312,43619,3,3,1,5.844000042998232e-06
4313,81785,3,2,0,1.7849997675511986e-06
4314,76600,3,1,0,1.7449992810725234e-06
4315,60006,3,3,1,5.765000423707534e-06
4316,55234,3,2,0,1.897999936772976e-06
4317,84600,3,3,1,5.741999302699696e-06
4318,84862,3,2,0,1.9330000213813037e-06
4319,70911,3,1,0,1.6309995771734975e-06
4320,43656,3,3,1,6.9779998739250004e-06
4321,76445,3,3,1,7.583000297017861e-06
4322,68261,3,3,1,6.9689995143562555e-06
4323,35494,3,3,2,6.678000318061095e-06
4324,76458,3,3,1,6.187000508361962e-06
4325,51886,3,3,2,5.500000042957254e-06
4326,76465,3,3,2,5.717999556509312e-06
4327,76470,3,3,1,6.598000254598446e-06
4328,19128,3,3,1,1.0385000678070355e-05
4329,84672,3,3,2,5.5259997679968365e-06
4330,84692,3,3,1,6.6290003815083764e-06
4331,76502,3,3,1,6.957000550755765e-06
4332,27352,3,3,1,7.356999958574306e-06
4333,51929,3,3,1,6.210000719875097e-06
4334,35547,6,3,2,7.734999599051662e-06
4335,35550,4,3,1,6.412000402633566e-06
4336,47075,3,2,0,1.8930004443973303e-06
4337,76521,3,3,1,6.80699940858176e-06
4338,68339,3,3,1,6.3670004237792455e-06
4339,60164,3,3,1,5.9719995988416485e-06
4340,39158,3,2,0,1.779999365680851e-06
4341,24172,4,2,1,2.955000127258245e-06
4342,27401,4,3,2,4.313999852456618e-06
4343,27424,3,3,1,6.4899995777523145e-06
4344,79336,3,2,0,1.702000190562103e-06
4345,68390,4,3,1,7.5540001489571296e-06
4346,68393,3,3,1,6.8819999796687625e-06
4347,68395,3,3,1,5.973999577690847e-06
4348,76591,3,3,1,7.882000318204518e-06
4349,28456,3,2,0,1.7819993445300497e-06
4350,27440,3,3,1,6.252999810385518e-06
4351,11058,6,3,2,5.572999725700356e-06
4352,24051,3,2,1,4.749000254378188e-06
4353,21553,3,2,1,2.877000042644795e-06
4354,27449,3,3,1,6.518999725813046e-06
4355,68412,3,3,1,6.902999302837998e-06
4356,63361,3,2,0,1.8700002328841947e-06
4357,44048,3,1,0,1.6859994502738118e-06
4358,35652,3,3,2,6.610999662370887e-06
4359,35657,4,3,1,6.942000254639424e-06
4360,19281,3,3,1,6.502000360342208e-06
4361,52077,3,3,1,6.5229996835114434e-06
4362,84847,4,3,2,6.83899997966364e-06
4363,27514,3,3,1,6.686999768135138e-06
4364,7370,3,2,0,1.8179998733103275e-06
4365,19324,3,3,1,6.268999641179107e-06
4366,84867,3,3,2,5.353000233299099e-06
4367,47657,3,2,0,1.7640004443819635e-06
4368,76687,3,3,1,6.077000762161333e-06
4369,19343,3,3,1,6.9150000854278915e-06
4370,19345,3,3,2,5.5379996410920285e-06
4371,52115,3,3,1,6.437000592995901e-06
4372,79944,3,2,0,1.720000000204891e-06
4373,30874,3,1,0,1.6220001270994544e-06
4374,76694,3,3,1,6.429000677599106e-06
4375,60333,3,3,1,6.210999345057644e-06
4376,63645,3,2,0,1.8660002751857974e-06
4377,14272,3,1,0,1.5850000636419281e-06
4378,68529,5,3,1,7.706000360485632e-06
4379,80889,3,2,0,1.698999767540954e-06
4380,78179,3,1,0,1.755999619490467e-06
4381,54470,5,2,1,5.21099991601659e-06
4382,19378,3,3,1,6.4719997681095265e-06
4383,76724,3,3,2,5.595999937213492e-06
4384,52157,3,3,1,6.136000592960045e-06
4385,77896,3,2,0,1.6029998732847162e-06
4386,60352,3,3,1,6.160000339150429e-06
4387,63619,3,2,0,1.874000190582592e-06
4388,84940,3,3,2,5.055000656284392e-06
4389,84942,3,3,1,7.323999852815177e-06
4390,19407,3,3,2,4.988000000594184e-06
4391,78521,4,2,0,4.350999915914144e-06
4392,11220,6,3,1,5.4809997891425155e-06
4393,27877,3,2,1,4.395999894768465e-06
4394,68569,4,3,1,4.176999937044457e-06
4395,3038,3,3,1,6.01900046603987e-06
4396,87177,4,2,0,2.068999492621515e-06
4397,87179,3,1,0,1.6530002540093847e-06
4398,35972,3,0,0,1.589999556017574e-06
4399,68575,3,3,1,6.791000487282872e-06
4400,77010,3,2,0,1.7639995348872617e-06
4401,3040,3,3,1,6.666999979643151e-06
4402,48710,3,2,0,1.8769997041090392e-06
4403,52203,3,3,1,6.279000444919802e-06
4404,19437,3,3,1,6.4149999161600135e-06
4405,19459,3,2,0,1.9030003386433236e-06
4406,29805,7,1,0,3.186999492754694e-06
4407,32600,9,1,0,3.2970001484500244e-06
4408,60398,4,3,1,6.649999704677612e-06
4409,52517,3,2,0,1.7969996406463906e-06
4410,60399,3,3,1,6.107999979576562e-06
4411,76788,3,3,1,9.009000677906442e-06
4412,52247,3,3,1,7.048000043141656e-06
4413,85019,5,3,2,6.782000127714127e-06
4414,76836,3,3,1,6.215000212250743e-06
4415,80235,3,2,0,1.9929993868572637e-06
4416,16254,3,1,0,1.868000254034996e-06
4417,64096,3,0,0,1.6320000213454477e-06
4418,76838,6,3,1,7.761999768263195e-06
4419,78689,3,2,0,1.785999302228447e-06
4420,751,4,2,1,4.363999323686585e-06
4421,36671,4,1,0,1.9090002751909196e-06
4422,76843,3,3,1,6.880999535496812e-06
4423,3121,3,3,1,6.21900016994914e-06
4424,3129,3,3,1,1.130500004364876e-05
4425,11325,6,3,1,8.224000339396298e-06
4426,63498,4,2,0,2.332000804017298e-06
4427,27713,5,3,1,4.963999344909098e-06
4428,38766,5,2,1,3.6860001273453236e-06
4429,27722,3,3,2,5.576000148721505e-06
4430,11340,3,3,1,6.506999852717854e-06
4431,19828,3,2,0,1.6860003597685136e-06
4432,68684,3,3,1,7.134999577829149e-06
4433,76889,4,3,1,3.305000063846819e-06
4434,16592,5,2,0,5.245000465947669e-06
4435,53157,5,2,1,5.330999556463212e-06
4436,11361,3,3,1,6.010000106471125e-06
4437,21749,3,2,0,1.8989994714502245e-06
4438,27750,3,3,1,6.306000614131335e-06
4439,35958,3,3,1,6.473000212281477e-06
4440,68730,3,3,1,6.523000593006145e-06
4441,14555,3,2,0,1.7869997464003973e-06
4442,35967,3,3,2,6.225000106496736e-06
4443,56393,3,2,1,4.649000402423553e-06
4444,3199,3,3,1,6.672000381513499e-06
4445,35975,3,3,1,6.5480007833684795e-06
4446,3219,3,3,1,6.357000529533252e-06
4447,3237,3,3,1,6.5469994297018275e-06
4448,3243,3,3,2,5.253999916021712e-06
4449,68780,3,3,2,6.183000550663564e-06
4450,44208,3,3,1,5.920000148762483e-06
4451,52840,3,2,0,1.7900001694215462e-06
4452,45490,3,1,0,1.6949998098425567e-06
4453,5126,8,1,0,4.141999852436129e-06
4454,44210,3,3,1,6.692999704682734e-06
4455,3264,3,3,1,7.558999641332775e-06
4456,60609,3,3,2,5.154999598744325e-06
4457,36035,3,3,1,6.233000021893531e-06
4458,72449,4,2,0,2.1380001271609217e-06
4459,35266,4,2,1,4.279999302525539e-06
4460,85195,3,3,1,6.184999620018061e-06
4461,60631,3,3,1,5.733999387302902e-06
4462,11479,3,3,1,6.7099999796482734e-06
4463,27872,4,3,1,6.975000360398553e-06
4464,27878,3,3,1,6.749999556632247e-06
4465,48804,3,2,0,1.7430002117180265e-06
4466,68856,3,3,1,1.0970000403176527e-05
4467,11519,3,3,1,6.571000085386913e-06
4468,68865,3,3,1,7.026999810477719e-06
4469,44289,3,3,1,3.821100017376011e-05
4470,29587,3,2,0,4.280999746697489e-06
4471,68874,4,3,2,8.458000593236648e-06
4472,22024,3,2,1,4.214999535179231e-06
4473,11540,3,3,1,7.009999535512179e-06
4474,27928,3,3,1,6.7189994297223166e-06
4475,52520,5,3,1,1.006599995889701e-05
4476,36182,5,3,1,7.662999450985808e-06
4477,52568,3,3,1,6.713000402669422e-06
4478,77145,3,3,1,7.158000698836986e-06
4479,71913,3,2,0,1.8340006135986187e-06
4480,30044,3,1,0,1.6759995560278185e-06
4481,77146,3,3,1,6.322999979602173e-06
4482,11611,3,3,2,5.473999408422969e-06
4483,44393,3,3,2,6.027999916113913e-06
4484,68969,4,3,1,7.158999324019533e-06
4485,68973,3,3,2,5.797000085294712e-06
4486,28014,4,3,1,7.30299962015124e-06
4487,44426,3,3,2,5.5319997045444325e-06
4488,44427,3,3,1,7.167000148911029e-06
4489,79210,3,2,0,1.9350000002305023e-06
4490,11663,3,3,2,5.83200016990304e-06
4491,28050,3,3,1,6.580000444955658e-06
4492,19866,5,3,1,7.465000635420438e-06
4493,88798,4,2,0,2.0450006559258327e-06
4494,72565,3,1,0,1.6999993022182025e-06
4495,44792,5,0,0,2.2300000637187622e-06
4496,19867,3,3,1,6.319000021903776e-06
4497,77217,3,3,2,5.078999492980074e-06
4498,69028,3,3,1,5.919000614085235e-06
4499,44453,3,3,1,7.065999852784444e-06
4500,19885,3,3,1,7.014999937382527e-06
4501,77230,3,3,1,6.204000783327501e-06
4502,19888,3,3,1,7.496000762330368e-06
4503,60861,3,3,1,6.31300008535618e-06
4504,28811,4,2,0,2.1350006136344746e-06
4505,52671,3,3,1,6.708999535476323e-06
4506,28096,3,3,1,6.399000085366424e-06
4507,19924,3,3,1,5.839000550622586e-06
4508,78579,3,2,0,1.7680004020803608e-06
4509,28118,3,3,2,5.99999930273043e-06
4510,28119,3,3,1,6.842000402684789e-06
4511,28120,3,3,1,7.032999747025315e-06
4512,19930,3,3,2,6.493999535450712e-06
4513,3552,3,3,2,5.853999937244225e-06
4514,52709,3,3,1,6.569999641214963e-06
4515,81162,5,2,0,2.8240001483936794e-06
4516,11343,4,2,1,2.9379998522927053e-06
4517,52712,3,3,1,6.580000444955658e-06
4518,52714,3,3,2,5.758000042987987e-06
4519,52716,3,3,1,6.8939998527639546e-06
4520,3565,5,3,1,8.418000106757972e-06
4521,69108,3,3,2,5.8149998949375e-06
4522,69109,3,3,1,6.797000423830468e-06
4523,69123,5,3,2,7.6229998740018345e-06
4524,19992,4,3,1,7.0960004450171255e-06
4525,69159,3,3,1,6.7009996200795285e-06
4526,36395,3,3,1,6.416999895009212e-06
4527,69164,3,3,1,7.309000466193538e-06
4528,85553,3,3,1,6.594999831577297e-06
4529,20032,3,3,1,6.313999620033428e-06
4530,79582,3,2,0,1.7909997040987946e-06
4531,52814,3,3,1,7.195999387477059e-06
4532,61017,3,3,2,5.9710000641644e-06
4533,44669,3,3,1,5.621000127575826e-06
4534,40250,3,2,0,1.8070004443870857e-06
4535,81462,3,1,0,1.7760003174771555e-06
4536,73584,3,0,0,1.5169998732744716e-06
4537,85646,4,3,1,6.3520001276629046e-06
4538,21773,8,2,0,4.956000339007005e-06
4539,80531,3,1,0,3.6290002753958106e-06
4540,77464,3,3,1,6.764000318071339e-06
4541,3740,4,3,1,6.9809993874514475e-06
4542,61850,3,2,1,3.160000233037863e-06
4543,61086,3,3,1,6.5150006776093505e-06
4544,46287,3,2,0,1.953999344550539e-06
4545,69407,3,1,0,1.7759994079824537e-06
4546,74303,5,2,1,4.845000148634426e-06
4547,20139,3,3,1,6.5720005295588635e-06
4548,54186,3,2,0,1.7809998098528013e-06
4549,20150,3,3,1,6.85600025462918e-06
4550,52931,3,3,1,6.455000402638689e-06
4551,52932,3,3,1,6.350999683490954e-06
4552,36562,3,3,1,6.966000000829808e-06
4553,88899,3,2,0,1.8000000636675395e-06
4554,28370,3,3,1,6.924999979673885e-06
4555,61173,8,3,1,7.007000021985732e-06
4556,12024,3,3,1,6.801999916206114e-06
4557,53374,3,2,0,1.9389999579288997e-06
4558,77565,3,3,1,7.022000318102073e-06
4559,12042,3,3,2,5.4300007832353e-06
4560,44819,3,3,2,5.451999641081784e-06
4561,12059,4,3,1,7.1260001277551055e-06
4562,77600,3,3,1,6.2219996834755875e-06
4563,28464,5,3,1,8.15800012787804e-06
4564,77622,3,3,2,5.580000106419902e-06
4565,36667,3,3,1,6.756999937351793e-06
4566,69442,3,3,1,6.296000719885342e-06
4567,61283,3,3,1,6.211000254552346e-06
4568,61285,3,3,1,6.427999323932454e-06
4569,69476,4,3,1,7.4449999374337494e-06
4570,61289,3,3,2,5.366000550566241e-06
4571,47857,4,2,0,2.4450000637443736e-06
4572,28534,5,3,1,7.78399953560438e-06
4573,77708,3,3,1,6.302000656432938e-06
4574,69516,4,3,1,6.8160006776452065e-06
4575,77716,4,3,1,6.592999852728099e-06
4576,4003,3,3,1,6.235999535419978e-06
4577,53155,4,3,1,6.795999979658518e-06
4578,12198,3,3,1,6.741000106558204e-06
4579,20403,3,3,1,6.5199992604902945e-06
4580,28612,4,3,1,6.9779998739250004e-06
4581,20422,3,3,1,7.0810001489007846e-06
4582,48479,3,2,0,1.7809998098528013e-06
4583,61382,3,3,1,6.784000106563326e-06
4584,61385,3,3,1,6.441000550694298e-06
4585,28618,3,3,1,6.471000233432278e-06
4586,69575,3,3,1,6.021000444889069e-06
4587,20423,3,3,1,6.871000550745521e-06
4588,61389,4,3,1,4.006999915873166e-06
4589,77792,3,3,1,6.4209998527076095e-06
4590,77794,3,3,1,6.324000423774123e-06
4591,86564,3,2,0,1.686999894445762e-06
4592,81005,3,1,0,1.8079999790643342e-06
4593,53225,3,3,1,6.3340003180201165e-06
4594,53230,3,3,1,6.888999450893607e-06
4595,70209,3,2,0,1.965000592463184e-06
4596,77807,3,3,1,6.143000064184889e-06
4597,12284,3,3,1,6.806000783399213e-06
4598,61444,3,3,1,6.577000021934509e-06
4599,36882,3,3,1,6.803000360378064e-06
4600,86037,3,3,1,3.1024999771034345e-05
4601,77882,3,3,1,7.147000360419042e-06
4602,53306,3,3,1,7.378999725915492e-06
4603,20546,3,3,1,9.610000233806204e-06
4604,46826,3,2,0,2.0750003386638127e-06
4605,77903,3,3,1,6.523000593006145e-06
4606,4184,3,3,1,7.413000275846571e-06
4607,63964,3,2,0,2.1129999367985874e-06
4608,28762,3,3,1,6.217000191099942e-06
4609,45156,3,3,1,6.62099955661688e-06
4610,53349,3,3,1,5.9970006986986846e-06
4611,69745,3,3,1,6.307000148808584e-06
4612,72557,3,2,0,2.0930001483066007e-06
4613,77937,6,3,2,8.953999895311426e-06
4614,61554,5,3,2,7.515000106650405e-06
4615,12408,4,3,2,5.961999704595655e-06
4616,12410,3,3,2,5.900999894947745e-06
4617,12415,4,3,1,5.640999916067813e-06
4618,28800,3,3,1,6.756999937351793e-06
4619,12419,3,3,1,6.612999641220085e-06
4620,45188,3,3,1,6.209000275703147e-06
4621,72689,3,2,0,1.8609998733154498e-06
4622,86073,5,2,1,5.034999958297703e-06
4623,34627,8,2,1,7.01200042385608e-06
4624,56978,3,2,1,4.08000050811097e-06
4625,53383,4,3,1,7.325999831664376e-06
4626,53387,3,3,1,6.770999789296184e-06
4627,69796,3,3,1,6.463000318035483e-06
4628,53432,3,3,2,6.049999683455098e-06
4629,69829,7,3,1,8.54700010677334e-06
4630,45265,4,3,2,5.62799959880067e-06
4631,53463,3,3,1,5.865000275662169e-06
4632,61662,3,3,1,6.3160005083773285e-06
4633,13521,3,2,0,1.9110002540401183e-06
4634,30485,3,1,0,1.9540002540452406e-06
4635,22593,3,0,0,1.6830008462420665e-06
4636,37089,3,3,1,6.758999916200992e-06
4637,37096,3,3,2,5.347999831428751e-06
4638,86257,10,3,1,9.78600019152509e-06
4639,14705,3,2,0,1.9380004232516512e-06
4640,69879,3,3,1,7.257000106619671e-06
4641,45340,3,3,1,6.336999831546564e-06
4642,88058,3,2,0,1.8959999579237774e-06
4643,62108,5,2,1,4.810000064026099e-06
4644,20771,3,3,2,5.615999725705478e-06
4645,20799,3,3,1,5.920000148762483e-06
4646,20801,3,3,1,5.75400008528959e-06
4647,37188,3,3,1,6.412999937310815e-06
4648,37192,3,3,1,5.871999746887013e-06
4649,86347,4,3,2,5.1710003390326165e-06
4650,61778,3,3,1,6.518000191135798e-06
4651,4437,3,3,1,6.506999852717854e-06
4652,78180,3,3,1,6.459000360337086e-06
4653,45413,5,3,2,5.120999958307948e-06
4654,53614,5,3,1,7.415000254695769e-06
4655,37236,4,3,1,7.205999281723052e-06
4656,48205,3,2,0,1.9660001271404326e-06
4657,77371,4,1,0,1.97000008483883e-06
4658,21138,5,1,1,3.5619996197056025e-06
4659,78203,3,3,1,7.5300004027667455e-06
4660,70011,3,3,1,6.3340003180201165e-06
4661,70013,4,3,1,8.111999704851769e-06
4662,70014,3,3,1,6.5140002334374e-06
4663,86409,3,3,2,5.892000444873702e-06
4664,12688,3,3,1,6.8999997893115506e-06
4665,4503,4,3,1,6.1860000641900115e-06
4666,45473,6,3,1,1.0349000149290077e-05
4667,12721,4,3,1,7.188000381574966e-06
4668,45494,3,3,2,5.6110002333298326e-06
4669,12726,3,3,1,6.7650007622432895e-06
4670,12734,3,3,1,6.486000529548619e-06
4671,12744,3,3,2,5.421999958343804e-06
4672,8173,3,2,1,2.814000254147686e-06
4673,45514,4,3,3,5.097000212117564e-06
4674,70116,5,3,1,7.657000423932914e-06
4675,29157,3,3,1,7.286000254680403e-06
4676,4585,3,3,1,6.631000360357575e-06
4677,4594,3,3,1,6.397999641194474e-06
4678,24361,4,2,0,2.2100002752267756e-06
4679,78342,3,3,1,6.258999746933114e-06
4680,78343,3,3,1,6.404000487236772e-06
4681,40812,3,2,0,1.9480003174976446e-06
4682,21002,3,3,1,1.1365000318619423e-05
4683,8080,3,2,0,1.9379995137569495e-06
4684,21011,3,3,1,6.098999620007817e-06
4685,37397,3,3,1,6.315999598882627e-06
4686,53790,3,3,1,6.594999831577297e-06
4687,86566,3,3,1,6.499999471998308e-06
4688,78477,3,2,0,1.8490000002202578e-06
4689,37432,3,3,1,5.511999916052446e-06
4690,39159,3,2,0,1.8099999579135329e-06
4691,55638,3,1,0,1.6740004866733216e-06
4692,72506,5,0,0,2.4119999579852447e-06
4693,21055,3,3,1,5.3389994718600065e-06
4694,78430,4,3,1,7.217000529635698e-06
4695,80561,3,2,0,1.7940001271199435e-06
4696,29279,3,3,1,6.307999683485832e-06
4697,86631,3,3,1,6.35699962003855e-06
4698,45671,5,3,1,7.835999895178247e-06
4699,21104,3,3,1,6.371000381477643e-06
4700,4729,3,3,2,5.821999366162345e-06
4701,53899,4,3,1,6.819999725848902e-06
4702,45710,3,3,1,6.702999598928727e-06
4703,29599,3,2,0,1.8809996618074365e-06
4704,62096,3,3,1,6.788999598938972e-06
4705,70288,3,3,1,5.976000466034748e-06
4706,62103,7,3,1,7.998000000952743e-06
4707,53915,3,3,1,6.161999408504926e-06
4708,21152,3,3,1,6.0469992604339495e-06
4709,81452,3,2,0,1.8729997464106418e-06
4710,4772,3,3,1,6.6590000642463565e-06
4711,23440,3,2,0,1.8340006135986187e-06
4712,21170,3,3,1,6.504000339191407e-06
4713,78515,3,3,1,6.418999873858411e-06
4714,45752,4,3,1,7.336000635405071e-06
4715,21183,3,3,1,7.386999641312286e-06
4716,79793,3,2,0,1.8470000213710591e-06
4717,78529,7,3,1,8.351999895239715e-06
4718,70338,3,3,1,6.129999746917747e-06
4719,78530,3,3,1,6.124999345047399e-06
4720,13007,3,3,2,5.512999450729694e-06
4721,86753,3,3,1,6.235999535419978e-06
4722,23172,3,2,0,1.9290000636829063e-06
4723,21219,3,3,1,6.1979999372852035e-06
4724,53999,3,3,1,6.165999366203323e-06
4725,21237,3,3,1,6.212999323906843e-06
4726,78599,3,3,1,5.9359999795560725e-06
4727,48150,3,2,0,1.8580003597890027e-06
4728,78600,3,3,1,5.906999831495341e-06
4729,5812,3,2,0,1.8190003174822778e-06
4730,45839,3,3,1,7.491999895137269e-06
4731,62228,5,3,1,7.336999260587618e-06
4732,55101,3,2,0,2.3302000045077875e-05
4733,55103,3,1,0,3.8479993236251175e-06
4734,37657,3,3,1,8.294000508612953e-06
4735,37658,3,3,1,7.181999535532668e-06
4736,37660,4,3,1,8.12700000096811e-06
4737,29475,3,3,1,6.363000466080848e-06
4738,21294,4,3,1,6.652999218204059e-06
4739,13103,3,3,1,6.598000254598446e-06
4740,37692,3,3,2,6.116999429650605e-06
4741,29501,3,3,1,6.2279996200231835e-06
4742,62272,3,3,1,7.088000529620331e-06
4743,70974,3,2,0,1.8310001905774698e-06
4744,13125,3,3,1,6.263000614126213e-06
4745,4941,3,3,1,6.119000317994505e-06
4746,13253,3,2,0,1.6620006135781296e-06
4747,70480,3,3,1,5.871999746887013e-06
4748,13142,3,3,1,6.166999810375273e-06
4749,47937,3,2,0,1.7519996617920697e-06
4750,29529,3,3,1,6.410000423784368e-06
4751,54110,3,3,2,5.857000360265374e-06
4752,78687,3,3,1,6.846999895060435e-06
4753,4971,3,3,1,6.164000296848826e-06
4754,15345,3,2,0,1.794999661797192e-06
4755,70529,3,3,1,5.8670002545113675e-06
4756,70532,4,3,1,6.2279996200231835e-06
4757,1467,4,2,0,1.9560002328944393e-06
4758,4997,7,3,0,6.627000402659178e-06
4759,29574,5,3,1,6.923000000824686e-06
4760,54511,4,2,0,4.042000000481494e-06
4761,54496,6,2,1,4.554000042844564e-06
4762,54159,3,3,1,6.150999979581684e-06
4763,29584,3,3,1,6.047000169928651e-06
4764,29589,3,3,1,6.377999852702487e-06
4765,78744,5,3,2,7.432000529661309e-06
4766,78746,3,3,1,6.5909998738789e-06
4767,86940,3,3,1,6.768000275769737e-06
4768,5036,3,3,1,7.04200010659406e-06
4769,40047,3,2,0,1.986000825127121e-06
4770,62385,3,3,1,4.8085000344144646e-05
4771,21433,4,3,2,6.579999535460956e-06
4772,33151,4,2,0,2.0249999579391442e-06
4773,5052,3,3,2,5.374000465963036e-06
4774,21441,4,3,1,7.433999599015806e-06
4775,29651,3,3,1,6.441000550694298e-06
4776,87002,3,3,1,6.0720003602909856e-06
4777,62432,7,3,1,6.9509997047134675e-06
4778,37878,3,3,2,5.249000423646066e-06
4779,21505,3,3,1,6.487000064225867e-06
4780,29703,3,3,2,6.018999556545168e-06
4781,13319,7,3,1,8.965999768406618e-06
4782,13321,3,3,1,5.8749992604134604e-06
4783,71428,4,2,0,2.26600059249904e-06
4784,49926,5,2,0,4.845999683311675e-06
4785,62475,3,3,1,6.756999937351793e-06
4786,13334,3,3,1,6.450000000768341e-06
4787,13335,3,3,1,6.379999831551686e-06
4788,87168,3,2,0,1.8689997887122445e-06
4789,63707,3,1,0,1.8430000636726618e-06
4790,87195,3,0,0,1.64500033861259e-06
4791,70691,3,3,1,6.7459995989338495e-06
4792,21545,3,3,1,7.220000043162145e-06
4793,87082,3,3,1,6.579000000783708e-06
4794,87088,3,3,2,7.917999937490094e-06
4795,87096,6,3,0,5.1929991968791e-06
4796,70713,3,3,1,6.422999831556808e-06
4797,29754,3,3,1,6.524999662360642e-06
4798,70714,3,3,1,8.130000423989259e-06
4799,78910,3,3,1,6.586000381503254e-06
4800,78912,3,2,0,1.7980000848183408e-06
4801,78914,3,3,1,7.296999683603644e-06
4802,87106,3,3,2,5.447000148706138e-06
4803,70726,4,3,1,6.814000698796008e-06
4804,21584,3,3,2,5.482000233314466e-06
4805,21591,3,3,2,5.701999725715723e-06
4806,5210,3,3,1,6.470999323937576e-06
4807,6740,3,2,0,1.8399996406515129e-06
4808,13406,3,3,1,6.575999577762559e-06
4809,29796,6,3,1,8.203000106732361e-06
4810,31793,3,2,0,1.925000105984509e-06
4811,30007,3,1,0,1.8300006559002213e-06
4812,13416,3,3,1,1.2110000170650892e-05
4813,21608,3,3,1,6.532000043080188e-06
4814,81683,3,2,0,1.8769997041090392e-06
4815,70761,6,3,1,7.76799970481079e-06
4816,46926,6,2,0,2.9049997465335764e-06
4817,54384,5,3,2,4.9030004447558895e-06
4818,29812,3,3,1,6.029000360285863e-06
4819,29899,6,2,0,2.9660004656761885e-06
4820,62584,3,3,1,7.110999831638765e-06
4821,62590,4,3,2,6.7159999161958694e-06
4822,46207,4,3,2,5.934000000706874e-06
4823,87167,4,3,1,7.2819993874873035e-06
4824,29832,5,3,1,7.261999598995317e-06
4825,46221,5,3,1,5.173999852559064e-06
4826,38061,3,3,1,6.526999641209841e-06
4827,29876,3,3,1,7.190999895101413e-06
4828,87238,3,3,1,6.960999598959461e-06
4829,54526,3,2,0,2.0200004655634984e-06
4830,23198,3,1,0,1.7430002117180265e-06
4831,54471,3,3,1,5.887000043003354e-06
4832,13512,3,3,2,5.733000762120355e-06
4833,70854,4,3,1,7.417000233544968e-06
4834,70858,3,3,1,6.118999408499803e-06
4835,13514,3,3,1,6.264000148803461e-06
4836,13518,3,3,1,6.276000021898653e-06
4837,29908,3,3,1,6.3479992604698054e-06
4838,54484,3,3,1,6.2609997257823125e-06
4839,29912,3,3,1,5.8610003179637715e-06
4840,54509,4,3,1,6.801999916206114e-06
4841,80557,3,2,0,1.8540004020906053e-06
4842,40638,4,1,0,2.0429997675819322e-06
4843,29739,4,0,0,1.8099999579135329e-06
4844,87278,3,3,1,7.544999789388385e-06
4845,87280,3,3,1,6.756000402674545e-06
4846,87282,3,3,1,6.461999873863533e-06
4847,21750,3,3,1,7.016000381554477e-06
4848,70907,5,3,0,7.156999345170334e-06
4849,21762,3,3,1,6.313999620033428e-06
4850,14271,3,2,0,1.776999852154404e-06
4851,46340,3,3,1,6.195000423758756e-06
4852,46345,4,3,1,5.071000487077981e-06
4853,5407,3,3,1,7.2759994509397075e-06
4854,21797,6,3,2,7.072999324009288e-06
4855,38183,4,3,1,6.696000127703883e-06
4856,29992,3,3,1,6.5840004026540555e-06
4857,7774,4,2,0,2.4499995561200194e-06
4858,38184,3,3,1,8.353999874088913e-06
4859,30905,3,2,0,1.9360004444024526e-06
4860,80517,3,1,0,2.294000023539411e-05
4861,56405,5,2,1,8.845999218465295e-06
4862,38186,3,3,1,7.511999683629256e-06
4863,70978,3,3,1,6.131000191089697e-06
4864,46860,3,2,0,1.954999788722489e-06
4865,62798,3,3,1,6.567000127688516e-06
4866,30032,3,3,1,6.991000191192143e-06
4867,30040,3,3,1,6.742000550730154e-06
4868,71003,3,3,1,6.560999281646218e-06
4869,79203,3,3,2,6.16999932390172e-06
4870,13677,3,3,2,5.3389994718600065e-06
4871,87423,3,3,1,6.966000000829808e-06
4872,5505,10,3,0,9.959999260900076e-06
4873,71054,4,3,1,6.831000064266846e-06
4874,62868,3,3,1,6.033000317984261e-06
4875,5531,5,3,1,7.610000466229394e-06
4876,63511,3,2,0,1.8319997252547182e-06
4877,84430,8,2,0,5.716000487154815e-06
4878,46501,3,3,1,6.229999598872382e-06
4879,62890,3,3,1,6.461999873863533e-06
4880,62892,5,2,0,2.630000381032005e-06
4881,6535,3,1,0,1.755999619490467e-06
4882,87467,3,3,1,6.9090001488802955e-06
4883,71099,3,3,1,6.15699991612928e-06
4884,38341,3,3,1,7.351999556703959e-06
4885,79302,3,3,1,6.532000043080188e-06
4886,54742,3,3,1,6.1709997680736706e-06
4887,24269,3,2,0,1.5989999155863188e-06
4888,71131,3,3,1,6.741999641235452e-06
4889,38367,4,3,1,6.737000148859806e-06
4890,79335,3,3,2,5.570000212173909e-06
4891,21992,3,3,1,6.178000148793217e-06
4892,71143,4,3,1,6.272000064200256e-06
4893,74483,4,2,0,2.0979996406822465e-06
4894,38894,4,1,0,1.8150003597838804e-06
4895,30187,3,3,1,6.229999598872382e-06
4896,38388,3,3,1,6.979999852774199e-06
4897,22020,3,3,1,6.792999556637369e-06
4898,71176,4,3,1,6.835999556642491e-06
4899,38410,3,3,2,5.729000804421958e-06
4900,30256,3,3,1,7.386000106635038e-06
4901,46645,3,3,1,6.446999577747192e-06
4902,30278,3,3,1,6.850000318081584e-06
4903,87633,3,3,1,6.231000043044332e-06
4904,5735,3,3,2,5.325999154592864e-06
4905,63081,3,3,1,7.0390005930676125e-06
4906,81130,3,2,0,1.7660004232311621e-06
4907,71289,3,3,1,6.10899951425381e-06
4908,38529,3,3,1,6.378999387379736e-06
4909,77756,5,2,0,2.574999598436989e-06
4910,54913,3,3,1,6.484999175881967e-06
4911,63106,4,3,1,7.24199981050333e-06
4912,71316,3,3,1,6.3149991547106765e-06
4913,71899,3,2,0,1.8900000213761814e-06
4914,63124,4,3,1,6.758999916200992e-06
4915,71320,3,3,1,6.350999683490954e-06
4916,32022,3,2,0,1.800999598344788e-06
4917,54937,3,3,1,5.8880004871753044e-06
4918,46828,3,2,0,1.9690005501615815e-06
4919,56010,11,1,0,4.350000381236896e-06
4920,79791,5,2,1,4.997000360162929e-06
4921,5796,5,3,2,7.552000170107931e-06
4922,22181,3,3,1,6.88700038153911e-06
4923,71335,3,3,1,6.910000593052246e-06
4924,5809,4,3,2,6.014000064169522e-06
4925,87744,3,3,1,6.7099999796482734e-06
4926,46792,3,3,1,6.136000592960045e-06
4927,54985,3,3,1,6.508999831567053e-06
4928,46801,3,3,1,6.274000043049455e-06
4929,54995,4,3,1,6.547000339196529e-06
4930,81226,3,2,0,1.8619994079926983e-06
4931,42193,7,1,0,3.1079998734639958e-06
4932,51212,4,0,0,1.8109994925907813e-06
4933,38630,3,3,1,6.5169997469638474e-06
4934,79602,3,3,1,6.285999916144647e-06
4935,40711,3,2,0,1.7720003597787581e-06
4936,72560,3,1,0,1.7470001694164239e-06
4937,87819,3,3,1,6.287999894993845e-06
4938,30486,3,3,1,6.762000339222141e-06
4939,14104,3,3,1,5.965000127616804e-06
4940,30488,3,3,1,6.236999979591928e-06
4941,30489,3,3,1,5.579000571742654e-06
4942,46875,3,3,1,6.8700001065735705e-06
4943,46891,3,3,1,6.567000127688516e-06
4944,30525,3,3,1,6.805999873904511e-06
4945,15422,5,2,0,3.1669997042627074e-06
4946,79695,3,3,1,1.2552999578474555e-05
4947,15676,5,2,0,2.8600006771739572e-06
4948,46928,3,3,1,5.920999683439732e-06
4949,72174,3,2,0,1.8319997252547182e-06
4950,46935,3,3,2,5.3329995353124104e-06
4951,71512,3,3,1,5.9479998526512645e-06
4952,14177,3,3,1,6.496999958471861e-06
4953,65325,3,2,0,1.8609998733154498e-06
4954,79715,10,3,2,9.256999874196481e-06
4955,38761,3,3,1,6.256000233406667e-06
4956,22397,3,3,1,6.6080001488444395e-06
4957,63359,3,3,1,6.098000085330568e-06
4958,55172,3,3,1,6.244999894988723e-06
4959,15321,3,2,0,1.8480004655430093e-06
4960,30603,5,3,1,4.337000063969754e-06
4961,55181,3,3,1,6.5019994508475065e-06
4962,55187,3,3,1,7.274999916262459e-06
4963,71575,3,3,1,6.387999746948481e-06
4964,71577,3,3,2,5.2309997045085765e-06
4965,87964,4,3,1,6.6650000007939525e-06
4966,1540,5,2,0,3.2459993235534057e-06
4967,14241,3,3,2,5.406999662227463e-06
4968,87969,4,3,1,6.311000106506981e-06
4969,14681,3,2,0,1.6889998732949607e-06
4970,48019,3,1,0,1.6550002328585833e-06
4971,30627,3,3,1,6.269000550673809e-06
4972,56885,3,2,0,1.8690006982069463e-06
4973,42778,4,2,1,5.07200002175523e-06
4974,63397,4,3,1,6.8700001065735705e-06
4975,30631,3,3,1,6.449000466091093e-06
4976,22459,3,3,1,6.6200000219396316e-06
4977,30652,4,3,1,5.470999894896522e-06
4978,22461,3,3,1,6.1649998315260746e-06
4979,63768,4,2,0,2.3330003386945464e-06
4980,38847,3,3,1,5.720000444853213e-06
4981,55233,3,3,1,6.121999831520952e-06
4982,22471,3,3,1,6.545999895024579e-06
4983,79822,3,3,1,6.1560003814520314e-06
4984,88017,5,3,1,7.804000233591069e-06
4985,63448,3,3,1,4.2687000131991226e-05
4986,72546,3,2,0,4.601999535225332e-06
4987,79834,3,3,2,8.275000254798215e-06
4988,63452,3,3,1,8.602999514550902e-06
4989,40347,3,2,0,1.958000211743638e-06
4990,81732,3,1,0,2.3597000108566135e-05
4991,56679,4,1,1,5.021000106353313e-06
4992,71667,3,3,1,8.881000212568324e-06
4993,88059,3,3,1,6.872000085422769e-06
4994,63490,3,3,1,7.157999789342284e-06
4995,88073,5,3,2,7.468000148946885e-06
4996,63499,3,3,1,6.3730003603268415e-06
4997,88081,7,3,2,7.599999662488699e-06
4998,30752,3,3,2,5.738999789173249e-06
4999,71714,3,3,1,7.1260001277551055e-06
5000,30754,3,3,1,6.520000169984996e-06
5001,63525,3,3,1,6.817999746999703e-06
5002,47150,3,3,1,6.228000529517885e-06
5003,64780,3,2,0,1.9029994291486219e-06
5004,71732,3,3,1,6.3730003603268415e-06
5005,55355,3,3,1,6.7009996200795285e-06
5006,55361,3,3,1,6.4089999796124175e-06
5007,14406,3,3,1,5.990999852656387e-06
5008,79994,3,3,2,5.610999323835131e-06
5009,55422,4,3,1,7.835999895178247e-06
5010,6277,3,3,1,6.336999831546564e-06
5011,80015,4,3,1,7.110000296961516e-06
5012,55444,4,3,1,6.797000423830468e-06
5013,88223,5,3,2,6.74800048727775e-06
5014,14509,3,3,2,5.49000014871126e-06
5015,30900,7,3,1,7.730999641353264e-06
5016,74687,5,2,0,2.693000169529114e-06
5017,55485,4,3,1,3.839999408228323e-06
5018,55511,8,3,1,9.226999281963799e-06
5019,55512,3,3,1,6.385999768099282e-06
5020,39138,5,3,1,6.561999725818168e-06
5021,14564,3,3,1,6.880000000819564e-06
5022,71912,3,3,1,6.008999662299175e-06
5023,80104,3,3,1,6.77699972584378e-06
5024,80107,3,3,1,5.808999958389904e-06
5025,88301,3,3,1,6.012999619997572e-06
5026,39155,5,3,2,7.663999895157758e-06
5027,88309,4,3,2,7.546000233560335e-06
5028,14595,5,3,1,8.064000212471001e-06
5029,71949,3,3,1,7.286999789357651e-06
5030,22797,5,3,1,7.642999662493821e-06
5031,63765,3,3,1,6.737999683537055e-06
5032,71963,3,3,1,6.485000085376669e-06
5033,71966,3,3,1,6.326000402623322e-06
5034,88357,3,3,1,6.908000614203047e-06
5035,88366,4,3,1,6.972999472054653e-06
5036,31027,4,3,2,5.312999746820424e-06
5037,6452,3,3,1,6.70100052957423e-06
5038,31031,3,3,1,6.312000550678931e-06
5039,81164,3,2,0,1.960999725270085e-06
5040,14069,4,2,1,3.544999344740063e-06
5041,39248,3,3,1,6.303000191110186e-06
5042,40094,3,2,0,1.8870005078497343e-06
5043,14689,5,3,1,7.53800031816354e-06
5044,80236,3,3,1,6.4209998527076095e-06
5045,7936,3,2,0,1.782999788702e-06
5046,39747,5,1,0,2.68099938693922e-06
5047,14707,3,3,1,6.906999260536395e-06
5048,31092,3,3,1,5.717000021832064e-06
5049,55668,3,3,1,9.059999683813658e-06
5050,6517,4,3,2,4.323000212025363e-06
5051,55687,4,3,2,6.000000212225132e-06
5052,55692,3,3,1,6.5169997469638474e-06
5053,80277,4,3,1,3.479000042716507e-06
5054,72088,3,3,2,5.346999387256801e-06
5055,31144,6,3,1,7.710999852861278e-06
5056,53149,4,2,0,2.6950001483783126e-06
5057,39345,7,3,1,6.3520001276629046e-06
5058,31157,4,3,1,3.8940006561460905e-06
5059,6585,3,3,1,6.18800004303921e-06
5060,22977,4,3,1,7.665000339329708e-06
5061,22981,3,3,1,6.671999472018797e-06
5062,80325,6,3,1,7.083000127749983e-06
5063,72136,4,3,1,7.562999599031173e-06
5064,80332,3,3,2,5.762000000686385e-06
5065,80333,3,3,1,6.40399957774207e-06
5066,63965,3,3,1,6.256999768083915e-06
5067,72157,4,3,1,6.76099989505019e-06
5068,72163,4,3,1,6.693000614177436e-06
5069,80356,3,3,2,6.174999725772068e-06
5070,31227,3,3,1,6.503999429696705e-06
5071,15233,4,2,0,2.180999217671342e-06
5072,6651,3,3,1,6.440000106522348e-06
5073,39921,3,2,0,1.6749991118558683e-06
5074,80388,3,3,1,5.885999598831404e-06
5075,88596,4,3,1,7.773999641358387e-06
5076,26346,4,2,0,2.353000127186533e-06
5077,31716,3,1,0,1.7450001905672252e-06
5078,45712,4,0,0,1.9169992810930125e-06
5079,39452,3,3,1,6.390000635292381e-06
5080,55839,5,3,1,7.509000170102809e-06
5081,39465,4,3,2,6.3299994508270174e-06
5082,6699,3,3,1,7.513999662478454e-06
5083,6700,3,3,1,6.5079993873951025e-06
5084,65049,3,2,0,1.7639995348872617e-06
5085,64052,3,3,2,5.656999746861402e-06
5086,80460,6,3,2,7.724999704805668e-06
5087,80462,3,3,1,6.470999323937576e-06
5088,31672,3,2,0,2.2029998945072293e-06
5089,23693,3,1,0,1.9809995137620717e-06
5090,72287,3,3,1,6.0840002333861776e-06
5091,31329,3,3,1,6.008000127621926e-06
5092,14953,3,3,1,6.659999598923605e-06
5093,47721,5,3,1,6.874999598949216e-06
5094,31339,3,3,1,6.1500004449044354e-06
5095,80874,3,2,0,1.7290003597736359e-06
5096,23161,3,3,1,5.834000148752239e-06
5097,88698,3,3,1,6.319999556581024e-06
5098,23169,3,3,1,6.971000402700156e-06
5099,23171,3,3,2,5.369000064092688e-06
5100,80530,4,3,1,8.158999662555289e-06
5101,80544,4,3,2,5.8550003814161755e-06
5102,47781,3,3,1,6.831999598944094e-06
5103,80562,3,3,1,6.200999450811651e-06
5104,80570,3,3,1,6.3100005718297325e-06
5105,72387,3,3,1,5.875000169908162e-06
5106,24333,3,2,0,1.8509999790694565e-06
5107,19540,10,1,0,3.993999598606024e-06
5108,72398,4,3,1,7.042999641271308e-06
5109,72401,3,3,2,5.707999662263319e-06
5110,47836,4,3,2,6.192999535414856e-06
5111,16357,3,2,1,4.798999725608155e-06
5112,23261,3,3,1,6.76099989505019e-06
5113,23270,3,3,1,8.422999599133618e-06
5114,39656,5,3,1,7.822000043233857e-06
5115,64252,3,3,2,5.070000042906031e-06
5116,23297,3,3,1,3.1754999326949473e-05
5117,72452,3,3,1,8.2970000221394e-06
5118,77847,5,2,0,3.1620002118870616e-06
5119,40621,3,1,0,2.074999429169111e-06
5120,80341,7,2,1,6.196999493113253e-06
5121,72454,3,3,1,5.926999619987328e-06
5122,72455,3,3,1,5.984000381431542e-06
5123,39692,3,3,1,6.491999556601513e-06
5124,56407,3,2,0,1.8780001482809894e-06
5125,80660,4,3,1,6.77800017001573e-06
5126,15128,4,3,1,7.933000233606435e-06
5127,72490,3,3,2,5.765000423707534e-06
5128,39745,3,3,1,6.226000550668687e-06
5129,31570,3,3,1,6.402000508387573e-06
5130,72553,3,3,2,5.545999556488823e-06
5131,15209,3,3,2,6.193000444909558e-06
5132,72564,3,3,1,6.4389996623503976e-06
5133,80770,4,3,1,7.286000254680403e-06
5134,72586,4,3,1,6.7159999161958694e-06
5135,31630,3,3,1,6.463000318035483e-06
5136,39833,3,3,1,6.502999895019457e-06
5137,80795,3,3,1,6.0720003602909856e-06
5138,31660,3,3,1,5.982000402582344e-06
5139,31673,3,3,1,6.375999873853289e-06
5140,39866,4,3,1,7.003000064287335e-06
5141,48060,3,3,1,6.450000000768341e-06
5142,48061,3,3,1,6.526000106532592e-06
5143,56288,3,3,1,6.475999725807924e-06
5144,15339,3,3,1,6.083000698708929e-06
5145,80885,3,3,1,6.176000169944018e-06
5146,80890,3,3,1,6.901999768160749e-06
5147,31743,8,3,2,8.062000233621802e-06
5148,15362,3,3,1,6.401999598892871e-06
5149,89102,3,3,1,6.922000466147438e-06
5150,7187,3,3,2,5.204999979468994e-06
5151,23582,3,3,1,6.989000212342944e-06
5152,89120,3,3,1,7.360000381595455e-06
5153,80938,5,3,1,8.101999810605776e-06
5154,80940,3,3,1,6.172999746922869e-06
5155,89133,3,3,1,6.635999852733221e-06
5156,80946,3,3,1,6.320000466075726e-06
5157,89139,3,3,2,6.03199987381231e-06
5158,31796,3,3,1,6.024999493092764e-06
5159,56374,3,3,1,6.780000148864929e-06
5160,15418,3,3,1,6.104000021878164e-06
5161,23615,3,3,1,6.190000021888409e-06
5162,56976,4,2,0,2.223000592493918e-06
5163,81603,4,1,0,2.150999534933362e-06
5164,56388,5,3,1,7.289999302884098e-06
5165,49873,5,2,0,2.4030005079112016e-06
5166,23311,6,2,1,3.576000381144695e-06
5167,31827,4,3,1,7.268999979714863e-06
5168,40020,3,3,1,6.246999873837922e-06
5169,48217,4,3,2,6.400000529538374e-06
5170,15457,3,3,1,6.229000064195134e-06
5171,56425,3,3,1,6.151999514258932e-06
5172,81015,4,3,2,4.882999746769201e-06
5173,31870,8,3,0,6.526999641209841e-06
5174,75756,4,2,1,4.515000000537839e-06
5175,28002,5,2,1,3.3209998946404085e-06
5176,31880,5,3,0,9.246999979950488e-06
5177,64652,4,3,1,5.887000043003354e-06
5178,40081,3,3,1,6.23600044491468e-06
5179,23901,3,2,0,1.8629998521646485e-06
5180,64657,4,3,1,7.669999831705354e-06
5181,81046,3,3,1,6.359000508382451e-06
5182,56486,5,3,1,5.647999387292657e-06
5183,7340,4,3,1,6.86899966240162e-06
5184,56497,3,3,1,7.3130004238919355e-06
5185,15542,3,3,1,6.226000550668687e-06
5186,31928,3,3,2,5.8119994719163515e-06
5187,57150,3,2,1,4.1880002754624e-06
5188,7359,3,3,1,6.059000043023843e-06
5189,31952,3,3,1,6.830000529589597e-06
5190,64727,4,3,2,6.713000402669422e-06
5191,64741,3,3,1,6.380999366228934e-06
5192,56550,8,3,1,9.04199987417087e-06
5193,54170,9,2,0,3.696000021591317e-06
5194,31976,3,3,1,6.923999535501935e-06
5195,7410,4,3,1,1.1733000064850785e-05
5196,25639,4,2,0,2.3180000425782055e-06
5197,48378,3,3,1,6.706000021949876e-06
5198,40198,4,3,1,6.320000466075726e-06
5199,64779,3,3,1,6.65199968352681e-06
5200,56587,3,3,1,6.225999641173985e-06
5201,23845,5,3,2,6.583999493159354e-06
5202,81198,3,3,1,6.5169997469638474e-06
5203,73007,3,3,2,5.816000339109451e-06
5204,15667,4,3,1,5.355999746825546e-06
5205,64844,3,3,1,6.440999641199596e-06
5206,48473,3,3,1,6.686000233457889e-06
5207,23904,3,3,1,6.350000148813706e-06
5208,48500,4,3,2,6.714999472023919e-06
5209,73684,6,2,0,2.7249998311162926e-06
5210,7544,5,3,1,8.851000529830344e-06
5211,15738,3,3,1,6.070999916119035e-06
5212,48511,3,3,1,6.285999916144647e-06
5213,32153,6,3,2,6.31300008535618e-06
5214,64923,3,3,1,6.88499949319521e-06
5215,64924,3,3,1,6.557999768119771e-06
5216,81325,3,3,2,5.156999577593524e-06
5217,40365,4,3,1,6.610000127693638e-06
5218,40374,4,3,1,6.677999408566393e-06
5219,40376,3,3,1,6.645000212301966e-06
5220,40377,3,3,1,6.870999641250819e-06
5221,48574,3,3,1,6.817999746999703e-06
5222,7614,3,3,1,6.510999810416251e-06
5223,32205,4,3,1,6.937999387446325e-06
5224,73185,3,3,1,6.4329997258028015e-06
5225,24042,3,3,2,4.892000106337946e-06
5226,65011,3,3,1,6.549999852722976e-06
5227,15867,4,3,2,6.107999979576562e-06
5228,48750,4,2,0,3.991000085079577e-06
5229,7697,5,2,1,3.814000592683442e-06
5230,65032,8,3,1,5.849999979545828e-06
5231,7689,5,3,1,3.5720004234462976e-06
5232,25881,5,2,0,4.493999767873902e-06
5233,47149,8,2,1,6.5450003603473306e-06
5234,24116,3,3,1,6.805000339227263e-06
5235,73273,3,3,1,6.741000106558204e-06
5236,56905,3,3,2,6.5210006141569465e-06
5237,48716,3,3,1,6.586999916180503e-06
5238,40528,3,3,2,5.1500001063686796e-06
5239,7777,3,3,2,9.301999853050802e-06
5240,65122,3,3,1,8.985000022221357e-06
5241,7793,3,3,3,5.431999852589797e-06
5242,7801,6,3,1,9.338999916508328e-06
5243,7803,3,3,1,6.3850002334220335e-06
5244,56957,3,3,2,5.631000021821819e-06
5245,56958,3,3,1,6.359000508382451e-06
5246,40579,3,3,1,6.10999995842576e-06
5247,7831,3,3,1,6.238000423763879e-06
5248,65177,6,3,1,5.841000529471785e-06
5249,29961,4,2,0,3.789999936998356e-06
5250,11643,8,2,0,6.201000360306352e-06
5251,36411,5,2,1,3.2830002965056337e-06
5252,7844,3,3,1,6.674000360362697e-06
5253,57211,3,2,0,1.9270000848337077e-06
5254,7846,3,3,1,6.736000614182558e-06
5255,24253,3,3,1,7.229999937408138e-06
5256,32449,3,3,2,5.434000740933698e-06
5257,57036,3,3,1,6.160999873827677e-06
5258,54376,4,2,0,2.2490003175335005e-06
5259,33575,4,2,1,2.9450002330122516e-06
5260,40661,5,3,1,7.403000381600577e-06
5261,3106,6,2,0,3.4079994293279015e-06
5262,26350,5,2,0,5.146999683347531e-06
5263,65248,4,3,1,7.038000148895662e-06
5264,7933,3,3,1,7.460999768227339e-06
5265,40716,3,3,1,6.020000000717118e-06
5266,48914,3,3,1,6.363000466080848e-06
5267,73494,3,3,1,6.666000444965903e-06
5268,65314,4,3,1,6.543000381498132e-06
5269,65318,3,3,2,4.925000212097075e-06
5270,81705,3,3,2,5.458000487124082e-06
5271,24366,4,3,1,7.125000593077857e-06
5272,24377,3,3,1,6.9689995143562555e-06
5273,48952,3,3,1,6.399000085366424e-06
5274,7997,3,3,2,5.759000487159938e-06
5275,57151,3,3,1,6.064999979571439e-06
5276,65345,3,3,2,5.074000000604428e-06
5277,8015,3,3,1,6.190999556565657e-06
5278,48978,3,3,2,6.033000317984261e-06
5279,16211,3,3,1,6.381000275723636e-06
5280,16213,3,3,1,6.606000169995241e-06
5281,40796,3,3,1,6.7009996200795285e-06
5282,8034,3,3,2,5.8880004871753044e-06
5283,81778,9,3,0,9.71100052993279e-06
5284,8052,4,3,2,6.4300002122763544e-06
5285,81782,4,3,1,3.6069995985599235e-06
5286,81783,3,3,1,6.675999429717194e-06
5287,8057,3,3,1,6.854000275779981e-06
5288,32635,3,3,2,4.685000021709129e-06
5289,57214,4,3,1,7.3700002758414485e-06
5290,81795,3,3,1,6.287000360316597e-06
5291,73615,3,3,2,5.783000233350322e-06
5292,40848,3,3,1,6.863999260531273e-06
5293,81809,3,3,1,6.522000148834195e-06
5294,73618,3,3,1,6.039999789209105e-06
5295,49077,3,3,1,6.229000064195134e-06
5296,49078,3,3,1,6.639999810431618e-06
5297,24521,4,3,1,4.783999429491814e-06
5298,57302,4,3,2,6.002999725751579e-06
5299,65509,3,3,2,5.668999619956594e-06
5300,81896,3,3,1,7.220000043162145e-06
5301,16360,4,3,1,6.805999873904511e-06
5302,16362,3,3,1,6.53000006423099e-06
5303,8183,3,3,1,6.586999916180503e-06
5304,81916,3,3,1,8.170000000973232e-06
5305,65588,4,3,2,6.319999556581024e-06
5306,8257,6,3,1,8.116999197227415e-06
5307,81998,7,3,1,6.211000254552346e-06
5308,117,4,3,1,8.152999726007693e-06
5309,8322,4,3,1,7.5360003393143415e-06
5310,65668,5,3,1,7.044000085443258e-06
5311,53993,6,2,0,2.8300000849412754e-06
5312,73910,7,3,0,7.061999895086046e-06
5313,211,4,3,1,4.9390000640414655e-06
5314,44802,4,2,1,4.4240005081519485e-06
5315,82139,6,3,1,4.7579997044522315e-06
5316,16738,4,3,1,3.5349994504940696e-06
5317,33137,5,3,1,4.206000085105188e-06
5318,8562,4,3,1,1.0863999705179594e-05
5319,8569,6,3,1,4.651000381272752e-06
5320,11695,5,2,0,4.378000085125677e-06
5321,82302,6,3,2,5.547000000660773e-06
5322,74130,7,3,2,5.899999450775795e-06
5323,49555,4,3,2,6.666999979643151e-06
5324,77707,5,2,0,2.62100002146326e-06
5325,74148,4,3,1,3.641999683168251e-06
5326,8713,4,3,1,7.181999535532668e-06
5327,558,5,3,1,7.435000043187756e-06
5328,49944,4,3,1,3.451999873504974e-06
5329,74625,4,3,1,4.6140003178152256e-06
5330,50054,6,3,1,8.741999408812262e-06
5331,9101,5,3,1,7.553000614279881e-06
5332,82881,7,3,1,8.77799993759254e-06
5333,66498,6,3,2,5.443000191007741e-06
5334,58328,5,3,1,8.322000212501734e-06
5335,25628,4,3,1,3.3579999580979347e-06
5336,25633,4,3,1,6.485999620053917e-06
5337,58474,7,3,1,8.306000381708145e-06
5338,1134,5,3,2,6.526000106532592e-06
5339,1156,4,3,1,3.2329999157809652e-06
5340,3669,5,2,2,5.228999725659378e-06
5341,66895,5,3,1,6.8999997893115506e-06
5342,83294,7,3,2,7.247999747050926e-06
5343,1418,5,3,1,3.851999281323515e-06
5344,9640,6,3,1,9.059999683813658e-06
5345,42414,5,3,2,6.9329998950706795e-06
5346,67007,6,3,1,8.035999599087518e-06
5347,83425,6,3,2,6.897999810462352e-06
5348,9712,10,3,1,1.0707000001275446e-05
5349,42614,6,3,0,5.912999768042937e-06
5350,42752,5,3,1,6.210999345057644e-06
5351,51089,6,3,0,5.499000508280005e-06
5352,5295,8,2,1,6.469000254583079e-06
5353,51099,4,3,1,6.523000593006145e-06
5354,75677,7,3,2,8.023000191315077e-06
5355,83878,7,3,1,8.324000191350933e-06
5356,51258,4,2,1,3.088000084972009e-06
5357,51115,5,3,2,5.727999450755306e-06
5358,59314,4,3,1,3.825999556283932e-06
5359,26578,6,3,1,3.5088000004179776e-05
5360,26600,5,3,1,5.5690006774966605e-06
5361,83989,6,3,0,6.8070003180764616e-06
5362,18562,4,3,1,8.316999810631387e-06
5363,35073,4,3,1,7.264000487339217e-06
5364,26918,5,3,1,7.966000339365564e-06
5365,43305,4,3,2,6.719999873894267e-06
5366,43338,10,3,2,7.335999725910369e-06
5367,35351,4,3,1,8.075000550888944e-06
5368,68470,5,3,1,6.990999281697441e-06
5369,60288,6,3,1,6.510000275739003e-06
5370,2980,5,3,1,7.828999514458701e-06
5371,76812,6,3,1,5.8670002545113675e-06
5372,60461,8,3,1,5.3430003390531056e-06
5373,85126,5,3,2,7.106999873940367e-06
5374,44249,6,3,0,5.749000592913944e-06
5375,77241,4,3,1,7.526999979745597e-06
5376,52749,4,3,1,3.855999239021912e-06
5377,60967,4,3,1,3.412999831198249e-06
5378,28381,5,3,2,6.8910003392375074e-06
5379,12066,5,3,0,5.0469998313928954e-06
5380,20272,4,3,1,4.095999429409858e-06
5381,28540,6,3,1,1.6961000255832914e-05
5382,4005,4,3,1,3.612000000430271e-06
5383,53291,7,3,2,5.699999746866524e-06
5384,45256,7,3,0,9.837000106927007e-06
5385,61831,6,3,0,6.348000169964507e-06
5386,61837,5,3,0,5.314000190992374e-06
5387,45485,9,3,2,6.7159999161958694e-06
5388,4899,4,3,1,3.785999979299959e-06
5389,21334,6,3,0,8.0660001913202e-06
5390,81393,6,2,0,2.5680001272121444e-06
5391,79367,9,3,1,7.464000191248488e-06
5392,5743,7,3,1,7.109999387466814e-06
5393,47221,11,2,0,5.117999535286799e-06
5394,5816,6,3,1,6.5289996200590394e-06
5395,63357,5,3,1,3.96999985241564e-06
5396,72104,8,2,1,5.3310004659579135e-06
5397,79859,6,3,0,5.7789993661572225e-06
5398,80132,4,3,1,6.770000254618935e-06
5399,31115,6,3,2,6.227000085345935e-06
5400,23066,7,3,1,8.723000064492226e-06
5401,39605,5,3,1,7.3820001489366405e-06
5402,81329,5,3,1,7.874000402807724e-06
5403,57153,4,3,1,6.389000191120431e-06
5404,49072,7,3,2,7.388999620161485e-06
5405,82544,10,3,0,7.012999958533328e-06
5406,41691,8,3,2,6.4539999584667385e-06
5407,74615,7,3,1,6.45300042378949e-06
5408,66526,4,3,2,5.853000402566977e-06
5409,34928,8,2,0,5.964000592939556e-06
5410,66867,5,3,1,7.1679996835882775e-06
5411,26454,7,3,1,7.84799976827344e-06
5412,83814,5,3,1,7.026999810477719e-06
5413,85221,6,3,0,5.186999260331504e-06
5414,69761,6,3,1,7.710999852861278e-06
5415,29727,5,3,1,7.36800029699225e-06
5416,38548,5,3,0,4.640000042854808e-06
5417,81925,4,4,2,9.330000466434285e-06
5418,24588,4,4,1,9.829999726207461e-06
5419,55671,4,3,0,2.316000063729007e-06
5420,2694,6,2,0,2.708000465645455e-06
5421,32755,4,1,0,1.9660001271404326e-06
5422,86032,4,4,1,1.0313000530004501e-05
5423,8209,4,4,1,9.652000699134078e-06
5424,86034,4,4,1,9.358999705000315e-06
5425,15263,4,3,0,2.499999936844688e-06
5426,86181,4,2,0,2.3079992388375103e-06
5427,1694,6,1,0,2.83800000033807e-06
5428,5594,4,0,0,1.883000550151337e-06
5429,8238,7,4,1,1.0719999409047887e-05
5430,11687,6,3,0,2.9570001061074436e-06
5431,80421,4,2,0,3.795999873545952e-06
5432,61130,4,1,0,2.1010000637033954e-06
5433,20948,7,3,1,8.865999916451983e-06
5434,8243,4,4,2,8.363000233657658e-06
5435,57408,4,4,1,9.159999535768293e-06
5436,24641,4,4,1,8.875000276020728e-06
5437,16587,4,3,0,2.356000550207682e-06
5438,59141,4,2,0,2.3130005502025597e-06
5439,59232,4,1,0,1.9690005501615815e-06
5440,86082,4,4,1,9.734999366628472e-06
5441,86081,6,4,1,1.1655999514914583e-05
5442,8268,5,4,2,9.65999970503617e-06
5443,57421,4,4,1,1.062600040313555e-05
5444,36950,9,4,2,1.1770000128308311e-05
5445,16471,5,4,1,1.0990999726345763e-05
5446,16473,4,4,2,8.570000318286475e-06
5447,4189,4,4,1,9.762000445334706e-06
5448,38849,4,3,0,2.21599930227967e-06
5449,28774,4,4,1,1.0138000106962863e-05
5450,85740,4,3,0,2.6050001906696707e-06
5451,28788,4,4,1,5.2097999287070706e-05
5452,75095,4,3,0,2.351999683014583e-06
5453,61537,6,3,0,5.492000127560459e-06
5454,61562,6,4,2,9.440999747312162e-06
5455,65661,4,4,1,1.036100002238527e-05
5456,53223,4,3,0,2.5109993657679297e-06
5457,36997,4,4,1,1.014200006466126e-05
5458,20616,4,4,1,1.4563999684469309e-05
5459,28809,4,4,1,9.097000656765886e-06
5460,81915,4,3,0,2.3190004867501557e-06
5461,65676,4,4,1,1.571400025568437e-05
5462,14227,4,3,0,2.6200004867860116e-06
5463,20622,4,4,1,1.0169999768550042e-05
5464,41104,6,4,3,1.0638000276230741e-05
5465,61586,4,4,1,1.0426000699226279e-05
5466,41107,4,4,2,7.865999577916227e-06
5467,61589,4,4,1,9.800000043469481e-06
5468,24732,4,4,2,1.0040999768534675e-05
5469,73888,4,4,1,9.571000191499479e-06
5470,32930,5,4,2,8.539000191376545e-06
5471,24741,4,4,2,8.306999916385394e-06
5472,16553,8,4,2,1.0134000149264466e-05
5473,32938,4,4,2,7.778999133734033e-06
5474,24748,4,4,1,9.216999387717806e-06
5475,36164,4,3,0,2.2360000002663583e-06
5476,61613,4,4,1,9.143000170297455e-06
5477,83055,4,3,0,2.3049997253110632e-06
5478,61615,4,4,1,9.86299983196659e-06
5479,42616,5,3,0,2.830999619618524e-06
5480,52753,4,2,0,2.142000084859319e-06
5481,86195,5,4,2,8.707999768375885e-06
5482,49341,5,4,2,9.285000487579964e-06
5483,57973,4,3,1,6.811000275774859e-06
5484,72907,5,3,1,4.994999471819028e-06
5485,49342,4,4,1,9.178000254905783e-06
5486,57537,4,4,1,9.719999980006833e-06
5487,204,5,4,2,8.999000783660449e-06
5488,85667,6,3,1,8.615000297140796e-06
5489,21646,7,3,1,6.862999725854024e-06
5490,86229,5,4,2,1.0519999705138616e-05
5491,61660,4,4,1,1.0259999726258684e-05
5492,37084,9,4,3,9.856000360741746e-06
5493,78048,4,4,3,6.8700001065735705e-06
5494,28902,5,4,1,1.1646000530163292e-05
5495,61051,4,3,0,4.178999915893655e-06
5496,28445,7,2,0,3.493999429338146e-06
5497,83562,6,3,1,7.642000127816573e-06
5498,86630,5,3,0,4.721000550489407e-06
5499,57575,4,4,2,9.446999683859758e-06
5500,37097,4,4,1,9.672000487626065e-06
5501,37101,4,4,1,9.184999726130627e-06
5502,2192,4,3,0,2.148000021406915e-06
5503,57582,4,4,2,9.087000762519892e-06
5504,24815,4,4,1,9.407999641553033e-06
5505,82165,4,4,3,8.967999747255817e-06
5506,28920,4,4,2,8.570000318286475e-06
5507,69886,6,4,1,1.0884999937843531e-05
5508,59191,5,3,0,2.755999958026223e-06
5509,42933,6,2,0,2.8370004656608216e-06
5510,37119,4,4,2,8.811999578028917e-06
5511,24832,7,4,2,1.1144999916723464e-05
5512,55794,6,3,2,7.0450005296152085e-06
5513,28929,5,4,1,1.0769000255095307e-05
5514,60665,4,3,0,2.3370002963929437e-06
5515,77564,5,2,0,2.5540002752677538e-06
5516,47043,4,1,0,2.022000444412697e-06
5517,73987,4,4,1,9.852999937720597e-06
5518,37568,4,3,0,2.4419996407232247e-06
5519,58792,4,2,0,2.2069998522056267e-06
5520,59197,4,1,0,2.0019997464260086e-06
5521,49438,10,4,1,1.2471999980334658e-05
5522,78114,6,4,0,8.474999958707485e-06
5523,20776,4,4,2,8.65199945110362e-06
5524,20777,4,4,1,1.0584000847302377e-05
5525,33064,9,4,2,1.6015000255720224e-05
5526,58672,5,3,1,6.9329998950706795e-06
5527,49451,4,4,1,9.603999387763906e-06
5528,11516,4,3,0,2.314000084879808e-06
5529,72908,4,2,0,1.939999492606148e-06
5530,64845,4,1,0,1.8910004655481316e-06
5531,41268,4,4,1,1.0040999768534675e-05
5532,46990,4,3,0,2.200000380980782e-06
5533,7978,4,2,0,2.5589997676433995e-06
5534,61361,7,3,1,8.182000783563126e-06
5535,24884,6,4,2,1.018799957819283e-05
5536,62652,5,3,0,4.797000656253658e-06
5537,20795,5,4,2,9.053000212588813e-06
5538,20797,4,4,1,9.739000233821571e-06
5539,32149,4,3,0,2.432000655971933e-06
5540,12218,5,2,0,2.827999196597375e-06
5541,8515,4,4,1,1.0879999535973184e-05
5542,331,4,4,2,9.358999705000315e-06
5543,41298,5,4,2,1.0369999472459313e-05
5544,342,4,4,1,1.0394000128144398e-05
5545,38536,5,3,0,2.5559993446222506e-06
5546,54486,6,3,0,5.214000339037739e-06
5547,78171,5,4,1,1.0652000128175132e-05
5548,31778,4,3,0,2.310000127181411e-06
5549,49502,6,4,1,1.020499985315837e-05
5550,33119,4,4,2,9.146000593318604e-06
5551,49126,4,3,0,2.3029997464618646e-06
5552,57700,6,4,1,1.1371999789844267e-05
5553,53605,4,4,1,1.0300000212737359e-05
5554,4453,4,4,1,1.004899968393147e-05
5555,24937,5,4,2,9.868999768514186e-06
5556,8554,5,4,3,5.902000339119695e-06
5557,8557,4,4,1,9.698000212665647e-06
5558,61811,4,4,1,9.94099991658004e-06
5559,24950,4,4,2,1.1327000720484648e-05
5560,82306,4,4,1,1.020399940898642e-05
5561,16888,4,3,0,2.5260005713789724e-06
5562,30757,4,2,0,2.275000042573083e-06
5563,76021,6,1,0,2.9590000849566422e-06
5564,86415,4,4,1,3.6903999898640905e-05
5565,40060,4,3,0,3.451999873504974e-06
5566,61842,4,4,1,1.1082000128226355e-05
5567,67232,4,3,0,2.4419996407232247e-06
5568,26797,4,2,0,2.1860005290363915e-06
5569,24978,5,4,1,4.102000275452156e-06
5570,27141,7,3,1,5.15100055054063e-06
5571,404,7,4,1,1.1622000783972908e-05
5572,74139,4,4,2,9.222000699082855e-06
5573,12713,4,4,1,1.107400021282956e-05
5574,78249,4,4,1,1.0540999937802553e-05
5575,75000,4,3,0,2.4270002541015856e-06
5576,78262,4,4,2,8.831999366520904e-06
5577,16830,4,4,1,9.954000233847182e-06
5578,68141,4,3,0,2.4029995984165e-06
5579,78272,4,4,1,1.0511999789741822e-05
5580,54513,4,3,0,2.400999619567301e-06
5581,38299,4,2,0,2.2220001483219676e-06
5582,56427,4,1,0,1.9799999790848233e-06
5583,33459,4,0,0,1.9600001905928366e-06
5584,78277,6,4,1,8.756000170251355e-06
5585,12753,4,4,1,1.0639999345585238e-05
5586,66008,4,4,1,9.203999979945365e-06
5587,39810,4,3,0,2.273999598401133e-06
5588,51233,4,2,0,2.0890001906082034e-06
5589,51290,15,2,1,7.410000762320124e-06
5590,61099,12,1,0,3.924999873561319e-06
5591,5370,4,2,1,4.673999683291186e-06
5592,82396,7,4,1,1.0894000297412276e-05
5593,70111,4,4,1,9.22799972613575e-06
5594,37355,4,4,1,9.88100055110408e-06
5595,80648,4,3,0,2.145000507880468e-06
5596,24402,5,3,1,6.287999894993845e-06
5597,34263,6,3,1,5.48899970453931e-06
5598,49646,4,4,1,1.0309000572306104e-05
5599,76516,5,3,0,3.24200027534971e-06
5600,79284,4,2,0,2.2119993445812725e-06
5601,43915,6,3,2,8.82399945112411e-06
5602,33268,4,4,2,9.813000360736623e-06
5603,8693,5,4,1,1.0951999684039038e-05
5604,8696,4,4,1,9.680999937700108e-06
5605,53233,4,3,0,2.311000571353361e-06
5606,40662,4,2,0,2.0609995772247203e-06
5607,507,7,4,2,1.0010999176301993e-05
5608,82440,4,4,1,9.670000508776866e-06
5609,16911,4,4,2,7.751999874017201e-06
5610,78358,4,4,1,1.0037999345513526e-05
5611,56845,4,3,0,2.331999894522596e-06
5612,3042,4,2,0,2.0500001483014785e-06
5613,41495,4,4,1,9.328000487585086e-06
5614,77420,4,3,0,2.4929995561251417e-06
5615,55770,4,2,0,2.2310005078907125e-06
5616,56561,7,1,0,3.0369992600753903e-06
5617,7473,4,0,0,1.7970005501410924e-06
5618,53791,4,4,1,9.10400012799073e-06
5619,49699,4,4,1,9.516999853076413e-06
5620,554,5,4,1,1.078000059351325e-05
5621,30227,4,3,0,2.3630000214325264e-06
5622,25137,4,4,1,9.35099978960352e-06
5623,49829,4,3,0,4.260000423528254e-06
5624,3204,5,3,1,3.6679994082078338e-06
5625,55098,5,2,1,3.744999958144035e-06
5626,33332,5,4,2,9.387999853061046e-06
5627,33337,4,4,1,9.967000551114324e-06
5628,33341,4,4,1,9.27700057218317e-06
5629,5817,4,3,0,2.2300000637187622e-06
5630,14528,4,2,0,2.1429996195365675e-06
5631,23932,4,1,0,2.02999945031479e-06
5632,1522,4,0,0,1.823000275180675e-06
5633,70208,4,4,2,7.822000043233857e-06
5634,36305,4,3,1,6.594999831577297e-06
5635,53142,4,2,0,2.1179994291742332e-06
5636,8773,4,4,1,9.452000085730106e-06
5637,66578,4,3,0,2.3270004021469504e-06
5638,75108,4,2,0,2.136000148311723e-06
5639,17945,4,1,0,1.9600001905928366e-06
5640,68268,4,0,0,1.6610001694061793e-06
5641,74315,7,4,2,1.2003999472653959e-05
5642,74319,5,4,1,1.4713999917148612e-05
5643,42566,5,3,0,3.0109995350358076e-06
5644,80306,4,2,0,2.1979994926368818e-06
5645,81618,4,1,0,2.0300003598094918e-06
5646,46453,13,2,1,6.21900016994914e-06
5647,62041,4,4,1,1.0303999260941055e-05
5648,616,4,4,2,7.485999958589673e-06
5649,78448,4,4,2,7.473999175999779e-06
5650,74362,9,4,1,1.2180999874544796e-05
5651,78458,5,4,2,1.0146999557036906e-05
5652,74371,4,4,1,9.921999662765302e-06
5653,17032,6,4,1,1.109000004362315e-05
5654,21134,4,4,1,1.1246999747527298e-05
5655,82574,13,4,2,1.4191999980539549e-05
5656,82576,4,4,1,1.0230999578197952e-05
5657,3217,4,3,0,2.330999450350646e-06
5658,60626,4,2,0,2.0139996195212007e-06
5659,49705,8,3,0,8.912999874155503e-06
5660,17047,7,4,2,1.1125000128231477e-05
5661,17054,4,4,1,9.843999578151852e-06
5662,32029,4,3,0,2.257000232930295e-06
5663,58018,4,4,2,8.381000043300446e-06
5664,4780,4,4,1,9.967000551114324e-06
5665,37564,4,4,1,9.123999916482717e-06
5666,88804,4,3,0,2.3310003598453477e-06
5667,45756,4,4,1,1.06999996205559e-05
5668,4796,6,4,3,8.12700000096811e-06
5669,49860,4,4,1,1.0184000529989135e-05
5670,64842,4,3,0,2.219999259978067e-06
5671,85678,4,2,0,2.165999831049703e-06
5672,24114,4,1,0,2.052000127150677e-06
5673,56916,5,0,0,2.275000042573083e-06
5674,710,5,4,1,1.123100082622841e-05
5675,78539,4,4,1,9.61499972618185e-06
5676,78542,4,4,1,8.976000572147314e-06
5677,30656,6,3,0,3.1700001272838563e-06
5678,58068,4,4,1,8.885000170266721e-06
5679,80973,4,3,0,2.386000232945662e-06
5680,36550,4,2,0,1.991000317502767e-06
5681,74499,7,1,0,6.3100005718297325e-06
5682,86752,4,4,1,1.3328000022738706e-05
5683,26344,4,3,0,2.1819996618432924e-06
5684,77143,4,2,0,2.126999788742978e-06
5685,88697,5,2,1,5.452000550576486e-06
5686,21218,4,4,1,1.2579999747686088e-05
5687,59631,4,3,0,2.351999683014583e-06
5688,53987,4,4,1,1.1004000043612905e-05
5689,66275,4,4,1,9.957000656868331e-06
5690,41710,5,4,1,7.786999958625529e-06
5691,40346,5,3,0,2.7249998311162926e-06
5692,78577,4,4,2,9.4600000011269e-06
5693,29428,4,4,1,9.222999324265402e-06
5694,47062,4,3,0,2.3029997464618646e-06
5695,80117,4,2,0,2.1850000848644413e-06
5696,61825,8,3,2,8.41899964143522e-06
5697,31024,9,3,1,9.033000424096826e-06
5698,59838,9,3,1,8.79300023370888e-06
5699,74484,4,4,1,9.46300042414805e-06
5700,84593,4,3,0,2.1639998522005044e-06
5701,32030,4,2,0,2.0289999156375416e-06
5702,19130,4,1,0,2.0170000425423495e-06
5703,45838,4,4,1,9.656999282015022e-06
5704,69510,4,3,0,2.2909998733666725e-06
5705,63088,4,2,0,2.0180004867142998e-06
5706,63401,4,1,0,1.8629998521646485e-06
5707,27570,7,1,1,4.69799942948157e-06
5708,37656,5,4,1,1.1209000149392523e-05
5709,18618,4,3,1,5.606000740954187e-06
5710,62237,4,4,1,1.1085000551247504e-05
5711,58150,4,4,2,8.641999556857627e-06
5712,21292,5,4,1,1.1094999535998795e-05
5713,51851,4,3,0,2.361999577260576e-06
5714,23355,4,2,0,2.083999788737856e-06
5715,31715,4,1,0,2.0529996618279256e-06
5716,45210,21,2,0,1.234499995916849e-05
5717,34768,9,3,1,9.288000001106411e-06
5718,33584,4,4,4,1.0028999895439483e-05
5719,33592,7,4,2,1.0104000466526486e-05
5720,62275,6,4,0,7.84599978942424e-06
5721,74568,4,4,2,9.91100023384206e-06
5722,21325,4,4,1,1.0011000085796695e-05
5723,14682,4,3,0,2.6369998522568494e-06
5724,50001,4,4,1,8.877999789547175e-06
5725,50003,4,4,1,1.001799955702154e-05
5726,70483,4,4,1,1.0091000149259344e-05
5727,29526,4,4,1,1.0640999789757188e-05
5728,21356,5,4,1,7.816999641363509e-06
5729,50040,4,4,1,1.0517000191612169e-05
5730,49010,4,3,0,2.5230001483578235e-06
5731,21369,4,4,1,9.362999662698712e-06
5732,10514,4,3,0,2.3630000214325264e-06
5733,86943,4,4,1,9.553000381856691e-06
5734,42588,4,3,0,2.3789998522261158e-06
5735,50088,4,4,1,9.741999747348018e-06
5736,21792,4,3,0,2.2089998310548253e-06
5737,33715,4,4,1,9.751999641594011e-06
5738,79472,4,3,0,2.302000211784616e-06
5739,89117,4,2,0,2.1859996195416898e-06
5740,74110,6,3,1,7.980000191309955e-06
5741,58318,4,4,2,9.757999578141607e-06
5742,78810,6,4,1,1.083999995898921e-05
5743,41957,5,4,1,1.1101999916718341e-05
5744,54246,4,4,1,9.35099978960352e-06
5745,14436,4,3,0,2.2209997041500174e-06
5746,33768,5,4,2,9.846000466495752e-06
5747,41964,5,4,2,9.045999831869267e-06
5748,61456,5,3,0,2.4810005925246514e-06
5749,38649,6,2,0,4.823999915970489e-06
5750,5102,4,4,1,1.2319999768806156e-05
5751,17390,4,4,1,1.0278000445396174e-05
5752,62799,4,3,0,2.3299999156733975e-06
5753,48554,4,2,0,2.233000486739911e-06
5754,54254,7,4,1,9.928999133990146e-06
5755,58353,4,4,1,9.485999726166483e-06
5756,79939,4,3,0,2.257000232930295e-06
5757,35489,4,2,0,2.035999386862386e-06
5758,77806,7,1,0,2.8209997253725305e-06
5759,23373,4,0,0,1.8040000213659368e-06
5760,29689,4,4,1,1.0085000212711748e-05
5761,21502,4,4,1,9.77099989540875e-06
5762,58371,4,4,2,9.606999810785055e-06
5763,21519,4,4,2,9.160000445262995e-06
5764,58383,4,4,2,9.737000254972372e-06
5765,42005,4,4,1,1.0358000508858822e-05
5766,68833,4,3,0,2.359000063734129e-06
5767,87064,5,4,2,8.509000508638564e-06
5768,89150,7,3,1,6.691000635328237e-06
5769,2188,8,3,2,9.75500006461516e-06
5770,76026,5,3,0,4.83900021208683e-06
5771,10596,11,3,1,8.639999578008428e-06
5772,50229,7,3,0,5.515999873750843e-06
5773,66590,4,4,1,9.434999810764566e-06
5774,9256,4,4,1,9.97200004348997e-06
5775,1072,6,4,2,9.379000402987003e-06
5776,9265,4,4,1,9.462999514653347e-06
5777,50238,4,4,2,8.725000043341424e-06
5778,35186,4,3,1,2.930999471573159e-06
5779,25675,4,4,2,8.168000022124033e-06
5780,83024,10,4,1,1.1301999620627612e-05
5781,46174,4,4,1,1.0045000635727774e-05
5782,87136,4,4,1,1.0842999472515658e-05
5783,76218,4,3,0,2.503000359865837e-06
5784,5219,6,4,2,1.0797999493661337e-05
5785,58468,6,4,1,8.023999725992326e-06
5786,69740,8,3,1,9.215999853040557e-06
5787,83047,6,4,1,3.7153000448597595e-05
5788,38885,7,3,1,5.991999387333635e-06
5789,21612,5,4,2,1.1972999345744029e-05
5790,62575,4,4,2,9.497000064584427e-06
5791,42108,5,4,2,9.012999726110138e-06
5792,70784,4,4,2,8.678000085637905e-06
5793,87170,4,4,2,8.224000339396298e-06
5794,10509,6,3,1,9.337999472336378e-06
5795,1161,5,4,1,1.0357000064686872e-05
5796,58511,4,4,1,9.991000297304709e-06
5797,58517,4,4,1,1.138500010711141e-05
5798,34784,5,3,0,3.0390001484192908e-06
5799,83094,5,4,2,9.751000106916763e-06
5800,46239,4,4,1,9.828999282035511e-06
5801,66723,8,4,1,1.3412000043899752e-05
5802,43503,4,3,1,3.6380006349645555e-06
5803,58535,4,4,1,9.41500002227258e-06
5804,9386,4,4,1,8.95000084710773e-06
5805,76588,6,3,0,3.557999662007205e-06
5806,30797,4,2,0,2.1410005501820706e-06
5807,43451,4,1,0,1.97000008483883e-06
5808,54447,9,4,1,1.1390000508981757e-05
5809,61373,5,3,1,3.864999598590657e-06
5810,54456,5,4,1,9.61499972618185e-06
5811,54458,5,4,1,1.0629999451339245e-05
5812,68482,4,3,0,2.399999175395351e-06
5813,36668,4,2,0,2.290000338689424e-06
5814,70848,5,4,2,1.1003000508935656e-05
5815,10979,7,3,0,6.40399957774207e-06
5816,83140,4,4,1,1.0604000635794364e-05
5817,59231,4,3,0,2.32499951380305e-06
5818,33992,4,4,2,8.851000529830344e-06
5819,70877,6,4,2,9.635999958845787e-06
5820,87276,8,4,1,4.984999577573035e-06
5821,77856,5,3,1,5.08599987369962e-06
5822,87289,5,4,2,9.989999853132758e-06
5823,70910,5,4,2,1.1052000445488375e-05
5824,1293,11,4,1,1.021799926093081e-05
5825,75027,4,4,1,9.542999578115996e-06
5826,17689,4,4,2,9.076000424101949e-06
5827,38175,4,4,2,8.197999704862013e-06
5828,79146,4,4,2,7.964000360516366e-06
5829,30749,4,3,1,3.1680001484346576e-06
5830,70956,4,4,1,9.761000001162756e-06
5831,3754,4,3,0,2.654000127222389e-06
5832,69145,8,3,0,7.235000339278486e-06
5833,35767,12,3,2,8.666999747219961e-06
5834,21805,5,4,1,8.343000445165671e-06
5835,30004,5,4,2,9.56799976847833e-06
5836,70967,4,4,2,9.174999831884634e-06
5837,34105,4,4,1,9.606000276107807e-06
5838,34107,4,4,1,1.0263000149279833e-05
5839,75067,5,4,1,9.760000466485508e-06
5840,42304,5,4,2,1.001799955702154e-05
5841,75077,4,4,2,9.217999831889756e-06
5842,30029,4,4,2,9.051999768416863e-06
5843,73414,9,3,1,8.623999747214839e-06
5844,21837,4,4,1,8.895000064512715e-06
5845,76449,4,3,0,2.128999767592177e-06
5846,83781,6,3,0,5.136999789101537e-06
5847,34932,6,3,1,7.962999916344415e-06
5848,30038,4,4,1,9.781000699149445e-06
5849,83289,9,4,2,1.2016000255243853e-05
5850,50525,6,4,1,1.2507999599620234e-05
5851,67800,4,3,0,2.2209997041500174e-06
5852,43408,6,2,0,2.854999365808908e-06
5853,21679,6,3,1,7.5259995355736464e-06
5854,58735,4,4,2,9.133000276051462e-06
5855,59795,7,3,0,5.8550003814161755e-06
5856,48260,7,3,1,6.229000064195134e-06
5857,71028,4,4,2,8.355999852938112e-06
5858,5494,4,4,2,9.162999958789442e-06
5859,75127,4,4,1,9.801000487641431e-06
5860,63368,4,3,0,2.2399999579647556e-06
5861,83327,8,4,1,9.469000360695645e-06
5862,71061,6,3,2,6.770999789296184e-06
5863,50564,4,4,1,9.107000551011879e-06
5864,71044,12,4,0,8.400999831792433e-06
5865,59687,5,3,1,7.451999408658594e-06
5866,56418,4,3,2,4.370000169728883e-06
5867,50861,11,3,2,6.958999620110262e-06
5868,83344,4,4,2,8.34299953567097e-06
5869,17809,4,4,1,9.658000635681674e-06
5870,66963,5,4,2,9.514999874227215e-06
5871,58772,4,4,1,1.003499983198708e-05
5872,83354,4,4,1,1.0226000085822307e-05
5873,46495,4,4,1,9.771000804903451e-06
5874,64539,5,3,0,3.045000084966887e-06
5875,17833,6,4,0,4.540899954008637e-05
5876,69163,5,3,1,8.6860000010347e-06
5877,9645,5,4,1,3.3257999348279554e-05
5878,83391,4,4,1,1.7804000890464522e-05
5879,67010,5,4,1,9.45899955695495e-06
5880,31940,8,3,0,9.144000614469405e-06
5881,71121,4,4,1,9.430999853066169e-06
5882,71122,4,4,1,9.513000804872718e-06
5883,42449,8,4,1,7.925999852886889e-06
5884,81760,7,3,2,9.856000360741746e-06
5885,59470,4,3,2,4.911000360152684e-06
5886,51580,13,3,0,7.411000296997372e-06
5887,21972,4,4,2,8.804999197309371e-06
5888,38362,5,4,3,7.935000212455634e-06
5889,40636,8,3,1,8.6840000221855e-06
5890,71136,4,4,1,8.672000149090309e-06
5891,71141,4,4,1,9.968000085791573e-06
5892,45665,5,3,0,3.1279996619559824e-06
5893,80636,6,3,0,3.5080001907772385e-06
5894,34280,5,4,1,1.1293000170553569e-05
5895,22011,4,4,1,1.0726000255090185e-05
5896,27448,5,3,0,3.130000550299883e-06
5897,46590,4,4,2,9.311000212619547e-06
5898,17919,4,4,1,1.0372999895480461e-05
5899,34312,9,4,2,1.2026999684167095e-05
5900,1549,4,4,2,8.098999387584627e-06
5901,46606,9,4,1,1.4403000022866763e-05
5902,26131,4,4,1,9.687999408924952e-06
5903,26142,7,4,1,9.316999239672441e-06
5904,63012,4,4,1,8.995999451144598e-06
5905,1580,4,4,1,9.25899985304568e-06
5906,67118,5,4,2,8.852000064507592e-06
5907,1586,5,4,2,8.932000127970241e-06
5908,30280,4,4,1,1.0825000572367571e-05
5909,13900,4,4,2,8.263999916380271e-06
5910,38477,4,4,2,9.776000297279097e-06
5911,30284,6,4,1,8.617999810667243e-06
5912,50768,4,4,1,1.0206999832007568e-05
5913,68759,4,3,0,2.3780003175488673e-06
5914,68140,4,2,0,2.0830002540606074e-06
5915,46682,7,4,1,1.2896999578515533e-05
5916,83554,4,4,1,1.10119999590097e-05
5917,42602,4,4,1,1.0108000424224883e-05
5918,46710,4,4,2,9.47299940889934e-06
5919,46712,4,4,1,9.657000191509724e-06
5920,1660,4,4,1,1.055999928212259e-05
5921,88085,4,3,0,2.535999556130264e-06
5922,63649,4,2,0,2.3400007194140926e-06
5923,83013,7,3,1,1.0087999726238195e-05
5924,38525,4,4,1,9.524999768473208e-06
5925,63100,4,4,1,9.296999451180454e-06
5926,43230,4,3,0,2.4270002541015856e-06
5927,76708,6,3,1,5.607999810308684e-06
5928,58073,6,2,0,5.296999916026834e-06
5929,53359,6,1,0,2.531000063754618e-06
5930,26236,8,4,2,7.146999450924341e-06
5931,59012,4,4,2,8.00600082584424e-06
5932,67215,6,4,1,1.1087000530096702e-05
5933,34456,4,4,3,8.443999831797555e-06
5934,5786,9,4,1,1.4870000086375512e-05
5935,79519,4,4,1,9.725999916554429e-06
5936,85275,5,3,0,3.0250002964749e-06
5937,52110,4,2,0,2.140999640687369e-06
5938,59946,6,3,1,8.189999789465219e-06
5939,1696,5,4,1,9.16499993763864e-06
5940,26294,6,4,3,9.727999895403627e-06
5941,48969,4,3,2,9.131999831879511e-06
5942,14011,4,4,1,1.1317999451421201e-05
5943,87742,4,4,1,1.0585999916656874e-05
5944,87747,5,4,2,8.932000127970241e-06
5945,9955,5,4,2,8.861999958753586e-06
5946,46822,4,4,1,9.748000593390316e-06
5947,79601,5,4,1,9.01099974726094e-06
5948,72687,6,3,0,3.115000254183542e-06
5949,33072,6,3,1,8.988999979919754e-06
5950,42746,6,4,1,6.673999450867996e-06
5951,38655,4,4,2,8.694999451108743e-06
5952,79615,8,4,3,1.0493000445421785e-05
5953,71426,5,4,2,9.835999662755057e-06
5954,14083,5,4,2,9.921000128088053e-06
5955,79625,4,4,1,9.599999430065509e-06
5956,23583,4,3,0,2.3659995349589735e-06
5957,75532,6,4,2,9.608999789634254e-06
5958,22286,9,4,2,1.0806000318552833e-05
5959,18191,4,4,1,9.897999916574918e-06
5960,30483,6,4,2,9.834999218583107e-06
5961,18206,5,4,1,1.0429000212752726e-05
5962,18210,5,4,1,1.036100002238527e-05
5963,31788,5,3,0,2.581999979156535e-06
5964,30513,4,4,3,8.705000254849438e-06
5965,71477,4,4,1,4.988900036551058e-05
5966,73111,4,3,0,5.157000487088226e-06
5967,79672,5,4,1,1.1682999684126116e-05
5968,77092,5,3,0,2.9209995773271658e-06
5969,53132,7,3,0,5.662999683408998e-06
5970,2219,11,2,1,5.193000106373802e-06
5971,26432,4,4,1,1.0323000424250495e-05
5972,26440,6,4,1,1.1947000530199148e-05
5973,18256,4,4,2,9.04199987417087e-06
5974,79704,4,4,1,1.0678999387891963e-05
5975,18270,4,4,3,7.558000106655527e-06
5976,27965,4,3,1,6.446000043069944e-06
5977,42854,4,4,1,1.0318999557057396e-05
5978,80766,4,3,0,2.425000275252387e-06
5979,42855,4,4,1,9.7720003395807e-06
5980,42860,4,4,2,7.58500027586706e-06
5981,18297,6,4,1,1.030100065690931e-05
5982,18302,6,3,0,2.9390002964646555e-06
5983,38780,5,4,2,8.572000297135673e-06
5984,79826,5,3,1,5.500000042957254e-06
5985,22401,4,4,1,9.884999599307775e-06
5986,3535,4,3,0,2.2659996830043383e-06
5987,26504,5,4,1,1.0988000212819315e-05
5988,34704,4,4,2,9.202000001096167e-06
5989,30609,5,4,2,9.7699994512368e-06
5990,87955,8,4,1,1.1176000043633394e-05
5991,63389,4,4,2,8.568999874114525e-06
5992,75680,5,4,2,1.099600012821611e-05
5993,51109,4,4,2,9.476000741415191e-06
5994,59315,4,4,1,9.88000010693213e-06
5995,30648,6,4,1,1.1594000170589425e-05
5996,55229,6,4,1,1.0935999853245448e-05
5997,30654,4,4,1,8.94699951459188e-06
5998,87999,7,4,1,1.0660999578249175e-05
5999,80323,6,3,0,6.122000741015654e-06
6000,53266,6,3,2,6.504000339191407e-06
6001,1990,5,4,2,1.0274999112880323e-05
6002,73176,6,3,1,7.829999958630651e-06
6003,6092,4,4,1,9.250999937648885e-06
6004,59347,5,4,2,8.827999408822507e-06
6005,73405,5,3,1,9.864999810815789e-06
6006,47061,4,4,2,8.751000677875709e-06
6007,67545,6,4,2,9.706000128062442e-06
6008,42972,4,4,1,9.729000339575578e-06
6009,47072,6,4,2,9.766000403033104e-06
6010,42978,4,4,2,8.443999831797555e-06
6011,14325,4,4,1,9.774999853107147e-06
6012,31286,4,3,0,2.2490003175335005e-06
6013,63485,7,4,1,1.3034999938099645e-05
6014,3799,7,3,0,3.4419999792589806e-06
6015,3628,7,3,1,9.483000212640036e-06
6016,14337,6,4,1,8.547999641450588e-06
6017,79874,4,4,2,7.915999958640896e-06
6018,71688,4,4,2,8.949999937613029e-06
6019,38935,4,4,2,7.978000212460756e-06
6020,47128,4,4,2,7.671999810554553e-06
6021,79898,4,4,1,9.734000741445925e-06
6022,38942,5,4,1,1.0159999874304049e-05
6023,71712,5,4,3,8.424000043305568e-06
6024,14371,4,4,1,1.4514000213239342e-05
6025,23514,4,3,0,2.388999746472109e-06
6026,76392,4,2,0,2.0799998310394585e-06
6027,84005,4,4,1,9.958999726222828e-06
6028,79912,4,4,1,1.0000999282056e-05
6029,2089,4,4,1,9.86700069915969e-06
6030,71731,4,4,1,1.012800021271687e-05
6031,81264,4,3,0,2.362000486755278e-06
6032,10336,4,2,0,2.26500014832709e-06
6033,84279,5,2,1,3.598999683163129e-06
6034,18483,6,4,1,1.0836000001290813e-05
6035,6195,5,4,1,1.0356000530009624e-05
6036,34872,5,4,2,8.897000043361913e-06
6037,88134,4,4,2,9.421999493497424e-06
6038,75847,5,4,1,1.1734000509022735e-05
6039,30803,4,4,1,9.83300014922861e-06
6040,22626,4,4,1,9.1499996415223e-06
6041,71793,6,4,2,9.417000001121778e-06
6042,68204,4,3,1,7.220000043162145e-06
6043,36894,5,3,2,6.143000064184889e-06
6044,55436,8,4,1,9.393000254931394e-06
6045,47254,5,4,2,1.0542000381974503e-05
6046,18595,4,4,1,1.0162999387830496e-05
6047,14736,4,3,0,2.232000042567961e-06
6048,63653,4,4,1,9.19499962037662e-06
6049,63660,4,4,1,9.649999810790177e-06
6050,55482,9,4,2,1.1932999768760055e-05
6051,2256,4,4,1,9.32200055103749e-06
6052,22746,4,4,1,8.988000445242506e-06
6053,80097,4,4,4,5.709000106435269e-06
6054,63715,4,4,2,8.962000720202923e-06
6055,39140,4,4,1,9.10299968381878e-06
6056,22755,4,4,2,8.849999176163692e-06
6057,59628,4,4,2,9.006000254885294e-06
6058,10482,7,4,1,1.7624999600229785e-05
6059,55543,7,4,2,1.0834000022441614e-05
6060,35065,4,4,1,9.651999789639376e-06
6061,35066,4,4,1,9.391999810759444e-06
6062,84226,4,4,1,9.270999726140872e-06
6063,43265,7,4,1,1.194300057250075e-05
6064,14596,4,4,1,1.0445999578223564e-05
6065,26885,4,4,2,1.0429999747429974e-05
6066,2315,6,4,2,1.0140000085812062e-05
6067,51472,4,4,2,8.799000170256477e-06
6068,10517,4,4,1,1.0460000339662656e-05
6069,51478,4,4,1,1.282599987462163e-05
6070,71962,4,4,1,9.274999683839269e-06
6071,16040,4,3,0,2.2100002752267756e-06
6072,10711,4,2,0,2.1369996829889715e-06
6073,26916,4,4,2,8.450000677839853e-06
6074,51503,8,4,1,1.3116999980411492e-05
6075,2814,4,3,0,2.3479997253161855e-06
6076,15875,6,2,0,2.739000592555385e-06
6077,43313,6,4,1,1.1735999578377232e-05
6078,22834,5,4,1,1.0318000022380147e-05
6079,80195,4,4,1,9.63000002229819e-06
6080,67913,4,4,1,9.15100008569425e-06
6081,67917,5,4,2,9.253999451175332e-06
6082,35150,5,4,2,1.0157000360777602e-05
6083,6477,12,4,1,9.993999810831156e-06
6084,18771,5,4,1,1.0634000318532344e-05
6085,14675,6,4,1,1.1589000678213779e-05
6086,14677,4,4,2,8.477999472233932e-06
6087,84938,6,3,0,4.770000487042125e-06
6088,11705,5,2,1,3.6430001273402013e-06
6089,35162,4,4,1,1.037499987432966e-05
6090,2404,5,4,1,9.919000149238855e-06
6091,43377,7,4,2,1.0931000360869803e-05
6092,31094,4,4,1,1.0370000381954014e-05
6093,2960,4,3,0,2.331999894522596e-06
6094,10629,4,4,2,8.138000339386053e-06
6095,67978,6,4,1,6.582999958482105e-06
6096,3971,4,3,3,4.804000127478503e-06
6097,46119,5,3,0,3.5690000004251488e-06
6098,80267,5,4,2,8.799999704933725e-06
6099,80859,4,3,0,2.1910000214120373e-06
6100,63447,5,3,1,7.284999810508452e-06
6101,84364,6,4,1,1.1048000487789977e-05
6102,14739,4,4,2,8.533999789506197e-06
6103,22934,4,4,1,1.0117000783793628e-05
6104,81895,4,3,0,2.18700006371364e-06
6105,14746,4,4,1,1.0323999958927743e-05
6106,72901,4,3,0,2.333999873371795e-06
6107,80286,4,4,2,9.133000276051462e-06
6108,35232,4,4,3,6.696999662381131e-06
6109,22957,4,4,2,9.532000149192754e-06
6110,84406,5,4,1,7.330000698857475e-06
6111,72139,5,4,1,1.0879000001295935e-05
6112,27096,4,4,1,9.483000212640036e-06
6113,63959,7,4,0,6.258000212255865e-06
6114,68058,6,4,1,1.1142999937874265e-05
6115,2533,4,4,3,6.755999493179843e-06
6116,55784,8,4,1,1.3048000255366787e-05
6117,14826,4,4,1,9.452000085730106e-06
6118,23021,5,4,2,8.139000783558004e-06
6119,74913,6,3,0,5.24099959875457e-06
6120,29398,6,3,0,5.269000212138053e-06
6121,18931,5,4,2,1.0716000360844191e-05
6122,27127,7,4,1,1.0719999409047887e-05
6123,39422,4,4,2,8.770999556872994e-06
6124,31237,4,4,1,9.731999853102025e-06
6125,64011,7,4,1,8.108000656648073e-06
6126,48636,6,3,1,7.540000297012739e-06
6127,88593,4,4,1,9.856999895418994e-06
6128,68125,5,4,2,8.364000677829608e-06
6129,68128,4,4,1,1.0130999726243317e-05
6130,55841,4,4,2,8.957999853009824e-06
6131,18977,4,4,1,6.14849996054545e-05
6132,18980,4,4,1,1.6603999938524794e-05
6133,40018,4,3,0,0.0011890790001416462
6134,14887,7,4,2,1.7642999409872573e-05
6135,52702,6,3,0,4.190000254311599e-06
6136,47898,12,2,1,9.579999641573522e-06
6137,30714,10,2,1,9.453000529902056e-06
6138,39471,5,4,1,2.150999989680713e-05
6139,64054,4,4,1,1.180199978989549e-05
6140,35839,5,3,0,4.098999852431007e-06
6141,59961,4,4,1,1.1092999557149597e-05
6142,59965,6,4,2,1.0867999662877992e-05
6143,23109,4,4,3,9.788999705051538e-06
6144,31302,4,4,1,9.372999556944706e-06
6145,31315,4,4,2,8.674999662616756e-06
6146,55896,5,4,2,5.642000360239763e-06
6147,72286,4,4,2,8.791000254859682e-06
6148,39952,11,3,1,7.003000064287335e-06
6149,31326,4,4,1,1.0603999726299662e-05
6150,14944,4,4,1,1.0018000466516241e-05
6151,76384,5,4,1,1.1480000466690399e-05
6152,88676,4,4,1,9.89700038189767e-06
6153,68202,4,4,2,9.067000064533204e-06
6154,7661,4,3,0,2.2699996407027356e-06
6155,2670,4,4,1,9.81700031843502e-06
6156,68211,6,4,1,1.0648999705153983e-05
6157,81802,4,3,0,2.3040001906338148e-06
6158,49076,4,2,0,2.1910000214120373e-06
6159,44434,4,1,0,2.069999936793465e-06
6160,60020,4,4,1,9.798000064620283e-06
6161,2678,4,4,1,1.0271999599353876e-05
6162,10879,5,4,2,8.217999493354e-06
6163,60036,4,4,1,9.999999747378752e-06
6164,47754,4,4,2,9.127999874181114e-06
6165,51853,5,4,1,1.048400008585304e-05
6166,80527,4,4,1,9.835000128077809e-06
6167,35498,6,4,2,1.1525999980221968e-05
6168,88771,5,4,2,9.856000360741746e-06
6169,2769,6,4,2,1.1103000360890292e-05
6170,35538,8,4,2,1.2384000001475215e-05
6171,72407,4,4,3,7.227000423881691e-06
6172,77817,7,3,1,9.217999831889756e-06
6173,87077,11,3,1,1.0341000233893283e-05
6174,19159,5,4,1,1.1467999684100505e-05
6175,2782,5,4,1,8.45400063553825e-06
6176,2786,6,4,1,6.550999387400225e-06
6177,48571,8,3,1,1.3056000170763582e-05
6178,76519,7,4,0,7.98800010670675e-06
6179,23273,4,4,2,1.0056000064651016e-05
6180,2799,4,4,1,1.034399974741973e-05
6181,2800,4,4,1,1.0676999409042764e-05
6182,64983,4,3,0,2.488000063749496e-06
6183,42974,7,3,0,5.9120002333656885e-06
6184,6899,5,4,1,1.005000012810342e-05
6185,44688,4,3,0,2.3239999791258015e-06
6186,32753,7,2,0,3.266000021540094e-06
6187,79631,6,2,1,5.4570000429521315e-06
6188,65470,6,1,0,2.544999915699009e-06
6189,68772,10,2,1,5.994999810354784e-06
6190,68340,4,4,1,9.868000233836938e-06
6191,68347,4,4,2,9.172000318358187e-06
6192,68350,4,4,1,9.90999978967011e-06
6193,56072,5,4,2,8.73099997988902e-06
6194,80657,5,4,3,1.0743000530055724e-05
6195,19235,4,4,1,1.0099000064656138e-05
6196,27437,5,4,2,1.1328000255161896e-05
6197,47929,6,4,1,8.147999324137345e-06
6198,68420,4,4,3,8.26499945105752e-06
6199,68426,4,4,1,9.888000022328924e-06
6200,15427,4,3,0,2.1759997252956964e-06
6201,1914,5,2,0,2.495000444469042e-06
6202,35673,12,4,1,1.5667999832658097e-05
6203,68441,10,4,2,7.581999852845911e-06
6204,15216,6,4,2,9.368999599246308e-06
6205,68466,5,4,1,5.973999577690847e-06
6206,43903,4,4,1,1.0236999514745548e-05
6207,72581,5,4,2,9.780999789654743e-06
6208,84870,4,4,2,8.113999683700968e-06
6209,2949,5,4,1,1.1139999514853116e-05
6210,48016,4,4,2,9.804999535845127e-06
6211,52113,4,4,1,4.803900083061308e-05
6212,80794,10,4,2,1.296600021305494e-05
6213,2973,5,4,1,8.54500012792414e-06
6214,52132,6,4,2,1.2724000043817796e-05
6215,56233,4,4,1,9.614000191504601e-06
6216,84906,9,4,1,1.5072000678628683e-05
6217,60331,4,4,2,8.989999514597002e-06
6218,60332,4,4,1,9.306999345426448e-06
6219,76728,4,4,2,1.0705000022426248e-05
6220,39864,5,4,1,1.0639999345585238e-05
6221,19394,4,4,1,9.370000043418258e-06
6222,11206,4,4,1,9.878000128082931e-06
6223,35788,5,4,1,9.16800036065979e-06
6224,68557,4,4,1,1.0717999430198688e-05
6225,15318,4,4,1,1.0067999937746208e-05
6226,68567,10,4,1,1.2155999684182461e-05
6227,25929,6,3,0,5.396000233304221e-06
6228,31719,4,4,1,1.0274000487697776e-05
6229,61366,4,3,0,2.2429994714912027e-06
6230,31721,4,4,1,9.792999662749935e-06
6231,52202,5,4,1,1.0263000149279833e-05
6232,7152,5,4,1,4.860999979428016e-06
6233,23542,4,4,1,1.0035000741481781e-05
6234,39929,4,4,1,1.0671999916667119e-05
6235,76813,4,4,1,9.993999810831156e-06
6236,52237,4,4,1,9.64599985309178e-06
6237,39955,4,4,1,1.0174999260925688e-05
6238,7188,4,4,1,1.0160999408981297e-05
6239,3095,13,4,1,1.4278999515227042e-05
6240,31773,4,4,1,1.0722000297391787e-05
6241,64546,4,4,2,8.540000635548495e-06
6242,80941,4,4,1,1.0308000128134154e-05
6243,89140,4,4,1,9.872000191535335e-06
6244,61343,4,3,0,2.4679993657628074e-06
6245,23605,5,4,2,9.934999980032444e-06
6246,48184,4,4,1,8.994000381790102e-06
6247,31803,4,4,2,8.284999239549506e-06
6248,60478,6,4,2,1.0968999959004577e-05
6249,76866,4,4,1,9.856999895418994e-06
6250,31828,4,4,1,1.0174000635743141e-05
6251,48213,4,4,1,9.415999556949828e-06
6252,28015,4,3,0,2.245000359835103e-06
6253,622,7,3,0,6.0600004871957935e-06
6254,58012,8,3,1,8.995999451144598e-06
6255,76886,4,4,3,8.613000318291597e-06
6256,15444,8,4,2,1.1425000593590084e-05
6257,27741,7,4,3,9.919000149238855e-06
6258,64611,10,4,2,1.2968000191904139e-05
6259,76901,8,4,1,1.1384000572434161e-05
6260,56422,6,4,1,1.2847000107285567e-05
6261,7914,4,3,0,2.263000169477891e-06
6262,48234,4,4,2,1.366299966321094e-05
6263,11377,7,4,1,1.2815000445698388e-05
6264,60530,8,4,2,1.0989999282173812e-05
6265,60630,4,3,1,7.365999408648349e-06
6266,72836,4,4,1,9.192000106850173e-06
6267,23685,8,4,1,1.2409999726514798e-05
6268,21050,13,3,0,5.59699947189074e-06
6269,23689,4,4,2,1.0163999832002446e-05
6270,76940,8,4,1,1.3294000382302329e-05
6271,40087,5,4,2,1.0426000699226279e-05
6272,3234,8,4,1,9.600999874237459e-06
6273,23726,5,4,2,1.4958000065234955e-05
6274,68785,4,4,1,0.00013287900037539657
6275,65062,6,3,0,6.017000487190671e-06
6276,85198,4,4,1,1.2071999663021415e-05
6277,60623,4,4,1,1.098300072044367e-05
6278,27865,4,4,2,9.991999831981957e-06
6279,60634,6,4,1,3.998500051238807e-05
6280,7398,7,4,3,1.1508999705256429e-05
6281,44267,4,4,1,1.0619000022416003e-05
6282,65459,4,3,0,2.3790007617208175e-06
6283,69568,4,2,0,2.10799953492824e-06
6284,10659,8,2,1,5.257000339042861e-06
6285,32135,12,3,1,1.164800050901249e-05
6286,7408,6,4,2,9.778000276128296e-06
6287,9812,7,3,2,8.070999683695845e-06
6288,11517,4,4,1,1.0684000699257012e-05
6289,36165,4,3,0,2.275000042573083e-06
6290,60670,4,4,1,1.1746000382117927e-05
6291,85256,4,4,1,1.0408999514766037e-05
6292,11530,4,4,1,9.057999704964459e-06
6293,85260,5,4,3,9.069999578059651e-06
6294,64783,4,4,2,8.529000297130551e-06
6295,11535,4,4,1,1.1310999980196357e-05
6296,11539,4,4,1,1.0566000128164887e-05
6297,40212,4,4,2,8.089999937510584e-06
6298,32023,4,4,1,1.0767000276246108e-05
6299,85272,6,4,1,1.2020999747619499e-05
6300,32027,4,4,1,1.0244999430142343e-05
6301,77093,4,4,1,9.870000212686136e-06
6302,7471,11,4,0,8.77900038176449e-06
6303,7472,4,4,1,9.958999726222828e-06
6304,15665,4,4,1,1.2022000191791449e-05
6305,15669,6,4,1,1.2339000022620894e-05
6306,49123,4,3,0,2.278000465594232e-06
6307,64830,4,4,1,1.0397000551165547e-05
6308,32070,4,4,1,1.099499968404416e-05
6309,52560,6,4,0,6.081999345042277e-06
6310,77144,4,4,1,9.52500067796791e-06
6311,48480,4,4,1,9.610000233806204e-06
6312,8017,5,3,0,3.1380004656966776e-06
6313,56675,5,4,1,9.80200002231868e-06
6314,68965,4,4,1,9.763999514689203e-06
6315,32323,4,3,0,2.40400004258845e-06
6316,81257,9,4,2,1.1775000530178659e-05
6317,11632,6,4,1,1.080899983207928e-05
6318,77176,5,4,2,9.232999218511395e-06
6319,11650,7,4,2,1.009700008580694e-05
6320,77200,4,4,3,7.398999514407478e-06
6321,32144,4,4,3,6.85600025462918e-06
6322,32148,4,4,2,8.590000106778461e-06
6323,73110,4,4,1,9.510999916528817e-06
6324,7577,4,4,1,1.3798000509268604e-05
6325,73116,6,4,2,9.812999451241922e-06
6326,77213,4,4,2,8.473999514535535e-06
6327,19871,4,4,2,9.010000212583691e-06
6328,19876,7,4,2,1.093399987439625e-05
6329,19884,5,4,1,9.702000170364045e-06
6330,77229,7,4,2,8.5299998318078e-06
6331,64967,6,4,2,1.1004000043612905e-05
6332,44487,8,4,0,1.2348000382189639e-05
6333,35836,8,3,0,3.729000127350446e-06
6334,56779,7,4,2,1.2213999980303925e-05
6335,69069,4,4,1,1.0991000635840464e-05
6336,32222,4,4,1,9.941000826074742e-06
6337,36322,4,4,2,8.57499981066212e-06
6338,24043,4,4,1,1.0822000149346422e-05
6339,40622,4,3,0,2.3120001060306095e-06
6340,24048,5,4,2,9.233000128006097e-06
6341,28145,4,4,2,8.992999937618151e-06
6342,81682,4,3,1,7.407999873976223e-06
6343,24052,4,4,1,9.970000064640772e-06
6344,28150,4,4,1,1.0427000233903527e-05
6345,81400,5,4,1,1.0734999705164228e-05
6346,85967,4,3,0,2.275000042573083e-06
6347,73268,8,3,0,4.036999598611146e-06
6348,1459,9,2,0,3.864999598590657e-06
6349,14618,7,2,1,5.901999429624993e-06
6350,21596,8,2,1,6.280999514274299e-06
6351,69114,9,4,1,1.2790999790013302e-05
6352,40444,5,4,2,1.0118999853148125e-05
6353,32253,7,4,2,9.97099959931802e-06
6354,52743,4,4,2,7.966999874042813e-06
6355,52750,4,4,1,9.592000424163416e-06
6356,65041,5,4,1,8.185999831766821e-06
6357,60948,6,4,2,1.10119999590097e-05
6358,36382,5,4,2,1.0196999937761575e-05
6359,69154,4,4,1,1.0056000064651016e-05
6360,24102,4,4,2,9.200000022246968e-06
6361,81447,4,4,1,1.0642999768606387e-05
6362,73257,4,4,2,9.70599921856774e-06
6363,20028,4,4,3,7.695000022067688e-06
6364,24127,5,4,2,3.6162000469630584e-05
6365,15936,4,4,2,9.198999578075018e-06
6366,36417,4,4,1,1.0155999916605651e-05
6367,77384,10,4,1,1.2675999641942326e-05
6368,48717,4,4,1,1.0120000297320075e-05
6369,40526,7,4,1,1.0963000022456981e-05
6370,7778,4,4,1,1.0163000297325198e-05
6371,7782,5,4,2,1.0881999514822382e-05
6372,52845,4,4,1,9.330000466434285e-06
6373,48761,4,4,1,1.1633999747573398e-05
6374,28286,10,4,1,9.721000424178783e-06
6375,16006,6,4,2,1.1814000572485384e-05
6376,56970,4,4,1,8.910999895306304e-06
6377,65168,5,4,2,1.0411999937787186e-05
6378,52890,4,4,1,9.73799978964962e-06
6379,77467,4,4,1,1.0347000170440879e-05
6380,77474,8,4,1,1.0823000593518373e-05
6381,40618,5,4,3,7.862000529712532e-06
6382,20138,5,4,2,9.026999578054529e-06
6383,32430,5,4,1,7.626999831700232e-06
6384,61123,4,4,2,8.493000677844975e-06
6385,16068,11,4,2,1.443800010747509e-05
6386,73411,6,4,2,9.342999874206726e-06
6387,3794,4,4,2,9.231999683834147e-06
6388,65257,4,4,2,1.129100019170437e-05
6389,44782,4,4,1,1.0664000001270324e-05
6390,57079,4,4,2,8.675000572111458e-06
6391,61179,4,4,1,9.67800042417366e-06
6392,57087,11,4,1,1.1022999387932941e-05
6393,77570,5,4,1,8.042000445129815e-06
6394,81894,5,3,1,7.503000233555213e-06
6395,61192,4,4,3,7.58500027586706e-06
6396,85770,8,4,2,8.77799993759254e-06
6397,16143,8,4,2,1.1625000297499355e-05
6398,44816,4,4,2,7.882999852881767e-06
6399,16146,5,4,1,1.1375000212865416e-05
6400,81695,4,4,2,9.311000212619547e-06
6401,57120,4,4,1,1.0560000191617291e-05
6402,32547,4,4,2,8.924000212573446e-06
6403,36649,4,4,1,1.0335000297345687e-05
6404,77618,6,4,1,1.3513000340026338e-05
6405,77639,5,3,0,2.930999471573159e-06
6406,66514,8,3,0,7.573999937449116e-06
6407,7989,6,4,1,1.1144000382046215e-05
6408,7991,5,4,1,1.0884999937843531e-05
6409,16188,4,4,1,1.042300027620513e-05
6410,48957,4,4,2,8.572000297135673e-06
6411,77642,4,4,2,9.052999303094111e-06
6412,53070,4,4,2,8.742999852984212e-06
6413,8014,10,4,1,1.3938999472884461e-05
6414,40785,4,4,2,1.3498000043909997e-05
6415,69465,5,4,1,1.0398999620520044e-05
6416,53082,6,4,2,9.219999810738955e-06
6417,55343,6,3,1,8.113000149023719e-06
6418,3934,4,4,2,8.394999895244837e-06
6419,3943,5,4,1,1.2755000170727726e-05
6420,61295,5,4,1,8.396999874094035e-06
6421,69496,4,4,1,9.004999810713343e-06
6422,13202,5,3,0,2.7419991965871304e-06
6423,18764,7,3,0,5.080999471829273e-06
6424,41941,7,3,1,8.330999662575778e-06
6425,52322,8,3,1,8.442999387625605e-06
6426,69503,5,4,2,9.81700031843502e-06
6427,28545,4,4,1,9.991999831981957e-06
6428,69509,4,4,3,7.239999831654131e-06
6429,57223,5,4,2,9.155000043392647e-06
6430,40840,4,4,2,1.0582999493635725e-05
6431,12166,5,4,1,1.091900048777461e-05
6432,57228,5,4,2,9.051999768416863e-06
6433,53137,5,4,2,9.639999916544184e-06
6434,20374,14,4,4,1.5364999853773043e-05
6435,49053,9,4,1,9.963000593415927e-06
6436,24479,6,4,1,1.1451999853306916e-05
6437,61352,4,4,1,9.252000381820835e-06
6438,61386,4,4,1,1.495300057285931e-05
6439,20432,5,4,2,1.050100036081858e-05
6440,20434,4,4,2,3.4933000279124826e-05
6441,16341,4,4,2,8.590000106778461e-06
6442,77785,4,4,2,8.753000656724907e-06
6443,65504,5,4,1,1.0575000487733632e-05
6444,49120,11,4,1,9.186000170302577e-06
6445,79268,8,3,0,4.7670000640209764e-06
6446,81890,4,4,2,8.46700004331069e-06
6447,24551,4,4,1,1.0508999366720673e-05
6448,53224,4,4,1,9.938999937730841e-06
6449,45033,7,4,1,1.2354999853414483e-05
6450,45038,6,4,2,1.1959999937971588e-05
6451,16383,4,4,2,1.1219000043638516e-05
6452,24633,6,4,1,9.811999916564673e-06
6453,14542,5,3,0,2.7340001906850375e-06
6454,82445,6,2,0,2.8409995138645172e-06
6455,7977,8,3,0,6.784000106563326e-06
6456,8276,7,4,1,9.32200055103749e-06
6457,45187,6,4,2,9.150000551017001e-06
6458,139,6,4,1,1.1052000445488375e-05
6459,69800,8,4,0,7.720999747107271e-06
6460,86219,6,4,2,9.252999916498084e-06
6461,32976,5,4,2,8.967999747255817e-06
6462,8450,5,4,1,1.1882999388035387e-05
6463,9696,7,3,0,3.4589993447298184e-06
6464,69908,6,4,1,8.490000254823826e-06
6465,363,6,4,2,9.434000276087318e-06
6466,61803,5,4,1,4.441999408300035e-06
6467,33134,8,4,1,1.0626999937812798e-05
6468,53641,7,4,1,1.0693999684008304e-05
6469,12690,5,4,1,1.0863999705179594e-05
6470,78257,9,4,2,1.1142999937874265e-05
6471,25030,8,4,1,1.0278999980073422e-05
6472,12778,7,4,0,7.016000381554477e-06
6473,70126,6,4,0,5.867999789188616e-06
6474,45559,8,4,1,8.818999958748464e-06
6475,49656,6,4,0,9.587000022293068e-06
6476,16914,5,4,2,1.0183999620494433e-05
6477,82460,10,4,0,1.0605000170471612e-05
6478,74291,5,4,1,1.001799955702154e-05
6479,78418,6,4,1,6.482000571850222e-06
6480,45654,7,4,1,1.22499995995895e-05
6481,25187,7,4,2,7.876999916334171e-06
6482,57980,5,4,1,8.40600023366278e-06
6483,4752,7,4,1,1.3312999726622365e-05
6484,49853,7,4,1,1.2159999641880859e-05
6485,78550,6,4,3,8.320000233652536e-06
6486,735,5,4,2,4.357999387138989e-06
6487,33548,5,4,1,1.0503999874345027e-05
6488,33561,6,4,0,8.96600067790132e-06
6489,74550,5,4,1,7.267999535542913e-06
6490,86889,8,4,1,1.254499966307776e-05
6491,66426,8,4,1,7.030000233498868e-06
6492,5004,5,4,1,1.0102000487677287e-05
6493,33718,6,4,1,1.7147999642475042e-05
6494,21510,5,4,2,9.889000466500875e-06
6495,66573,11,4,2,1.0457999451318756e-05
6496,62493,5,4,1,7.571999958599918e-06
6497,33834,8,4,2,9.936999958881643e-06
6498,58428,10,4,2,7.987000572029501e-06
6499,1098,8,4,1,1.1760999768739566e-05
6500,78947,11,4,1,1.2907999916933477e-05
6501,17508,9,4,2,1.0589000339678023e-05
6502,1142,7,4,1,9.7679994723876e-06
6503,62642,6,4,1,5.011999746784568e-06
6504,50355,10,4,1,1.4399999599845614e-05
6505,87229,11,4,1,1.1569999514904339e-05
6506,13587,8,4,1,6.5169997469638474e-06
6507,83302,8,3,1,5.176999366085511e-06
6508,66849,9,4,2,8.957999853009824e-06
6509,75063,7,4,1,8.436999451078009e-06
6510,5484,9,4,1,9.168999895337038e-06
6511,43247,8,3,0,3.5290004234411754e-06
6512,83315,5,4,1,4.6530003601219505e-06
6513,46459,6,4,2,1.0597999789752066e-05
6514,75136,6,4,1,1.1559000085981097e-05
6515,42372,5,4,3,1.0693999684008304e-05
6516,79270,5,4,1,1.1353999980201479e-05
6517,9658,7,4,1,1.0720999853219837e-05
6518,79300,6,4,1,6.808000762248412e-06
6519,71120,9,4,1,1.1432999599492177e-05
6520,34267,6,4,1,1.003199940896593e-05
6521,58865,7,4,2,1.0628000381984748e-05
6522,26103,5,4,1,1.2324999261181802e-05
6523,54779,6,4,2,8.85600002220599e-06
6524,67111,10,4,1,1.1154999810969457e-05
6525,83496,6,4,0,7.906000064394902e-06
6526,1578,8,4,2,1.002000044536544e-05
6527,79440,7,4,0,1.0946000656986143e-05
6528,43327,6,3,0,5.32000012753997e-06
6529,56226,7,2,0,2.980000317620579e-06
6530,54202,7,3,2,6.970999493205454e-06
6531,71269,7,4,0,8.586999683757313e-06
6532,79467,11,4,3,1.3689999832422473e-05
6533,79526,6,4,1,9.643999874242581e-06
6534,22187,7,4,1,8.211999556806404e-06
6535,46887,6,4,2,8.99700080481125e-06
6536,46894,6,4,0,7.729000571998768e-06
6537,79685,9,4,1,1.1575000826269388e-05
6538,52670,5,3,1,7.3729997893678956e-06
6539,10091,8,4,1,5.980000423733145e-06
6540,87927,9,4,2,1.2887000593764242e-05
6541,83835,8,4,0,9.931999557011295e-06
6542,30626,13,4,2,1.33379999169847e-05
6543,47039,5,4,1,5.978999979561195e-06
6544,63440,5,4,1,9.656999282015022e-06
6545,38903,6,4,0,9.363000572193414e-06
6546,6156,8,4,0,7.052000000840053e-06
6547,6185,6,4,1,1.158399936684873e-05
6548,55376,5,4,1,9.463999958825298e-06
6549,10369,6,4,1,8.435000381723512e-06
6550,63644,6,4,1,9.573000170348678e-06
6551,18654,9,4,1,1.0943999768642243e-05
6552,63771,5,4,2,9.286000022257213e-06
6553,10567,9,4,0,8.969999726105016e-06
6554,22874,9,4,1,7.81399921834236e-06
6555,27026,5,4,1,1.133800014940789e-05
6556,35217,6,4,0,6.311000106506981e-06
6557,43454,6,3,0,5.759000487159938e-06
6558,80301,7,4,1,8.467999577987939e-06
6559,27144,7,4,0,8.400999831792433e-06
6560,27179,13,4,1,1.0241000381938647e-05
6561,14921,6,4,2,7.130000085453503e-06
6562,23210,5,4,1,7.107999408617616e-06
6563,47808,8,4,0,7.600000571983401e-06
6564,47838,8,4,1,1.1975000234087929e-05
6565,19254,10,4,1,1.0504000783839729e-05
6566,68411,10,4,1,8.381000043300446e-06
6567,72562,5,4,1,7.5810003181686625e-06
6568,72667,5,4,2,6.673999450867996e-06
6569,23585,8,4,0,7.04200010659406e-06
6570,27749,7,4,1,9.981000403058715e-06
6571,72819,6,4,1,1.0310000106983352e-05
6572,7357,5,4,1,1.0433999705128372e-05
6573,60678,8,4,2,9.606999810785055e-06
6574,40208,5,4,1,5.140000212122686e-06
6575,44305,9,4,1,6.354000106512103e-06
6576,23883,5,4,2,8.768999578023795e-06
6577,73056,5,4,1,1.1254000128246844e-05
6578,32407,7,4,2,9.70900055108359e-06
6579,40651,5,4,2,1.1977999747614376e-05
6580,61137,6,4,1,1.135200000135228e-05
6581,28449,8,4,1,1.1594000170589425e-05
6582,32592,7,4,1,8.151999281835742e-06
6583,49138,8,4,1,1.239199991687201e-05
6584,37004,5,4,1,6.8939998527639546e-06
6585,28892,8,4,2,9.194000085699372e-06
6586,49415,14,4,1,1.723000059428159e-05
6587,28940,7,4,1,1.8188000467489474e-05
6588,20909,13,4,0,0.00012532700020528864
6589,4605,8,4,3,1.1518000064825173e-05
6590,58025,8,4,1,1.2194999726489186e-05
6591,45944,7,4,2,1.871999938884983e-05
6592,29581,6,4,0,9.682999916549306e-06
6593,46020,7,4,2,9.924000551109202e-06
6594,29735,7,4,0,6.741999641235452e-06
6595,46197,9,4,2,1.357200017082505e-05
6596,1151,6,4,1,9.395000233780593e-06
6597,22019,9,4,1,9.92500008578645e-06
6598,26249,7,4,1,1.2821000382245984e-05
6599,40079,10,3,0,4.37400012742728e-06
6600,5535,5,3,1,7.765000191284344e-06
6601,37393,11,3,1,6.8700001065735705e-06
6602,34782,5,4,1,8.379000064451247e-06
6603,51341,10,4,1,1.3126999874657486e-05
6604,6626,9,4,1,1.0316000043530948e-05
6605,68852,8,4,3,9.461999979976099e-06
6606,52567,8,4,1,9.60200031840941e-06
6607,28440,9,4,2,8.266999429906718e-06
6608,37064,9,4,1,1.0923999980150256e-05
6609,26846,9,4,2,1.203299962071469e-05
6610,32388,7,4,1,1.0016000487667043e-05
6611,50609,5,4,2,9.889000466500875e-06
6612,14320,7,4,1,9.318000593339093e-06
6613,20484,11,5,0,1.2550999599625356e-05
6614,57358,11,5,2,1.6791999769338872e-05
6615,32794,10,5,1,1.5806999726919457e-05
6616,59538,7,4,3,1.0892000318563078e-05
6617,65242,13,4,1,9.872999726212583e-06
6618,26018,8,4,1,9.511999451206066e-06
6619,3927,6,4,2,8.845999218465295e-06
6620,27,9,5,2,1.2491999768826645e-05
6621,71704,7,4,1,1.1359000382071827e-05
6622,73762,5,5,3,1.2389000403345563e-05
6623,41050,5,5,2,1.132500074163545e-05
6624,2542,8,4,0,6.764000318071339e-06
6625,73927,6,4,2,5.592999514192343e-06
6626,61535,5,5,3,1.0847999874386005e-05
6627,61540,5,5,2,1.3288000445754733e-05
6628,81160,5,4,1,9.991000297304709e-06
6629,327,10,4,1,7.07300023350399e-06
6630,65678,6,5,1,1.6076000065368135e-05
6631,2894,5,4,0,3.0139999580569565e-06
6632,7615,5,3,0,2.68099938693922e-06
6633,148,5,5,1,1.4294999346020631e-05
6634,33579,5,4,0,3.129999640805181e-06
6635,49970,5,3,0,2.809999386954587e-06
6636,29888,7,3,0,3.78400000045076e-06
6637,49986,8,3,1,6.330000360321719e-06
6638,4256,5,5,1,1.4340000234369654e-05
6639,10500,5,4,0,2.937000317615457e-06
6640,52260,5,3,0,2.585000402177684e-06
6641,24737,5,5,2,1.7414000467397273e-05
6642,848,5,4,1,1.05480003185221e-05
6643,61602,7,5,2,1.8134999663743656e-05
6644,45216,5,5,2,1.386800067848526e-05
6645,86609,6,4,1,6.285000381467398e-06
6646,8361,5,5,2,1.1548000657057855e-05
6647,24746,5,5,1,1.5139999959501438e-05
6648,57997,6,4,0,3.603000550356228e-06
6649,185,5,5,1,1.3656999726663344e-05
6650,37050,5,5,1,1.3752000086242333e-05
6651,2534,5,4,0,2.7590003810473718e-06
6652,19990,5,3,0,2.654000127222389e-06
6653,55882,5,2,0,2.70000055024866e-06
6654,55884,5,1,0,2.306999704160262e-06
6655,46158,11,2,2,7.329999789362773e-06
6656,24761,7,5,1,1.7172000298160128e-05
6657,78016,7,5,1,1.4434000149776693e-05
6658,77148,5,4,0,3.08499966195086e-06
6659,76916,7,4,1,6.352999662340153e-06
6660,86220,5,5,1,1.470300048822537e-05
6661,83414,7,4,0,3.9599999581696466e-06
6662,43543,5,3,0,2.7340001906850375e-06
6663,44074,5,2,0,2.5620001906645484e-06
6664,40017,8,3,1,8.42300050862832e-06
6665,24781,14,5,2,1.9014999452338088e-05
6666,78028,10,5,2,1.3273000149638392e-05
6667,86225,6,5,2,1.2225000318721868e-05
6668,221,5,5,2,1.2458999663067516e-05
6669,224,5,5,1,3.6915999771736097e-05
6670,80772,5,4,0,5.915999281569384e-06
6671,53477,5,5,2,1.623799926164793e-05
6672,59184,5,4,0,2.9530001484090462e-06
6673,69068,7,4,1,9.357999260828365e-06
6674,53481,5,5,1,1.4457000361289829e-05
6675,69868,5,5,3,1.2725999113172293e-05
6676,82162,13,5,3,1.5495999832637608e-05
6677,21982,6,4,2,9.88000010693213e-06
6678,65781,5,5,2,1.451800017093774e-05
6679,74488,6,4,0,5.404999683378264e-06
6680,37110,8,5,0,1.1527000424393918e-05
6681,28917,11,5,3,1.7405999642505776e-05
6682,73985,9,5,4,1.2481999874580652e-05
6683,72776,6,4,3,1.0140000085812062e-05
6684,33301,9,4,2,7.998000000952743e-06
6685,28935,5,5,1,1.4479000128631014e-05
6686,50615,5,4,0,3.2520001695957035e-06
6687,78103,6,5,2,1.3883999599784147e-05
6688,86306,10,5,3,1.2949999472766649e-05
6689,54184,9,4,1,1.4231000022846274e-05
6690,86309,7,5,0,1.3524999303626828e-05
6691,64440,7,4,0,3.3270007406827062e-06
6692,54198,9,4,2,1.0471999303263146e-05
6693,303,10,5,1,1.5809999240445904e-05
6694,72246,9,4,1,1.1705000360962003e-05
6695,16688,6,5,2,1.3169999874662608e-05
6696,61767,8,5,2,1.3140000191924628e-05
6697,82256,7,5,1,1.5091999557625968e-05
6698,49129,7,4,0,3.72300019080285e-06
6699,43083,5,3,0,2.5620001906645484e-06
6700,14233,8,2,0,3.7490008253371343e-06
6701,79827,5,1,0,2.4390001271967776e-06
6702,48872,8,1,0,3.5650000427267514e-06
6703,82268,6,5,1,1.5126000107557047e-05
6704,14949,6,4,0,3.148000359942671e-06
6705,359,8,5,1,1.5347000044130255e-05
6706,57713,8,5,2,1.7517999367555603e-05
6707,15402,6,4,1,6.861000656499527e-06
6708,53620,5,5,3,1.2321999747655354e-05
6709,65908,5,5,1,1.4317999557533767e-05
6710,52888,5,4,0,3.1429999580723234e-06
6711,60092,5,3,0,2.894999852287583e-06
6712,1905,5,2,0,2.5079998522414826e-06
6713,71321,5,1,0,2.3960001271916553e-06
6714,62889,13,3,1,1.105800038203597e-05
6715,8575,5,5,1,1.4383999769052025e-05
6716,8105,5,4,0,2.75899947155267e-06
6717,41357,6,5,1,1.350900038232794e-05
6718,37261,11,5,2,1.946399970620405e-05
6719,81031,7,4,1,9.977999980037566e-06
6720,53647,8,5,3,1.4174000170896761e-05
6721,20888,5,5,2,1.3908999790146481e-05
6722,85469,7,4,0,9.80300046649063e-06
6723,43096,6,4,1,8.113999683700968e-06
6724,31122,6,3,0,2.714000402193051e-06
6725,37273,7,5,1,1.7039999875123613e-05
6726,52313,6,4,0,3.4600006983964704e-06
6727,57045,6,3,0,3.2640000426908955e-06
6728,25206,6,2,0,2.700999175431207e-06
6729,426,5,5,1,1.6033000065363012e-05
6730,77041,5,4,0,2.905000656028278e-06
6731,37295,5,5,3,1.5075999726832379e-05
6732,1835,8,4,0,6.986000698816497e-06
6733,12724,5,5,3,1.0608000593492761e-05
6734,16887,5,4,1,1.0519999705138616e-05
6735,445,11,5,1,1.4620000001741573e-05
6736,33223,8,5,2,1.6451000192319043e-05
6737,33596,7,4,0,6.836000466137193e-06
6738,61905,6,5,2,1.1500000255182385e-05
6739,86484,5,5,1,1.3937000403529964e-05
6740,41884,5,4,0,3.026999365829397e-06
6741,35268,5,3,0,3.8624999433523044e-05
6742,51807,5,2,0,3.4060003599734046e-06
6743,57307,9,4,0,8.822000381769612e-06
6744,49626,6,5,2,3.976500011049211e-05
6745,66012,7,5,1,1.7655000192462467e-05
6746,43383,5,4,1,4.616999831341673e-06
6747,33245,6,5,3,1.158600025519263e-05
6748,25054,5,5,2,1.2335000064922497e-05
6749,70110,5,5,1,1.3887000022805296e-05
6750,72884,5,4,0,2.812999809975736e-06
6751,82409,5,5,1,1.4242999895941466e-05
6752,61363,5,4,0,2.961000063805841e-06
6753,87377,6,4,1,1.1068000276281964e-05
6754,70138,9,5,1,1.1822000487882178e-05
6755,37376,7,5,3,1.1546999303391203e-05
6756,82436,6,5,2,1.4709999959450215e-05
6757,25096,5,5,1,1.4371999895956833e-05
6758,76609,5,4,0,2.8529993869597092e-06
6759,52516,5,3,0,2.906999725382775e-06
6760,72909,5,2,0,2.73000023298664e-06
6761,49566,10,3,0,7.98800010670675e-06
6762,21009,5,5,1,1.3683999895874877e-05
6763,60438,5,4,0,2.7659998522722162e-06
6764,1542,5,3,0,2.742000106081832e-06
6765,81898,5,2,0,2.523999683035072e-06
6766,23695,5,1,0,2.5009994715219364e-06
6767,68858,5,0,0,2.119999408023432e-06
6768,29218,5,5,1,1.4860000192129519e-05
6769,15410,5,4,0,2.736000169534236e-06
6770,17927,5,3,0,4.549000550468918e-06
6771,61991,5,5,1,1.4449999980570283e-05
6772,30259,5,4,0,2.9149996407795697e-06
6773,36688,6,4,1,5.625000085274223e-06
6774,66307,12,4,0,1.2620000234164763e-05
6775,29230,5,5,2,1.3474000297719613e-05
6776,70862,5,4,1,6.662000487267505e-06
6777,82483,5,5,1,1.5239000276778825e-05
6778,41533,5,5,1,1.5108000297914259e-05
6779,62013,11,5,3,1.4287999874795787e-05
6780,86597,9,5,2,1.4942000234441366e-05
6781,8780,8,5,2,1.5024999811430462e-05
6782,57962,5,5,1,1.4276000001700595e-05
6783,64250,5,4,0,2.6799998522619717e-06
6784,46274,10,3,0,5.48899970453931e-06
6785,7607,5,2,0,2.496999513823539e-06
6786,20052,7,3,1,8.073999197222292e-06
6787,16197,8,4,1,1.2543000593723264e-05
6788,78471,9,5,3,1.3584000043920241e-05
6789,35476,10,4,2,9.376999514643103e-06
6790,21145,5,5,1,1.4835000001767185e-05
6791,21147,5,5,1,1.3240000043879263e-05
6792,53924,5,5,2,1.2583999705384485e-05
6793,4781,5,5,1,1.3516000763047487e-05
6794,37551,14,5,3,1.3565999324782752e-05
6795,12976,9,5,1,1.4414000361284707e-05
6796,696,5,5,2,1.3889999536331743e-05
6797,45755,5,5,3,1.2878000234195497e-05
6798,68682,10,4,0,1.0396000106993597e-05
6799,88991,9,4,0,8.377999620279297e-06
6800,41683,6,5,3,1.2894999599666335e-05
6801,53978,8,5,3,1.5481999980693217e-05
6802,53998,5,5,3,1.3515000318875536e-05
6803,17138,5,5,1,1.5423999684571754e-05
6804,4871,5,5,1,1.4813999769103248e-05
6805,68146,5,4,0,2.8989998099859804e-06
6806,37640,6,5,3,1.138199968409026e-05
6807,49934,9,5,3,1.580099979037186e-05
6808,77016,6,4,0,8.566000360588077e-06
6809,78621,10,5,2,1.3402000149653759e-05
6810,33566,5,5,1,6.766899969079532e-05
6811,79702,5,4,0,3.116000698355492e-06
6812,86353,9,4,0,7.779000043228734e-06
6813,62239,5,5,1,1.4174000170896761e-05
6814,48178,5,4,0,2.695999683055561e-06
6815,68231,6,4,1,1.0402000043541193e-05
6816,58160,5,5,3,4.0611000258650165e-05
6817,21319,5,5,1,1.614800021343399e-05
6818,63177,5,4,0,3.168999683111906e-06
6819,30771,5,3,0,2.701999619603157e-06
6820,14608,7,3,1,6.1270002333913e-06
6821,13140,9,5,2,1.8407000425213482e-05
6822,48143,7,4,1,1.0108999958902132e-05
6823,855,8,5,2,1.693299964244943e-05
6824,46975,9,4,1,7.343999641307164e-06
6825,14825,6,4,1,1.2118999620724935e-05
6826,21337,5,5,1,1.4885000382491853e-05
6827,61131,5,4,0,3.0139999580569565e-06
6828,38954,5,3,0,2.752999535005074e-06
6829,45916,14,5,2,2.011299966397928e-05
6830,63784,10,4,0,6.903999747009948e-06
6831,16073,7,3,0,4.283999260223936e-06
6832,65906,13,3,1,9.035000402946025e-06
6833,29533,5,5,1,1.5148000784392934e-05
6834,25447,6,5,1,2.0334999135229737e-05
6835,83290,5,4,0,3.2099997042678297e-06
6836,85225,8,4,1,6.676000339211896e-06
6837,60650,10,3,0,4.601000000548083e-06
6838,29615,9,4,2,1.0738999662862625e-05
6839,9339,9,4,1,1.2904999493912328e-05
6840,50035,11,5,2,1.8763000298349652e-05
6841,17830,9,4,0,6.434999704652e-06
6842,81652,6,3,0,4.902999535261188e-06
6843,45949,5,5,1,1.3837999176757876e-05
6844,33695,5,5,1,1.538199921924388e-05
6845,35551,5,4,0,2.73000023298664e-06
6846,62724,5,3,0,2.6939997042063624e-06
6847,40530,6,2,0,2.9779994292766787e-06
6848,86962,7,5,4,1.0994000149366912e-05
6849,5048,13,5,0,1.7442000171286054e-05
6850,30584,11,4,0,4.821999937121291e-06
6851,80011,11,3,0,4.479000381252263e-06
6852,13250,8,5,3,1.2469000466808211e-05
6853,13265,10,5,1,1.781900027708616e-05
6854,21459,5,5,2,1.3523000234272331e-05
6855,62420,5,5,1,1.3993999345984776e-05
6856,55345,5,4,0,2.648000190674793e-06
6857,89075,5,3,0,2.4900000425986946e-06
6858,25943,5,2,0,2.476000190654304e-06
6859,42636,5,1,0,2.3040001906338148e-06
6860,50155,6,5,1,1.5112999790289905e-05
6861,25586,8,5,2,1.647299995966023e-05
6862,50169,11,5,1,1.5953000001900364e-05
6863,5120,8,5,2,1.1142999937874265e-05
6864,50176,11,5,1,2.2092999643064104e-05
6865,62467,5,5,1,1.608300044608768e-05
6866,68950,5,4,0,3.0740002330276184e-06
6867,62484,5,5,2,1.2984999557374977e-05
6868,27429,8,4,0,4.7399998948094435e-06
6869,13333,6,5,3,1.6598000001977198e-05
6870,42041,12,5,1,1.553899983264273e-05
6871,34644,7,4,1,1.0152999493584502e-05
6872,1085,5,5,1,1.401999998051906e-05
6873,84928,5,4,0,2.8340000426396728e-06
6874,81156,5,3,0,2.546000359870959e-06
6875,28582,5,2,0,2.476000190654304e-06
6876,56791,7,2,0,3.172000106133055e-06
6877,49845,7,1,0,2.6679999791667797e-06
6878,29762,9,5,2,1.6479999430885073e-05
6879,9288,5,5,1,1.4637000276707113e-05
6880,38990,7,4,0,4.288000127417035e-06
6881,43306,5,3,0,2.6939997042063624e-06
6882,31287,5,2,0,2.4179998945328407e-06
6883,42060,10,5,3,1.65170004038373e-05
6884,1126,5,5,2,1.3021999620832503e-05
6885,13420,5,5,1,1.4440999621001538e-05
6886,36234,5,4,0,2.8630001907004043e-06
6887,58499,8,5,1,1.5074000657477882e-05
6888,54418,10,5,1,1.536800027679419e-05
6889,58524,8,5,2,1.3321000551513862e-05
6890,21670,9,5,2,1.499700010754168e-05
6891,81154,6,4,2,6.762999873899389e-06
6892,62650,7,5,3,3.62880000466248e-05
6893,13500,5,5,1,1.661400074226549e-05
6894,21813,5,4,0,3.3269998311880045e-06
6895,22848,5,3,0,2.519000190659426e-06
6896,17604,6,5,2,1.4792000001762062e-05
6897,83269,8,4,1,7.0139994932105765e-06
6898,37442,7,4,0,8.125000022118911e-06
6899,58582,6,5,1,1.4015000488143414e-05
6900,18688,5,4,0,2.779999704216607e-06
6901,23829,5,3,0,2.7219994080951437e-06
6902,77044,7,2,0,3.090999598498456e-06
6903,4201,7,1,0,2.8539998311316594e-06
6904,37287,10,3,2,8.775999958743341e-06
6905,54487,5,5,1,1.4602000192098785e-05
6906,36650,5,4,0,3.1079998734639958e-06
6907,38526,5,3,0,2.770999344647862e-06
6908,5364,5,5,1,1.412900019204244e-05
6909,70976,8,4,0,4.128999535168987e-06
6910,18623,8,4,0,7.697999535594136e-06
6911,84584,10,4,1,9.855999451247044e-06
6912,79992,9,4,1,1.305699970544083e-05
6913,5371,5,5,1,1.305800014961278e-05
6914,40790,5,4,0,2.9749999157502316e-06
6915,18261,8,4,0,6.510999810416251e-06
6916,29951,6,5,4,1.2157000128354412e-05
6917,73699,5,4,2,1.0163999832002446e-05
6918,38625,7,4,1,9.286000022257213e-06
6919,70811,7,4,2,9.418999979970977e-06
6920,42243,10,5,2,1.3850999494025018e-05
6921,75015,8,5,1,1.0757999916677363e-05
6922,54545,5,5,3,1.352399976894958e-05
6923,42554,5,4,2,9.776999831956346e-06
6924,21778,5,5,1,1.431500004400732e-05
6925,42260,10,5,2,1.2716000128421001e-05
6926,50459,7,5,3,1.2519999472715426e-05
6927,75042,6,5,2,1.244000031874748e-05
6928,73588,5,4,1,7.10400036041392e-06
6929,83239,10,5,2,1.5676000657549594e-05
6930,39644,10,4,0,6.827999641245697e-06
6931,30018,10,4,1,1.2063000212947372e-05
6932,77275,9,4,2,1.1653999536065385e-05
6933,40059,7,4,2,9.575999683875125e-06
6934,83252,6,5,1,1.5077999705681577e-05
6935,83261,5,5,3,1.0863999705179594e-05
6936,46799,6,4,1,1.1635000191745348e-05
6937,30025,7,5,2,1.3519000276573934e-05
6938,30031,7,5,1,1.584999972692458e-05
6939,70992,5,5,1,1.3661000593856443e-05
6940,21844,6,5,3,1.3564999790105503e-05
6941,66913,6,5,3,1.4860000192129519e-05
6942,66918,6,5,2,1.161599993793061e-05
6943,9595,9,5,2,1.4715000361320563e-05
6944,83350,5,5,1,1.41910004458623e-05
6945,55660,5,4,0,2.904000211856328e-06
6946,1692,5,3,0,2.712000423343852e-06
6947,5527,8,5,3,1.1372999324521516e-05
6948,9689,5,4,2,9.203000445268117e-06
6949,17816,5,5,2,1.3036999916948844e-05
6950,38313,5,5,1,1.4260999705584254e-05
6951,1463,5,5,1,1.4120999367150944e-05
6952,11061,5,4,0,2.918999598477967e-06
6953,72980,5,3,0,2.7209998734178953e-06
6954,14539,10,3,0,7.532999916293193e-06
6955,79288,6,5,2,1.541599976917496e-05
6956,17855,5,5,1,1.4596999790228438e-05
6957,54721,6,5,2,1.302700002270285e-05
6958,60326,10,4,3,8.259000424004626e-06
6959,5590,6,5,3,1.1191000339749735e-05
6960,54747,5,5,1,1.4277999980549794e-05
6961,31858,7,4,0,6.869000571896322e-06
6962,4137,7,4,1,8.232999789470341e-06
6963,41370,9,3,0,4.235999767843168e-06
6964,77655,12,4,1,8.862999493430834e-06
6965,34271,8,5,0,1.0477999239810742e-05
6966,13796,6,5,1,1.4723999811394606e-05
6967,34278,5,5,1,1.3396000213106163e-05
6968,62951,6,5,2,4.2161999772361014e-05
6969,54761,7,5,2,1.5536000319116283e-05
6970,30186,7,5,2,1.527600034023635e-05
6971,18252,5,4,1,3.889999788952991e-06
6972,60237,8,3,0,4.133000402362086e-06
6973,86950,8,4,1,1.2301999959163368e-05
6974,26099,9,5,2,9.469999895372894e-06
6975,54775,7,5,1,1.605200031917775e-05
6976,1533,5,5,1,1.54330000441405e-05
6977,67069,9,5,2,1.6968999261735007e-05
6978,9730,7,5,2,1.454599987482652e-05
6979,71173,6,5,2,1.5034999705676455e-05
6980,71174,5,5,1,1.3994000255479477e-05
6981,14224,5,4,0,2.8579997888300568e-06
6982,44526,5,3,0,2.6289999368600547e-06
6983,31641,6,3,1,7.3729997893678956e-06
6984,63382,12,4,1,1.0836000001290813e-05
6985,38957,9,3,0,6.463000318035483e-06
6986,8248,9,3,0,5.005999810236972e-06
6987,1547,5,5,2,1.3025000043853652e-05
6988,71184,6,5,2,1.3524999303626828e-05
6989,67091,7,5,2,1.386500025546411e-05
6990,15514,6,4,2,1.1590000212891027e-05
6991,77183,8,4,1,1.1910000466741621e-05
6992,67096,5,5,3,1.2194999726489186e-05
6993,54813,6,5,2,1.187899943033699e-05
6994,63005,10,5,2,1.5612999959557783e-05
6995,1567,5,5,1,1.451900061510969e-05
6996,53146,5,4,0,2.7549995138542727e-06
6997,58962,6,5,2,1.3304000276548322e-05
6998,71263,5,5,1,1.4350999663292896e-05
6999,9830,7,5,3,8.674000127939507e-06
7000,42627,6,5,2,9.977999980037566e-06
7001,59018,10,5,2,1.7685999409877695e-05
7002,42640,6,5,1,1.3937999938207213e-05
7003,71314,5,5,2,1.220600006490713e-05
7004,63133,8,5,2,1.3138999747752678e-05
7005,40505,16,4,2,1.537099979032064e-05
7006,13987,7,5,1,1.0665000445442274e-05
7007,71334,5,5,4,1.150800017057918e-05
7008,67261,6,5,3,1.3087000297673512e-05
7009,87743,5,5,1,1.4903000192134641e-05
7010,63175,7,5,2,1.9824999981210567e-05
7011,1739,6,5,1,1.735700061544776e-05
7012,59090,5,5,2,1.1873999937961344e-05
7013,26348,5,5,1,1.4208999346010387e-05
7014,23515,5,4,0,3.0900000638212077e-06
7015,79597,7,5,3,1.2393999895721208e-05
7016,71405,8,5,3,1.4749999536434188e-05
7017,71415,6,5,2,1.5483999959542416e-05
7018,75516,5,5,1,1.5994999557733536e-05
7019,79644,8,5,2,1.5718000213382766e-05
7020,63275,11,5,1,1.583199991728179e-05
7021,14126,6,5,3,1.2286999663047027e-05
7022,79667,7,5,4,1.176799923996441e-05
7023,30520,6,5,2,1.2898999557364732e-05
7024,89111,6,4,2,1.0104000466526486e-05
7025,23748,10,4,1,1.2855000022682361e-05
7026,51749,20,4,1,1.3946999388281256e-05
7027,83773,6,5,1,5.67600000067614e-05
7028,46944,9,5,0,3.889900017384207e-05
7029,59237,5,5,2,1.521500053058844e-05
7030,26479,7,5,2,1.4018000001669861e-05
7031,1903,8,5,2,1.559000065753935e-05
7032,75639,5,5,1,1.35689997478039e-05
7033,75642,5,5,1,1.3455999578582123e-05
7034,20020,5,4,0,3.035999725398142e-06
7035,51515,5,3,0,2.7759997465182096e-06
7036,73600,12,4,0,9.360000149172265e-06
7037,6010,6,5,1,1.4674999874841888e-05
7038,7282,5,4,0,2.9459997676895e-06
7039,49029,11,4,0,1.3335000403458253e-05
7040,63591,9,3,0,3.246999767725356e-06
7041,46353,12,4,0,1.09350003185682e-05
7042,34684,10,5,0,1.0904999726335518e-05
7043,79742,6,5,2,1.1781000466726255e-05
7044,26511,7,5,2,1.3421999938145746e-05
7045,47633,15,4,1,1.226699987455504e-05
7046,4888,14,4,1,1.4614000065193977e-05
7047,10130,5,5,2,1.223700019181706e-05
7048,1957,9,5,2,1.6320999748131726e-05
7049,44614,6,4,2,1.2648999472730793e-05
7050,34727,5,5,2,1.3943999874754809e-05
7051,55207,6,5,2,1.470500046707457e-05
7052,83883,5,5,1,1.5032000192150008e-05
7053,87980,5,5,2,1.2744999366987031e-05
7054,4033,5,4,0,2.7549995138542727e-06
7055,74271,7,4,2,1.003400029730983e-05
7056,59310,6,5,2,1.240900019183755e-05
7057,72095,6,4,1,1.1021999853255693e-05
7058,52076,5,4,1,7.640000148967374e-06
7059,52014,9,4,1,5.6560002121841535e-06
7060,55227,7,4,2,9.575000149197876e-06
7061,87985,8,5,0,1.5592999261571094e-05
7062,87986,5,5,1,1.4047999684407841e-05
7063,35223,5,4,0,3.180999556207098e-06
7064,84680,7,4,1,1.1510000149428379e-05
7065,76213,8,4,0,7.095999535522424e-06
7066,79832,5,5,1,1.4427000678551849e-05
7067,67546,5,5,1,1.4403999557544012e-05
7068,27571,5,4,0,2.811000740621239e-06
7069,39971,13,4,0,1.0454999937792309e-05
7070,39354,11,4,1,1.2581999726535287e-05
7071,34788,5,5,1,1.4035000276635401e-05
7072,14315,5,5,2,1.274699934583623e-05
7073,59375,5,5,3,1.2970999705430586e-05
7074,34811,7,5,1,1.533900012873346e-05
7075,47120,7,5,2,1.4061999536352232e-05
7076,18457,5,5,2,1.5212000107567292e-05
7077,43048,11,5,1,1.8944999283121433e-05
7078,71721,7,5,1,1.5143000382522587e-05
7079,6540,5,4,0,3.273999936936889e-06
7080,88105,8,5,1,1.771300048858393e-05
7081,2798,6,4,0,3.228999958082568e-06
7082,88140,6,5,1,1.681100002315361e-05
7083,84690,5,4,0,2.9480006560334004e-06
7084,43092,9,5,1,1.8682999325392302e-05
7085,10345,6,5,2,1.445399993826868e-05
7086,48210,5,4,3,7.859000106691383e-06
7087,31425,12,4,2,1.1189999895577785e-05
7088,59503,9,5,2,1.1666999853332527e-05
7089,2160,9,5,0,1.004799923975952e-05
7090,16564,10,4,0,8.360000720131211e-06
7091,36407,7,4,2,1.1115999768662732e-05
7092,79985,6,5,1,1.600700034032343e-05
7093,51328,6,5,1,1.4833000022917986e-05
7094,51331,5,5,1,1.4084999747865368e-05
7095,10389,7,5,2,4.411999998410465e-05
7096,80022,7,5,2,1.7607999325264245e-05
7097,88891,10,4,1,1.074800002243137e-05
7098,63646,5,5,1,1.5016999896033667e-05
7099,60351,5,4,0,2.9020002330071293e-06
7100,36723,5,3,0,2.8329995984677225e-06
7101,34982,13,5,2,1.8569000530987978e-05
7102,49898,20,4,1,1.788400004443247e-05
7103,15727,9,4,1,1.2064000657119323e-05
7104,55469,10,5,1,1.913699998112861e-05
7105,10414,5,5,1,1.432899989595171e-05
7106,10413,8,5,3,1.4432999705604743e-05
7107,18612,15,5,2,1.938299919856945e-05
7108,43210,14,5,3,1.6664999748172704e-05
7109,2259,6,5,1,1.3680999472853728e-05
7110,67797,8,5,1,1.200499991682591e-05
7111,14550,5,5,1,1.5158999303821474e-05
7112,43231,5,5,1,1.485800021328032e-05
7113,59617,5,5,3,1.146400063589681e-05
7114,80101,5,5,1,1.4409999494091608e-05
7115,22762,7,5,0,1.003600027615903e-05
7116,84214,6,5,3,1.1798000741691794e-05
7117,32157,6,4,0,6.133000169938896e-06
7118,14588,14,5,1,1.525999959994806e-05
7119,68798,12,4,3,1.3253999895823654e-05
7120,69493,8,4,0,4.734999492939096e-06
7121,80127,5,5,3,1.1764999726437964e-05
7122,2307,8,5,2,1.1682000149448868e-05
7123,2343,6,5,2,1.487400004407391e-05
7124,62391,7,4,1,1.12450006781728e-05
7125,47406,9,5,1,1.55890002133674e-05
7126,59695,5,5,3,1.0881999514822382e-05
7127,31030,5,5,1,1.4372999430634081e-05
7128,15262,9,4,0,5.02399961987976e-06
7129,48359,5,3,0,2.7129999580211006e-06
7130,43320,6,5,1,1.3138999747752678e-05
7131,48247,6,4,2,9.295999916503206e-06
7132,10553,9,5,4,1.3297999430506025e-05
7133,84289,6,5,2,1.2591000086104032e-05
7134,26971,10,5,3,2.0898000002489425e-05
7135,63855,9,5,1,1.6419000530731864e-05
7136,55679,6,5,2,1.3269999726617243e-05
7137,56644,6,4,1,8.38999949337449e-06
7138,67982,8,5,1,1.5658999473089352e-05
7139,11638,8,4,0,4.714000169769861e-06
7140,68615,8,3,0,3.818000550381839e-06
7141,44286,6,2,0,2.9719994927290827e-06
7142,21166,7,1,0,2.9679995350306854e-06
7143,72625,7,0,0,2.6489997253520414e-06
7144,22927,8,5,2,1.5904000065347645e-05
7145,32331,7,4,2,9.450999641558155e-06
7146,72086,11,5,1,1.7235000086657237e-05
7147,72105,5,5,1,1.4121000276645645e-05
7148,35242,8,5,2,1.3328000022738706e-05
7149,36330,12,4,0,1.3615000170830172e-05
7150,2839,9,4,1,5.438999323814642e-06
7151,72107,5,5,1,1.1439999980211724e-05
7152,39926,7,4,0,4.020000233140308e-06
7153,31153,8,5,1,1.91529998119222e-05
7154,22978,5,5,1,1.3480999768944457e-05
7155,31764,5,4,0,3.1050003599375486e-06
7156,44849,5,3,0,2.6339994292357005e-06
7157,48839,5,2,0,2.51199980993988e-06
7158,84930,5,1,0,2.2099993657320738e-06
7159,22985,8,5,1,1.0447000022395514e-05
7160,18895,5,5,1,1.4201999874785542e-05
7161,31623,5,4,0,2.8540007406263612e-06
7162,22991,6,5,2,1.5046000044094399e-05
7163,27094,11,5,4,1.83810007001739e-05
7164,59871,6,5,1,1.1608000022533815e-05
7165,60686,10,4,0,5.266000698611606e-06
7166,72171,10,5,1,1.352399976894958e-05
7167,88557,6,5,1,1.6076000065368135e-05
7168,88560,5,5,3,1.3720000424655154e-05
7169,6653,8,5,0,8.091000381682534e-06
7170,65171,8,4,0,7.614000423927791e-06
7171,18946,14,5,1,1.4520999684464186e-05
7172,75024,8,4,3,9.149000106845051e-06
7173,59908,5,5,1,1.439300012862077e-05
7174,10760,6,5,1,1.6935999155975878e-05
7175,55817,8,5,2,1.299499945162097e-05
7176,75748,11,4,2,1.0429000212752726e-05
7177,59924,6,5,2,1.3321999176696409e-05
7178,23715,8,4,0,9.489000149187632e-06
7179,35932,7,4,0,5.32000012753997e-06
7180,47651,6,5,2,1.2395000339893159e-05
7181,39460,10,5,1,1.3930000022810418e-05
7182,51761,12,5,2,1.1498999811010435e-05
7183,47672,8,5,2,1.6633000086585525e-05
7184,80446,12,5,2,1.6279000192298554e-05
7185,31295,9,5,1,1.819299995986512e-05
7186,80463,5,5,1,1.5513999642280396e-05
7187,57069,5,4,0,3.0920000426704064e-06
7188,68179,5,5,1,1.382000027660979e-05
7189,6747,8,5,3,1.8710000404098537e-05
7190,31324,6,5,3,1.2817999959224835e-05
7191,10847,10,5,1,1.1455999811005313e-05
7192,10848,5,5,1,1.4186000043991953e-05
7193,44213,7,4,0,4.092000381206162e-06
7194,6753,5,5,2,1.1985000128333922e-05
7195,60005,11,5,3,1.604799945198465e-05
7196,35432,6,5,2,1.2782000339939259e-05
7197,14955,5,5,1,1.4903000192134641e-05
7198,2669,6,5,2,1.3795999620924704e-05
7199,88688,7,5,1,1.2945999515068252e-05
7200,47739,7,5,2,1.3703000149689615e-05
7201,43649,8,5,1,1.6602999494352844e-05
7202,6792,12,5,2,1.2788999811164103e-05
7203,80525,5,5,1,1.4502999874821398e-05
7204,68251,6,5,1,1.5100000382517464e-05
7205,23230,5,5,4,1.5655000424885657e-05
7206,72384,6,5,1,1.5225999959511682e-05
7207,60122,6,5,2,1.3662000128533691e-05
7208,27364,5,5,2,1.3283000043884385e-05
7209,64234,6,5,1,1.4183000530465506e-05
7210,48648,6,4,0,3.3269998311880045e-06
7211,61646,9,3,0,5.130000317876693e-06
7212,60503,6,2,0,2.631999450386502e-06
7213,19201,11,5,0,1.1295000149402767e-05
7214,72469,5,5,1,1.3828000192006584e-05
7215,16125,5,4,0,2.826000127242878e-06
7216,73613,6,3,0,5.32000012753997e-06
7217,27423,11,5,1,1.415899987478042e-05
7218,56122,7,5,1,1.3675999980478082e-05
7219,47935,6,5,3,1.2322000657150056e-05
7220,13215,8,4,1,6.696999662381131e-06
7221,24261,6,4,1,9.933999535860494e-06
7222,28346,8,4,2,9.534000128041953e-06
7223,2906,7,5,2,1.3619000128528569e-05
7224,88925,5,5,1,1.4219000149751082e-05
7225,72541,13,5,2,1.684099970589159e-05
7226,81107,11,4,1,3.881900011037942e-05
7227,15202,8,5,1,1.432899989595171e-05
7228,52088,6,5,3,1.5902000086498447e-05
7229,11128,14,5,1,1.3785000192001462e-05
7230,39806,6,5,2,1.4825000107521191e-05
7231,19342,12,5,1,1.6311000763380434e-05
7232,64432,6,5,1,1.4348000149766449e-05
7233,60344,8,5,1,8.707000233698636e-06
7234,7100,15,5,3,1.8632000319485087e-05
7235,60350,5,5,3,1.2389999938022811e-05
7236,19390,8,5,1,1.1972999345744029e-05
7237,11203,5,5,3,1.1324000297463499e-05
7238,11210,5,5,2,1.3421999938145746e-05
7239,89039,13,5,3,1.8263999663759023e-05
7240,31704,6,5,4,1.1660999916784931e-05
7241,44015,5,5,2,1.3607999790110625e-05
7242,48145,6,5,1,4.3359996197978035e-06
7243,31763,6,5,2,1.4884999472997151e-05
7244,19480,9,5,3,1.3765000403509475e-05
7245,60453,6,5,3,1.162899934570305e-05
7246,31792,5,5,2,1.319599959970219e-05
7247,15409,9,5,2,1.501400038250722e-05
7248,31825,8,5,2,9.379999937664252e-06
7249,68712,6,5,1,1.5777000044181477e-05
7250,72809,5,5,1,1.4108999494055752e-05
7251,40066,5,5,1,1.4232000467018224e-05
7252,15505,7,5,3,1.2348999916866887e-05
7253,64658,5,5,1,1.4101000488153659e-05
7254,52706,5,4,0,2.7759997465182096e-06
7255,68612,7,4,1,1.184699976874981e-05
7256,15533,6,5,3,1.180300023406744e-05
7257,56502,5,5,2,1.2417999641911592e-05
7258,7352,6,5,1,1.2491000234149396e-05
7259,31943,6,5,1,1.2083000001439359e-05
7260,64738,6,5,3,1.0849000318557955e-05
7261,77040,7,5,2,1.4936999832571018e-05
7262,23797,6,5,1,9.011999281938188e-06
7263,81145,5,5,2,1.2912999409309123e-05
7264,11528,5,5,1,2.0489999769779388e-05
7265,7456,8,5,1,1.510399943072116e-05
7266,40249,6,5,1,1.4386000657395925e-05
7267,61353,5,4,0,2.9299999368959107e-06
7268,15680,8,5,2,1.143000008596573e-05
7269,85707,8,4,1,9.33699993765913e-06
7270,52545,9,5,3,1.4260999705584254e-05
7271,81224,12,5,4,1.4371999895956833e-05
7272,64851,8,5,1,1.5829999938432593e-05
7273,81240,9,5,1,1.9640000573417637e-05
7274,60765,9,5,1,1.3937000403529964e-05
7275,73060,5,5,2,1.257599978998769e-05
7276,52584,7,5,1,1.4285999895946588e-05
7277,26818,7,4,1,1.1803999768744688e-05
7278,19484,7,4,1,1.1096999514847994e-05
7279,45703,8,3,0,3.75299987354083e-06
7280,68984,9,5,1,1.4760999874852132e-05
7281,52611,9,5,0,9.778999810805544e-06
7282,11659,6,5,3,4.564000028040027e-05
7283,60814,13,5,2,2.2575000002689194e-05
7284,19856,11,5,2,2.1271999685268383e-05
7285,19863,7,5,1,1.5655999959562905e-05
7286,23968,15,5,1,1.4191999980539549e-05
7287,11415,23,4,0,1.6976000551949255e-05
7288,28080,5,5,2,1.1724000614776742e-05
7289,40370,7,5,1,1.0532999112911057e-05
7290,28094,11,5,3,1.56619998961105e-05
7291,11714,13,5,1,1.3128999853506684e-05
7292,24010,6,5,1,1.5564999557682313e-05
7293,28107,7,5,1,1.3338999451661948e-05
7294,40400,5,5,3,1.2697999409283511e-05
7295,64978,6,5,2,1.4935999388399068e-05
7296,85472,5,5,3,1.037499987432966e-05
7297,44525,9,5,2,1.6654000319249462e-05
7298,24072,9,5,2,1.0726999789767433e-05
7299,60959,8,5,3,1.3130999832355883e-05
7300,65060,12,5,1,1.7551000382809434e-05
7301,36394,11,5,3,1.5399000403704122e-05
7302,69177,10,5,1,1.5528999938396737e-05
7303,3649,15,5,1,1.88429994523176e-05
7304,3661,5,5,3,1.1663999430311378e-05
7305,20045,11,5,1,1.5424000594066456e-05
7306,85587,10,5,1,1.2729999980365392e-05
7307,69228,5,5,1,1.4664999980595894e-05
7308,28291,5,5,2,1.3948999367130455e-05
7309,85635,6,5,2,1.239199991687201e-05
7310,56971,5,5,1,1.4715000361320563e-05
7311,36533,5,5,1,1.4089000615058467e-05
7312,57013,8,5,2,1.107199932448566e-05
7313,85724,9,4,2,9.798000064620283e-06
7314,61115,8,5,2,1.516799966339022e-05
7315,52930,5,5,1,1.3836999642080627e-05
7316,57041,5,5,2,1.2993000382266473e-05
7317,77780,12,4,0,9.067000064533204e-06
7318,87349,13,4,1,1.1925000762857962e-05
7319,7915,5,5,1,1.9100999452348333e-05
7320,85739,9,5,2,1.1070000255131163e-05
7321,61175,5,5,1,1.2987000445718877e-05
7322,32523,7,5,4,1.2466000043787062e-05
7323,32529,6,5,2,1.3017000128456857e-05
7324,81692,9,5,1,1.682600031926995e-05
7325,16167,7,5,2,1.5628000255674124e-05
7326,36666,5,5,1,1.4911000107531436e-05
7327,65342,10,5,3,1.726000027701957e-05
7328,77631,6,5,2,1.1165000614710152e-05
7329,69438,12,5,3,1.5233999874908477e-05
7330,28486,5,5,2,1.3790999219054356e-05
7331,12105,10,5,3,1.4002000170876272e-05
7332,38581,9,4,1,1.0042999747383874e-05
7333,16208,6,5,3,1.375700048811268e-05
7334,53084,5,5,1,1.4223999642126728e-05
7335,53088,5,5,2,1.1961999916820787e-05
7336,8032,6,5,2,9.805999980017077e-06
7337,81771,5,5,2,1.135200000135228e-05
7338,61293,7,5,2,1.298000006499933e-05
7339,16266,5,5,2,4.255400017427746e-05
7340,8076,8,5,0,9.205999958794564e-06
7341,77712,5,5,1,1.5736000023025554e-05
7342,8102,5,5,2,1.4141000065137632e-05
7343,4014,8,5,2,1.5405999874928966e-05
7344,24515,6,5,2,1.7532999663671944e-05
7345,12228,8,5,2,1.3285000022733584e-05
7346,69576,5,5,1,1.6623000192339532e-05
7347,49101,6,5,2,1.4945999282645062e-05
7348,4066,6,5,2,1.4502999874821398e-05
7349,45070,6,5,2,1.3052999747742433e-05
7350,53297,10,5,1,1.2422000509104691e-05
7351,29425,8,4,0,4.271999387128744e-06
7352,41025,10,5,3,1.6053999388532247e-05
7353,50046,8,4,0,4.839999746764079e-06
7354,41045,11,5,1,1.3921000572736375e-05
7355,61529,10,5,3,1.4856000234431121e-05
7356,28770,11,5,1,1.75260001924471e-05
7357,120,7,5,1,8.878000699041877e-06
7358,45177,6,5,1,1.352399976894958e-05
7359,65725,8,5,1,1.4741999621037394e-05
7360,65766,9,5,1,8.296000487462152e-06
7361,53547,7,5,3,1.0437999662826769e-05
7362,82288,7,5,2,1.431399959983537e-05
7363,16849,7,5,1,1.29509999169386e-05
7364,75425,13,4,2,1.1686999641824514e-05
7365,71597,11,4,1,1.0447000022395514e-05
7366,49686,9,5,3,1.3257999853522051e-05
7367,41574,11,5,0,1.0712000403145794e-05
7368,628,6,5,1,1.2715000593743753e-05
7369,70266,6,5,2,1.3793000107398257e-05
7370,660,11,5,3,1.3985999430587981e-05
7371,21142,7,5,0,1.1260999599471688e-05
7372,33452,6,5,1,1.406800038239453e-05
7373,41647,12,5,1,1.367900040349923e-05
7374,78676,16,4,1,1.6910999875108246e-05
7375,12986,9,5,2,1.2706999768852256e-05
7376,21182,9,5,1,2.265800048917299e-05
7377,58082,10,5,2,1.757100017130142e-05
7378,70472,7,4,1,9.207000402966514e-06
7379,84264,10,4,1,7.795000783517025e-06
7380,76720,7,3,1,9.153999599220697e-06
7381,62416,10,3,1,9.42799943004502e-06
7382,4897,11,5,1,1.650299964239821e-05
7383,86865,6,5,2,1.2531999345810618e-05
7384,62368,9,5,1,1.7202999515575357e-05
7385,83149,9,4,0,4.8389993025921285e-06
7386,38907,6,3,0,3.045000084966887e-06
7387,64048,10,4,0,1.0898000255110674e-05
7388,25568,18,3,1,1.7035000382747967e-05
7389,54248,6,5,1,0.00010993299929396017
7390,1039,9,5,2,1.644100029807305e-05
7391,46124,8,5,2,1.3477999345923308e-05
7392,70764,6,5,1,1.611500010767486e-05
7393,42127,14,5,2,2.6537999474385288e-05
7394,33998,10,5,0,1.6150000192283187e-05
7395,62706,14,5,2,1.8313000509806443e-05
7396,70902,16,5,2,1.936999979079701e-05
7397,58623,6,5,1,1.3044999832345638e-05
7398,66930,6,5,1,1.4915000065229833e-05
7399,38291,11,5,3,1.584900019224733e-05
7400,58789,6,5,1,1.1215000085940119e-05
7401,62901,11,5,0,1.1671000720525626e-05
7402,9663,8,5,2,1.0552000276220497e-05
7403,38336,11,5,3,1.5782999980729073e-05
7404,58889,6,5,2,1.3961999684397597e-05
7405,87657,8,5,1,1.5016999896033667e-05
7406,87696,7,5,1,1.3699999726668466e-05
7407,38546,9,5,3,1.344800057268003e-05
7408,50839,7,5,2,1.214099938806612e-05
7409,67237,7,5,1,1.495200012868736e-05
7410,9932,8,5,2,1.4264000128605403e-05
7411,71391,14,5,1,1.6977000086626504e-05
7412,67348,10,5,0,9.6160001703538e-06
7413,2015,9,5,3,1.3902999853598885e-05
7414,6231,8,5,1,1.3198000488046091e-05
7415,88158,19,5,1,1.983699985430576e-05
7416,51883,6,4,1,9.843999578151852e-06
7417,62867,21,4,1,1.3613999726658221e-05
7418,43226,9,5,2,1.3729999409406446e-05
7419,14602,7,5,3,1.2737999895762186e-05
7420,43297,6,5,2,1.3585000488092192e-05
7421,6500,7,5,3,1.0404000022390392e-05
7422,14724,11,5,2,1.4531000488204882e-05
7423,76172,10,5,3,1.4350000128615648e-05
7424,51605,6,5,3,1.0003999705077149e-05
7425,10703,17,5,0,1.3966000551590696e-05
7426,27133,6,5,1,1.9562000488804188e-05
7427,6660,8,5,1,1.1404000360926148e-05
7428,72264,9,5,2,1.625299955776427e-05
7429,6737,16,5,1,1.9676999727380462e-05
7430,39533,15,5,1,1.090400019165827e-05
7431,23196,6,5,1,1.2505000086093787e-05
7432,84688,6,5,1,1.5131999134609941e-05
7433,68447,11,5,1,1.854799938882934e-05
7434,56252,13,5,1,1.7729999854054768e-05
7435,68585,8,5,2,1.1721000191755593e-05
7436,23838,8,5,3,1.1062000339734368e-05
7437,18675,12,4,2,1.2659999811148737e-05
7438,64868,7,5,3,1.1188999451405834e-05
7439,15798,8,5,1,8.8400001914124e-06
7440,65048,10,5,3,1.4203999853634741e-05
7441,73342,26,5,0,1.9930999769712798e-05
7442,77560,9,5,2,1.5344999155786354e-05
7443,57170,9,5,0,1.0761000339698512e-05
7444,59785,12,4,1,7.865999577916227e-06
7445,61000,12,4,0,1.3497999134415295e-05
7446,34103,10,4,1,4.07110001106048e-05
7447,32674,10,5,4,1.370999962091446e-05
7448,24695,10,5,1,7.292999725905247e-06
7449,24881,9,5,4,1.5039000572869554e-05
7450,20786,16,5,0,1.0556999768596143e-05
7451,29169,18,5,0,1.558399981149705e-05
7452,78385,9,5,2,1.6259999938483816e-05
7453,58144,13,5,2,1.7629000467422884e-05
7454,66482,17,5,3,1.5667999832658097e-05
7455,21690,16,5,0,1.3287999536260031e-05
7456,54478,8,5,0,9.81499943009112e-06
7457,52175,8,4,1,1.1610999536060262e-05
7458,75007,9,5,2,1.620800048840465e-05
7459,1864,10,5,1,1.7405999642505776e-05
7460,75605,13,5,2,1.6390000382671133e-05
7461,1985,16,5,1,1.375600004394073e-05
7462,79850,12,5,1,1.2657999832299538e-05
7463,72061,9,5,3,1.2022999726468697e-05
7464,47970,9,5,4,1.2301999959163368e-05
7465,11171,10,5,3,1.3460000445775222e-05
7466,48230,11,5,2,7.999999979801942e-06
7467,60562,13,5,3,1.4095000551606063e-05
7468,7322,15,5,0,1.5652000001864508e-05
7469,77335,13,4,0,4.77699995826697e-06
7470,52762,10,5,0,8.689999958733097e-06
7471,73865,14,5,2,2.131099972757511e-05
7472,21991,9,5,2,1.6633000086585525e-05
7473,85066,19,5,1,1.9579000763769727e-05
7474,18636,9,5,1,1.4055000065127388e-05
7475,16506,11,5,2,1.6815999515529256e-05
7476,4774,7,5,1,1.5188000361376908e-05
7477,88067,6,6,1,2.0308999410190154e-05
7478,39157,6,5,0,3.7089994293637574e-06
7479,27559,9,4,0,6.228000529517885e-06
7480,35819,6,3,0,3.0680002964800224e-06
7481,5,6,6,3,1.4815000213275198e-05
7482,34821,7,6,2,2.042300002358388e-05
7483,32345,9,5,1,1.155399968411075e-05
7484,70656,24,5,0,1.6308000340359285e-05
7485,46653,10,5,2,1.1244999768678099e-05
7486,51209,6,6,1,7.09450005160761e-05
7487,23185,6,5,0,4.095999429409858e-06
7488,76692,6,4,0,3.293000190751627e-06
7489,30737,6,6,1,2.0521999431366567e-05
7490,9387,6,5,0,3.5930006561102346e-06
7491,26642,9,6,2,2.0913000298605766e-05
7492,79897,11,6,1,1.5298000107577536e-05
7493,16411,8,6,2,1.9967000298493076e-05
7494,49524,9,5,0,5.292000423651189e-06
7495,25043,7,4,1,1.156899998022709e-05
7496,6179,11,6,2,6.183900040923618e-05
7497,6183,6,6,1,4.8011000217229594e-05
7498,80128,6,5,0,4.121000529266894e-06
7499,19129,6,4,0,3.6380006349645555e-06
7500,89207,6,3,0,3.2429998100269586e-06
7501,56788,7,2,0,3.3719998100423254e-06
7502,84013,6,6,3,1.8079000255966093e-05
7503,63533,6,6,1,2.0248000510036945e-05
7504,53151,6,5,0,3.4840004445868544e-06
7505,45498,6,4,0,3.0660003176308237e-06
7506,25192,6,3,0,2.939999831141904e-06
7507,83882,6,2,0,2.724000296439044e-06
7508,8240,6,6,1,1.8554000234871637e-05
7509,24701,6,5,0,3.6069995985599235e-06
7510,37433,6,4,0,3.406999894650653e-06
7511,74348,6,3,0,2.9510001695598476e-06
7512,37556,6,2,0,2.6560001060715877e-06
7513,88980,6,1,0,2.5080007617361844e-06
7514,9895,6,0,0,2.3269994926522486e-06
7515,55348,6,6,1,2.0566999410220888e-05
7516,87692,6,5,0,4.08000050811097e-06
7517,80193,6,4,0,3.3389997042831965e-06
7518,7937,6,3,0,2.900999788835179e-06
7519,75611,8,3,0,6.504999873868655e-06
7520,5265,8,2,0,3.455000296526123e-06
7521,79925,6,6,1,2.0653999854403082e-05
7522,29813,6,5,0,3.6889996408717707e-06
7523,22589,6,6,1,1.9017999875359237e-05
7524,10772,8,5,0,4.766000529343728e-06
7525,84861,7,4,0,3.84499981009867e-06
7526,77481,6,3,0,2.984999809996225e-06
7527,24335,7,2,0,3.0960000003688037e-06
7528,74338,6,1,0,2.595999831100926e-06
7529,77482,6,0,0,2.369999492657371e-06
7530,69696,6,6,1,1.9117999727313872e-05
7531,64033,6,5,0,3.8090001908130944e-06
7532,23662,6,4,0,3.378000656084623e-06
7533,28818,6,3,0,2.7879996196134016e-06
7534,29596,6,2,0,2.6110001272172667e-06
7535,40384,6,1,0,4.098000317753758e-06
7536,79922,11,4,1,1.0866000593523495e-05
7537,75843,7,6,2,1.647299995966023e-05
7538,62872,9,5,2,1.6228000276896637e-05
7539,29432,6,5,2,1.2745000276481733e-05
7540,14413,6,6,2,1.7268999727093615e-05
7541,8272,6,6,1,1.9490999875415582e-05
7542,82249,8,5,0,4.7220000851666555e-06
7543,62635,17,5,1,2.4973999643407296e-05
7544,12481,18,5,1,1.5687000086472835e-05
7545,27992,10,5,1,7.759000254736748e-06
7546,32856,8,6,3,1.7031999959726818e-05
7547,13649,8,5,2,1.3379999472817872e-05
7548,79961,11,6,3,2.2680999791191425e-05
7549,3012,14,5,0,1.4428999747906346e-05
7550,16474,6,6,1,2.028499966399977e-05
7551,53339,22,6,1,3.0447999961324967e-05
7552,9095,8,5,1,1.4616000044043176e-05
7553,47200,8,6,3,1.7547999959788285e-05
7554,22088,14,5,2,1.8464999811840244e-05
7555,79973,10,6,2,1.8046999684884213e-05
7556,7931,14,5,1,1.2208999578433577e-05
7557,16490,6,6,2,1.7414000467397273e-05
7558,18549,9,6,1,2.3509000129706692e-05
7559,67910,10,5,0,7.5180005296715535e-06
7560,77950,14,6,2,2.200499966420466e-05
7561,28527,15,5,1,1.6332999621226918e-05
7562,29773,6,4,1,1.0066999493574258e-05
7563,33763,6,5,3,1.389800036122324e-05
7564,83828,8,5,3,1.2835000234190375e-05
7565,84093,10,6,3,1.6619999769318383e-05
7566,36991,10,6,2,2.0354000298539177e-05
7567,34949,8,6,1,4.6656999984406866e-05
7568,11199,8,5,0,6.089999260439072e-06
7569,4198,8,5,0,1.2338000487943646e-05
7570,77737,9,5,1,1.6760999642428942e-05
7571,14475,6,6,1,1.9031999727303628e-05
7572,74272,6,5,0,3.4960003176820464e-06
7573,58519,6,4,0,3.4409995350870304e-06
7574,14741,6,3,0,2.8780004868167453e-06
7575,67284,6,2,0,2.607999704196118e-06
7576,68232,6,1,0,2.573000529082492e-06
7577,51873,6,0,0,2.2800004444434308e-06
7578,16530,16,6,1,2.5112000002991408e-05
7579,16540,14,5,0,5.731999408453703e-06
7580,8042,15,5,0,1.2559999959194101e-05
7581,65684,13,6,4,2.0810000023629982e-05
7582,30872,6,6,4,1.7195000509673264e-05
7583,14505,10,6,2,1.9564000467653386e-05
7584,16555,7,6,1,1.8011999600275885e-05
7585,20659,12,6,2,2.118600059475284e-05
7586,63668,8,6,3,1.769400023476919e-05
7587,18613,6,6,1,2.017800034082029e-05
7588,10126,6,5,0,3.4020004022750072e-06
7589,20683,8,6,2,2.033199962170329e-05
7590,28880,6,6,3,1.859700023487676e-05
7591,78035,9,6,2,2.1276000552461483e-05
7592,39124,8,6,2,2.363299972785171e-05
7593,14549,6,6,1,1.934000010805903e-05
7594,14270,12,5,0,7.0379992394009605e-06
7595,1910,6,4,0,3.3659998734947294e-06
7596,536,6,3,0,2.8459999157348648e-06
7597,76154,10,3,0,6.532000043080188e-06
7598,11505,9,2,0,7.351999556703959e-06
7599,22174,14,5,1,1.842700021370547e-05
7600,52699,12,5,1,1.780200000212062e-05
7601,10453,6,6,1,2.0991999917896464e-05
7602,61655,6,6,1,1.975899976969231e-05
7603,12749,6,5,0,3.632999323599506e-06
7604,12752,6,4,0,3.336999725433998e-06
7605,88131,7,4,1,1.0341000233893283e-05
7606,51104,6,5,1,1.4252000255510211e-05
7607,86232,8,6,1,2.640899947436992e-05
7608,51369,8,5,0,4.535999323707074e-06
7609,31713,10,4,0,4.821000402444042e-06
7610,11897,6,3,0,3.0740002330276184e-06
7611,45175,17,2,0,6.088999725761823e-06
7612,87163,19,2,0,6.571999620064162e-06
7613,84519,22,1,0,6.4539999584667385e-06
7614,57573,6,6,1,2.1094999283377547e-05
7615,31958,6,5,0,3.8130001485114917e-06
7616,51436,8,6,1,2.2418000298785046e-05
7617,36529,7,5,0,3.4479999158065766e-06
7618,31668,8,4,0,3.903999640897382e-06
7619,33005,6,6,1,1.9869999960064888e-05
7620,73966,14,6,3,2.2274999537330586e-05
7621,37111,6,6,1,2.0165999558230396e-05
7622,12565,6,5,0,3.821000063908286e-06
7623,17443,6,4,0,3.513000592647586e-06
7624,59070,6,3,0,3.0270002753240988e-06
7625,26574,6,2,0,2.7729993234970607e-06
7626,8110,7,2,1,4.200000148557592e-06
7627,53498,6,6,1,2.062900057353545e-05
7628,78077,7,6,3,1.6087999938463327e-05
7629,88322,6,6,4,1.5815000551810954e-05
7630,78086,7,6,3,1.6830999811645597e-05
7631,63751,9,6,0,1.4449999980570283e-05
7632,88328,10,6,1,3.884600027959095e-05
7633,44879,11,5,0,1.3097000191919506e-05
7634,18697,7,6,4,1.806599993869895e-05
7635,15932,7,5,0,3.388999175513163e-06
7636,11620,7,5,2,1.3046000276517589e-05
7637,35081,8,6,1,1.778699970600428e-05
7638,86290,11,6,3,1.4725999790243804e-05
7639,2577,12,5,0,1.1376999282219913e-05
7640,15492,17,5,2,1.7925000065588392e-05
7641,45331,11,6,2,1.9612999494711403e-05
7642,57620,6,6,1,2.0852000488957856e-05
7643,19988,6,5,0,3.5980001484858803e-06
7644,2008,6,4,0,3.187000402249396e-06
7645,19425,6,3,0,2.7669993869494647e-06
7646,22795,8,3,0,6.665999535471201e-06
7647,55826,13,4,1,1.0519999705138616e-05
7648,2339,6,6,2,1.8655000530998223e-05
7649,6607,10,5,1,1.6117999621201307e-05
7650,56770,6,5,1,1.3853999917046167e-05
7651,1666,7,5,0,6.297999789239839e-06
7652,75663,6,5,2,1.4414000361284707e-05
7653,20790,6,6,4,2.6062999495479744e-05
7654,49471,6,6,1,1.9757000700337812e-05
7655,49561,6,5,0,3.623999873525463e-06
7656,74310,6,4,0,3.3209998946404085e-06
7657,75314,8,3,0,4.337000063969754e-06
7658,8512,6,6,1,1.9351999981154222e-05
7659,50772,6,5,0,3.463999746600166e-06
7660,36302,7,5,1,4.489000275498256e-06
7661,81125,9,5,0,9.962000149243977e-06
7662,82252,6,6,1,1.9684999642777257e-05
7663,32497,6,5,0,5.303999387251679e-06
7664,50038,6,4,0,3.338000169605948e-06
7665,5181,8,4,0,7.900000127847306e-06
7666,76494,8,3,0,3.678000211948529e-06
7667,83349,8,2,0,3.362000825291034e-06
7668,40514,15,3,1,1.1498000276333187e-05
7669,24908,7,6,1,1.946399970620405e-05
7670,4434,7,6,1,1.6985999536700547e-05
7671,67131,6,5,1,8.86899942997843e-06
7672,65882,8,6,4,1.6388999938499182e-05
7673,71026,18,5,1,2.095299987558974e-05
7674,60888,17,5,2,2.158600000257138e-05
7675,65890,8,6,3,1.670099936745828e-05
7676,46168,6,5,1,1.538499964226503e-05
7677,4456,6,6,1,2.0627999219868798e-05
7678,45420,6,6,4,1.5053999959491193e-05
7679,85841,7,5,2,1.3844000022800174e-05
7680,55664,8,6,1,1.8513999748392962e-05
7681,59764,6,6,4,1.2907000382256228e-05
7682,61812,6,6,1,2.0019000658066943e-05
7683,57719,16,6,2,2.0076000510016456e-05
7684,23351,21,5,0,1.7827000192482956e-05
7685,29060,6,6,3,1.4831999578746036e-05
7686,63878,7,6,1,2.0804999621759634e-05
7687,394,8,6,3,1.4358000044012442e-05
7688,20884,13,6,1,1.806599993869895e-05
7689,39337,16,6,2,2.087499979097629e-05
7690,43450,7,6,4,1.4931999430700671e-05
7691,22972,7,6,3,4.0640999941388145e-05
7692,56493,10,5,1,1.3994999790156726e-05
7693,6612,6,6,2,1.9273999896540772e-05
7694,469,6,6,1,2.031900021393085e-05
7695,50902,7,5,0,4.200000148557592e-06
7696,88033,9,4,0,5.291999514156487e-06
7697,48204,6,3,0,3.094000021519605e-06
7698,23718,7,2,0,3.0530000003636815e-06
7699,12018,9,3,0,8.062000233621802e-06
7700,2764,12,5,2,1.8214000192529056e-05
7701,33265,6,5,2,1.2754999261233024e-05
7702,23004,13,6,3,1.8357000044488814e-05
7703,14821,13,6,2,2.0389999917824753e-05
7704,2535,6,6,1,2.0174000383121893e-05
7705,4628,6,5,0,3.6450001061894e-06
7706,11480,6,4,0,3.3059995985240676e-06
7707,63226,6,3,0,2.9470002118614502e-06
7708,30515,6,2,0,2.804999894578941e-06
7709,33261,9,6,3,1.7329000002064276e-05
7710,494,6,6,3,1.4370999451784883e-05
7711,86517,6,6,1,1.983399943128461e-05
7712,80375,7,6,4,1.4718000784341712e-05
7713,20994,6,6,2,1.9400000383029692e-05
7714,16901,6,6,1,2.2008999621903058e-05
7715,16905,6,6,1,1.9446000806055963e-05
7716,80396,9,6,1,1.6255999980785418e-05
7717,59003,17,5,1,2.2840000383439474e-05
7718,25105,6,6,1,2.075300017168047e-05
7719,29209,9,6,3,1.741500000207452e-05
7720,72219,6,6,1,1.9455000256130006e-05
7721,86563,17,6,3,2.1025000023655593e-05
7722,549,6,6,2,1.7377999938616995e-05
7723,29227,8,6,2,1.760400027706055e-05
7724,71493,13,5,1,1.7705999198369682e-05
7725,59959,6,6,2,2.1871000171813648e-05
7726,1823,9,5,0,1.041899940901203e-05
7727,72251,6,6,3,1.9061999410041608e-05
7728,5974,9,5,1,1.8996000108018052e-05
7729,57982,6,5,1,1.2696000339929014e-05
7730,78408,7,6,4,1.5301000530598685e-05
7731,21065,6,6,2,1.5101999451871961e-05
7732,31319,7,6,2,1.7563999790581875e-05
7733,25617,10,5,2,1.6572999811614864e-05
7734,80473,8,6,1,2.3454999791283626e-05
7735,83228,6,5,0,3.869000465783756e-06
7736,77749,8,4,0,4.2339997889939696e-06
7737,33407,19,4,1,1.4706000001751818e-05
7738,39245,9,3,0,6.446999577747192e-06
7739,39850,11,2,0,4.042999535158742e-06
7740,33442,21,2,0,9.768999916559551e-06
7741,74331,7,6,4,1.521299964224454e-05
7742,12898,8,6,2,5.601799966825638e-05
7743,23153,14,5,1,1.6320000213454477e-05
7744,8803,9,6,4,2.4465999558742624e-05
7745,35428,8,6,0,9.573999705025926e-06
7746,52577,7,5,1,1.1173000530106947e-05
7747,58043,8,4,0,4.073000127391424e-06
7748,49755,18,5,0,1.417199928255286e-05
7749,88678,7,6,1,1.8785000065690838e-05
7750,76391,6,6,2,1.5936000636429526e-05
7751,47722,6,6,1,1.9225999494665302e-05
7752,49783,7,6,3,1.6635000065434724e-05
7753,23163,7,6,1,1.928100027726032e-05
7754,4756,6,5,0,3.8049993236199953e-06
7755,79201,6,4,0,3.1460003810934722e-06
7756,76698,6,3,0,2.9359998734435067e-06
7757,46697,7,2,0,3.4269996831426397e-06
7758,2419,10,3,1,1.057600002241088e-05
7759,24973,13,3,2,9.545000466459896e-06
7760,36677,7,5,3,1.3550000403483864e-05
7761,88702,7,6,1,2.0436999875528272e-05
7762,47749,6,6,3,1.7004000255838037e-05
7763,10897,7,6,2,1.8645999261934776e-05
7764,27310,8,6,2,2.0272999790904578e-05
7765,40200,6,5,1,1.4055999599804636e-05
7766,8881,15,6,3,2.5006000214489177e-05
7767,81389,16,5,0,6.970999493205454e-06
7768,65885,7,4,0,4.238000656187069e-06
7769,6769,14,5,0,1.014200006466126e-05
7770,14580,10,5,1,1.7938999917532783e-05
7771,66856,7,5,1,1.2442000297596678e-05
7772,59005,6,5,1,1.2526999853434972e-05
7773,47794,13,6,3,1.8791999536915682e-05
7774,72524,17,5,2,1.3552999917010311e-05
7775,83411,15,5,2,1.7573999684827868e-05
7776,64179,19,6,1,1.803499981178902e-05
7777,34174,12,5,0,7.668999387533404e-06
7778,11192,9,5,1,8.042999979807064e-06
7779,88767,8,6,2,2.1051999283372425e-05
7780,60119,8,6,3,2.2481999621959403e-05
7781,19178,8,6,3,1.898200025607366e-05
7782,6226,11,5,1,8.988000445242506e-06
7783,80985,9,5,1,7.0989999585435726e-06
7784,78572,8,6,2,2.1001999812142458e-05
7785,21231,13,6,1,1.6887000128917862e-05
7786,80628,7,6,2,1.9791999875451438e-05
7787,17149,7,6,2,1.8722999811870977e-05
7788,62224,9,6,2,2.020800002355827e-05
7789,21306,8,6,4,1.6786999367468525e-05
7790,12221,9,5,0,1.3619999663205817e-05
7791,15720,15,5,0,1.7362000107823405e-05
7792,78654,10,6,3,2.0776999917870853e-05
7793,26882,10,5,0,8.342000000993721e-06
7794,58510,8,5,1,1.3247999959276058e-05
7795,71256,10,5,0,1.0613000085868407e-05
7796,68746,10,4,0,6.958000085433014e-06
7797,19275,6,6,4,2.0167999537079595e-05
7798,29519,16,6,2,5.2338000386953354e-05
7799,74575,10,6,3,2.2913000066182576e-05
7800,24357,13,5,2,1.895099921966903e-05
7801,29523,8,6,2,1.630099995963974e-05
7802,85281,6,5,1,1.2976999641978182e-05
7803,88917,14,6,2,2.020600004470907e-05
7804,68460,8,6,3,1.6865000361576676e-05
7805,21363,11,6,0,1.6715000128897373e-05
7806,33651,8,6,2,1.6459000107715838e-05
7807,63457,7,5,1,1.4640000699728262e-05
7808,70090,9,5,2,1.3748000128543936e-05
7809,48838,6,5,2,1.2656000762945041e-05
7810,80765,23,6,2,2.5972000003093854e-05
7811,58393,13,5,2,1.5914999494270887e-05
7812,35048,12,5,3,1.3945999853604008e-05
7813,58239,9,6,1,2.3753000277793035e-05
7814,7541,9,5,0,4.950000402459409e-06
7815,30978,16,5,0,9.252999916498084e-06
7816,23423,12,6,2,1.641100061533507e-05
7817,9089,13,6,1,2.1349999769881833e-05
7818,9090,6,6,1,2.1145000573596917e-05
7819,41874,12,6,1,2.0481999854382593e-05
7820,31636,8,6,3,1.6613999832770787e-05
7821,86938,13,6,0,1.668599998083664e-05
7822,31646,6,6,1,2.0060000679222867e-05
7823,38194,6,5,0,3.561000085028354e-06
7824,33699,6,6,2,1.6791999769338872e-05
7825,15275,9,6,2,1.3380999916989822e-05
7826,81888,6,5,3,1.0802999895531684e-05
7827,33713,6,6,1,1.8602999261929654e-05
7828,68804,6,5,0,3.5900002330890857e-06
7829,40389,7,5,1,1.3531000149669126e-05
7830,33618,12,4,0,6.064999979571439e-06
7831,5830,7,3,0,3.1019999369163997e-06
7832,5837,8,2,0,3.594000190787483e-06
7833,80206,11,1,0,3.6259998523746617e-06
7834,39876,7,6,3,1.875200086942641e-05
7835,26009,8,5,3,1.3535999642044771e-05
7836,62418,8,6,2,2.1996999748807866e-05
7837,54244,16,6,2,2.1613999706460163e-05
7838,64483,7,6,4,1.567999970575329e-05
7839,84965,14,6,1,2.0668000615842175e-05
7840,78824,9,6,3,1.7811000361689366e-05
7841,19434,9,6,2,1.6601999959675595e-05
7842,28355,15,5,0,9.999000212701503e-06
7843,74642,7,5,1,1.4720999388373457e-05
7844,75146,7,4,0,3.75299987354083e-06
7845,37872,8,6,2,1.9582000277296174e-05
7846,68597,13,6,1,2.4171999939426314e-05
7847,10077,6,5,0,3.7039999369881116e-06
7848,80964,7,4,0,3.821000063908286e-06
7849,3612,6,3,0,3.1560002753394656e-06
7850,18890,8,3,1,5.283000064082444e-06
7851,68864,9,3,1,7.841999831725843e-06
7852,88566,17,5,0,9.254000360670034e-06
7853,58359,6,6,1,4.369899943412747e-05
7854,24476,6,5,0,9.747999683895614e-06
7855,52215,9,6,2,2.0731999939016532e-05
7856,5757,8,5,1,9.516999853076413e-06
7857,80911,8,6,3,1.712500034045661e-05
7858,69429,15,5,1,1.4827999621047638e-05
7859,36734,8,5,1,1.4029000340087805e-05
7860,87057,10,6,2,1.98500001715729e-05
7861,55006,8,5,1,1.4889999874867499e-05
7862,79508,8,5,0,9.195000529871322e-06
7863,64536,7,6,1,1.609899936738657e-05
7864,39963,6,6,3,1.564499962114496e-05
7865,70689,6,6,1,2.016100006585475e-05
7866,32065,6,5,0,3.7500003600143827e-06
7867,36314,6,4,0,3.1649997254135087e-06
7868,28162,6,3,0,3.019000359927304e-06
7869,77454,6,2,0,2.7160003810422495e-06
7870,30240,6,1,0,2.605999725346919e-06
7871,46117,12,6,3,1.8550999811850488e-05
7872,52273,6,6,3,1.8939999790745787e-05
7873,1073,6,6,1,2.0129000404267572e-05
7874,76850,11,5,0,6.500999916170258e-06
7875,56370,6,6,1,2.123200010828441e-05
7876,30027,6,5,0,4.059999810124282e-06
7877,80945,7,6,2,1.1117000212834682e-05
7878,68661,9,6,1,1.8157000340579543e-05
7879,50233,6,6,1,1.9101999896520283e-05
7880,11328,6,6,1,1.9408000298426487e-05
7881,75241,6,5,0,3.6290002753958106e-06
7882,21756,6,4,0,3.2429998100269586e-06
7883,79721,6,3,0,2.950999260065146e-06
7884,22757,8,3,0,7.176999133662321e-06
7885,61117,8,2,0,3.0739993235329166e-06
7886,54336,11,6,3,2.5817999812716153e-05
7887,35915,6,6,1,2.2526000066136476e-05
7888,69070,6,5,0,3.836999894701876e-06
7889,28528,6,4,0,3.5570001273299567e-06
7890,60047,7,4,1,4.9689997467794456e-06
7891,48558,10,3,0,7.278000339283608e-06
7892,72781,11,6,2,1.5747000361443497e-05
7893,54358,6,6,2,1.788299960026052e-05
7894,81002,7,6,3,1.7846999980974942e-05
7895,56444,7,6,4,2.4526999368390534e-05
7896,56453,10,6,1,1.910700029839063e-05
7897,81034,6,6,1,2.065900025627343e-05
7898,64827,6,5,0,3.617999936977867e-06
7899,3215,8,6,3,1.741500000207452e-05
7900,40092,9,6,1,2.1357999685278628e-05
7901,68764,6,6,1,2.1406000087154098e-05
7902,1184,11,6,4,1.581899960001465e-05
7903,13473,8,6,4,1.566099945193855e-05
7904,3268,6,6,3,1.9918999896617606e-05
7905,54490,9,6,1,2.248900000267895e-05
7906,69572,7,5,0,3.9510005080956034e-06
7907,38111,9,6,1,9.994999345508404e-06
7908,21755,7,6,1,1.986600000236649e-05
7909,9924,12,5,0,5.8100004025618546e-06
7910,73420,6,4,0,3.2970001484500244e-06
7911,73426,6,3,0,2.943000254163053e-06
7912,51979,9,3,0,7.234000804601237e-06
7913,77720,9,2,0,3.7279996831784956e-06
7914,11527,7,6,3,1.9715999769687187e-05
7915,44298,8,6,2,4.477699985727668e-05
7916,54550,6,6,1,2.3060000785335433e-05
7917,1845,6,5,0,3.834000381175429e-06
7918,42283,6,6,4,1.710600008664187e-05
7919,73004,9,6,4,1.62050000653835e-05
7920,23853,6,6,3,1.6802999198262114e-05
7921,52527,15,6,1,2.2425000679504592e-05
7922,68925,11,6,2,2.195699926232919e-05
7923,21822,6,6,2,1.8568000086816028e-05
7924,9546,18,6,3,2.0662999304477125e-05
7925,23885,6,6,3,1.7876000129035674e-05
7926,11602,6,6,3,1.8880000425269827e-05
7927,25941,13,6,2,1.9412000256124884e-05
7928,39236,13,5,2,1.7105000551964622e-05
7929,77173,7,6,1,1.712500034045661e-05
7930,44408,6,6,3,1.7768000361684244e-05
7931,23931,18,6,2,2.461299936840078e-05
7932,64893,10,6,2,2.132600002369145e-05
7933,38273,6,6,1,1.8991999240824953e-05
7934,14103,7,5,0,4.21699951402843e-06
7935,19842,8,6,1,1.6902000425034203e-05
7936,79245,7,6,3,1.3062000107311178e-05
7937,28048,8,6,1,9.342999874206726e-06
7938,54267,13,5,0,1.7431000742362812e-05
7939,1843,9,5,3,1.200600036099786e-05
7940,69564,13,5,1,1.4618000022892375e-05
7941,46500,6,6,2,1.809799960028613e-05
7942,50603,7,6,5,1.7054000636562705e-05
7943,50611,6,6,2,1.8230000023322646e-05
7944,34770,7,5,0,1.3528999261325225e-05
7945,75187,7,6,1,7.913000445114449e-06
7946,71094,8,6,3,2.1443999685288873e-05
7947,19895,12,6,3,1.8679000277188607e-05
7948,42976,7,5,1,1.2488999345805496e-05
7949,17854,6,6,2,1.6381999557779636e-05
7950,54724,8,6,2,8.74699981068261e-06
7951,60871,6,6,2,2.0571999812091235e-05
7952,81351,9,6,3,1.7412000488548074e-05
7953,77262,10,6,2,2.1515000298677478e-05
7954,54738,14,6,2,1.9226999938837253e-05
7955,20180,13,5,0,1.4617000488215126e-05
7956,42480,7,6,2,1.63610002346104e-05
7957,79352,7,6,3,1.7752000530890655e-05
7958,83452,11,6,3,2.0600999960151967e-05
7959,17921,6,6,1,6.090499937272398e-05
7960,83944,6,5,0,4.640000042854808e-06
7961,52739,13,6,1,4.422699930728413e-05
7962,77319,7,6,3,1.533599970571231e-05
7963,5651,9,6,1,1.7869999282993376e-05
7964,17943,13,6,3,1.8199999431089964e-05
7965,44572,14,6,0,2.3089000023901463e-05
7966,11360,23,5,1,2.0749000213982072e-05
7967,11808,10,6,3,2.179200055252295e-05
7968,20016,23,6,1,2.3098999918147456e-05
7969,60980,6,6,1,2.000499989662785e-05
7970,36654,6,5,0,3.772000127355568e-06
7971,26260,6,4,0,3.232000381103717e-06
7972,67128,7,6,3,1.7858000319392886e-05
7973,15934,6,6,2,1.8340000679017976e-05
7974,30275,6,6,1,1.982200046768412e-05
7975,75333,10,6,3,2.1142000150575768e-05
7976,42576,7,6,3,1.658000019233441e-05
7977,46695,8,6,3,1.991099998122081e-05
7978,12682,9,5,1,8.448999324173201e-06
7979,1640,6,6,1,1.9095999959972687e-05
7980,48746,11,6,5,1.2348999916866887e-05
7981,34430,15,6,2,2.7867000426340383e-05
7982,42629,6,6,2,1.7901999854075257e-05
7983,85640,6,6,2,1.7596000361663755e-05
7984,79498,6,6,1,2.0529000721580815e-05
7985,28298,11,6,2,1.8835999981092755e-05
7986,41376,10,5,0,1.2831999811169226e-05
7987,27168,8,5,1,1.4880999515298754e-05
7988,67212,7,6,1,1.973999951587757e-05
7989,79820,7,5,0,3.889999788952991e-06
7990,1677,7,6,2,1.3513999874703586e-05
7991,36496,22,6,1,2.9130000257282518e-05
7992,54932,20,6,0,1.7622000086703338e-05
7993,1943,10,5,2,1.560100008646259e-05
7994,67234,6,6,1,2.0204000065859873e-05
7995,8063,6,5,0,3.6020001061842777e-06
7996,61609,7,5,1,8.647999493405223e-06
7997,85704,7,4,0,3.5709999792743474e-06
7998,36515,13,6,1,1.138199968409026e-05
7999,74397,28,5,0,2.2743999579688534e-05
8000,59056,11,6,2,1.4303999705589376e-05
8001,85801,13,5,1,1.2518999938038178e-05
8002,24252,11,6,2,2.261000008729752e-05
8003,20162,9,6,1,1.7452000065532047e-05
8004,81794,13,5,2,1.7241000023204833e-05
8005,88049,15,5,2,1.6629000128887128e-05
8006,40654,6,6,1,2.165500063711079e-05
8007,81615,9,6,1,2.105899966409197e-05
8008,54993,9,6,2,4.39710001955973e-05
8009,73095,11,5,0,1.180199978989549e-05
8010,55023,12,5,2,1.769699974829564e-05
8011,38617,6,6,4,1.5460000213352032e-05
8012,75491,20,6,2,2.4308999854838476e-05
8013,26341,6,6,5,1.9592000171542168e-05
8014,42727,18,6,0,1.518199951533461e-05
8015,77546,12,6,1,1.5061999874887988e-05
8016,1795,8,6,1,2.0092999875487294e-05
8017,12037,8,6,3,1.7125999875133857e-05
8018,55094,12,5,2,1.5766000615258235e-05
8019,16163,11,6,3,1.6543999663554132e-05
8020,48942,9,6,2,1.5380000149889383e-05
8021,16175,8,6,2,1.9783999960054643e-05
8022,36699,9,6,2,1.7419999494450167e-05
8023,20318,13,6,2,1.730700023472309e-05
8024,1892,14,6,1,2.185400080634281e-05
8025,83833,6,6,2,1.7136000678874552e-05
8026,1932,11,6,1,1.785099993867334e-05
8027,79761,12,6,2,1.8202000319433864e-05
8028,55967,20,5,0,1.726099981169682e-05
8029,24469,8,6,3,1.4583999472961295e-05
8030,84927,12,5,2,1.0579999980109278e-05
8031,18326,6,6,3,1.920300019264687e-05
8032,73631,8,6,2,1.7487999684817623e-05
8033,42924,12,6,5,1.3541999578592367e-05
8034,79789,7,6,2,1.856299968494568e-05
8035,75696,10,6,4,1.6261999917333014e-05
8036,65458,6,6,2,1.8345000171393622e-05
8037,30645,6,6,1,2.6112000341527164e-05
8038,55222,11,6,2,2.4459999622195028e-05
8039,61381,8,6,2,1.4946999726817012e-05
8040,20470,10,5,2,8.027000149013475e-06
8041,16337,10,6,1,1.8820000150299165e-05
8042,14311,6,5,4,1.2272000276425388e-05
8043,16350,6,6,3,1.541599976917496e-05
8044,67560,7,6,3,1.547800002299482e-05
8045,59389,6,6,4,2.019200019276468e-05
8046,26627,14,6,3,2.137100000254577e-05
8047,51206,11,6,2,1.9070999769610353e-05
8048,45246,9,6,1,1.4362999536388088e-05
8049,86261,7,6,1,1.815999985410599e-05
8050,37114,7,6,2,1.4660000488220248e-05
8051,80223,9,6,2,1.1553000149433501e-05
8052,76134,10,6,3,2.0481000319705345e-05
8053,25216,9,5,1,7.451000783476047e-06
8054,23193,11,5,0,1.045400040311506e-05
8055,53496,8,4,2,3.6022000131197274e-05
8056,72259,8,5,1,1.4284999451774638e-05
8057,75319,7,5,2,1.3500999557436444e-05
8058,4531,8,6,2,2.231399957963731e-05
8059,44492,8,5,1,5.865000275662169e-06
8060,6580,20,6,3,2.6181999601249117e-05
8061,33206,15,6,1,1.8990000171470456e-05
8062,64921,13,5,2,1.5136999536480289e-05
8063,33236,9,6,0,1.732400050968863e-05
8064,4576,9,6,4,1.5233000340231229e-05
8065,10727,16,6,1,2.4828000277921092e-05
8066,51719,19,6,1,2.3104000320017803e-05
8067,39448,16,6,0,1.9967999833170325e-05
8068,70179,17,6,1,2.0560000848490745e-05
8069,19024,29,6,2,2.8857999495812692e-05
8070,21215,14,5,1,1.7302999367529992e-05
8071,78504,9,6,1,1.8882999938796274e-05
8072,80556,7,6,2,1.849999989644857e-05
8073,51926,12,6,2,1.823799993871944e-05
8074,72619,13,5,0,1.0822999684023671e-05
8075,50443,12,5,0,7.270999958564062e-06
8076,12771,9,5,0,8.119000085571315e-06
8077,75734,24,5,0,2.072100051009329e-05
8078,20941,20,5,1,1.9636999240901787e-05
8079,691,14,5,1,1.5033999261504505e-05
8080,19532,25,5,0,1.732300006551668e-05
8081,27382,8,6,4,1.291799981117947e-05
8082,78604,8,6,2,1.2714999684249051e-05
8083,41756,14,6,4,2.306199985468993e-05
8084,39738,8,6,2,2.035000034084078e-05
8085,86880,10,6,4,1.9785000404226594e-05
8086,882,18,6,2,2.6793999495566823e-05
8087,2959,7,6,2,1.8685000213736203e-05
8088,84909,8,6,1,1.1392000487830956e-05
8089,972,7,6,3,1.7888000002130866e-05
8090,31693,8,6,2,1.8087000171362888e-05
8091,54227,11,6,5,1.8974999875354115e-05
8092,82906,19,6,2,2.470399977028137e-05
8093,13298,9,6,2,2.0168999981251545e-05
8094,82953,8,6,1,1.0853000276256353e-05
8095,42020,8,6,0,1.268399955733912e-05
8096,78895,9,6,1,2.1195999579504132e-05
8097,54391,8,6,3,1.5687999621150084e-05
8098,68817,16,6,1,2.5541000468365382e-05
8099,81120,10,6,2,4.782799987879116e-05
8100,62722,10,6,2,2.172699987568194e-05
8101,69866,29,5,1,2.763399970717728e-05
8102,3387,14,6,2,2.5067999558814336e-05
8103,87369,10,6,3,2.2508999791170936e-05
8104,7574,7,6,3,1.5219000488286838e-05
8105,67058,10,6,1,2.0997000319766812e-05
8106,1561,9,6,3,1.7035999917425215e-05
8107,48797,9,6,1,1.843900008680066e-05
8108,26677,9,5,0,5.109000085212756e-06
8109,8067,9,5,0,1.407999934599502e-05
8110,21384,11,5,1,1.534000057290541e-05
8111,46874,9,5,3,1.366500055155484e-05
8112,79658,16,6,1,2.245599989691982e-05
8113,10070,9,6,2,2.045599921984831e-05
8114,67543,11,6,3,1.8662000002223067e-05
8115,77983,13,6,3,1.8196000382886268e-05
8116,51535,11,6,0,1.524700019217562e-05
8117,29052,8,6,3,1.3156000022718217e-05
8118,49538,11,6,3,1.8339999769523274e-05
8119,88458,13,6,2,2.1982999896863475e-05
8120,55768,15,6,3,2.3751000298943836e-05
8121,68187,8,6,2,1.8485000509826932e-05
8122,47826,13,6,2,2.0307000340835657e-05
8123,78595,8,6,1,1.848600004450418e-05
8124,49968,14,6,3,1.8479999198461883e-05
8125,33805,14,6,0,2.1780999304610305e-05
8126,75784,15,6,2,2.859899996110471e-05
8127,4118,8,7,2,2.2731000171916094e-05
8128,16415,7,7,3,2.4019000193220563e-05
8129,64030,7,6,2,1.7682000361674e-05
8130,32433,12,6,0,1.111799974751193e-05
8131,45281,8,5,1,4.982000064046588e-06
8132,81954,18,7,2,2.1865000235266052e-05
8133,54912,9,6,2,1.3029000001552049e-05
8134,65955,18,6,0,1.8769999769574497e-05
8135,51235,7,7,1,2.7973000214842614e-05
8136,36900,8,7,3,2.2748999981558882e-05
8137,14375,7,7,1,2.4734000362514053e-05
8138,27512,7,6,0,3.888300034304848e-05
8139,1562,7,5,0,6.644000677624717e-06
8140,50252,14,6,1,5.572299960476812e-05
8141,65718,13,5,0,7.3549999797251076e-06
8142,59816,14,5,1,1.4678000297863036e-05
8143,77418,23,4,0,1.0194999958912376e-05
8144,25993,14,5,3,1.6023999705794267e-05
8145,1767,27,5,0,2.2731000171916094e-05
8146,70991,14,6,2,1.9176999558112584e-05
8147,71211,23,6,1,2.120200042554643e-05
8148,18537,16,6,3,2.179000057367375e-05
8149,846,11,6,1,1.9351999981154222e-05
8150,63031,13,6,2,2.0919000235153362e-05
8151,38953,11,7,0,1.5725000594102312e-05
8152,28787,19,6,1,2.6912000066658948e-05
8153,55344,7,7,1,8.51459999466897e-05
8154,58127,7,6,0,5.1380002332734875e-06
8155,2103,17,7,1,2.4949000362539664e-05
8156,79816,10,6,2,1.4461999853665475e-05
8157,71908,11,6,1,2.4647999453009106e-05
8158,75867,29,7,1,2.8512999961094465e-05
8159,75161,14,6,3,2.0911999854433816e-05
8160,35133,10,6,2,1.975899976969231e-05
8161,77032,10,6,3,1.6798999240563717e-05
8162,39599,13,6,2,2.0358999790914822e-05
8163,73825,8,7,1,3.190000006725313e-05
8164,89115,7,6,0,4.884000190941151e-06
8165,40065,7,5,0,3.895000190823339e-06
8166,52901,8,4,0,3.801999810093548e-06
8167,36545,11,3,0,4.563999937090557e-06
8168,63093,8,2,0,3.156999810016714e-06
8169,73287,7,1,0,2.8610002118512057e-06
8170,21625,13,1,0,4.589000127452891e-06
8171,34918,17,7,0,1.5407000319100916e-05
8172,65663,7,7,1,2.633599979162682e-05
8173,71145,7,6,0,6.88800082571106e-06
8174,35086,8,5,0,4.691999492933974e-06
8175,84102,8,7,3,2.7592999686021358e-05
8176,49295,9,7,5,3.068200021516532e-05
8177,80024,8,7,1,2.348199996049516e-05
8178,32140,8,6,1,7.128000106604304e-06
8179,26707,8,6,1,9.014999704959337e-06
8180,49820,12,5,0,9.059999683813658e-06
8181,14490,9,7,2,2.26440006372286e-05
8182,41954,9,6,0,1.1008000001311302e-05
8183,30875,7,7,1,2.5289999939559493e-05
8184,58365,7,6,0,4.7890007408568636e-06
8185,33722,7,5,0,4.0679997255210765e-06
8186,54467,9,4,0,4.841999725613277e-06
8187,23231,7,3,0,3.098999513895251e-06
8188,23271,7,2,0,3.026999365829397e-06
8189,52530,7,1,0,2.942999344668351e-06
8190,57403,13,2,0,9.530999705020804e-06
8191,37020,10,7,3,2.5547999939590227e-05
8192,7639,7,6,1,1.920300019264687e-05
8193,29829,8,6,1,6.242000381462276e-06
8194,51359,7,7,1,2.8434999876481015e-05
8195,17667,7,6,0,5.05499974678969e-06
8196,25046,7,5,0,4.223000360070728e-06
8197,10210,9,6,1,2.053500065812841e-05
8198,51062,9,6,0,1.8149999959859997e-05
8199,26258,12,6,0,1.1826999980257824e-05
8200,30890,7,7,1,2.853699970728485e-05
8201,65707,7,7,2,2.2653000087302644e-05
8202,26796,11,7,2,2.2918000468052924e-05
8203,8367,7,7,2,2.2447999981523026e-05
8204,33984,8,6,1,1.7377999938616995e-05
8205,8372,7,7,1,2.536899955885019e-05
8206,59927,7,6,0,4.958000317856204e-06
8207,82496,7,5,0,3.8689995562890545e-06
8208,35691,7,4,0,3.2580001061432995e-06
8209,18173,11,6,1,2.1017999642936047e-05
8210,61599,11,5,0,5.050999789091293e-06
8211,58315,13,6,1,1.2450999747670721e-05
8212,86215,12,7,3,2.4495000616298057e-05
8213,30924,7,7,2,2.1047999325674027e-05
8214,82124,10,7,3,2.6869999601331074e-05
8215,73198,13,6,2,2.585199945315253e-05
8216,55503,10,7,5,2.9269999686221126e-05
8217,8406,7,7,2,2.672199934750097e-05
8218,43229,7,7,1,2.483200023561949e-05
8219,45322,8,6,0,1.032799991662614e-05
8220,31808,8,5,0,4.417000127432402e-06
8221,18678,7,7,1,2.5501999516563956e-05
8222,43541,7,6,0,4.91700029670028e-06
8223,72879,7,5,0,3.827999535133131e-06
8224,69405,7,4,0,3.4600006983964704e-06
8225,47859,7,3,0,3.166000169585459e-06
8226,78496,7,2,0,3.021999873453751e-06
8227,21367,7,1,0,2.6339994292357005e-06
8228,26871,12,7,2,2.352699993934948e-05
8229,18687,11,7,2,2.1717999516113196e-05
8230,31360,10,6,4,1.8079000255966093e-05
8231,76042,13,7,1,2.4665000637469348e-05
8232,51482,11,7,1,2.9972999982419424e-05
8233,49828,7,6,0,4.351999450591393e-06
8234,12578,9,7,0,1.8225000530947e-05
8235,16681,11,7,4,1.9873999917763285e-05
8236,88389,8,7,2,2.603799930511741e-05
8237,25961,16,6,3,1.9639000129245687e-05
8238,43349,18,7,1,5.012300061935093e-05
8239,18780,11,7,3,3.1321999813371804e-05
8240,24925,9,7,5,2.1699999706470408e-05
8241,16186,7,6,1,5.296999916026834e-06
8242,50581,9,6,2,1.7624999600229785e-05
8243,58920,8,5,1,1.6134999896166846e-05
8244,53609,7,7,1,2.453599972795928e-05
8245,7890,7,6,0,4.757000169774983e-06
8246,38908,7,5,0,3.995000042777974e-06
8247,8006,7,4,0,3.703000402310863e-06
8248,15425,7,3,0,3.1429999580723234e-06
8249,6547,7,2,0,2.8700005714199506e-06
8250,76217,7,1,0,2.661000507941935e-06
8251,51975,7,0,0,2.4840001060510986e-06
8252,43369,11,7,2,2.10170001082588e-05
8253,26999,8,7,3,2.0577000213961583e-05
8254,41343,9,7,1,2.7973999749519862e-05
8255,67283,9,6,0,5.279999641061295e-06
8256,53074,14,5,0,1.952399998117471e-05
8257,43352,10,6,1,2.2424000235332642e-05
8258,60436,9,6,2,1.6029000107664615e-05
8259,1817,11,5,1,6.201999894983601e-06
8260,56066,14,5,0,1.0511000255064573e-05
8261,11045,18,6,2,1.6062999748100992e-05
8262,65920,13,7,4,2.433400004520081e-05
8263,22918,7,7,3,1.8804999854182824e-05
8264,87432,9,7,4,2.331100040464662e-05
8265,72394,7,6,3,1.6513999980816152e-05
8266,2443,8,7,1,2.7781999961007386e-05
8267,48029,7,6,0,5.066000085207634e-06
8268,11551,8,5,0,4.1039993448066525e-06
8269,71163,7,4,0,3.45900025422452e-06
8270,2444,7,3,0,3.373999788891524e-06
8271,14234,7,2,0,3.035999725398142e-06
8272,71135,12,2,0,9.010000212583691e-06
8273,14732,7,7,1,2.4709999706828967e-05
8274,7081,7,6,0,4.759000148624182e-06
8275,20037,7,5,0,3.827000000455882e-06
8276,22134,7,4,0,3.5600005503511056e-06
8277,13643,7,3,0,3.2669995562173426e-06
8278,58530,7,2,0,2.910000148403924e-06
8279,50616,7,1,0,2.8029999157297425e-06
8280,83218,11,1,0,4.716999683296308e-06
8281,35214,13,7,4,2.8843000109191053e-05
8282,86418,7,7,1,2.6400000024295878e-05
8283,80916,9,6,0,6.318000487226527e-06
8284,35227,7,5,0,3.705000381160062e-06
8285,68532,9,5,1,1.6914000298129395e-05
8286,49550,12,4,0,6.094999662309419e-06
8287,58226,13,5,0,9.3059998107492e-06
8288,76968,24,6,1,2.912299987656297e-05
8289,2241,17,6,2,1.7207999917445704e-05
8290,2734,11,5,3,1.5884999811532907e-05
8291,12923,16,6,2,2.0552999558276497e-05
8292,10643,12,7,5,2.459600000292994e-05
8293,23570,15,6,1,2.074000076390803e-05
8294,49556,7,7,1,2.5012000151036773e-05
8295,66702,7,6,0,4.753000212076586e-06
8296,2802,7,5,0,3.987999662058428e-06
8297,79276,7,4,0,3.6559995351126418e-06
8298,9684,11,3,0,5.077999958302826e-06
8299,42597,7,2,0,2.8869999368907884e-06
8300,14113,16,5,1,4.2100999962713104e-05
8301,42387,7,7,1,3.0342000172822736e-05
8302,42195,8,6,0,5.4299998737405986e-06
8303,79706,7,5,0,3.81299923901679e-06
8304,1579,7,4,0,3.359000402269885e-06
8305,20152,8,3,0,3.5439998100628145e-06
8306,78897,8,2,0,3.2869993447093293e-06
8307,24074,8,1,0,3.121000190731138e-06
8308,42462,10,3,2,1.0030999874288682e-05
8309,40340,7,7,1,2.5995999749284238e-05
8310,28452,7,6,0,4.956000339007005e-06
8311,4093,7,5,0,3.926000317733269e-06
8312,51899,14,6,1,2.3704999875917565e-05
8313,6557,11,7,3,2.6976000299328007e-05
8314,42403,7,7,1,2.675399991858285e-05
8315,79395,7,6,0,4.841000190936029e-06
8316,24267,8,6,1,7.618999916303437e-06
8317,46969,10,5,0,1.4508000276691746e-05
8318,55836,8,4,0,3.9810001908335835e-06
8319,20444,11,3,0,4.298999556340277e-06
8320,22951,8,7,2,2.8331000066827983e-05
8321,52124,7,6,0,4.440999873622786e-06
8322,47532,8,7,2,2.5184000151057262e-05
8323,34221,9,7,3,2.1780000679427758e-05
8324,44467,12,7,4,2.0663999748649076e-05
8325,34297,7,6,3,1.6326000150002073e-05
8326,20918,11,7,1,1.9383000108064152e-05
8327,34231,12,7,1,1.3072000001557171e-05
8328,460,10,7,3,2.413099991827039e-05
8329,68049,7,7,2,2.2233999516174663e-05
8330,33234,8,7,2,2.321800002391683e-05
8331,465,13,7,1,2.729500010900665e-05
8332,65330,11,6,0,9.733999831951223e-06
8333,71952,8,6,1,1.7643000319367275e-05
8334,56235,8,5,0,3.7879999581491575e-06
8335,56437,8,5,0,8.97900008567376e-06
8336,13675,26,6,1,3.190200004610233e-05
8337,36310,8,7,4,2.2880999495100696e-05
8338,17387,14,6,1,2.0321000192780048e-05
8339,21582,10,6,3,2.2121999791124836e-05
8340,71126,12,7,0,1.4045000170881394e-05
8341,30183,9,7,4,2.2776999685447663e-05
8342,23869,9,6,2,1.865800004452467e-05
8343,32371,13,6,1,1.8276999981026165e-05
8344,18921,9,7,1,2.7902999136131257e-05
8345,63393,7,6,0,4.281000656192191e-06
8346,85496,7,5,0,3.7370000427472405e-06
8347,54171,7,4,0,3.529999958118424e-06
8348,13410,8,3,0,3.7340005292207934e-06
8349,21834,14,3,1,6.636999387410469e-06
8350,4615,12,2,1,6.008000127621926e-06
8351,68556,24,6,1,0.00011076600003434578
8352,49645,15,7,5,2.8609000764845405e-05
8353,1521,13,7,5,2.0027000573463738e-05
8354,10744,9,7,3,2.150699947378598e-05
8355,57849,9,7,2,2.886200036300579e-05
8356,1115,8,6,1,9.718000001157634e-06
8357,65152,9,5,0,4.9450000005890615e-06
8358,50895,15,5,1,1.7567999748280272e-05
8359,67072,7,7,1,2.650800070114201e-05
8360,60968,7,6,0,4.847000127483625e-06
8361,75640,7,5,0,3.942999683204107e-06
8362,58364,7,4,0,3.6399997043190524e-06
8363,83000,7,3,0,3.37999972543912e-06
8364,70188,7,2,0,6.4779997046571225e-06
8365,19463,7,1,0,2.5219997041858733e-06
8366,7857,10,2,0,4.786999852512963e-06
8367,56840,9,7,1,2.8728999495797325e-05
8368,1872,7,6,0,4.6710001697647385e-06
8369,6665,8,7,2,2.6154999432037584e-05
8370,85522,12,7,3,1.5785000869072974e-05
8371,69139,9,7,2,2.487900019332301e-05
8372,2643,14,6,1,2.044300072157057e-05
8373,532,10,7,2,1.1850999726448208e-05
8374,3610,20,7,3,3.053899945371086e-05
8375,61152,9,6,1,1.859500025602756e-05
8376,63341,9,6,1,1.538199921924388e-05
8377,73462,12,6,2,1.928999972733436e-05
8378,51079,14,6,2,2.0855000002484303e-05
8379,4090,7,6,3,1.332200008619111e-05
8380,58908,8,7,4,1.780700040399097e-05
8381,46622,7,7,6,1.2547000551421661e-05
8382,85536,11,7,2,2.4770999516476877e-05
8383,41509,14,7,2,2.4220000341301784e-05
8384,71368,18,6,2,1.929500012920471e-05
8385,87594,10,7,4,1.747899932524888e-05
8386,75311,12,7,2,2.2511999304697383e-05
8387,46644,9,7,4,2.6084000637638383e-05
8388,87609,14,7,2,2.9908000215073116e-05
8389,32316,14,7,3,2.2633000298810657e-05
8390,82495,8,7,3,2.0255999515939038e-05
8391,65088,20,7,3,3.1675999707658775e-05
8392,56899,10,7,2,2.2167999304656405e-05
8393,39500,17,7,5,2.4375999601033982e-05
8394,84569,15,7,1,8.44530004542321e-05
8395,37057,9,6,0,6.307000148808584e-06
8396,46026,15,6,0,1.0869000107049942e-05
8397,5195,17,5,0,1.1177000487805344e-05
8398,46104,15,6,1,1.59740002345643e-05
8399,45011,12,6,2,1.9764999706239905e-05
8400,42585,7,7,1,3.0035999770916533e-05
8401,66535,7,6,0,5.3130006563151255e-06
8402,59245,7,5,0,4.73000000056345e-06
8403,15543,7,4,0,3.6490000638877973e-06
8404,64095,7,7,1,2.6683000214688946e-05
8405,42043,7,6,0,4.693999471783172e-06
8406,21235,7,5,0,3.916000423487276e-06
8407,57961,12,7,2,2.4621000193292275e-05
8408,36458,18,7,3,2.1607999769912567e-05
8409,71444,10,6,2,1.1549000191735104e-05
8410,71080,9,6,3,1.3333999959286302e-05
8411,24170,10,7,4,2.1880000531382393e-05
8412,76400,9,7,3,1.958600023499457e-05
8413,87916,18,6,1,2.4990999918372836e-05
8414,841,12,6,4,1.670299934630748e-05
8415,46258,9,6,2,1.4442999599850737e-05
8416,18556,12,6,0,1.031400006468175e-05
8417,70710,8,6,2,1.8709999494603835e-05
8418,22133,17,7,1,1.9811000129266176e-05
8419,7829,12,6,4,1.8861999706132337e-05
8420,85626,10,7,2,2.1409000510175247e-05
8421,71293,8,7,3,2.0137999854341615e-05
8422,82561,9,7,2,2.0354999833216425e-05
8423,45698,23,7,2,3.573499998310581e-05
8424,40595,8,7,3,1.8386999727226794e-05
8425,39579,18,7,2,2.6209000679955352e-05
8426,79869,10,6,2,2.45060000452213e-05
8427,88651,17,6,2,0.0005748880003011436
8428,46754,11,7,2,3.749799998331582e-05
8429,72830,9,6,3,1.7022999600158073e-05
8430,87717,7,7,3,2.1078999452583957e-05
8431,38569,10,7,3,1.8482000086805783e-05
8432,71343,8,7,2,2.2512999748869333e-05
8433,60163,7,6,2,1.355499989585951e-05
8434,84657,29,7,2,3.2777999876998365e-05
8435,67250,13,7,2,3.283400019427063e-05
8436,16053,15,7,3,2.7957999918726273e-05
8437,46955,10,6,2,1.6506999600096606e-05
8438,3767,12,7,2,2.1130000277480576e-05
8439,11966,15,7,3,3.0464999326795805e-05
8440,8900,17,7,1,2.346499968552962e-05
8441,26597,13,6,1,1.601999974809587e-05
8442,46790,11,7,3,1.9437000446487218e-05
8443,23469,17,6,2,2.2113000341050792e-05
8444,80585,12,7,2,2.3159000193118118e-05
8445,27704,11,6,3,1.8978999833052512e-05
8446,87268,12,6,1,1.7522000234748702e-05
8447,57034,13,7,3,2.5936999918485526e-05
8448,59084,9,7,3,2.8466000003390945e-05
8449,47849,9,6,1,2.0770999981323257e-05
8450,21721,21,6,0,1.5509999684582e-05
8451,44283,15,5,0,1.3075999959255569e-05
8452,58497,14,5,0,6.054299956304021e-05
8453,34399,21,4,0,9.59899989538826e-06
8454,18417,17,6,2,2.2928999896976165e-05
8455,3790,11,7,4,2.047099951596465e-05
8456,39681,11,6,2,1.7643999854044523e-05
8457,7889,13,7,4,2.1313999241101556e-05
8458,76501,9,7,4,2.5473999812675174e-05
8459,76507,7,7,3,2.2866999643156305e-05
8460,26537,10,6,2,2.214500000263797e-05
8461,63223,16,7,4,2.9894000363128725e-05
8462,60157,8,7,3,2.2188000002643093e-05
8463,17151,8,7,1,2.3522000446973834e-05
8464,48907,12,7,2,1.945100029843161e-05
8465,51998,14,7,1,3.0299000172817614e-05
8466,40735,8,7,4,2.1239000489003956e-05
8467,29473,10,7,4,1.9966999388998374e-05
8468,31522,11,7,3,2.4541000129829627e-05
8469,22309,11,7,0,2.1490000108315144e-05
8470,34755,15,6,3,2.0947999473719392e-05
8471,81706,7,7,1,2.9290999918885063e-05
8472,87097,7,6,0,4.821999937121291e-06
8473,40629,11,6,0,8.825999429973308e-06
8474,16203,9,6,1,2.3972000235517044e-05
8475,74539,13,7,2,3.736100006790366e-05
8476,59186,7,7,1,2.830399989761645e-05
8477,76599,9,7,1,2.5778999770409428e-05
8478,21308,11,7,0,1.9748999875446316e-05
8479,17671,10,6,1,1.6515000424988102e-05
8480,73541,10,7,2,2.569800017226953e-05
8481,49993,8,7,4,2.2080000235291664e-05
8482,25418,11,7,3,2.613200013001915e-05
8483,36693,11,7,4,2.7211000087845605e-05
8484,42853,21,7,2,3.243500032112934e-05
8485,79720,10,7,1,5.720199987990782e-05
8486,26474,10,7,1,1.9879000319633633e-05
8487,34162,16,6,1,1.7679000848147552e-05
8488,51055,8,7,2,2.5833999643509742e-05
8489,3959,8,7,4,1.8187999557994772e-05
8490,42881,16,7,3,2.8098999791836832e-05
8491,88966,12,7,1,2.9755999094049912e-05
8492,75184,22,6,0,2.1638999896822497e-05
8493,28560,16,7,2,3.4110999877157155e-05
8494,88979,10,7,1,1.9368000721442513e-05
8495,83442,14,6,0,1.6349999896192458e-05
8496,86758,11,6,1,1.9787000383075792e-05
8497,8088,11,7,2,2.070399932563305e-05
8498,48027,7,7,1,2.5487999664619565e-05
8499,80879,9,6,0,5.981999493087642e-06
8500,3996,13,7,2,3.022700002475176e-05
8501,54506,13,6,1,2.0868000319751445e-05
8502,57493,14,6,1,1.5685999642300885e-05
8503,87030,9,6,3,1.6304999917338137e-05
8504,59304,12,7,4,2.138900072168326e-05
8505,32687,12,7,1,2.0354999833216425e-05
8506,65456,31,7,1,4.013699981442187e-05
8507,33712,19,7,1,2.6046000130008906e-05
8508,32708,11,7,3,2.5305999770353083e-05
8509,54212,15,7,4,2.5032999474206008e-05
8510,62658,15,6,1,1.3838999620929826e-05
8511,17753,16,5,1,1.6850999600137584e-05
8512,4129,17,5,0,8.668000191391911e-06
8513,10399,12,5,0,7.921999895188492e-06
8514,28075,10,4,0,4.46499961981317e-06
8515,1024,19,4,2,1.836499995988561e-05
8516,52168,7,7,2,2.4297999516420532e-05
8517,79694,19,6,1,2.7469999622553587e-05
8518,63507,12,6,1,2.2093000552558806e-05
8519,74257,15,5,0,7.016999916231725e-06
8520,82429,11,6,1,2.0436999875528272e-05
8521,7556,13,6,3,2.515399955882458e-05
8522,26573,10,7,4,2.8537999241962098e-05
8523,977,11,7,2,5.579899971053237e-05
8524,36820,19,7,3,3.284499962319387e-05
8525,38870,19,7,2,2.4529999791411683e-05
8526,3035,25,7,3,3.303699941170635e-05
8527,45027,9,7,5,2.3085000066203065e-05
8528,50151,29,7,2,4.112900023756083e-05
8529,84970,8,7,1,1.4514000213239342e-05
8530,44842,22,6,1,2.89270001303521e-05
8531,1007,8,7,4,1.7860999832919333e-05
8532,64526,21,7,2,4.010300017398549e-05
8533,10261,20,7,4,2.6523999622440897e-05
8534,33975,23,6,3,2.186900019296445e-05
8535,66587,7,7,4,2.0444999790925067e-05
8536,36180,12,6,2,2.1888000446779188e-05
8537,77924,11,6,2,1.9824999981210567e-05
8538,58396,7,7,1,2.7864000003319234e-05
8539,5149,7,7,2,2.316900008736411e-05
8540,23581,11,7,3,2.2189000446815044e-05
8541,9253,10,7,3,2.2029999854566995e-05
8542,75818,10,7,2,2.024000059464015e-05
8543,79143,12,6,0,1.2075000086042564e-05
8544,83313,13,5,0,9.160999979940243e-06
8545,70259,17,6,2,1.813099970604526e-05
8546,70799,18,6,1,2.2800999431638047e-05
8547,7218,24,7,1,3.509300040605012e-05
8548,74814,16,7,2,2.563900034147082e-05
8549,43082,12,7,3,3.641500006779097e-05
8550,7271,13,7,2,3.8098000004538335e-05
8551,11373,11,7,4,5.9979000070597976e-05
8552,84081,26,7,1,2.8638000003411435e-05
8553,57166,14,6,2,2.245900031994097e-05
8554,1350,21,6,1,2.02390001504682e-05
8555,30239,8,5,1,9.937999493558891e-06
8556,82035,15,7,3,2.46580002567498e-05
8557,21627,8,7,2,2.233499981230125e-05
8558,17546,15,7,3,2.661600046849344e-05
8559,10382,12,7,0,1.942100061569363e-05
8560,21648,8,7,1,2.8595000003406312e-05
8561,53404,16,7,0,1.9288000657979865e-05
8562,65191,14,6,0,1.538299966341583e-05
8563,73515,14,5,0,1.6056000276876148e-05
8564,61607,8,7,2,1.7890999515657313e-05
8565,59578,8,7,1,1.1373000234016217e-05
8566,8394,14,7,1,2.5954999728128314e-05
8567,16586,12,7,3,2.3130999579734635e-05
8568,87258,19,7,4,3.3533999157953076e-05
8569,11483,7,7,1,2.7847000637848396e-05
8570,34086,7,6,0,4.812000042875297e-06
8571,13534,8,7,2,1.7690000277070794e-05
8572,21748,16,7,3,2.5030000870174263e-05
8573,55126,19,6,1,2.011400010815123e-05
8574,82393,12,6,2,1.536900072096614e-05
8575,47348,17,7,1,3.151200053252978e-05
8576,35064,21,7,2,3.212400042684749e-05
8577,34044,27,7,0,2.67489995167125e-05
8578,62805,9,6,3,2.3178999981610104e-05
8579,27927,7,7,3,2.120000044669723e-05
8580,15663,9,7,2,2.1103000108269043e-05
8581,35121,8,7,3,2.1950000700599048e-05
8582,82239,12,7,3,2.2307000108412467e-05
8583,81216,11,7,3,2.4496000150975306e-05
8584,7492,8,7,4,2.2991999685473274e-05
8585,11598,24,7,3,3.2697999813535716e-05
8586,1363,10,7,3,5.065200002718484e-05
8587,88409,14,7,3,2.343300002394244e-05
8588,14699,9,7,4,2.0927000150550157e-05
8589,19824,11,7,5,2.2199999875738285e-05
8590,77170,8,7,5,1.4133999684418086e-05
8591,17799,17,7,2,2.428699917800259e-05
8592,26211,9,6,3,1.718200019240612e-05
8593,71310,16,6,1,2.0188000235066283e-05
8594,48295,19,6,1,1.6242000128841028e-05
8595,80271,11,7,0,1.8106999959854875e-05
8596,78224,16,7,1,3.001200002472615e-05
8597,4495,22,7,2,3.130900040559936e-05
8598,82349,23,7,4,2.7905000024475157e-05
8599,87475,9,7,1,1.570899985381402e-05
8600,55748,12,7,3,2.0594000488927122e-05
8601,83552,11,6,0,1.2284999684197828e-05
8602,82377,13,7,2,2.363400017202366e-05
8603,79333,21,7,2,2.796399985527387e-05
8604,88550,18,7,2,2.3333999706665054e-05
8605,35341,18,7,3,2.5203000404872e-05
8606,43537,10,7,1,2.2260000150708947e-05
8607,14874,26,7,3,2.7041999601351563e-05
8608,5660,11,7,2,3.0049999622860923e-05
8609,77353,25,7,2,3.461799951764988e-05
8610,83508,15,7,2,3.015099991898751e-05
8611,35387,16,7,2,2.5442999685765244e-05
8612,58958,16,7,1,1.5077000171004329e-05
8613,44659,18,7,2,1.8599999748403206e-05
8614,20614,13,6,1,1.3535999642044771e-05
8615,59229,19,6,1,2.3055999918142334e-05
8616,64129,15,7,2,2.1911000658292323e-05
8617,21123,14,7,2,2.366900025663199e-05
8618,6389,18,6,1,6.8938999902457e-05
8619,63148,14,6,1,4.65279999843915e-05
8620,61084,17,7,4,3.7648999750672374e-05
8621,32422,14,7,2,2.0061999748577364e-05
8622,55463,15,6,1,2.2371999875758775e-05
8623,2751,12,7,5,1.74449996848125e-05
8624,38596,9,7,5,2.149700048903469e-05
8625,88786,14,7,1,2.355599917791551e-05
8626,7256,22,6,1,2.5471999833825976e-05
8627,46821,14,7,4,2.447199949529022e-05
8628,22266,25,7,2,2.7289000172459055e-05
8629,2830,11,7,2,2.0354000298539177e-05
8630,59174,15,7,2,2.304800000274554e-05
8631,61237,19,7,1,2.8532000214909203e-05
8632,45888,20,7,3,2.8439000743674114e-05
8633,60228,11,7,2,2.406899966445053e-05
8634,12687,12,6,0,7.874999937484972e-06
8635,45957,8,5,1,1.4599999303754885e-05
8636,40780,22,7,1,2.689200027816696e-05
8637,38788,13,7,1,3.1198000215226784e-05
8638,64418,15,7,1,2.4296999981743284e-05
8639,2978,11,7,2,2.3260000489244703e-05
8640,19405,14,6,3,2.2112000806373544e-05
8641,81042,11,6,2,2.1584000023722183e-05
8642,14366,29,6,1,2.80740005109692e-05
8643,82873,31,7,1,2.3429000066244043e-05
8644,73665,15,7,3,2.4762999601080082e-05
8645,60428,18,7,6,2.708000010898104e-05
8646,3682,13,6,1,1.5085000086401124e-05
8647,28708,21,7,4,2.777299960143864e-05
8648,29187,10,6,3,2.0959999346814584e-05
8649,79007,32,7,0,3.060199924220797e-05
8650,61642,12,7,6,2.565100021456601e-05
8651,57556,18,7,1,2.2496999918075744e-05
8652,59645,15,7,3,5.380099992180476e-05
8653,69970,10,7,2,2.1034000383224338e-05
8654,68949,15,7,5,2.0817000404349528e-05
8655,26984,13,7,2,2.0992000827391166e-05
8656,67947,22,7,1,2.1920000108366366e-05
8657,42428,10,7,1,1.6105999748106115e-05
8658,70102,15,7,5,2.208900059486041e-05
8659,77296,15,7,2,1.920300019264687e-05
8660,44545,14,7,2,2.2792999516241252e-05
8661,88591,14,7,2,2.1599000319838524e-05
8662,13895,24,7,2,2.8805000511056278e-05
8663,51847,20,7,3,2.306200076418463e-05
8664,39560,22,7,2,2.8387000384100247e-05
8665,2725,15,7,3,2.0589999621734023e-05
8666,55999,31,7,0,4.314599937060848e-05
8667,65267,14,7,2,2.3982999664440285e-05
8668,79624,9,7,3,2.0733000383188482e-05
8669,30554,18,7,3,2.3516000510426238e-05
8670,64372,24,7,2,2.9540000468841754e-05
8671,85013,17,6,4,2.1517000277526677e-05
8672,55170,28,7,1,1.712300036160741e-05
8673,41262,27,6,2,3.103400013060309e-05
8674,11184,10,7,4,2.096800017170608e-05
8675,69554,18,7,2,2.064199998130789e-05
8676,22517,15,7,3,2.3595000129716936e-05
8677,44262,10,6,2,1.6213999515457544e-05
8678,69896,10,5,0,1.287299983232515e-05
8679,78854,22,7,5,2.9503000405384228e-05
8680,75808,14,7,3,2.4492999727954157e-05
8681,5179,13,7,2,2.0878999748674687e-05
8682,8307,20,7,0,2.4895000024116598e-05
8683,46370,15,6,1,2.2845999410492368e-05
8684,49999,9,6,2,1.944799987541046e-05
8685,68519,18,6,1,2.642700019350741e-05
8686,76017,20,7,3,6.693900013488019e-05
8687,78166,27,7,2,2.735499947448261e-05
8688,70004,12,7,2,1.965000046766363e-05
8689,68021,11,7,2,2.2729999727744143e-05
8690,17988,26,7,1,2.2670999896945432e-05
8691,65208,14,7,2,2.673499966476811e-05
8692,63249,25,7,2,2.866100021492457e-05
8693,19752,20,6,3,2.4114000552799553e-05
8694,52032,15,7,2,2.5035999897227157e-05
8695,39759,14,7,2,1.4301999726740178e-05
8696,5289,18,6,2,1.8018000446318183e-05
8697,29265,25,6,1,2.0679000044765417e-05
8698,82063,20,7,2,2.201000006607501e-05
8699,53693,19,7,2,2.8372000087983906e-05
8700,64642,23,7,4,2.741800017247442e-05
8701,31621,27,7,1,2.422699981252663e-05
8702,77841,16,8,2,2.878600025724154e-05
8703,43642,13,7,2,2.290399970661383e-05
8704,63530,8,8,3,2.6662999516702257e-05
8705,36936,10,8,4,2.4640000447107013e-05
8706,81992,23,8,3,4.124199949728791e-05
8707,39411,12,7,2,1.6752999727032147e-05
8708,73805,9,8,5,2.292200042575132e-05
8709,59479,8,8,1,3.5119000131089706e-05
8710,54289,10,7,0,7.95500000094762e-06
8711,64591,8,6,0,5.07200002175523e-06
8712,31915,12,5,0,6.85700069880113e-06
8713,57471,26,7,1,2.3149000298872124e-05
8714,58197,24,6,1,2.1795999600726645e-05
8715,73830,8,8,1,3.204000040568644e-05
8716,21673,8,7,0,4.83900021208683e-06
8717,7342,8,6,0,5.034999958297703e-06
8718,20181,8,5,0,4.382999577501323e-06
8719,68121,8,4,0,3.811000169662293e-06
8720,28941,8,3,0,3.4479999158065766e-06
8721,19833,12,3,0,5.623999641102273e-06
8722,41532,13,3,1,9.379000402987003e-06
8723,82994,19,2,0,7.204000212368555e-06
8724,4207,12,8,4,3.013400055351667e-05
8725,32886,13,8,1,6.65340003251913e-05
8726,2320,9,7,0,7.011999514361378e-06
8727,77952,9,6,0,5.55400038138032e-06
8728,23296,10,6,1,1.0153999937756453e-05
8729,39842,13,5,0,7.0330006565200165e-06
8730,81020,9,4,1,1.158600025519263e-05
8731,76997,16,4,1,1.2753000191878527e-05
8732,121,8,8,1,3.2466999982716516e-05
8733,54586,8,7,0,5.7980005294666626e-06
8734,46591,8,6,0,4.648999492928851e-06
8735,34785,8,5,0,4.1860002966132015e-06
8736,6637,8,4,0,4.1800003600656055e-06
8737,6506,12,5,1,1.0627999472490046e-05
8738,65670,8,8,1,3.1587000194122083e-05
8739,83361,8,7,0,4.863999492954463e-06
8740,57080,8,6,0,4.710999746748712e-06
8741,85179,9,5,0,4.661999810195994e-06
8742,33719,8,4,0,3.788999492826406e-06
8743,26566,8,3,0,3.3779997465899214e-06
8744,21547,8,2,0,3.2459993235534057e-06
8745,70768,8,1,0,2.8760005079675466e-06
8746,68758,9,1,1,8.01699934527278e-06
8747,67725,10,8,1,3.8268999560386874e-05
8748,22089,8,7,0,5.723999493056908e-06
8749,79794,8,6,0,5.060999683337286e-06
8750,86159,17,8,3,1.8296999769518152e-05
8751,29294,15,7,3,3.184500019415282e-05
8752,45232,10,8,5,2.8165999538032338e-05
8753,86199,10,8,1,3.331700008857297e-05
8754,196,9,8,4,2.70650007223594e-05
8755,32965,8,8,1,3.591799941204954e-05
8756,59235,8,7,0,4.955000804329757e-06
8757,16363,8,6,0,5.259999852569308e-06
8758,79469,8,5,0,4.206000085105188e-06
8759,28898,8,8,1,3.3850000363599975e-05
8760,69616,9,7,0,6.413999471988063e-06
8761,424,8,6,0,5.2489995141513646e-06
8762,42619,8,5,0,4.212000021652784e-06
8763,14952,12,4,0,6.297999789239839e-06
8764,55131,11,4,0,7.608000487380195e-06
8765,10687,11,3,0,5.474000317917671e-06
8766,51048,17,3,0,1.5018000340205617e-05
8767,22789,28,3,0,1.5095999515324365e-05
8768,65772,8,8,1,3.2648999876983e-05
8769,8447,9,8,2,3.380699945410015e-05
8770,39175,16,8,4,2.6738999622466508e-05
8771,74706,10,7,3,1.7342999854008667e-05
8772,14633,10,8,1,2.0090999896638095e-05
8773,45357,10,8,4,2.583800051070284e-05
8774,43324,8,8,1,7.435200041072676e-05
8775,44068,8,7,0,6.024999493092764e-06
8776,43353,8,8,1,6.270199992286507e-05
8777,454,8,7,0,5.834999683429487e-06
8778,11188,8,6,0,4.75999968330143e-06
8779,43359,8,8,1,3.70699999621138e-05
8780,56964,8,7,0,5.298999894876033e-06
8781,55658,12,8,4,2.6231999981973786e-05
8782,27510,18,7,3,2.9134999749658164e-05
8783,24157,14,7,2,2.7785000384028535e-05
8784,1729,13,7,4,1.7992999346461147e-05
8785,33140,10,8,1,2.750999919953756e-05
8786,63881,8,8,3,3.020899930561427e-05
8787,55689,9,8,1,2.996500006702263e-05
8788,53166,14,7,0,2.069099991786061e-05
8789,30292,13,7,0,1.4109999938227702e-05
8790,72367,14,6,1,2.174500059481943e-05
8791,15735,15,6,0,9.198999578075018e-06
8792,14176,13,6,1,1.873900055215927e-05
8793,44404,16,6,2,2.16349999391241e-05
8794,73924,19,6,0,1.6158000107679982e-05
8795,55711,13,8,3,2.3502000658481847e-05
8796,46077,27,7,2,3.00880001304904e-05
8797,55737,22,7,3,2.6925999918603338e-05
8798,58771,17,7,3,2.6790999982040375e-05
8799,52359,30,7,2,3.788499998336192e-05
8800,7080,33,7,2,4.134999926463934e-05
8801,14802,18,8,3,3.22619998769369e-05
8802,34452,17,7,3,3.1649000447941944e-05
8803,30460,18,7,2,1.9778999558184296e-05
8804,2529,10,8,2,2.9894999897805974e-05
8805,86503,15,8,4,1.99289997908636e-05
8806,35307,29,8,4,3.725300030055223e-05
8807,21422,13,7,0,1.2681000043812674e-05
8808,9157,23,7,2,2.2111000362201594e-05
8809,68706,15,6,0,4.530200021690689e-05
8810,58656,15,5,1,1.6955000319285318e-05
8811,71826,18,5,1,2.0821999896725174e-05
8812,10802,19,4,1,9.622000106901396e-06
8813,44342,22,7,3,2.7533999855222646e-05
8814,16897,14,8,1,9.385000066686189e-05
8815,52839,8,7,0,5.865999810339417e-06
8816,33928,8,6,0,5.228999725659378e-06
8817,7992,8,5,0,4.104000254301354e-06
8818,20435,8,4,0,3.959000423492398e-06
8819,72217,15,4,1,1.8523000107961707e-05
8820,48373,17,6,1,1.9457000234979205e-05
8821,27160,13,8,2,3.297200055385474e-05
8822,546,9,8,5,2.6980000257026404e-05
8823,70195,9,8,6,2.875500013033161e-05
8824,45648,30,8,3,3.597900013119215e-05
8825,86625,12,8,2,1.8149999959859997e-05
8826,40246,19,7,4,2.132399913534755e-05
8827,43618,13,8,5,2.03159997909097e-05
8828,11104,18,7,2,2.4930000108724926e-05
8829,60042,13,8,0,2.3863000023993663e-05
8830,12956,14,8,5,2.2588999854633585e-05
8831,76539,16,7,3,3.151300006720703e-05
8832,53936,12,8,3,2.3575999875902198e-05
8833,19124,15,8,5,3.309900057502091e-05
8834,76508,8,8,1,3.232200015190756e-05
8835,22464,8,7,0,5.005000275559723e-06
8836,1658,8,6,0,4.9569998736842535e-06
8837,33851,8,5,0,4.647999958251603e-06
8838,3258,8,4,0,3.6770006772712804e-06
8839,64249,11,8,0,1.623900061531458e-05
8840,967,13,7,1,2.273500012961449e-05
8841,73527,12,6,0,8.466000508633442e-06
8842,6645,14,6,0,1.4535999980580527e-05
8843,33558,15,7,0,1.823999991756864e-05
8844,79581,45,7,0,4.789000013261102e-05
8845,45824,15,8,4,2.6808999791683163e-05
8846,35590,19,8,3,6.353000026138034e-05
8847,49003,16,7,1,1.5046000044094399e-05
8848,7451,35,6,0,2.4512999516446143e-05
8849,78063,16,6,1,2.7121000130136963e-05
8850,70688,28,5,0,1.4387000192073174e-05
8851,33690,21,6,1,2.165500063711079e-05
8852,66796,35,5,1,2.0368999685160816e-05
8853,77525,22,7,3,2.833500002452638e-05
8854,34533,23,7,1,2.4121000024024397e-05
8855,64093,16,7,5,2.484500055288663e-05
8856,64778,13,8,3,2.9755000468867365e-05
8857,81163,8,8,1,3.43550000252435e-05
8858,79632,8,7,0,5.1770002755802125e-06
8859,87315,11,8,4,2.5082000320253428e-05
8860,5909,18,8,4,2.7486000362841878e-05
8861,25481,23,7,5,2.3395000425807666e-05
8862,24543,13,7,3,2.1715999537263997e-05
8863,72211,25,7,2,2.7533000320545398e-05
8864,78636,18,7,5,2.333799966436345e-05
8865,57114,20,8,4,3.35810000251513e-05
8866,32540,17,8,2,3.091100006713532e-05
8867,61217,13,8,1,2.409999979136046e-05
8868,22827,25,8,1,3.0202000743884128e-05
8869,26338,22,7,2,2.2978999368206132e-05
8870,60366,14,7,3,2.0918000700476114e-05
8871,73045,15,7,3,2.281399974890519e-05
8872,15831,10,7,4,2.1275000108289532e-05
8873,29500,18,7,1,2.851799945347011e-05
8874,84809,16,7,2,2.633599979162682e-05
8875,13401,12,7,3,2.3321999833569862e-05
8876,64812,16,8,6,2.9785000151605345e-05
8877,83390,18,7,1,5.461699947773013e-05
8878,56718,20,7,2,3.384100000403123e-05
8879,31690,14,7,3,2.0963000679330435e-05
8880,85299,15,7,2,2.4201999622164294e-05
8881,87814,30,6,3,2.5402000574104022e-05
8882,75564,8,8,6,2.6075999812746886e-05
8883,42296,8,8,2,3.168800049024867e-05
8884,81723,23,8,2,3.414000002521789e-05
8885,61974,34,7,2,3.122500038443832e-05
8886,79698,10,8,1,3.4173000130977016e-05
8887,23892,9,8,2,2.608500017231563e-05
8888,15281,10,7,2,2.197499998146668e-05
8889,78193,16,8,2,2.870700063795084e-05
8890,71633,16,7,4,2.5717999960761517e-05
8891,5622,11,7,5,2.0774000404344406e-05
8892,42356,18,8,5,2.2464999346993864e-05
8893,79437,23,7,2,2.8968000151508022e-05
8894,72018,24,7,2,2.5438999728066847e-05
8895,20992,19,7,3,2.3407999833580106e-05
8896,35425,21,7,0,3.0684000194014516e-05
8897,32403,14,7,4,1.763299951562658e-05
8898,44114,17,6,3,1.918700036185328e-05
8899,74685,24,7,2,3.1104999834496994e-05
8900,71050,8,8,3,2.9679999897780363e-05
8901,81135,10,7,2,2.324799970665481e-05
8902,18180,8,7,2,1.960600002348656e-05
8903,15243,8,8,2,2.9182000616856385e-05
8904,64394,17,8,5,2.7846999728353694e-05
8905,15793,29,7,1,7.734599967079703e-05
8906,37591,27,7,2,3.7679999877582304e-05
8907,63437,19,7,2,2.7966999368800316e-05
8908,72941,32,7,1,3.146799917885801e-05
8909,31086,23,7,1,2.7953000426350627e-05
8910,1426,12,8,0,1.8429000192554668e-05
8911,1656,14,7,3,2.48140004259767e-05
8912,8595,14,8,3,2.3026999770081602e-05
8913,36759,15,8,4,3.464699966571061e-05
8914,9625,15,8,4,3.233400002500275e-05
8915,53662,20,8,1,4.3261999962851405e-05
8916,61348,15,8,1,2.3089000023901463e-05
8917,46038,15,7,0,2.146499991795281e-05
8918,28580,15,8,1,3.5308000406075735e-05
8919,50281,17,7,2,2.427200070087565e-05
8920,69227,10,7,3,2.0009999389003497e-05
8921,39482,13,7,2,2.1918000129517168e-05
8922,28082,8,8,1,3.3367000469297636e-05
8923,75303,8,7,0,5.664999662258197e-06
8924,71097,11,8,1,3.3491000067442656e-05
8925,36879,20,7,1,2.7768000109062996e-05
8926,5319,16,6,1,2.071699964290019e-05
8927,56762,15,8,5,2.7104999389848672e-05
8928,28097,8,8,1,3.557899981387891e-05
8929,57290,15,8,3,2.7735999537981115e-05
8930,4049,18,8,5,7.131999973353231e-05
8931,30674,12,8,3,2.6513000193517655e-05
8932,14291,14,8,1,3.097199987678323e-05
8933,32727,9,8,6,5.2255999435146805e-05
8934,74790,9,7,3,2.6624999918567482e-05
8935,12252,24,8,4,3.771499996219063e-05
8936,46047,9,8,4,2.2401999558496755e-05
8937,32743,13,8,2,2.7100000806967728e-05
8938,38512,15,7,5,2.642700019350741e-05
8939,44009,25,8,2,3.082900002482347e-05
8940,23536,15,8,1,3.850499979307642e-05
8941,32241,14,8,2,2.839799981302349e-05
8942,47090,21,8,1,2.531200061639538e-05
8943,4593,11,8,3,2.884900004573865e-05
8944,26101,9,8,3,2.9316999643924646e-05
8945,3575,14,8,4,3.8657000004604924e-05
8946,51190,25,8,4,4.895499932899838e-05
8947,83461,14,8,2,2.946700078609865e-05
8948,45575,16,8,3,3.0807999792159535e-05
8949,24586,20,8,2,3.383700004633283e-05
8950,26130,14,8,5,3.808000019489555e-05
8951,11837,15,8,1,2.6809999326360412e-05
8952,14474,13,7,2,2.0092999875487294e-05
8953,52802,23,8,3,3.262799964431906e-05
8954,73283,9,8,2,4.0719999560678843e-05
8955,14917,20,8,4,5.967400011286372e-05
8956,25671,8,8,1,3.4564000088721514e-05
8957,14014,8,7,0,5.3629992180503905e-06
8958,32842,19,8,3,2.7940000109083485e-05
8959,50256,8,8,1,3.3317999623250216e-05
8960,31873,8,7,0,3.289500000391854e-05
8961,43750,18,7,1,2.6865999643632676e-05
8962,59476,9,8,2,2.128000051015988e-05
8963,67669,9,7,0,5.4929996622377075e-06
8964,78935,16,8,3,3.017899962287629e-05
8965,75442,19,7,2,2.4590000066382345e-05
8966,24320,11,6,2,1.7366000065521803e-05
8967,45155,20,8,1,2.842599951691227e-05
8968,1637,18,8,3,3.083800038439222e-05
8969,51306,18,8,1,2.6687000172387343e-05
8970,81643,23,7,4,3.833699975075433e-05
8971,20098,9,8,3,2.9476000236172695e-05
8972,80514,24,8,1,3.7800999962200876e-05
8973,44204,26,7,1,3.287699928478105e-05
8974,17954,15,7,0,1.4536999515257776e-05
8975,68229,24,8,2,3.8316999962262344e-05
8976,30424,48,7,1,4.175000049144728e-05
8977,85921,29,7,3,3.1985999157768674e-05
8978,63762,17,7,2,1.5525999515375588e-05
8979,62089,19,8,2,2.48930000452674e-05
8980,45708,9,8,1,3.294399994047126e-05
8981,63637,10,8,1,2.7145999411004595e-05
8982,83098,9,8,1,3.3845999496406876e-05
8983,11945,17,8,4,3.0064999918977264e-05
8984,31920,8,8,2,3.139300042676041e-05
8985,42675,12,8,3,2.9378999897744507e-05
8986,73400,22,8,1,3.48190005752258e-05
8987,85177,36,8,1,3.5213000046496745e-05
8988,27844,12,8,5,4.828000055567827e-05
8989,81094,13,7,3,2.17890001295018e-05
8990,38614,20,8,2,3.599699994083494e-05
8991,29415,12,8,4,2.317100006621331e-05
8992,50436,20,8,4,3.361300059623318e-05
8993,26079,36,7,2,3.670699970825808e-05
8994,17686,24,8,0,3.278800068073906e-05
8995,33368,18,7,2,1.9035999685002025e-05
8996,46096,25,6,0,1.0229000508843455e-05
8997,78905,15,5,0,1.1220000487810466e-05
8998,88382,24,7,1,2.9831999199814163e-05
8999,26904,12,8,5,2.847399991878774e-05
9000,75044,9,8,1,3.6037000427313615e-05
9001,17745,14,8,3,2.7887999749509618e-05
9002,43040,18,7,3,2.0838999262196012e-05
9003,54319,24,7,2,3.3583999538677745e-05
9004,30225,17,6,4,2.158999996026978e-05
9005,17893,41,7,2,3.8576999941142276e-05
9006,9880,22,7,2,2.4919000679801684e-05
9007,71532,16,8,1,2.9071000426483806e-05
9008,19318,20,8,3,3.52060005752719e-05
9009,29572,22,8,3,2.4836999727995135e-05
9010,62360,21,8,1,4.2501999814703595e-05
9011,81316,28,8,1,3.785900025832234e-05
9012,62408,13,8,1,2.6144000003114343e-05
9013,8659,34,8,3,5.4445000387204345e-05
9014,81877,30,7,1,1.9674999748531263e-05
9015,36376,28,8,2,3.894199926435249e-05
9016,23658,31,7,1,3.632500011008233e-05
9017,53822,30,8,2,3.672900038509397e-05
9018,31301,15,8,1,2.7908000447496306e-05
9019,75359,18,8,2,3.2764000025053974e-05
9020,73477,17,7,0,1.568100014992524e-05
9021,31569,29,7,1,2.9081999855407048e-05
9022,32120,26,7,0,2.7690000024449546e-05
9023,9371,15,8,5,3.2511999961570837e-05
9024,58574,22,8,2,3.58199995389441e-05
9025,20216,21,8,3,3.175699930579867e-05
9026,39731,33,8,2,3.81540003218106e-05
9027,75588,19,8,4,3.6528999771689996e-05
9028,80733,39,8,4,4.097900000488153e-05
9029,41168,26,7,2,2.512500032025855e-05
9030,80192,31,7,3,3.3878000067488756e-05
9031,14402,26,7,3,2.439499985484872e-05
9032,19302,17,8,4,2.4640999981784262e-05
9033,44940,22,8,2,2.980699991894653e-05
9034,39376,21,7,2,2.3999999939405825e-05
9035,46989,17,8,2,2.666100044734776e-05
9036,9020,59,7,4,4.340100076660747e-05
9037,69024,27,8,1,3.162900065944996e-05
9038,50216,25,8,1,2.644199958012905e-05
9039,72768,33,8,3,6.999299966992112e-05
9040,60033,11,8,4,3.190000006725313e-05
9041,17025,17,8,1,1.400600012857467e-05
9042,65747,15,8,4,2.6256000637658872e-05
9043,2292,20,8,5,2.887800019379938e-05
9044,45317,30,8,2,3.036399994016392e-05
9045,4925,20,8,6,3.2251000448013656e-05
9046,35715,25,8,3,3.3291000363533385e-05
9047,62885,10,8,5,2.6596000680001453e-05
9048,7630,12,8,2,3.546500010997988e-05
9049,72149,19,8,2,3.067999932682142e-05
9050,19983,28,8,3,3.6765000004379544e-05
9051,2664,15,8,0,1.6474999938509427e-05
9052,28337,22,8,2,3.368499983480433e-05
9053,37048,23,8,3,3.05539997498272e-05
9054,64230,40,8,0,3.540499983500922e-05
9055,83796,18,8,0,3.8731999666197225e-05
9056,13282,17,7,1,1.1795999853347894e-05
9057,25442,18,8,4,3.306800044811098e-05
9058,89009,23,8,3,3.250600002502324e-05
9059,50642,18,8,2,2.5430000277992804e-05
9060,68083,13,8,2,2.5317000108771026e-05
9061,29875,33,8,2,3.9806000131648034e-05
9062,24306,16,8,2,3.351099985593464e-05
9063,18250,21,8,6,3.432300036365632e-05
9064,86918,16,8,1,2.1646999812219292e-05
9065,51684,22,8,3,3.1146999390330166e-05
9066,88356,18,8,3,2.3708999833615962e-05
9067,72359,19,8,3,2.8003999432257842e-05
9068,53251,26,9,2,3.61340007657418e-05
9069,59408,15,9,2,3.940900023735594e-05
9070,82603,9,8,1,2.3032999706629198e-05
9071,70275,11,7,0,7.496999387512915e-06
9072,48913,9,6,0,5.327000508259516e-06
9073,37648,12,5,0,6.257000677578617e-06
9074,5145,16,7,4,2.1151000510144513e-05
9075,81937,11,9,5,3.0901999707566574e-05
9076,58991,14,8,2,2.1874000594834797e-05
9077,47619,28,8,2,3.785199987760279e-05
9078,71569,29,8,3,4.500700015341863e-05
9079,89072,14,8,3,2.6290999812772498e-05
9080,84016,9,9,1,3.988600019511068e-05
9081,85071,14,8,0,8.478999916405883e-06
9082,28100,9,7,0,5.812000381411053e-06
9083,84670,19,7,0,2.822900023602415e-05
9084,51346,11,6,0,6.046000635251403e-06
9085,5826,11,5,0,5.074000000604428e-06
9086,33850,28,5,0,1.8122999790648464e-05
9087,86068,26,9,2,3.817200013145339e-05
9088,87677,17,8,1,2.8740999368892517e-05
9089,46775,26,8,4,3.919000027963193e-05
9090,10755,15,8,3,3.1674999263486825e-05
9091,24679,22,9,7,3.314399964438053e-05
9092,67707,19,9,3,3.6046999412064906e-05
9093,28801,9,9,1,4.200100011075847e-05
9094,18112,11,8,0,7.681999704800546e-06
9095,47256,9,9,1,3.88489997931174e-05
9096,88298,9,8,0,6.240999937290326e-06
9097,70476,9,7,0,5.849999979545828e-06
9098,12667,9,6,0,5.5109994718804955e-06
9099,58433,9,5,0,5.031000000599306e-06
9100,20036,9,4,0,4.462000106286723e-06
9101,89077,9,3,0,4.040000021632295e-06
9102,89157,9,2,0,3.4140002753701992e-06
9103,50558,9,1,0,3.4390004657325335e-06
9104,42456,9,0,0,3.0649998734588735e-06
9105,59562,14,9,7,2.9904999792051967e-05
9106,40709,29,8,1,3.9159000152722e-05
9107,75972,9,9,1,4.2300000131945126e-05
9108,10554,9,8,0,6.045000191079453e-06
9109,41875,9,7,0,5.818000317958649e-06
9110,78481,9,6,0,5.579000571742654e-06
9111,74998,9,5,0,4.595000064000487e-06
9112,22739,9,4,0,4.321000233176164e-06
9113,67958,9,3,0,3.6740002542501315e-06
9114,49135,17,5,0,1.6978000530798454e-05
9115,63702,24,9,6,3.988900061813183e-05
9116,71897,22,9,2,2.724899968598038e-05
9117,59611,27,9,4,4.199700015306007e-05
9118,28913,10,9,4,3.953100076614646e-05
9119,41244,16,9,4,3.9120999645092525e-05
9120,23010,13,8,0,9.073999535758048e-06
9121,66182,13,8,4,2.7445999876363203e-05
9122,26925,10,9,1,4.1151999539579265e-05
9123,5498,10,8,0,6.5289996200590394e-06
9124,23484,10,7,0,6.187000508361962e-06
9125,5221,10,6,0,6.430999746953603e-06
9126,88006,10,5,0,5.482000233314466e-06
9127,3517,26,8,1,3.430800006753998e-05
9128,70337,20,8,1,1.2694000361079816e-05
9129,65299,32,7,2,4.17929995819577e-05
9130,69614,21,8,4,4.072899992024759e-05
9131,49466,17,9,2,4.633699973055627e-05
9132,66898,11,8,0,6.844000381533988e-06
9133,2966,12,7,0,6.831000064266846e-06
9134,82264,15,7,0,1.0105000001203734e-05
9135,47306,30,8,8,3.874499998346437e-05
9136,14650,13,8,3,2.5594000362616498e-05
9137,20300,19,8,2,4.3228999857092276e-05
9138,63819,30,9,1,7.796099998813588e-05
9139,11319,18,8,6,6.321999990177574e-05
9140,11011,15,7,3,1.9971000256191473e-05
9141,53579,20,9,3,3.570500030036783e-05
9142,65873,34,9,3,4.912100030196598e-05
9143,51802,28,8,1,1.6572000276937615e-05
9144,8542,13,9,2,3.067600027861772e-05
9145,84355,30,9,0,3.075800032092957e-05
9146,51032,27,8,3,3.991799985669786e-05
9147,33225,9,9,1,3.9598999137524515e-05
9148,15456,9,8,0,5.915000656386837e-06
9149,57815,9,9,1,4.2143999962718226e-05
9150,31191,13,9,4,3.168799958075397e-05
9151,45589,14,9,5,3.15670004056301e-05
9152,28647,23,8,5,3.407399981369963e-05
9153,50498,39,8,1,3.9184999877761584e-05
9154,66454,23,8,2,3.655399996205233e-05
9155,83537,24,8,1,3.344100059621269e-05
9156,76337,12,9,2,2.0939999558322597e-05
9157,62040,26,9,0,3.455499972915277e-05
9158,60108,18,8,3,3.35020004058606e-05
9159,48420,23,7,0,2.7430999580246862e-05
9160,9758,31,7,1,3.4402999517624266e-05
9161,51467,32,8,0,2.5794999601203017e-05
9162,59724,21,8,4,3.173400000378024e-05
9163,8834,13,9,7,2.9894999897805974e-05
9164,19146,11,9,3,5.3963000027579255e-05
9165,32064,20,8,4,3.255499996157596e-05
9166,81676,14,8,3,2.485999993950827e-05
9167,53971,18,9,3,3.3241999517485965e-05
9168,15068,21,9,1,3.3614999665587675e-05
9169,70615,24,8,5,3.4346000575169455e-05
9170,43774,27,9,4,4.5523999688157346e-05
9171,75556,23,8,3,3.29610002154368e-05
9172,60387,16,8,1,3.219800055376254e-05
9173,28596,18,8,2,3.764600023714593e-05
9174,31381,15,8,1,1.5460000213352032e-05
9175,23398,22,8,2,3.1533999390376266e-05
9176,56837,26,7,1,2.3006999981589615e-05
9177,778,13,9,3,2.8168999961053487e-05
9178,19233,15,9,4,3.4736000088742e-05
9179,62459,25,8,3,5.018899992137449e-05
9180,86861,14,9,2,3.347099936945597e-05
9181,21348,11,9,3,3.859300068143057e-05
9182,76731,14,9,1,4.306700066081248e-05
9183,86998,19,9,1,5.130699992150767e-05
9184,41997,18,9,7,4.136700044909958e-05
9185,64588,17,9,5,3.576500057533849e-05
9186,48203,17,9,4,3.980000019510044e-05
9187,40046,13,8,2,2.9030000405327883e-05
9188,17494,25,9,2,6.5916000494326e-05
9189,5209,12,9,2,4.276199979358353e-05
9190,48331,15,9,2,4.1429999328101985e-05
9191,60144,15,8,5,2.895699981309008e-05
9192,6003,19,8,3,3.1638000109524e-05
9193,11575,14,9,3,3.271199966548011e-05
9194,5456,20,9,5,4.254200030118227e-05
9195,34598,33,8,2,4.1803999920375645e-05
9196,34187,12,9,4,3.552599991962779e-05
9197,87457,22,9,4,3.5912999919673894e-05
9198,11848,10,8,5,2.447199949529022e-05
9199,73560,15,8,2,1.7923000086739194e-05
9200,7601,18,9,4,3.239199941162951e-05
9201,69056,18,9,3,3.455499972915277e-05
9202,32221,15,9,5,3.030600055353716e-05
9203,65008,12,9,5,3.267800002504373e-05
9204,15863,13,9,7,3.29570002577384e-05
9205,13834,20,9,5,3.580700013117166e-05
9206,34372,15,9,4,4.11040000471985e-05
9207,46662,11,9,1,4.0314000216312706e-05
9208,63071,20,9,4,3.382199975021649e-05
9209,22647,26,8,1,3.3072999940486625e-05
9210,15992,16,9,2,4.205999994155718e-05
9211,40597,9,9,1,4.27270006184699e-05
9212,63326,37,9,4,6.874500013509532e-05
9213,34722,19,9,2,3.2451000151922926e-05
9214,85966,12,9,3,3.5449000279186293e-05
9215,59367,12,9,3,4.5822999709344e-05
9216,81913,11,9,6,0.0003190199995515286
9217,47141,17,9,2,3.504699998302385e-05
9218,24622,18,9,2,4.432100013218587e-05
9219,6451,19,8,1,2.887399932660628e-05
9220,87876,28,7,1,3.583699981390964e-05
9221,61761,31,8,0,3.250800000387244e-05
9222,56223,44,7,0,2.6345999685872812e-05
9223,4529,15,7,1,2.5356999685755e-05
9224,59858,22,8,2,2.96990001515951e-05
9225,75836,18,8,4,7.493799967051018e-05
9226,6206,14,9,4,6.924600074853515e-05
9227,41084,25,8,4,3.674500021588756e-05
9228,2148,28,9,4,4.0857999920262955e-05
9229,75945,12,9,0,1.500999951531412e-05
9230,51495,14,9,4,4.3712000660889316e-05
9231,20870,28,9,4,4.147300023760181e-05
9232,78246,13,9,6,3.744999958144035e-05
9233,61888,29,9,2,4.302100023778621e-05
9234,53729,24,9,5,4.723699930764269e-05
9235,819,29,9,6,4.1480000618321355e-05
9236,72504,15,9,4,4.246000025887042e-05
9237,27555,19,9,4,4.1682000301079825e-05
9238,62941,23,9,2,4.356299996288726e-05
9239,24511,24,9,2,3.075099994021002e-05
9240,4938,14,9,4,3.4099000004061963e-05
9241,52232,16,10,6,4.974799958290532e-05
9242,27660,21,10,4,4.902499949821504e-05
9243,61944,24,9,2,3.8205000237212516e-05
9244,70366,25,9,3,3.79189996237983e-05
9245,76204,14,9,5,4.123899998376146e-05
9246,26643,10,10,1,4.8441000217280816e-05
9247,72290,10,9,0,3.315300000394927e-05
9248,78112,10,8,0,7.208000170066953e-06
9249,52155,14,7,0,8.20500008558156e-06
9250,30009,10,6,0,5.8880004871753044e-06
9251,31133,12,5,0,5.391999366111122e-06
9252,31794,10,4,0,4.368000190879684e-06
9253,86533,17,4,0,1.8957000065711327e-05
9254,41934,17,3,0,8.672000149090309e-06
9255,68523,16,3,0,1.0665999980119523e-05
9256,53126,29,2,0,1.8065000404021703e-05
9257,73758,10,10,1,5.1699000323424116e-05
9258,72221,10,9,0,6.766000296920538e-06
9259,82913,12,9,0,1.7755000044417102e-05
9260,51248,11,10,3,4.664100015361328e-05
9261,23601,15,10,3,5.760600015491946e-05
9262,16464,20,10,6,5.37389996679849e-05
9263,3291,19,9,1,2.7308000426273793e-05
9264,36953,10,10,1,4.8150000111490954e-05
9265,66899,10,9,0,6.9779998739250004e-06
9266,36981,10,8,0,6.01800002186792e-06
9267,5261,10,7,0,6.280999514274299e-06
9268,8379,11,6,0,6.012000085320324e-06
9269,56011,10,5,0,5.0439994083717465e-06
9270,60584,10,4,0,4.249999619787559e-06
9271,11482,10,3,0,3.815999662037939e-06
9272,2088,11,3,1,5.344000783225056e-06
9273,38803,16,3,0,1.1332000212860294e-05
9274,72801,15,10,6,3.7883000004512724e-05
9275,60930,44,9,3,5.8603000070434064e-05
9276,7266,11,10,8,3.637999998318264e-05
9277,80996,10,10,1,6.086300072638551e-05
9278,77733,10,9,0,0.00010151400056201965
9279,12977,10,8,0,9.700000191514846e-06
9280,54482,17,7,0,1.2987999980396125e-05
9281,31095,10,6,0,5.915999281569384e-06
9282,49921,10,5,0,5.670999598805793e-06
9283,75502,12,5,1,1.2643999980355147e-05
9284,22281,23,4,0,4.056200032209745e-05
9285,52166,21,3,0,1.547800002299482e-05
9286,60497,26,6,0,2.7612999474513344e-05
9287,61542,10,10,1,5.005099956179038e-05
9288,8175,10,9,0,7.11599932401441e-06
9289,75494,10,8,0,6.31300008535618e-06
9290,33336,10,7,0,6.210999345057644e-06
9291,34944,10,6,0,5.921000592934433e-06
9292,76824,11,6,1,2.0282000150473323e-05
9293,65656,22,10,5,4.8476000301889144e-05
9294,55416,22,10,5,4.3198999264859594e-05
9295,84244,13,9,6,4.080500002601184e-05
9296,181,24,10,6,4.297699979360914e-05
9297,25798,12,10,4,4.600400006893324e-05
9298,35020,25,10,3,4.484100008994574e-05
9299,24809,18,10,9,4.453000019566389e-05
9300,84206,23,10,4,4.280099983589025e-05
9301,43583,18,9,5,4.409400025906507e-05
9302,45746,23,8,1,3.314300010970328e-05
9303,87632,13,9,7,3.2375000046158675e-05
9304,62514,14,9,2,3.795899920078227e-05
9305,33004,32,10,2,6.370499977492727e-05
9306,23817,18,10,3,3.5445000321487896e-05
9307,37151,26,10,2,4.230299964547157e-05
9308,40006,14,9,5,2.375999974901788e-05
9309,22588,39,9,4,7.913099943834823e-05
9310,48934,15,9,6,3.4919999961857684e-05
9311,20769,20,10,3,4.5621000026585534e-05
9312,52515,10,10,1,4.770599935000064e-05
9313,77701,13,9,0,9.72399993770523e-06
9314,33501,10,8,0,5.775000317953527e-06
9315,26183,10,7,0,5.911999323870987e-06
9316,69161,10,6,0,5.7099996411125176e-06
9317,1920,11,5,0,5.617999704554677e-06
9318,65927,11,4,0,4.749999789055437e-06
9319,21140,10,3,0,3.953000486944802e-06
9320,4969,11,2,0,6.084999768063426e-06
9321,66416,11,1,0,3.6879991966998205e-06
9322,58229,11,0,0,3.334999746584799e-06
9323,15651,11,10,2,4.660800004785415e-05
9324,10076,10,9,1,3.68370001524454e-05
9325,47397,25,10,4,4.685600015363889e-05
9326,32292,33,9,2,4.5462999878509436e-05
9327,73582,21,9,4,3.6159999581286684e-05
9328,15307,23,9,3,4.657199951907387e-05
9329,32202,31,9,3,4.762699973070994e-05
9330,88758,29,8,2,3.354899945406942e-05
9331,45067,16,8,3,2.844600021489896e-05
9332,34614,20,8,3,3.437000032135984e-05
9333,46745,25,9,2,3.399900015210733e-05
9334,46000,27,8,1,3.332899996166816e-05
9335,32492,28,9,2,3.581300006771926e-05
9336,85757,21,9,4,7.196499973360915e-05
9337,35114,20,10,5,6.470799962698948e-05
9338,60744,21,9,2,3.904100049112458e-05
9339,86364,15,10,1,5.338400023902068e-05
9340,38473,10,9,0,7.1829999797046185e-06
9341,39857,10,8,0,6.410999958461616e-06
9342,72289,11,7,0,8.013999831746332e-06
9343,77645,10,6,0,5.636000423692167e-06
9344,23356,10,5,0,5.180999323783908e-06
9345,49560,10,4,0,4.509000063990243e-06
9346,58013,10,3,0,3.847000698442571e-06
9347,49939,11,2,0,4.151000212004874e-06
9348,68461,10,1,0,3.4679997042985633e-06
9349,86516,24,0,0,7.544000254711136e-06
9350,44390,22,10,3,5.0182000450149644e-05
9351,8556,10,10,1,5.5453000641136896e-05
9352,42581,10,9,0,7.24199981050333e-06
9353,8574,10,10,1,5.147899992152816e-05
9354,39314,48,10,4,6.92570001774584e-05
9355,13734,32,10,2,4.550300036498811e-05
9356,60860,39,10,0,4.312999953981489e-05
9357,14789,23,10,3,3.8160000258358195e-05
9358,9680,10,10,1,5.918399983784184e-05
9359,34489,10,9,0,7.654999535589013e-06
9360,86483,43,10,4,5.965099990135059e-05
9361,8687,18,10,1,4.573800015350571e-05
9362,69105,33,10,1,4.153800000494812e-05
9363,8702,15,10,1,2.8111999199609272e-05
9364,67723,11,9,0,7.231000381580088e-06
9365,23993,13,9,1,0.00019456199970591115
9366,38406,12,10,5,3.551699956005905e-05
9367,85990,14,9,3,3.253599970776122e-05
9368,78373,19,10,2,4.680199981521582e-05
9369,49775,13,10,5,4.010799966636114e-05
9370,68243,15,10,1,2.600700008770218e-05
9371,82599,18,10,1,3.774600008910056e-05
9372,8939,30,9,3,4.462500055524288e-05
9373,16251,17,9,4,2.9178999284340534e-05
9374,47055,14,9,4,3.464299970801221e-05
9375,58041,12,10,1,1.7784000192477833e-05
9376,85700,11,10,5,2.8396000743668992e-05
9377,74469,27,10,4,5.2490000598481856e-05
9378,70407,17,10,7,5.010499990021344e-05
9379,41737,16,10,3,4.165599966654554e-05
9380,77598,14,10,3,2.003900044655893e-05
9381,12081,12,10,5,3.1601000046066474e-05
9382,43900,28,9,7,5.396200049290201e-05
9383,74782,17,9,3,4.46659996669041e-05
9384,79729,17,9,2,6.407300043065334e-05
9385,19309,10,10,1,4.816599994228454e-05
9386,86947,13,10,8,6.092400053603342e-05
9387,42959,17,10,3,4.4082999920647126e-05
9388,56285,22,10,4,3.7881000025663525e-05
9389,13049,20,9,3,3.614599972934229e-05
9390,13376,20,9,5,3.483900036371779e-05
9391,66549,19,10,5,3.267600004619453e-05
9392,67597,22,10,3,3.11740004690364e-05
9393,69692,31,10,1,4.1383999814570416e-05
9394,47194,22,10,6,4.040000021632295e-05
9395,26954,26,9,1,4.1913000131899025e-05
9396,3195,30,10,4,4.2534999920462724e-05
9397,45004,38,10,3,5.7295999795314856e-05
9398,6273,20,10,7,4.999100019631442e-05
9399,71844,20,10,6,4.122200061829062e-05
9400,4288,31,10,4,5.549800061999122e-05
9401,21812,31,9,0,3.4935000257974025e-05
9402,51395,25,10,1,5.163300011190586e-05
9403,57693,22,10,3,7.52199994167313e-05
9404,45545,26,10,4,4.842199996346608e-05
9405,48834,23,10,7,4.7387000449816696e-05
9406,86730,39,10,3,4.879300013271859e-05
9407,44771,35,10,4,5.381099981605075e-05
9408,25379,33,10,3,4.7231000280589797e-05
9409,8444,22,9,2,4.51320001957356e-05
9410,22351,24,9,1,2.4642000425956212e-05
9411,17628,15,9,1,2.625900015118532e-05
9412,17198,19,10,5,3.2069000553747173e-05
9413,67660,22,10,5,4.72249994345475e-05
9414,37350,39,10,3,4.8195000090345275e-05
9415,45781,24,10,5,4.744000034406781e-05
9416,33640,18,10,5,3.727100011019502e-05
9417,40572,19,10,3,4.826900021726033e-05
9418,62465,11,11,1,5.774500004918082e-05
9419,51850,11,10,0,7.654000000911765e-06
9420,49102,11,9,0,6.783999197068624e-06
9421,17388,11,8,0,6.4839996412047185e-06
9422,29439,11,7,0,5.80200048716506e-06
9423,36890,11,6,0,5.777999831479974e-06
9424,39156,11,5,0,5.277000127534848e-06
9425,23111,11,4,0,4.661999810195994e-06
9426,74230,16,5,0,1.292100023420062e-05
9427,8217,11,11,1,0.00014030300008016638
9428,77480,11,10,0,7.941999683680478e-06
9429,38886,11,9,0,6.924999979673885e-06
9430,64049,11,8,0,6.513000698760152e-06
9431,87990,11,7,0,5.873999725736212e-06
9432,71915,11,6,0,6.382000719895586e-06
9433,87000,11,5,0,5.312999746820424e-06
9434,33065,11,4,0,4.702999831351917e-06
9435,1162,11,3,0,3.96899940824369e-06
9436,88034,11,2,0,3.881000338878948e-06
9437,82257,11,1,0,3.7190002331044525e-06
9438,58420,11,11,1,6.074600059946533e-05
9439,25422,11,10,0,8.074000106716994e-06
9440,18657,11,9,0,7.159999768191483e-06
9441,29189,11,8,0,6.722999387420714e-06
9442,9557,13,8,1,1.2276999768801033e-05
9443,45131,59,11,5,7.741099943814334e-05
9444,65627,12,11,1,5.6959000175993424e-05
9445,10207,16,10,0,1.0372999895480461e-05
9446,48869,23,9,4,5.296600011206465e-05
9447,51413,17,10,1,6.252099956327584e-05
9448,72028,14,9,0,1.7723000382829923e-05
9449,66988,17,8,0,1.1064999853260815e-05
9450,67105,18,7,0,1.4365999959409237e-05
9451,62148,16,6,0,2.3253999643202405e-05
9452,59491,19,6,0,1.8585999896458816e-05
9453,44452,22,8,1,3.205800021532923e-05
9454,61545,11,11,1,5.803499971079873e-05
9455,75016,11,10,0,7.716999789408874e-06
9456,74304,11,9,0,6.830000529589597e-06
9457,22518,11,8,0,6.594999831577297e-06
9458,17121,11,7,0,6.487000064225867e-06
9459,27556,11,6,0,6.038999345037155e-06
9460,19835,18,6,1,2.161900010833051e-05
9461,68718,11,11,1,0.0001147780003520893
9462,26772,11,11,1,8.973100011644419e-05
9463,2384,11,10,0,8.852999599184841e-06
9464,27205,28,9,0,2.0290999600547366e-05
9465,47310,15,8,0,1.003299985313788e-05
9466,41774,11,7,0,7.05599995853845e-06
9467,13811,11,6,0,6.415999450837262e-06
9468,43663,21,6,0,1.4674000340164639e-05
9469,75924,18,11,6,6.29559999651974e-05
9470,6323,39,11,1,6.0381999901437666e-05
9471,54806,20,10,3,4.442799945536535e-05
9472,38095,31,11,5,5.593700007011648e-05
9473,85202,11,11,1,6.247500004974427e-05
9474,64437,12,10,0,8.369999704882503e-06
9475,31705,11,9,0,6.308000592980534e-06
9476,79249,12,8,0,6.686999768135138e-06
9477,65792,11,11,1,6.0950000261073e-05
9478,2778,11,10,0,7.330000698857475e-06
9479,19777,12,10,1,1.539799995953217e-05
9480,83830,15,10,3,2.820999998220941e-05
9481,60681,11,11,1,6.017299983795965e-05
9482,12564,29,11,2,6.0790000134147704e-05
9483,39215,24,11,2,4.7479999921051785e-05
9484,74064,44,11,4,5.5948000408534426e-05
9485,5959,33,10,4,4.658600028051296e-05
9486,30036,13,11,1,9.085399960895302e-05
9487,30638,16,10,0,1.1594000170589425e-05
9488,69976,14,11,3,5.2444000175455585e-05
9489,82296,19,11,1,6.912400021974463e-05
9490,66532,13,10,0,8.740000339457765e-06
9491,75302,15,9,0,9.270999726140872e-06
9492,42647,15,8,0,8.660000275995117e-06
9493,25445,13,7,0,7.227999958558939e-06
9494,27018,18,11,4,5.0179000027128495e-05
9495,6544,14,11,2,5.685099949914729e-05
9496,47529,29,11,7,5.857699943589978e-05
9497,64299,26,10,5,4.088300011062529e-05
9498,13781,30,11,3,6.664000011369353e-05
9499,31226,26,11,3,6.0616000155278016e-05
9500,84520,11,11,1,6.543200015585171e-05
9501,23199,11,10,0,7.28899976820685e-06
9502,730,11,9,0,6.723999831592664e-06
9503,88675,17,11,5,5.7842000387609005e-05
9504,17010,25,11,7,5.259199951979099e-05
9505,56946,21,11,3,4.368999998405343e-05
9506,11751,52,10,2,6.591499914065935e-05
9507,4748,13,11,5,8.651000007375842e-05
9508,61105,11,11,1,5.732499994337559e-05
9509,24289,22,11,4,5.696399966836907e-05
9510,28430,39,10,0,3.204499989806209e-05
9511,42732,13,11,2,6.890500026202062e-05
9512,57137,15,11,1,5.856600000697654e-05
9513,38760,14,10,0,9.949999366654083e-06
9514,61330,57,11,4,7.784699937474215e-05
9515,19377,27,11,3,4.671499937103363e-05
9516,10199,59,11,6,7.065000045258785e-05
9517,74758,28,11,3,6.49840003461577e-05
9518,64714,37,11,5,5.8089999583899044e-05
9519,67832,29,11,9,7.00249993315083e-05
9520,76049,21,11,0,0.00011512899982335512
9521,64003,20,11,5,5.602900000667432e-05
9522,62313,26,11,1,7.772600019961828e-05
9523,50185,15,11,0,3.765200017369352e-05
9524,25670,42,11,0,4.1510000301059335e-05
9525,60605,21,10,1,3.349899998283945e-05
9526,70317,36,10,0,4.950900074618403e-05
9527,64477,40,9,0,2.4133999431796838e-05
9528,31855,36,8,0,1.4993999684520531e-05
9529,70447,35,10,1,5.0392999582982156e-05
9530,62466,12,12,1,6.62180000290391e-05
9531,17495,12,11,0,8.715000149095431e-06
9532,9600,16,10,0,1.2969000636076089e-05
9533,18069,12,9,0,1.048400008585304e-05
9534,19183,16,8,0,1.3053000657237135e-05
9535,65590,15,8,0,1.9838999833154958e-05
9536,55354,23,8,0,2.470500021445332e-05
9537,45837,30,9,0,6.136699994385708e-05
9538,19308,28,8,0,1.1498000276333187e-05
9539,10820,35,8,2,4.129899934923742e-05
9540,80884,24,11,2,7.543399988207966e-05
9541,8572,18,11,1,6.765399939467898e-05
9542,31310,28,11,0,7.930700030556181e-05
9543,14065,24,10,1,4.138199983572122e-05
9544,56110,31,9,0,2.3798000256647356e-05
9545,37026,23,8,0,5.1448999329295475e-05
9546,26692,20,8,0,3.0033000257390086e-05
9547,22101,29,7,0,2.0396999389049597e-05
9548,65965,38,7,0,2.5815000299189705e-05
9549,45509,19,10,2,4.315800015319837e-05
9550,59196,13,11,2,5.337900074664503e-05
9551,75786,12,12,1,6.638899958488764e-05
9552,25420,12,11,0,8.195999726012815e-06
9553,85454,20,10,0,1.4902000657457393e-05
9554,68399,20,9,0,1.4240000382415019e-05
9555,21615,12,8,0,6.732999281666707e-06
9556,58914,16,7,0,9.633999979996588e-06
9557,47830,12,6,0,6.739000127709005e-06
9558,42202,12,5,0,5.5360005717375316e-06
9559,37290,16,4,0,6.395999662345275e-06
9560,1916,12,3,0,4.558000000542961e-06
9561,7974,12,2,0,3.968000783061143e-06
9562,50090,12,1,0,3.6069995985599235e-06
9563,4677,12,0,0,3.234999894630164e-06
9564,48705,26,12,4,6.576299983862555e-05
9565,41554,17,12,3,8.49050002216245e-05
9566,12883,15,12,1,0.0002010630005315761
9567,35675,12,11,0,1.0616000508889556e-05
9568,11513,12,10,0,7.425999683619011e-06
9569,17849,22,9,0,4.6999000005598646e-05
9570,26279,23,11,1,4.237400025886018e-05
9571,67205,24,11,4,6.33629997537355e-05
9572,23943,15,11,3,5.431200042949058e-05
9573,54868,35,12,9,7.597400053782621e-05
9574,42601,12,12,2,6.233400017663371e-05
9575,5247,25,12,2,8.026200066524325e-05
9576,62599,12,12,1,7.059799918351928e-05
9577,63180,12,11,0,8.586999683757313e-06
9578,20445,12,10,0,7.032999747025315e-06
9579,43233,12,9,0,7.505000212404411e-06
9580,58518,12,8,0,6.354999641189352e-06
9581,17440,29,11,3,8.362399967154488e-05
9582,23184,18,12,2,7.163800000853371e-05
9583,18591,23,12,6,6.0135000239824876e-05
9584,38059,42,12,1,6.810400009271689e-05
9585,54716,45,11,2,9.98819996311795e-05
9586,58033,12,12,1,7.506499969167635e-05
9587,76999,12,12,2,6.697699973301496e-05
9588,6346,12,11,1,5.669900019711349e-05
9589,69368,39,12,5,6.0461999964900315e-05
9590,51974,25,12,4,5.705900002794806e-05
9591,50080,30,11,4,6.262500028242357e-05
9592,56631,23,12,7,7.743300011497922e-05
9593,37187,23,12,11,6.244799988053273e-05
9594,24904,28,12,4,6.495900015579537e-05
9595,15192,28,12,7,5.8583999816619325e-05
9596,40339,45,11,3,6.658999973296886e-05
9597,21880,24,12,2,6.9949999669916e-05
9598,3546,17,11,2,0.00011886599986610236
9599,50055,12,12,1,7.156100036809221e-05
9600,78736,32,12,3,6.006400053593097e-05
9601,33175,12,12,1,6.666999979643151e-05
9602,61358,13,11,0,9.41300004342338e-06
9603,18857,47,12,7,8.244099990406539e-05
9604,64963,14,12,1,7.050700060062809e-05
9605,51214,14,11,0,9.588000466465019e-06
9606,68761,14,10,0,8.510000043315813e-06
9607,2393,14,9,0,7.870999979786575e-06
9608,82578,14,8,0,7.565000487375073e-06
9609,7784,14,7,0,7.649000508536119e-06
9610,48335,14,6,0,7.030000233498868e-06
9611,24932,14,5,0,6.394000592990778e-06
9612,82438,14,4,0,5.560000317927916e-06
9613,65894,14,3,0,5.065000550530385e-06
9614,44789,14,3,0,8.240000170189887e-06
9615,55255,27,2,0,1.3083999874652363e-05
9616,18157,35,2,0,1.5501999769185204e-05
9617,40900,25,12,4,6.957400000828784e-05
9618,70105,13,12,3,7.208399983937852e-05
9619,58332,12,12,1,6.750600005034357e-05
9620,87129,17,11,0,1.3190000572649296e-05
9621,6634,14,12,1,7.234400072775315e-05
9622,63467,19,11,0,1.3635999493999407e-05
9623,25099,13,12,1,8.12600001154351e-05
9624,73898,13,11,0,9.407000106875785e-06
9625,9507,13,10,0,7.942999218357727e-06
9626,21322,13,9,0,7.697000000916887e-06
9627,11798,36,12,4,5.445300030260114e-05
9628,21544,13,12,1,6.899999971210491e-05
9629,54372,15,12,2,3.829500019492116e-05
9630,62207,23,11,1,4.0764999539533164e-05
9631,48894,20,12,4,4.026300030091079e-05
9632,50990,30,12,3,7.416700009343913e-05
9633,86343,24,11,2,5.766699996456737e-05
9634,74103,31,11,4,8.217199956561672e-05
9635,6023,20,12,2,6.31279999652179e-05
9636,9574,35,12,0,3.810099951806478e-05
9637,85523,13,13,1,7.934400036901934e-05
9638,73592,13,12,0,9.007000699057244e-06
9639,22935,13,11,0,1.3150000086170621e-05
9640,67120,13,10,0,7.81900052970741e-06
9641,29747,16,9,0,1.0482000107003842e-05
9642,24403,13,8,0,6.9150000854278915e-06
9643,7802,13,7,0,6.455999937315937e-06
9644,30471,20,7,0,1.5343000086431857e-05
9645,42287,14,6,1,9.080000381800346e-06
9646,84408,16,5,0,1.0630000360833947e-05
9647,85422,30,5,0,2.7768000109062996e-05
9648,34255,23,4,2,1.6023999705794267e-05
9649,73205,28,6,3,5.771999985881848e-05
9650,27348,25,12,6,7.479299983970122e-05
9651,21525,13,13,1,7.338099931075703e-05
9652,6393,18,12,0,1.1498999811010435e-05
9653,64053,13,11,0,8.027999683690723e-06
9654,20022,13,10,0,6.999000106588937e-06
9655,70716,13,9,0,6.883999958517961e-06
9656,22398,13,8,0,6.569000106537715e-06
9657,22466,13,7,0,6.958000085433014e-06
9658,50936,13,6,0,6.5480007833684795e-06
9659,50253,13,5,0,5.951999810349662e-06
9660,6439,13,4,0,4.972999704477843e-06
9661,14927,13,3,0,4.364000233181287e-06
9662,15424,13,2,0,4.190999788988847e-06
9663,83139,13,1,0,3.7849995351280086e-06
9664,34000,13,0,0,5.818000317958649e-06
9665,65580,13,13,1,7.970300066517666e-05
9666,55347,16,12,0,1.1449000339780468e-05
9667,42130,22,12,0,2.021000000240747e-05
9668,52505,29,12,0,3.114600076514762e-05
9669,77881,28,11,1,3.219400059606414e-05
9670,58828,19,10,2,3.247799941163976e-05
9671,57884,30,9,1,2.9138000172679313e-05
9672,35818,28,10,2,2.788599977066042e-05
9673,13932,30,10,3,4.818399975192733e-05
9674,6974,39,9,0,3.171199932694435e-05
9675,23482,22,8,2,2.6126999728148803e-05
9676,15392,39,11,3,6.76259996907902e-05
9677,23513,24,12,7,5.6968999160744715e-05
9678,67170,24,12,6,5.380099992180476e-05
9679,1581,13,13,1,0.00010215000020252774
9680,32939,13,12,0,9.438000233785715e-06
9681,11543,13,11,0,7.93899926065933e-06
9682,15264,13,10,0,8.032000550883822e-06
9683,56767,13,9,0,6.861000656499527e-06
9684,52707,13,8,0,7.261000064318068e-06
9685,10825,13,7,0,6.913000106578693e-06
9686,63469,17,7,0,2.2590999833482783e-05
9687,33153,17,6,0,7.95699997979682e-06
9688,5509,24,6,0,1.6838999727042392e-05
9689,6276,23,5,0,9.022000085678883e-06
9690,47569,33,6,0,3.227900015190244e-05
9691,16961,31,13,6,7.934200039017014e-05
9692,67144,24,13,1,4.9901000238605775e-05
9693,77389,13,13,1,7.42819993320154e-05
9694,55493,13,12,0,8.938000064517837e-06
9695,77087,13,11,0,7.775000085530337e-06
9696,1122,13,10,0,7.720000212430023e-06
9697,40343,13,9,0,7.245000233524479e-06
9698,88805,13,8,0,7.261999598995317e-06
9699,53232,22,7,0,1.121199966291897e-05
9700,68264,13,6,0,6.803999895055313e-06
9701,35938,13,5,0,6.140999175840989e-06
9702,77048,13,4,0,5.24300048709847e-06
9703,49525,13,3,0,6.966999535507057e-06
9704,9894,13,2,0,4.362999789009336e-06
9705,44780,13,1,0,3.7689997043344192e-06
9706,4183,29,13,5,7.77729992478271e-05
9707,87641,16,13,2,8.789599996816833e-05
9708,65121,28,13,8,8.326399984071031e-05
9709,71162,19,13,1,0.00016610700004093815
9710,3751,13,13,1,8.270999933301937e-05
9711,69899,13,12,0,9.904999387799762e-06
9712,81265,13,11,0,8.151000656653196e-06
9713,58799,13,10,0,7.759000254736748e-06
9714,3041,13,9,0,8.494999747199472e-06
9715,21507,15,9,0,1.1691000509017613e-05
9716,79495,26,11,4,4.3197999730182346e-05
9717,26816,22,10,3,2.2904000616108533e-05
9718,89099,26,9,0,5.457399947772501e-05
9719,58583,13,13,1,8.367600003111875e-05
9720,40667,15,13,4,8.209899988287361e-05
9721,67313,37,13,4,7.775300036882982e-05
9722,26420,44,12,3,6.270999983826187e-05
9723,67444,34,12,4,6.144999952084618e-05
9724,85373,38,12,3,4.979999994247919e-05
9725,54521,15,13,0,7.758899937471142e-05
9726,28482,26,13,1,0.00011829200047941413
9727,74639,32,12,0,2.329600010853028e-05
9728,11106,13,11,0,9.485999726166483e-06
9729,70459,42,12,0,3.93190002796473e-05
9730,60221,42,11,0,3.98579995817272e-05
9731,8477,40,11,2,8.216500009439187e-05
9732,68,43,12,3,4.255600015312666e-05
9733,68376,33,12,3,4.7202999667206313e-05
9734,10058,34,13,9,8.360899937542854e-05
9735,69463,30,13,1,9.671699990576599e-05
9736,88436,30,13,10,8.297699969261885e-05
9737,70083,69,13,4,0.00012136599980294704
9738,27079,17,13,9,6.687700079055503e-05
9739,30696,36,13,3,0.00011188700045750011
9740,48135,14,14,1,9.37509994400898e-05
9741,3615,14,13,0,1.1078000170527957e-05
9742,76594,14,12,0,9.313999726145994e-06
9743,41361,15,11,0,9.11999995878432e-06
9744,58527,15,10,0,9.680999937700108e-06
9745,5008,14,9,0,8.310999874083791e-06
9746,1157,14,8,0,8.14200029708445e-06
9747,30802,14,7,0,8.072999662545044e-06
9748,88795,14,6,0,7.465999260602985e-06
9749,3935,14,5,0,6.18800004303921e-06
9750,16834,15,4,0,5.820999831485096e-06
9751,39744,18,3,0,7.978999747138005e-06
9752,38712,30,3,0,1.591300042491639e-05
9753,5576,23,9,0,2.2384999283531215e-05
9754,88598,15,14,1,9.079100072995061e-05
9755,57417,15,13,0,1.181900006486103e-05
9756,85822,15,12,0,9.671000043454114e-06
9757,15870,15,11,0,9.071000022231601e-06
9758,14018,18,10,0,1.200499991682591e-05
9759,50153,15,9,0,8.944999535742681e-06
9760,14718,14,8,0,7.075999747030437e-06
9761,13252,15,7,0,8.464000529784244e-06
9762,83041,22,7,1,2.6231999981973786e-05
9763,12214,17,7,1,1.4744999134563841e-05
9764,72900,39,8,0,4.42729997303104e-05
9765,57397,22,14,3,8.062299912126036e-05
9766,61281,18,13,10,5.173899990040809e-05
9767,36419,14,14,2,8.424599946010858e-05
9768,77889,17,14,2,9.0415999693505e-05
9769,22624,30,14,1,9.493400011706399e-05
9770,14281,16,13,1,2.022199987550266e-05
9771,25093,26,12,0,2.2347000594891142e-05
9772,25403,31,12,0,2.824400053214049e-05
9773,13574,37,13,4,4.510400049184682e-05
9774,17715,31,12,3,5.185900045034941e-05
9775,12393,37,14,11,7.90960002632346e-05
9776,62695,17,13,11,5.3685999773733784e-05
9777,20602,61,14,2,0.0001305819996559876
9778,26563,27,13,1,9.767099982127547e-05
9779,22726,45,14,5,0.00011307499971735524
9780,85197,14,14,1,9.807300011743791e-05
9781,56569,14,13,0,1.0832999578269664e-05
9782,29940,22,14,9,0.00018202899991592858
9783,33539,49,14,6,8.083999910013517e-05
9784,73164,47,13,3,9.380099982081447e-05
9785,50540,22,14,2,9.880800007522339e-05
9786,16817,24,14,2,4.327100032242015e-05
9787,2489,30,14,7,8.316000003105728e-05
9788,56541,29,13,0,3.800800004682969e-05
9789,70517,27,12,2,3.336099962325534e-05
9790,29012,33,13,3,7.503300003008917e-05
9791,76785,34,14,5,7.430999994539889e-05
9792,52896,16,14,2,7.99469999037683e-05
9793,6344,24,14,1,0.00010269699942000443
9794,77007,21,14,1,0.00010267900051985634
9795,68119,31,13,0,2.2725999770045746e-05
9796,79909,22,12,0,1.4168000234349165e-05
9797,15924,16,11,0,9.92700006463565e-06
9798,16485,22,10,0,1.2741000318783335e-05
9799,26688,22,9,0,1.2032000086037442e-05
9800,42635,17,8,0,9.796000085771084e-06
9801,30785,28,7,0,1.7274000128963962e-05
9802,16090,25,6,0,1.2198000149510335e-05
9803,6349,16,5,0,7.440000445058104e-06
9804,85254,32,5,0,3.268199998274213e-05
9805,7681,31,4,0,9.426000360690523e-06
9806,30511,52,4,1,3.214499975001672e-05
9807,74899,53,9,3,5.7252000260632485e-05
9808,81444,20,15,11,6.271599977480946e-05
9809,11051,17,15,1,9.886399948300095e-05
9810,32944,18,15,4,9.566799963067751e-05
9811,12857,33,15,8,7.676299992454005e-05
9812,4666,43,15,6,0.0001245260000359849
9813,42970,26,14,5,0.00011161700058437418
9814,21575,20,15,1,0.00012595099997270154
9815,55769,15,14,0,1.1977000212937128e-05
9816,55636,24,15,7,8.407099994656164e-05
9817,46432,44,15,6,0.00010839500009751646
9818,16736,35,15,8,9.276899982069153e-05
9819,30952,32,15,7,6.768799994461006e-05
9820,30080,38,14,7,8.439800058113178e-05
9821,10653,19,15,2,2.9990000257384963e-05
9822,61009,19,15,2,6.0090999795647804e-05
9823,80516,17,16,1,0.00012672899993049214
9824,36825,17,15,0,1.3654999747814145e-05
9825,36033,16,14,0,1.63630002134596e-05
9826,2199,16,13,0,1.1967999853368383e-05
9827,79647,16,12,0,1.006399998004781e-05
9828,86359,22,12,0,2.189799943153048e-05
9829,58009,36,13,0,4.795200038643088e-05
9830,78857,16,16,1,0.00046494499929394806
9831,50450,16,16,1,0.00013406600010057446
9832,37624,16,15,0,1.2906999472761527e-05
9833,83306,18,15,1,0.00011042300047847675
9834,23981,20,16,5,0.00020381400008773198
9835,87738,29,16,4,0.0001402099996994366
9836,67899,21,16,1,0.0001274919995921664
9837,30916,23,16,2,0.00010380300045653712
9838,78796,36,16,5,9.990300077333814e-05
9839,1506,22,16,8,8.350099960807711e-05
9840,66411,64,16,11,0.00013060999935987638
9841,58733,33,16,9,0.00013886600027035456
9842,68333,40,16,10,0.0005978509998385562
9843,48505,16,16,1,0.00011891200028912863
9844,83084,26,16,1,0.00014371199995366624
9845,57614,28,16,1,2.9773999813187402e-05
9846,64004,17,17,1,0.00017566000042279484
9847,26907,17,16,0,1.4156000361253973e-05
9848,2189,17,15,0,1.1994000487902667e-05
9849,18884,17,14,0,1.1699000424414407e-05
9850,18896,17,13,0,1.0297000699210912e-05
9851,24553,17,12,0,1.065199921868043e-05
9852,32800,18,11,0,1.1276000805082731e-05
9853,68144,18,11,1,1.5079999684530776e-05
9854,14002,25,11,2,2.462700012983987e-05
9855,29147,44,16,11,0.00010562100032984745
9856,12859,17,17,1,0.00013358999967749696
9857,66026,17,16,0,1.352500021312153e-05
9858,52111,17,15,0,1.1653000001388136e-05
9859,69832,17,14,0,1.1176000043633394e-05
9860,70103,17,13,0,1.043900010699872e-05
9861,21133,17,12,0,1.5239000276778825e-05
9862,46276,19,11,0,1.2734000847558491e-05
9863,71318,17,10,0,1.0075999853143003e-05
9864,72096,17,9,0,9.899999895424116e-06
9865,23839,17,8,0,8.813000022200868e-06
9866,82176,17,7,0,9.589000001142267e-06
9867,28459,20,7,1,2.293499983352376e-05
9868,66219,17,17,1,0.00013613999999506632
9869,76697,17,16,0,1.4288999409473035e-05
9870,74344,19,16,1,6.214099994394928e-05
9871,20148,24,16,1,8.453600003122119e-05
9872,756,17,17,1,0.00013219599986769026
9873,11691,17,16,0,1.3097000191919506e-05
9874,61729,41,17,4,0.0001329930000792956
9875,78117,19,17,1,0.000134216999867931
9876,34645,17,17,1,0.00011792500026786001
9877,36183,17,17,1,0.00013848900016455445
9878,41321,30,17,6,0.00018218700006400468
9879,37241,26,17,2,0.00016594899989286205
9880,37244,17,17,1,0.00011840999923151685
9881,48510,19,17,0,8.045199956541182e-05
9882,57536,19,16,0,1.6553000023122877e-05
9883,8690,21,16,1,1.781799983291421e-05
9884,71947,46,15,0,4.0842999624146614e-05
9885,10281,23,15,0,1.709200023469748e-05
9886,2252,25,14,0,1.757200061547337e-05
9887,19420,25,13,0,1.5685000107623637e-05
9888,42190,32,12,0,2.172399945266079e-05
9889,57568,30,11,0,1.7643999854044523e-05
9890,33499,48,10,0,2.650800070114201e-05
9891,35953,31,9,0,1.645300017116824e-05
9892,87299,31,8,0,1.998799962166231e-05
9893,80958,34,7,0,1.650299964239821e-05
9894,54365,23,6,0,1.55849993461743e-05
9895,44469,25,6,0,1.5320000784413423e-05
9896,33467,30,5,0,1.8476000150258187e-05
9897,23289,36,4,0,1.7208999452122953e-05
9898,29794,41,5,0,2.629999926284654e-05
9899,59370,19,17,1,0.00012956799946550746
9900,13577,18,18,1,0.00020823399972869083
9901,14745,21,17,0,1.987999985431088e-05
9902,30361,19,17,1,2.1703999664168805e-05
9903,8208,18,18,1,0.00015147100020840298
9904,9066,18,17,0,1.5140999494178686e-05
9905,43653,18,16,0,1.3550999938161112e-05
9906,37353,18,15,0,1.220600006490713e-05
9907,16149,18,18,1,0.00015413599976454861
9908,51477,25,17,0,2.1585000467894133e-05
9909,41853,23,17,1,7.976899996720022e-05
9910,22458,30,16,1,8.074600009422284e-05
9911,15338,27,15,1,4.47490001533879e-05
9912,7973,27,15,2,5.361700004868908e-05
9913,40609,28,16,1,6.910899992362829e-05
9914,54158,46,16,1,9.810699975787429e-05
9915,15711,40,17,5,7.052099954307778e-05
9916,32021,40,18,2,7.373999960691435e-05
9917,56435,25,17,4,7.776500024192501e-05
9918,42664,27,17,6,0.00012651599990931572
9919,16612,33,16,5,8.750500001042383e-05
9920,44916,42,16,1,9.232600041286787e-05
9921,62844,33,15,6,8.701099977770355e-05
9922,69913,20,18,1,0.0001526770001873956
9923,3259,18,17,0,1.4957000530557707e-05
9924,53880,18,16,0,1.746399993862724e-05
9925,10366,20,15,0,1.57410004248959e-05
9926,31374,18,14,0,1.2573999811138492e-05
9927,59868,21,13,0,1.4588999874831643e-05
9928,52513,21,12,0,1.786800021363888e-05
9929,59732,18,11,0,1.0952999218716286e-05
9930,71724,24,10,0,1.480999981140485e-05
9931,74181,24,9,0,1.634900036151521e-05
9932,38987,36,8,0,2.1470999854500405e-05
9933,75937,20,7,0,1.178499951492995e-05
9934,68178,29,6,0,1.5720000192231964e-05
9935,68481,25,5,0,1.2084999980288558e-05
9936,8207,24,5,1,1.4281000403570943e-05
9937,82080,29,4,0,1.758799953677226e-05
9938,46701,25,3,0,1.4729000213264953e-05
9939,41214,22,3,0,1.4809000276727602e-05
9940,50767,63,3,0,3.317000027891481e-05
9941,1564,18,18,1,0.0001450199997634627
9942,5263,18,17,0,1.4277000445872545e-05
9943,28071,20,17,1,0.00014077099967835238
9944,84410,19,16,0,1.4137999642116483e-05
9945,1084,24,16,0,1.7612999727134593e-05
9946,63874,24,15,0,1.651799993851455e-05
9947,49109,24,14,0,1.4846000340185128e-05
9948,14332,24,13,0,1.3657000636158045e-05
9949,63283,24,12,0,1.3730000318901148e-05
9950,1434,24,11,0,1.26410004668287e-05
9951,5773,29,10,0,1.6273000255750958e-05
9952,22806,24,9,0,1.2604999938048422e-05
9953,2990,24,8,0,1.2276999768801033e-05
9954,77249,24,7,0,1.2342999980319291e-05
9955,44066,27,6,0,1.9158000213792548e-05
9956,60938,24,5,0,3.2701999771234114e-05
9957,27397,37,5,0,2.371499977016356e-05
9958,20350,28,5,1,2.0667999706347473e-05
9959,4452,18,18,1,0.00015779400018800516
9960,83884,18,17,0,1.5742999494250398e-05
9961,14589,18,16,0,1.2911999874631874e-05
9962,68762,18,15,0,1.2642000001505949e-05
9963,85210,18,14,0,1.1087000530096702e-05
9964,49336,18,13,0,1.0931999895547051e-05
9965,33736,49,13,0,4.030599939142121e-05
9966,37234,38,13,1,3.969000044889981e-05
9967,32580,45,17,5,0.00012962100026925327
9968,16264,31,18,9,0.00015632899976480985
9969,76681,65,18,2,8.526500005245907e-05
9970,16269,24,18,2,0.00011288899986539036
9971,19927,22,17,3,0.00011966800047957804
9972,73252,44,17,4,7.838700003048871e-05
9973,54745,22,17,1,4.762500066135544e-05
9974,2967,18,18,1,0.0001481079998484347
9975,16880,18,17,0,1.344700012850808e-05
9976,49664,19,19,1,0.00015591100054734852
9977,11417,19,18,0,1.5194999832601752e-05
9978,82548,19,17,0,1.2861999493907206e-05
9979,61441,19,16,0,1.90780001503299e-05
9980,9691,19,15,0,1.290399995923508e-05
9981,6438,19,14,0,1.2364000212983228e-05
9982,81796,19,13,0,1.2178999895695597e-05
9983,4421,19,12,0,1.161700038210256e-05
9984,81322,19,11,0,1.1193000318598934e-05
9985,24909,19,10,0,1.0325999937776942e-05
9986,75239,19,9,0,1.0562999705143739e-05
9987,23699,19,8,0,9.441000656806864e-06
9988,82378,19,7,0,9.792000128072686e-06
9989,62600,19,6,0,9.237000085704494e-06
9990,20505,25,5,0,1.2860999959229957e-05
9991,17602,19,4,0,7.089999598974828e-06
9992,10826,19,3,0,6.242000381462276e-06
9993,71571,19,2,0,5.748000148741994e-06
9994,88937,19,1,0,5.277999662212096e-06
9995,48909,19,0,0,4.86899989482481e-06
9996,6145,39,19,6,0.00019052999959967565
9997,74261,25,19,1,0.000175158999809355
9998,3743,23,18,0,1.8351999642618466e-05
9999,76472,19,17,0,1.3887999557482544e-05
10000,43667,19,16,0,1.3541999578592367e-05
10001,4185,19,15,0,1.6623000192339532e-05
10002,65966,19,14,0,1.2775999493896961e-05
10003,63963,19,13,0,1.1134000487800222e-05
10004,29399,19,12,0,1.0877000022446737e-05
10005,85818,31,11,0,1.9578999854275025e-05
10006,85232,19,10,0,1.0785000085888896e-05
10007,217,19,9,0,9.936000424204394e-06
10008,9238,19,19,1,0.0001817600004869746
10009,14558,19,18,0,2.088899964292068e-05
10010,21824,19,17,0,1.4090000149735715e-05
10011,65346,19,16,0,1.3374999980442226e-05
10012,23437,22,16,0,2.063100055238465e-05
10013,41835,25,15,1,3.501999981381232e-05
10014,49141,22,14,0,1.526199957879726e-05
10015,41133,30,15,3,6.667599973297911e-05
10016,66953,29,15,1,4.344399985711789e-05
10017,80156,27,17,9,0.0001532989999759593
10018,60007,19,19,1,0.00016229800075961975
10019,69392,19,18,0,1.5893000636424404e-05
10020,10401,19,17,0,1.461100055166753e-05
10021,49557,19,16,0,1.8050000107905362e-05
10022,4970,19,15,0,1.4051999642106239e-05
10023,59071,19,14,0,1.1917999472643714e-05
10024,68716,19,13,0,1.1948000064876396e-05
10025,79708,19,12,0,1.0851000297407154e-05
10026,10403,19,11,0,1.1454999366833363e-05
10027,79509,19,10,0,1.0140000085812062e-05
10028,14714,38,9,0,2.553000012994744e-05
10029,82278,19,8,0,1.0445000043546315e-05
10030,4749,19,7,0,9.621999197406694e-06
10031,1447,37,6,0,1.7112000023189466e-05
10032,80268,19,5,0,8.199999683711212e-06
10033,64826,32,5,0,1.679700017120922e-05
10034,46859,55,4,0,2.9473000722646248e-05
10035,82626,33,3,0,1.0821000614669174e-05
10036,49406,65,4,0,3.303500034235185e-05
10037,14053,36,5,0,2.41919997279183e-05
10038,85643,27,19,2,0.000136867000037455
10039,77500,33,19,6,0.0002238850001958781
10040,54177,26,19,6,0.00019491900002321927
10041,38407,20,20,1,0.00017934999959834386
10042,13735,20,19,0,1.800700010790024e-05
10043,61248,20,18,0,1.525900006527081e-05
10044,25058,20,17,0,1.3800000488117803e-05
10045,79703,20,16,0,1.3062000107311178e-05
10046,31372,20,15,0,1.338299989583902e-05
10047,44101,20,14,0,1.2742999388137832e-05
10048,66163,21,13,0,1.297899962082738e-05
10049,11621,20,12,0,1.2272999811102636e-05
10050,77171,20,11,0,1.1123999684059527e-05
10051,75335,20,10,0,1.1488000382087193e-05
10052,74237,20,9,0,1.003600027615903e-05
10053,70537,20,8,0,1.0629999451339245e-05
10054,34490,20,7,0,9.41500002227258e-06
10055,65462,20,6,0,1.3627999578602612e-05
10056,16820,20,5,0,8.336000064446125e-06
10057,70771,20,4,0,6.784999641240574e-06
10058,24045,21,4,1,8.816999979899265e-06
10059,76821,44,4,1,3.285999991931021e-05
10060,11148,41,4,1,2.487599977030186e-05
10061,81940,20,20,1,0.0002592109995021019
10062,58852,20,19,0,2.1102000573591795e-05
10063,30279,20,18,0,1.614500069990754e-05
10064,42598,20,17,0,1.447100021323422e-05
10065,67224,20,16,0,1.3361999663175084e-05
10066,56592,20,15,0,1.3378000403463375e-05
10067,13799,20,14,0,1.3064999620837625e-05
10068,20603,20,13,0,1.181599964183988e-05
10069,31628,21,12,0,1.3654000213136896e-05
10070,32346,20,11,0,1.1217000064789318e-05
10071,73938,20,10,0,1.0759999895526562e-05
10072,75967,20,9,0,1.0710999958973844e-05
10073,26847,20,8,0,9.470000804867595e-06
10074,70461,20,7,0,9.230999239662196e-06
10075,43261,20,6,0,8.504000106768217e-06
10076,1000,20,5,0,8.350999451067764e-06
10077,56556,20,4,0,6.940999810467474e-06
10078,50230,20,3,0,6.1709997680736706e-06
10079,56965,20,2,0,6.207000296853948e-06
10080,60014,20,1,0,6.0600004871957935e-06
10081,36535,20,0,0,5.117000000609551e-06
10082,88092,20,20,1,0.0001953450000655721
10083,21933,20,19,0,1.7979999938688707e-05
10084,37715,20,18,0,1.5681999684602488e-05
10085,50559,20,17,0,1.55870002345182e-05
10086,14238,20,16,0,1.295000038226135e-05
10087,10706,20,15,0,1.3172999388189055e-05
10088,30920,20,14,0,1.3042000318819191e-05
10089,75009,21,13,0,1.3809999472869094e-05
10090,21939,38,12,0,2.37280000874307e-05
10091,83770,20,11,0,1.1428000107116532e-05
10092,83862,20,10,0,1.050100036081858e-05
10093,52619,20,9,0,1.0728999768616632e-05
10094,20021,20,8,0,9.792000128072686e-06
10095,80654,22,8,0,1.421999968442833e-05
10096,79474,23,7,0,1.4971999917179346e-05
10097,42936,32,13,1,6.900700009282446e-05
10098,29729,20,20,1,0.00021773699972982286
10099,85233,20,19,0,1.954100025614025e-05
10100,48757,20,18,0,1.7567000213603023e-05
10101,1613,23,17,0,1.7603999367565848e-05
10102,727,34,16,0,2.816500000335509e-05
10103,31368,26,17,1,0.00012410199997248128
10104,9065,27,16,2,0.00011976899986620992
10105,9237,35,16,2,0.00012615400009963196
10106,76444,55,18,1,0.0001992880006582709
10107,75839,20,20,1,0.00021867500072403345
10108,59515,20,19,0,1.921500006574206e-05
10109,17831,20,18,0,1.6837000657687895e-05
10110,89153,24,17,0,1.9149000763718504e-05
10111,44316,20,16,0,1.338199945166707e-05
10112,16741,20,15,0,1.4162000297801569e-05
10113,24747,20,14,0,1.3251999916974455e-05
10114,88870,27,15,1,0.00011062600060540717
10115,5359,27,14,0,1.837799936765805e-05
10116,68606,22,13,2,6.840500009275274e-05
10117,2263,27,12,0,1.6369000150007196e-05
10118,37000,24,11,0,2.2188000002643093e-05
10119,52325,20,20,1,0.00018099299995810725
10120,21635,20,19,0,1.716599945211783e-05
10121,10092,20,18,0,2.013199991779402e-05
10122,26505,20,17,0,1.3859000318916515e-05
10123,66926,44,17,0,3.566000032151351e-05
10124,61050,31,20,4,0.0002464640001562657
10125,84791,35,20,1,0.00023199400038720341
10126,71583,20,19,0,2.1066000044811517e-05
10127,50372,31,20,3,0.0001246310002898099
10128,35903,32,20,0,2.9847000405425206e-05
10129,46582,41,20,2,8.081400028459029e-05
10130,16902,21,21,1,0.00022877999981574249
10131,34825,23,20,0,2.709099953790428e-05
10132,26931,23,19,0,2.044400025624782e-05
10133,75636,21,18,0,1.7661000129010063e-05
10134,81808,21,17,0,1.5099999473022763e-05
10135,80734,21,16,0,1.3380999916989822e-05
10136,6395,22,15,0,1.3795000086247455e-05
10137,29235,21,14,0,1.3029000001552049e-05
10138,52745,21,13,0,1.264000002265675e-05
10139,67714,21,12,0,1.2630999663088005e-05
10140,10486,24,11,0,1.3741000657319091e-05
10141,4596,21,10,0,3.5476999983075075e-05
10142,76471,21,9,0,1.2105000678275246e-05
10143,34273,25,10,1,4.398500004754169e-05
10144,52192,33,15,10,0.00011070500022469787
10145,939,63,20,9,0.0001572440005475073
10146,86027,52,21,5,0.00015843599976506084
10147,9497,68,20,10,0.00016486900040035835
10148,64547,21,21,1,0.00021545199979300378
10149,6433,26,20,0,6.753599973308155e-05
10150,41527,25,19,0,2.093299917760305e-05
10151,73601,21,18,0,1.836600040405756e-05
10152,30484,21,17,0,1.5280999832611997e-05
10153,47658,21,16,0,1.454900029784767e-05
10154,85487,21,15,0,1.4276000001700595e-05
10155,40596,21,14,0,1.3124999895808287e-05
10156,51259,21,13,0,1.2614000297617167e-05
10157,70536,24,12,0,1.5727999198134057e-05
10158,304,21,11,0,1.2495000191847794e-05
10159,84399,24,10,0,1.4254999769036658e-05
10160,44530,21,9,0,1.0859999747481197e-05
10161,76688,21,8,0,1.0758999451354612e-05
10162,41839,21,7,0,1.0458999895490706e-05
10163,83255,21,6,0,9.95499976852443e-06
10164,30247,21,21,1,0.00020895899979223032
10165,7938,21,20,0,2.1767000362160616e-05
10166,34864,21,19,0,1.777600027708104e-05
10167,41613,21,18,0,1.6121000044222455e-05
10168,87317,21,17,0,1.4322999959404115e-05
10169,29427,21,16,0,1.3588999536295887e-05
10170,7354,21,15,0,1.7798000044422224e-05
10171,62909,22,14,0,1.3132000276527833e-05
10172,11348,21,13,0,1.2182000318716746e-05
10173,18893,21,12,0,1.1920000360987615e-05
10174,14943,21,11,0,1.1294999239908066e-05
10175,48126,21,10,0,1.0281000868417323e-05
10176,15459,21,9,0,1.1072000233980361e-05
10177,4000,21,8,0,1.0746000043582171e-05
10178,33486,21,7,0,1.0208999810856767e-05
10179,65316,21,6,0,9.81599987426307e-06
10180,42050,28,6,0,1.745000008668285e-05
10181,77135,25,7,2,2.999400021508336e-05
10182,87080,21,21,1,0.00025696299962874036
10183,71935,24,20,0,3.002599987667054e-05
10184,88703,21,19,0,1.8014000488619786e-05
10185,86744,24,18,0,2.0217999917804264e-05
10186,63710,21,17,0,1.5790999896125868e-05
10187,17013,21,16,0,1.4432000170927495e-05
10188,30082,23,15,0,1.795799926185282e-05
10189,86176,28,14,0,2.0063999727426562e-05
10190,41576,34,13,0,2.375799977016868e-05
10191,47584,21,12,0,1.3703999684366863e-05
10192,46825,22,11,0,1.3128999853506684e-05
10193,72137,21,10,0,1.1719000212906394e-05
10194,88555,24,10,0,1.7532000128994696e-05
10195,85598,25,10,0,2.2494999939226545e-05
10196,12197,50,10,1,6.045400004950352e-05
10197,86833,58,10,1,9.78540001597139e-05
10198,87420,40,10,2,4.05569999202271e-05
10199,43973,69,9,2,7.625800026289653e-05
10200,88537,76,13,3,9.155899988400051e-05
10201,58417,40,21,11,0.00031376900005852804
10202,20143,56,20,6,0.00018982700021297205
10203,74309,33,21,14,0.0002762580006674398
10204,38276,21,21,1,0.00022772000011173077
10205,70569,36,21,15,0.0002101279997077654
10206,47861,27,21,1,6.58290000501438e-05
10207,21846,27,20,0,2.6867999622481875e-05
10208,47719,30,20,1,6.167999981698813e-05
10209,34127,34,19,1,6.183400000736583e-05
10210,69220,42,20,4,0.00011524699948495254
10211,37619,29,20,5,0.00016084299932117574
10212,54349,31,19,5,0.00018650800029718084
10213,19774,44,21,6,0.00029426000037346967
10214,37690,44,21,7,0.00012900499950774247
10215,31755,23,22,1,0.00027922599929297576
10216,23895,22,22,1,0.00024218199996539624
10217,2907,22,21,0,2.4648999897181056e-05
10218,18327,22,20,0,2.251800015073968e-05
10219,10358,45,22,10,0.00028871399990748614
10220,21629,22,22,1,0.00026385599994682707
10221,15347,22,21,0,2.6243999855068978e-05
10222,10463,24,20,0,2.515699998184573e-05
10223,6854,22,19,0,1.966400031960802e-05
10224,2701,22,18,0,1.9345000509929378e-05
10225,65498,34,20,1,7.740999990346609e-05
10226,61085,22,22,1,0.00031084999955055537
10227,15030,35,22,11,0.00019753100059460849
10228,37867,88,22,5,0.0002275200004078215
10229,56841,23,23,1,0.0002735719999691355
10230,23660,23,22,0,2.577499981271103e-05
10231,88051,23,21,0,2.328200025658589e-05
10232,69403,26,20,0,2.485699951648712e-05
10233,4422,23,19,0,1.9002999579242896e-05
10234,83026,23,18,0,1.7797000509744976e-05
10235,11362,23,17,0,1.5825999980734196e-05
10236,25404,23,16,0,2.935700013040332e-05
10237,86344,23,15,0,2.0387000404298306e-05
10238,71462,23,14,0,1.5747999896120746e-05
10239,510,23,13,0,1.4211000234354287e-05
10240,2151,26,12,0,1.4755999472981784e-05
10241,23316,23,11,0,1.2911000339954626e-05
10242,48222,23,10,0,1.2542000149551313e-05
10243,60745,23,9,0,1.1729999641829636e-05
10244,24818,26,8,0,1.3675000445800833e-05
10245,82314,23,7,0,1.082499966287287e-05
10246,37005,23,6,0,1.0232000022369903e-05
10247,68244,23,5,0,9.34999934543157e-06
10248,62361,23,4,0,8.10999972600257e-06
10249,68245,23,3,0,6.83899997966364e-06
10250,61393,29,3,0,1.5233000340231229e-05
10251,88862,33,2,0,1.5160000657488126e-05
10252,83977,47,23,1,0.00032228500003839144
10253,89073,23,22,0,3.174899939040188e-05
10254,55367,37,21,0,3.769100021600025e-05
10255,20130,39,20,0,3.8718000723747537e-05
10256,49545,27,19,0,2.3515999600931536e-05
10257,76375,46,18,0,3.909600036422489e-05
10258,48035,28,17,0,2.2569999600818846e-05
10259,42624,29,16,0,2.0385999960126355e-05
10260,8784,24,15,0,1.6814999980852008e-05
10261,31346,36,14,0,2.2852999791211914e-05
10262,18521,39,13,0,2.7747999411076307e-05
10263,74419,50,12,0,5.4242000260273926e-05
10264,65464,23,11,0,1.513600000180304e-05
10265,40069,32,10,0,1.842599976953352e-05
10266,5468,41,9,0,2.1906000256421976e-05
10267,29942,23,8,0,1.184899974759901e-05
10268,75205,44,8,0,3.130300046905177e-05
10269,29276,28,7,0,1.4385000213223975e-05
10270,24729,38,6,0,1.6302999938488938e-05
10271,7534,62,5,0,2.4449000193271786e-05
10272,70804,45,4,0,2.4764000045252033e-05
10273,70246,50,4,0,2.955799936898984e-05
10274,4870,76,5,0,3.711400040629087e-05
10275,27302,85,4,0,3.889700019499287e-05
10276,83982,28,23,1,0.00029180199999245815
10277,23545,28,22,0,2.9703999643970747e-05
10278,50313,28,21,0,2.729500010900665e-05
10279,21672,23,20,0,2.2756000362278428e-05
10280,50447,23,19,0,1.9530999452399556e-05
10281,21144,28,18,0,2.1584000023722183e-05
10282,9261,23,17,0,1.6480000340379775e-05
10283,67269,30,16,0,2.061400027741911e-05
10284,11154,28,15,0,1.7845999536802992e-05
10285,49689,23,14,0,1.4852999811409973e-05
10286,53085,23,13,0,1.3781999768980313e-05
10287,68826,28,12,0,1.873499968496617e-05
10288,7102,28,11,0,1.5039000572869554e-05
10289,44489,28,10,0,1.4909999663359486e-05
10290,11152,23,9,0,1.258000065718079e-05
10291,71479,28,8,0,1.4031999853614252e-05
10292,11422,23,7,0,1.1151000762765761e-05
10293,30960,28,6,0,1.25619999380433e-05
10294,9889,30,5,0,1.3032000424573198e-05
10295,11487,23,4,0,7.84499934525229e-06
10296,63867,28,3,0,8.476999937556684e-06
10297,73785,28,2,0,7.698000445088837e-06
10298,41264,28,1,0,7.204999747045804e-06
10299,42926,28,0,0,6.217000191099942e-06
10300,34400,23,23,1,0.00026746600087790284
10301,2416,28,23,1,0.00011803799952758709
10302,50338,41,23,1,0.0003103139997620019
10303,71421,25,22,0,5.338300070434343e-05
10304,33987,26,21,0,3.118899985565804e-05
10305,87988,25,20,0,2.6020000404969323e-05
10306,73968,25,19,0,2.0953999410266988e-05
10307,44313,41,18,0,2.9301999347808305e-05
10308,55100,25,17,0,1.7837999621406198e-05
10309,84173,25,16,0,1.6322000192303676e-05
10310,29731,25,15,0,1.715399957902264e-05
10311,11327,25,14,0,1.4537999959429726e-05
10312,79137,96,17,0,0.00010272199961036677
10313,85733,29,23,1,0.00030051600060687633
10314,4500,25,23,1,0.000115075999929104
10315,61585,30,24,3,0.00015936399995553074
10316,39797,44,23,5,0.00023535000036645215
10317,45467,24,24,1,0.0003059900000152993
10318,63098,26,23,0,3.211999955965439e-05
10319,51999,24,22,0,2.62100002146326e-05
10320,32074,24,21,0,2.5137000193353742e-05
10321,15423,24,20,0,2.796300032059662e-05
10322,4451,24,19,0,2.0157000108156353e-05
10323,34853,30,18,0,2.5966000066546258e-05
10324,50239,24,17,0,1.710800006549107e-05
10325,31333,24,16,0,1.658000019233441e-05
10326,364,24,15,0,1.5624999832652975e-05
10327,1099,24,14,0,1.4930999896023422e-05
10328,38781,24,13,0,1.4198000826581847e-05
10329,43698,49,13,0,3.9432999983546324e-05
10330,40180,50,13,1,4.247900051268516e-05
10331,85959,51,24,18,0.0005512469997484004
10332,74247,25,25,1,0.0003469929997663712
10333,77897,25,24,0,3.1709000722912606e-05
10334,61342,62,23,0,5.8894000176223926e-05
10335,81729,25,22,0,5.053400036558742e-05
10336,26448,28,21,0,3.275199924246408e-05
10337,58198,25,20,0,2.6460999833943788e-05
10338,30633,25,19,0,2.161999964300776e-05
10339,33324,29,18,0,2.4003999897104222e-05
10340,38875,25,17,0,2.1955000192974694e-05
10341,63540,27,16,0,1.926299955812283e-05
10342,38386,25,15,0,1.7250999917450827e-05
10343,69399,27,14,0,1.786699976946693e-05
10344,23989,31,13,0,1.983699985430576e-05
10345,62494,25,12,0,1.4182000086293556e-05
10346,11512,27,11,0,1.5128000086406246e-05
10347,81725,25,10,0,1.3875999684387352e-05
10348,65323,37,19,1,0.00017823700000008103
10349,74589,39,18,0,2.6355000045441557e-05
10350,36885,25,25,1,0.00033004499982780544
10351,40652,25,24,0,6.555899926752318e-05
10352,7854,25,23,0,5.314600002748193e-05
10353,32964,25,22,0,2.8483999813033734e-05
10354,30034,25,21,0,2.495099943189416e-05
10355,83735,25,20,0,2.568499985500239e-05
10356,26989,26,19,0,2.1654999727616087e-05
10357,17391,25,18,0,1.996199989662273e-05
10358,61555,25,17,0,1.681100002315361e-05
10359,52261,25,16,0,1.6942000002018176e-05
10360,21752,25,15,0,1.6304999917338137e-05
10361,4095,25,14,0,1.4679000742034987e-05
10362,79762,25,13,0,1.5065000297909137e-05
10363,19411,25,12,0,1.428399991709739e-05
10364,23588,32,12,0,2.5584000468370505e-05
10365,82648,35,12,1,7.550200007244712e-05
10366,27163,28,25,1,0.00032038300014392007
10367,72910,25,24,0,2.8648999432334676e-05
10368,24241,32,23,0,3.263500002503861e-05
10369,58128,25,22,0,2.6386000172351487e-05
10370,216,32,21,0,3.004100017278688e-05
10371,88923,32,20,0,2.963899987662444e-05
10372,45713,25,19,0,2.0803000552405138e-05
10373,28060,29,18,0,2.2186000023793895e-05
10374,69795,25,17,0,1.701600012893323e-05
10375,29797,25,16,0,2.04739999389858e-05
10376,56124,25,15,0,1.6032000530685764e-05
10377,20804,29,14,0,1.7907999790622853e-05
10378,32351,32,13,0,1.9082000108028296e-05
10379,82405,47,12,0,2.664299972821027e-05
10380,83256,25,11,0,1.3365000086196233e-05
10381,14702,29,10,0,1.5464999705727678e-05
10382,29744,32,9,0,1.6307999430864584e-05
10383,71242,59,9,0,3.73740003851708e-05
10384,56879,47,9,1,3.549800021573901e-05
10385,52858,66,9,0,3.242799994040979e-05
10386,14101,57,8,0,2.72190000032424e-05
10387,9502,64,7,0,2.5022000045282766e-05
10388,51613,69,6,0,2.4387000848946627e-05
10389,9,62,5,0,2.160300027753692e-05
10390,32963,62,4,0,1.879600040410878e-05
10391,52887,74,5,0,3.391600057511823e-05
10392,30774,25,25,1,0.00036080199970456306
10393,50545,25,24,0,3.142000059597194e-05
10394,27742,25,23,0,5.080699975223979e-05
10395,59741,25,22,0,2.890999985538656e-05
10396,83304,25,21,0,2.5336000362585764e-05
10397,32630,29,20,0,2.911100000346778e-05
10398,31622,25,19,0,2.2465999791165814e-05
10399,59455,33,20,3,0.0001537890002509812
10400,85992,35,22,8,0.0003021829998033354
10401,78524,35,21,0,3.5958000808022916e-05
10402,67521,59,22,6,0.00020965800013073022
10403,42734,25,25,1,0.00038659900019411
10404,13104,25,25,1,0.0003604220000852365
10405,27446,25,24,0,3.181500051141484e-05
10406,78172,25,23,0,2.83800000033807e-05
10407,8007,25,22,0,2.6966999939759262e-05
10408,79257,25,21,0,2.8682999982265756e-05
10409,14237,25,20,0,2.7568999939830974e-05
10410,69241,29,21,2,6.639699950028444e-05
10411,54585,40,22,4,0.0002535960002205684
10412,13117,36,21,3,6.598000072699506e-05
10413,63659,34,21,3,9.162300011666957e-05
10414,60793,50,24,6,0.00021195299996179529
10415,51156,44,23,8,0.0001757989994075615
10416,83516,49,22,1,0.0001912179995997576
10417,76791,44,23,5,0.000264688999777718
10418,13642,37,25,4,0.00021708800068154233
10419,53222,56,24,3,0.0002148769999621436
10420,1691,43,24,2,0.00010268200003338279
10421,17373,53,23,4,0.00022630500006926013
10422,86397,45,23,14,0.00023931899977469584
10423,56482,42,23,4,0.00013912299982621334
10424,3422,49,25,17,0.00031059000048117014
10425,21288,55,24,8,0.0002907699999923352
10426,55185,25,25,1,0.0003542539998306893
10427,54749,25,24,0,3.166799979226198e-05
10428,65696,30,24,1,0.00012733499988826225
10429,52573,28,23,1,6.796800062147668e-05
10430,59520,27,23,2,0.00010960300005535828
10431,47920,36,23,3,0.00025685099990369054
10432,87562,54,25,25,0.0003173610002704663
10433,15919,41,25,25,0.00028914399990753736
10434,12164,62,26,10,0.0005038600002080784
10435,79185,69,25,6,0.00036397600069904
10436,50182,26,26,1,0.00048683299974072725
10437,88918,26,25,0,3.3086999792431016e-05
10438,61663,26,24,0,2.8264999855309725e-05
10439,18897,26,23,0,2.6937000257021282e-05
10440,32524,26,22,0,2.7224000405112747e-05
10441,75565,26,21,0,2.6355000045441557e-05
10442,14368,26,20,0,2.5551000362611376e-05
10443,51980,26,19,0,2.1808999917993788e-05
10444,77599,26,18,0,1.9314999917696696e-05
10445,75568,26,17,0,1.728999995975755e-05
10446,31373,26,16,0,1.626499943085946e-05
10447,35071,26,15,0,1.5579999853798654e-05
10448,19877,26,14,0,1.5561000509478617e-05
10449,39141,26,13,0,1.4885000382491853e-05
10450,2935,26,12,0,1.4010999620950315e-05
10451,85396,26,11,0,1.3682999451702926e-05
10452,48751,26,10,0,1.3209000826464035e-05
10453,80532,26,9,0,1.2294999578443822e-05
10454,85746,32,8,0,1.823599995987024e-05
10455,42965,26,7,0,1.2053999853378627e-05
10456,14370,29,7,0,1.8355999600316864e-05
10457,12280,51,11,4,6.706199928885326e-05
10458,16667,50,26,7,0.0003365799993844121
10459,58418,26,26,1,0.00035950100027548615
10460,63343,26,25,0,3.18690008498379e-05
10461,52529,28,26,1,0.0003620890001911903
10462,63399,28,25,0,3.418500000407221e-05
10463,66725,28,24,0,6.620500062126666e-05
10464,29017,26,23,0,0.00019942000017181272
10465,70702,28,22,0,3.362400002515642e-05
10466,63342,26,21,0,2.666099953785306e-05
10467,69153,28,20,0,2.7917999432247598e-05
10468,60044,28,19,0,2.797799970721826e-05
10469,10805,28,18,0,2.244300048914738e-05
10470,30277,28,17,0,1.964899911399698e-05
10471,23697,28,16,0,1.901399991766084e-05
10472,49688,28,15,0,1.8200999875261914e-05
10473,58358,28,14,0,1.688900010776706e-05
10474,29719,28,13,0,1.6588000107731204e-05
10475,39966,41,13,0,0.00011884200011991197
10476,40448,42,12,0,2.4161000510503072e-05
10477,47211,51,11,0,3.7895999412285164e-05
10478,2398,58,10,0,3.646400000434369e-05
10479,34403,41,9,0,2.0678000510088168e-05
10480,45891,41,8,0,1.981799960049102e-05
10481,707,58,7,0,2.391599991824478e-05
10482,5260,62,6,0,2.58979998761788e-05
10483,26852,43,5,0,1.6100999346235767e-05
10484,10604,42,4,0,1.3566999768954702e-05
10485,85380,58,3,0,1.599200004420709e-05
10486,85495,33,5,3,3.363999985595001e-05
10487,80075,49,26,13,0.0004241209999236162
10488,2793,37,26,1,0.00037058199995954055
10489,258,31,27,1,0.0004416880001372192
10490,10094,30,26,0,3.61420006811386e-05
10491,40381,30,25,0,3.3272999644395895e-05
10492,8711,30,24,0,3.1909000426821876e-05
10493,58339,27,23,0,2.963799943245249e-05
10494,5840,30,22,0,2.9687999813177157e-05
10495,23856,27,21,0,2.8231000214873347e-05
10496,40099,30,20,0,2.9429000278469175e-05
10497,9939,30,19,0,2.4695000320207328e-05
10498,58678,30,18,0,2.228299945272738e-05
10499,73831,27,17,0,1.872000029834453e-05
10500,18199,27,16,0,1.7117999959737062e-05
10501,68748,30,15,0,1.9095999959972687e-05
10502,5532,27,14,0,1.6684000001987442e-05
10503,7935,27,13,0,1.5341999642259907e-05
10504,72065,30,12,0,1.6955999853962567e-05
10505,72877,30,11,0,1.64379998750519e-05
10506,18213,30,10,0,1.6060999769251794e-05
10507,81457,30,9,0,1.50440000652452e-05
10508,71670,31,8,0,1.4769999324926175e-05
10509,40342,30,7,0,1.3874999240215402e-05
10510,26240,31,6,0,1.409699962096056e-05
10511,81730,27,5,0,1.1500999789859634e-05
10512,72063,30,4,0,9.78900061454624e-06
10513,81917,27,3,0,8.152000191330444e-06
10514,16963,30,2,0,8.275999789475463e-06
10515,33604,37,2,0,1.2473000424506608e-05
10516,73033,43,1,0,1.4143000043986831e-05
10517,29955,27,27,1,0.00044882699967274675
10518,53499,27,26,0,3.3799999982875306e-05
10519,32709,27,25,0,3.19480004691286e-05
10520,19147,27,24,0,2.960500023618806e-05
10521,17836,27,23,0,2.9848999474779703e-05
10522,79200,33,22,0,3.413899958104594e-05
10523,59457,27,21,0,2.83800000033807e-05
10524,67471,56,27,10,0.0004064779996042489
10525,28933,32,28,1,0.0004718649997812463
10526,7860,28,27,0,3.827900036412757e-05
10527,13377,28,26,0,3.182700038451003e-05
10528,18418,28,25,0,3.603999994084006e-05
10529,13323,28,24,0,3.14070002787048e-05
10530,68022,28,23,0,3.0696999601786956e-05
10531,51312,34,22,0,4.233900017425185e-05
10532,27142,28,21,0,3.097599983448163e-05
10533,60019,28,20,0,2.7678999686031602e-05
10534,57117,28,19,0,2.3749000320094638e-05
10535,9799,28,18,0,2.293599936820101e-05
10536,17051,42,21,1,0.0003040649999093148
10537,29171,42,20,0,3.786799970839638e-05
10538,39150,38,21,5,0.00014023399944562698
10539,5129,28,28,1,0.00040755699956207536
10540,10958,28,27,0,3.2590000046184286e-05
10541,63367,28,26,0,3.0467999749816954e-05
10542,43538,28,25,0,2.9539000024669804e-05
10543,14990,28,24,0,2.827299977070652e-05
10544,58431,28,23,0,5.076600064057857e-05
10545,66226,28,22,0,2.9229000574559905e-05
10546,53299,28,21,0,2.727900027821306e-05
10547,15412,28,20,0,2.560499979153974e-05
10548,30753,28,19,0,2.2993999664322473e-05
10549,41493,28,18,0,2.0519999452517368e-05
10550,3686,28,17,0,1.8802999875333626e-05
10551,57976,28,16,0,1.7104000107792672e-05
10552,58069,28,15,0,1.6713999684725422e-05
10553,77477,28,14,0,1.6478000361530576e-05
10554,33858,30,13,0,1.930599955812795e-05
10555,20950,28,12,0,1.5407000319100916e-05
10556,15993,28,11,0,1.754200002324069e-05
10557,43302,28,10,0,1.4582999938284047e-05
10558,71511,28,9,0,1.4227000065147877e-05
10559,18458,28,8,0,1.3417999980447348e-05
10560,9626,28,7,0,1.2565000361064449e-05
10561,51111,28,6,0,1.2223999874549918e-05
10562,37352,28,5,0,1.0962000487779733e-05
10563,51690,32,4,0,1.2784000318788458e-05
10564,66729,29,3,0,9.348999810754322e-06
10565,76027,28,2,0,7.632999768247828e-06
10566,35136,46,5,0,3.589300013118191e-05
10567,81685,28,28,1,0.0005201699996177922
10568,4119,28,27,0,3.935899985663127e-05
10569,49300,28,26,0,3.330799972900422e-05
10570,41287,39,28,2,0.00026811499992618337
10571,31160,45,27,1,0.00016960400080279214
10572,23790,66,28,9,0.00042339900028309785
10573,73783,29,29,1,0.0005072010008007055
10574,36652,29,28,0,3.803799972956767e-05
10575,78176,29,27,0,3.478500002529472e-05
10576,21597,29,29,1,0.0004789299991898588
10577,74552,29,28,0,3.6053000258107204e-05
10578,33249,29,27,0,3.0637000236310996e-05
10579,81170,29,26,0,3.154300065943971e-05
10580,67172,29,25,0,2.9071999961161055e-05
10581,849,29,24,0,2.9740000172751024e-05
10582,9344,29,23,0,2.961000063805841e-05
10583,73666,29,22,0,2.9033999453531578e-05
10584,82627,29,21,0,2.766899979178561e-05
10585,43644,43,20,0,3.926599947590148e-05
10586,741,29,19,0,2.3358999897027388e-05
10587,74070,29,18,0,2.1079999896755908e-05
10588,62794,29,17,0,1.867299943114631e-05
10589,78490,29,16,0,1.7521000700071454e-05
10590,40344,29,15,0,1.709500065771863e-05
10591,86310,29,14,0,2.1476999791048e-05
10592,15559,29,13,0,1.6541999684704933e-05
10593,44391,29,12,0,1.577100010763388e-05
10594,9345,29,11,0,1.5622000319126528e-05
10595,72108,29,10,0,4.390499998407904e-05
10596,43275,29,9,0,1.4403999557544012e-05
10597,62795,29,8,0,1.338499987468822e-05
10598,59725,29,7,0,1.3244999536254909e-05
10599,40082,29,6,0,1.2120000064896885e-05
10600,40083,29,5,0,1.0963000022456981e-05
10601,8018,29,4,0,9.21300033951411e-06
10602,56968,30,4,1,1.3261999811220448e-05
10603,87702,37,6,1,3.0887000320944935e-05
10604,56670,55,15,0,7.914199977676617e-05
10605,28042,42,29,10,0.0005155769995326409
10606,58890,31,31,1,0.0006409899997379398
10607,55680,31,30,0,3.9088999983505346e-05
10608,31756,31,29,0,3.582499994081445e-05
10609,33338,31,28,0,3.568500051187584e-05
10610,26019,31,27,0,3.4327999856031965e-05
10611,11416,31,26,0,3.520700010994915e-05
10612,16507,31,25,0,3.212200044799829e-05
10613,83357,31,24,0,3.3197999982803594e-05
10614,14597,31,23,0,3.1751999813423026e-05
10615,50500,31,22,0,3.0809999771008734e-05
10616,56773,31,21,0,2.9052999707346316e-05
10617,69961,36,20,0,3.995199949713424e-05
10618,60327,31,19,0,2.5129000277956948e-05
10619,26455,31,18,0,2.2520999664266128e-05
10620,1100,31,17,0,2.0598999981302768e-05
10621,68066,31,16,0,1.927799985423917e-05
10622,39139,31,15,0,1.9832000361930113e-05
10623,27663,31,14,0,1.800500012905104e-05
10624,56786,37,13,0,2.57419997069519e-05
10625,8697,31,12,0,1.7423999452148564e-05
10626,45318,31,11,0,1.7098999705922324e-05
10627,60592,58,10,0,7.168699994508643e-05
10628,38064,35,9,0,4.560999968816759e-05
10629,63856,31,8,0,1.6985999536700547e-05
10630,37716,31,7,0,1.462399995943997e-05
10631,20475,31,6,0,1.3683999895874877e-05
10632,49748,31,5,0,1.2196000170661137e-05
10633,21604,51,4,0,2.2028999410395045e-05
10634,58621,31,3,0,9.47599983192049e-06
10635,23166,31,2,0,8.316000275954138e-06
10636,55827,31,31,1,0.0005690340003638994
10637,43665,32,30,0,4.2362000385764986e-05
10638,8219,31,29,0,3.796300006797537e-05
10639,9372,31,28,0,3.518599987728521e-05
10640,58532,34,27,0,3.9354999898932874e-05
10641,53789,31,26,0,3.602999913709937e-05
10642,5822,31,25,0,5.708800017600879e-05
10643,43423,38,24,0,4.674499996326631e-05
10644,4139,31,23,0,3.438099975028308e-05
10645,9667,31,22,0,3.232600010960596e-05
10646,33870,31,21,0,3.269100034231087e-05
10647,54740,31,20,0,3.0920000426704064e-05
10648,68534,31,19,0,2.6686000637710094e-05
10649,14679,31,18,0,2.3911999960546382e-05
10650,51928,31,17,0,2.0932000552420504e-05
10651,12006,31,16,0,1.9656999938888475e-05
10652,22467,31,15,0,2.020800002355827e-05
10653,15671,31,14,0,1.834800059441477e-05
10654,46584,34,13,0,2.2076000277593266e-05
10655,81601,31,12,0,1.8485000509826932e-05
10656,73670,32,12,1,4.915299996355316e-05
10657,27599,43,11,1,4.0783000258670654e-05
10658,18451,44,10,0,2.6262999199389014e-05
10659,12120,35,9,1,4.192399956082227e-05
10660,7138,45,8,1,3.2281999665428884e-05
10661,63514,35,31,1,0.0005810360007671989
10662,20889,31,30,0,4.06339995606686e-05
10663,21403,56,29,0,6.69310002194834e-05
10664,49567,31,28,0,3.5907999517803546e-05
10665,43175,31,27,0,3.526799991959706e-05
10666,62497,35,26,0,3.6833000194747e-05
10667,32067,42,25,0,4.2350000512669794e-05
10668,49444,31,24,0,3.765800011024112e-05
10669,8364,42,23,0,4.080400049133459e-05
10670,24911,31,22,0,3.2189000194193795e-05
10671,68054,31,21,0,3.1292000130633824e-05
10672,55513,31,20,0,3.0748000426683575e-05
10673,69881,31,19,0,2.542200036259601e-05
10674,6397,42,18,0,2.901799962273799e-05
10675,50788,56,17,0,4.287100000510691e-05
10676,50089,31,16,0,2.0808000044780783e-05
10677,13798,31,15,0,1.940200036187889e-05
10678,8318,49,14,0,5.1280000661790837e-05
10679,31228,31,13,0,1.8560000171419233e-05
10680,67210,31,12,0,1.778699970600428e-05
10681,64784,31,11,0,1.726400023471797e-05
10682,8061,39,10,0,2.1374999960244168e-05
10683,59566,42,9,0,1.9609999981184956e-05
10684,23823,31,8,0,1.5360999896074645e-05
10685,61374,31,7,0,1.3228000170784071e-05
10686,71794,31,6,0,1.2448999768821523e-05
10687,14708,31,5,0,1.2222999430377968e-05
10688,7795,42,4,0,1.3552999917010311e-05
10689,32754,31,3,0,8.930000149121042e-06
10690,370,42,2,0,1.0994000149366912e-05
10691,33935,47,2,0,1.7397000192431733e-05
10692,52752,33,2,1,1.301300017075846e-05
10693,63515,31,31,1,0.0005319419997249497
10694,53916,31,30,0,0.00013228099942352856
10695,60960,31,29,0,3.858699983538827e-05
10696,61052,31,28,0,3.494199972919887e-05
10697,9262,31,27,0,4.749199979414698e-05
10698,27438,31,26,0,0.00023595199945702916
10699,46664,31,25,0,3.354199998284457e-05
10700,5356,31,24,0,3.172900051140459e-05
10701,53552,31,23,0,3.073599964409368e-05
10702,49040,35,22,0,3.486100013105897e-05
10703,43358,31,21,0,9.329800013802014e-05
10704,85473,31,20,0,3.112500053248368e-05
10705,35896,31,19,0,2.5460000870225485e-05
10706,29725,31,18,0,2.3260000489244703e-05
10707,15413,31,17,0,2.0837999727518763e-05
10708,38195,31,16,0,1.926299955812283e-05
10709,4999,31,15,0,1.914000040414976e-05
10710,82998,31,14,0,1.820900070015341e-05
10711,11321,31,13,0,1.7597999431018252e-05
10712,332,31,12,0,1.7178999769384973e-05
10713,26835,43,11,0,2.4357999791391194e-05
10714,60961,31,10,0,1.6187000255740713e-05
10715,14740,31,9,0,1.5575000361423008e-05
10716,47829,31,8,0,4.347100002632942e-05
10717,3768,31,7,0,1.5857000107644126e-05
10718,16511,33,6,0,1.4935000763216522e-05
10719,73986,31,5,0,1.2539999261207413e-05
10720,49472,31,4,0,1.0447000022395514e-05
10721,83001,31,3,0,9.295999916503206e-06
10722,70780,31,2,0,8.31299985293299e-06
10723,71481,31,1,0,1.1379000170563813e-05
10724,63366,31,0,0,6.964999556657858e-06
10725,14662,62,31,11,0.0004850389996136073
10726,25529,53,30,12,0.0008885789993655635
10727,79194,54,29,9,0.0007227200003399048
10728,36526,58,31,10,0.000638292000076035
10729,65302,32,32,1,0.0006491659996754606
10730,10532,35,31,0,8.935100049711764e-05
10731,54717,32,30,0,4.1383999814570416e-05
10732,40845,32,29,0,3.965199994127033e-05
10733,1067,34,28,0,7.211699994513765e-05
10734,20115,41,27,0,6.137299988040468e-05
10735,87468,32,26,0,4.435299979377305e-05
10736,34245,35,26,0,4.523699954006588e-05
10737,84778,43,27,1,6.795600074838148e-05
10738,66529,38,26,1,6.211199979588855e-05
10739,63746,49,25,3,0.0002674609995665378
10740,83994,39,25,4,0.00022457499926531455
10741,32424,58,24,0,0.00012971400064998306
10742,84841,45,23,1,6.364700038830051e-05
10743,83652,99,23,1,0.00014033200022822712
10744,70970,44,23,6,0.00014226999974198407
10745,78441,54,23,7,0.00038477900034195045
10746,42799,47,22,2,0.00044151700058137067
10747,38171,86,23,8,0.00021438200019474607
10748,65619,60,22,4,0.0001843110003392212
10749,8024,45,23,3,0.0003005379994647228
10750,24091,64,24,3,0.00030465400050161406
10751,36032,90,31,29,0.000856093000038527
10752,36128,51,32,1,0.0006445169992730371
10753,50398,57,31,0,9.287699958804296e-05
10754,11382,35,30,0,4.3692999497579876e-05
10755,17808,35,29,0,4.736800019600196e-05
10756,36162,51,30,3,0.0001524660001450684
10757,15104,50,30,4,0.00022469099985755747
10758,64959,57,29,2,0.00017521300014777808
10759,9311,42,29,2,0.00012642500041692983
10760,32444,39,28,7,0.0002864929992938414
10761,13615,50,27,5,0.00038491899977088906
10762,43170,53,26,2,9.496300026512472e-05
10763,20400,46,26,4,0.0001108090000343509
10764,14995,53,26,3,0.00042018800013465807
10765,42992,57,26,1,7.05620004737284e-05
10766,53872,72,28,2,0.00013032399965595687
10767,52484,89,27,8,0.0002915129998655175
10768,18759,74,28,9,0.0002430220001770067
10769,12500,62,31,18,0.0007148069998947904
10770,76109,63,32,10,0.0007458500003849622
10771,14172,53,31,6,0.0007248500005516689
10772,41773,80,32,5,0.0006079519998820615
10773,51848,33,33,1,0.0007820999999239575
10774,2381,33,32,0,4.984699990018271e-05
10775,50546,33,31,0,4.246800017426722e-05
10776,731,33,30,0,4.089600042789243e-05
10777,78442,33,29,0,3.813400053331861e-05
10778,8695,33,28,0,6.238500009203563e-05
10779,75107,36,29,2,0.00035347499942872673
10780,35569,42,30,5,0.0005273710003166343
10781,2818,34,34,1,0.0006922720003785798
10782,13407,34,33,0,4.503899981500581e-05
10783,70408,34,34,1,0.0007315999991988065
10784,46713,34,33,0,4.5681999836233445e-05
10785,8021,34,32,0,4.023000019515166e-05
10786,8668,34,31,0,4.4796000111091416e-05
10787,30906,34,30,0,3.804599964496447e-05
10788,84828,34,29,0,3.722299970831955e-05
10789,24713,38,34,1,0.0007844090005164617
10790,75400,48,34,19,0.0005609620002360316
10791,2373,65,34,7,0.0008567500008211937
10792,67790,71,34,14,0.0005469470006573829
10793,74224,58,34,18,0.0007966789999045432
10794,69877,77,33,12,0.000518136000209779
10795,16218,67,33,2,0.00029573099982371787
10796,8508,56,35,33,0.0009079080000446993
10797,70781,35,35,1,0.0007205190004242468
10798,14022,38,36,1,0.0007956720000947826
10799,28160,46,37,1,0.0009006919999592355
10800,21131,46,36,0,6.526500055770157e-05
10801,2817,44,35,0,5.6464000408595894e-05
10802,51697,40,34,0,4.8891999540501274e-05
10803,78434,40,33,0,4.689399975177366e-05
10804,68955,46,32,0,5.323000004864298e-05
10805,48129,40,31,0,4.764700042869663e-05
10806,50365,46,30,0,7.4915999903169e-05
10807,87134,40,29,0,4.844799968850566e-05
10808,17608,46,28,0,5.5344999964290764e-05
10809,13843,48,27,0,5.49790001969086e-05
10810,27029,44,26,0,4.7559999984514434e-05
10811,65306,46,25,0,4.97070004712441e-05
10812,83360,40,24,0,4.248100049153436e-05
10813,81626,46,23,0,4.579899996315362e-05
10814,86041,46,22,0,4.5789000068907626e-05
10815,33123,46,21,0,4.127000011067139e-05
10816,76712,46,20,0,4.170100055489456e-05
10817,82173,46,19,0,3.471000036370242e-05
10818,34863,46,18,0,3.17169997288147e-05
10819,14005,57,17,0,4.66009996671346e-05
10820,10293,46,16,0,2.8268999813008122e-05
10821,2891,46,15,0,2.6823000553122256e-05
10822,46657,46,14,0,2.6292000256944448e-05
10823,83138,40,13,0,2.25670000872924e-05
10824,21069,46,12,0,2.3857000087446067e-05
10825,84786,46,11,0,2.3614999918208923e-05
10826,48946,46,10,0,2.2599999283556826e-05
10827,16825,40,9,0,1.8871000065701082e-05
10828,51267,46,8,0,4.192399956082227e-05
10829,85711,46,7,0,2.1922999621892814e-05
10830,10547,49,6,0,2.294100067956606e-05
10831,19410,44,5,0,1.704499936749926e-05
10832,75541,52,5,0,2.890799987653736e-05
10833,37970,90,7,0,8.610500026406953e-05
10834,67849,54,37,1,0.0009477809999225428
10835,50582,37,36,0,5.616999987978488e-05
10836,53730,37,35,0,4.801900013262639e-05
10837,55357,37,34,0,4.5757999941997696e-05
10838,62598,40,34,0,0.00010873700011870824
10839,66224,39,33,0,4.7542999709548894e-05
10840,60978,44,33,1,8.494499979860848e-05
10841,82534,76,32,2,0.00044454199996835086
10842,82481,44,32,4,0.0005946799992671004
10843,54405,66,32,6,0.0007264300002134405
10844,15644,89,33,4,0.0007307389996640268
10845,34828,40,38,1,0.0008800530004009488
10846,53388,38,37,0,5.411399979493581e-05
10847,40097,38,36,0,4.884099962509936e-05
10848,9636,41,35,0,5.0444999942556024e-05
10849,72071,41,34,0,5.01750000694301e-05
10850,43173,42,33,0,5.260400030238088e-05
10851,30600,53,32,0,6.532199950015638e-05
10852,30248,38,31,0,4.454600002645748e-05
10853,59456,38,30,0,4.270799945516046e-05
10854,36707,38,29,0,4.1616999624238815e-05
10855,80652,40,28,0,4.356199951871531e-05
10856,29991,53,27,0,6.103600026108325e-05
10857,19547,61,26,0,7.021799956419272e-05
10858,66860,65,25,0,8.973700005299179e-05
10859,9831,38,24,0,4.204099968774244e-05
10860,26080,38,23,0,4.3137999455211684e-05
10861,11514,38,22,0,3.681999987747986e-05
10862,27882,41,21,0,3.88489997931174e-05
10863,67121,38,20,0,3.576200015231734e-05
10864,2943,38,19,0,3.082200055359863e-05
10865,69814,46,18,0,3.6902999454468954e-05
10866,379,44,17,0,3.0189999961294234e-05
10867,7932,38,16,0,2.524800038372632e-05
10868,22799,42,15,0,2.9035999432380777e-05
10869,11651,38,14,0,2.3221999981615227e-05
10870,74307,38,13,0,2.1578999621851835e-05
10871,85074,61,12,0,2.8899000426463317e-05
10872,23539,38,11,0,1.9593999240896665e-05
10873,72566,38,10,0,1.856499966379488e-05
10874,3709,49,9,0,2.5486000595265068e-05
10875,26696,38,8,0,1.771000006556278e-05
10876,18259,38,7,0,1.6791999769338872e-05
10877,8786,42,6,0,1.7563999790581875e-05
10878,58965,42,5,0,1.7812999431043863e-05
10879,35895,74,5,0,4.221399922244018e-05
10880,3484,66,4,0,3.0191999940143432e-05
10881,77453,65,3,0,3.080399983446114e-05
10882,41672,56,3,1,3.486399964458542e-05
10883,51239,38,38,1,0.0008693200006746338
10884,5401,38,37,0,5.1899999562010635e-05
10885,6437,38,36,0,4.742900000564987e-05
10886,5035,38,35,0,7.117899986042175e-05
10887,5511,38,34,0,4.8255999899993185e-05
10888,87982,38,33,0,4.913599968858762e-05
10889,25421,38,32,0,4.388900015328545e-05
10890,53298,38,31,0,4.430900025909068e-05
10891,4423,38,30,0,4.3326000195520464e-05
10892,68966,38,29,0,4.169200019532582e-05
10893,87983,38,28,0,4.191800053376937e-05
10894,66483,38,27,0,4.05569999202271e-05
10895,75133,38,26,0,3.93149994124542e-05
10896,59697,38,25,0,3.883699992002221e-05
10897,75240,38,24,0,3.837300027953461e-05
10898,11105,38,23,0,3.860400011035381e-05
10899,16189,38,22,0,3.7958000575599726e-05
10900,23661,38,21,0,3.615100013121264e-05
10901,2777,38,20,0,3.637200006778585e-05
10902,52612,38,19,0,3.295799979241565e-05
10903,85854,54,18,0,4.5452000449586194e-05
10904,21751,38,17,0,2.592799955891678e-05
10905,7934,38,16,0,2.3288999727810733e-05
10906,4208,38,15,0,2.3212000087369233e-05
10907,65671,38,14,0,2.3007999516266864e-05
10908,4193,38,13,0,4.548600009002257e-05
10909,12899,38,12,0,2.290500015078578e-05
10910,72563,38,11,0,2.0041999960085377e-05
10911,24938,38,10,0,1.9281999811937567e-05
10912,54516,44,10,0,3.724699945450993e-05
10913,46147,71,9,0,5.488900023919996e-05
10914,23012,41,9,0,5.5888000133563764e-05
10915,14937,66,13,1,0.00012412300020514522
10916,69300,124,23,4,0.00028454400035116123
10917,86900,71,25,2,0.00029844999971828656
10918,71508,84,38,17,0.0007784180006638053
10919,57809,80,38,8,0.0007826620003470453
10920,76882,57,38,7,0.0008368099997824174
10921,57534,58,37,7,0.0007221289997687563
10922,52838,43,36,9,0.0005719720002161921
10923,49335,86,37,7,0.0008460400003968971
10924,49744,83,37,4,0.00027191599929210497
10925,131,61,38,24,0.000738431000172568
10926,70528,39,39,1,0.0011807920000137528
10927,78005,39,38,0,6.883900005050236e-05
10928,58835,39,37,0,6.059000043023843e-05
10929,58295,39,36,0,5.5824999435571954e-05
10930,82212,39,35,0,5.393999981606612e-05
10931,57924,109,39,7,0.0010192799991273205
10932,57931,61,39,10,0.0012509280004451284
10933,11987,44,38,8,0.0004804760001206887
10934,12665,91,39,69,0.0012859210000897292
10935,61651,59,40,27,0.0019229870003982796
10936,75792,41,41,1,0.0010837580002771574
10937,19543,41,40,0,5.998699998599477e-05
10938,35392,42,39,0,5.489100021804916e-05
10939,25879,81,38,0,0.00010218800071015721
10940,75735,41,37,0,5.1571999392763246e-05
10941,25882,41,36,0,5.208799939282471e-05
10942,48553,81,35,0,0.0001284079999095411
10943,62793,80,34,0,8.370100022148108e-05
10944,50612,41,33,0,5.057399994257139e-05
10945,29646,41,32,0,4.718400032288628e-05
10946,6739,41,31,0,4.700699992099544e-05
10947,2770,41,30,0,4.531899958237773e-05
10948,57190,46,29,0,5.170999975234736e-05
10949,65347,41,28,0,4.473300032259431e-05
10950,66500,41,27,0,4.332100070314482e-05
10951,29659,44,26,0,4.565600011119386e-05
10952,73590,41,25,0,4.102399998373585e-05
10953,75819,41,24,0,4.228099987813039e-05
10954,55902,44,23,0,4.666899985750206e-05
10955,53602,43,22,0,4.2720999772427604e-05
10956,28529,41,21,0,3.887799994117813e-05
10957,18459,41,20,0,4.05589998990763e-05
10958,51347,41,19,0,7.189200005086605e-05
10959,62435,45,18,0,5.687200064130593e-05
10960,51351,41,17,0,2.8514999939943664e-05
10961,68260,45,16,0,3.078400004596915e-05
10962,35190,41,15,0,2.9306000215001404e-05
10963,84397,61,14,0,3.834200015262468e-05
10964,53788,57,13,0,3.828599983535241e-05
10965,5533,41,12,0,2.24109999180655e-05
10966,40355,46,12,1,4.095799977221759e-05
10967,34085,58,11,0,3.8907000089238863e-05
10968,27817,42,10,1,2.4336999558727257e-05
10969,43571,61,9,1,4.1106000026047695e-05
10970,56740,52,9,0,2.9486999665095937e-05
10971,69951,77,9,3,6.891800057928776e-05
10972,7644,47,9,1,3.8098000004538335e-05
10973,9211,70,10,4,7.508599992434029e-05
10974,44045,63,10,0,8.684699969307985e-05
10975,2079,87,11,0,5.8521000028122216e-05
10976,12712,66,41,23,0.0014132030000837403
10977,65988,69,41,43,0.0018467649997546687
10978,63494,42,42,1,0.0012844180000683991
10979,25095,42,41,0,6.859400036773877e-05
10980,34673,48,42,3,0.0010098920001837541
10981,69494,42,42,1,0.0012962860000698129
10982,72090,42,41,0,9.437600056116935e-05
10983,11481,42,40,0,6.548500005010283e-05
10984,996,42,39,0,5.826199958391953e-05
10985,24487,42,38,0,5.826999949931633e-05
10986,38631,42,37,0,5.497999973158585e-05
10987,59042,42,36,0,5.4631000239169225e-05
10988,76219,42,35,0,5.3006000598543324e-05
10989,24056,46,34,0,5.9270000747346785e-05
10990,71104,42,33,0,5.232199964666506e-05
10991,23546,42,32,0,4.9715999921318144e-05
10992,12172,67,33,1,0.00011774599988711998
10993,60500,45,33,3,0.0005578729997068876
10994,83953,53,32,4,0.0005142320005688816
10995,28503,78,33,8,0.0008499650002704584
10996,79513,64,32,0,8.31320003271685e-05
10997,52533,66,31,0,7.78619996708585e-05
10998,65623,61,32,4,0.00090331600040372
10999,83839,61,31,0,0.00014209700020728633
11000,83852,65,30,0,8.1350999607821e-05
11001,83728,61,29,0,7.464999998774147e-05
11002,83732,70,30,2,0.0002913819998866529
11003,4023,79,37,7,0.0008033780004552682
11004,12011,93,40,28,0.0013820900003338465
11005,88896,43,43,1,0.0013924759996370994
11006,80773,43,42,0,7.542499952251092e-05
11007,59326,49,41,0,7.217499933176441e-05
11008,37625,43,40,0,6.197099992277799e-05
11009,31978,47,39,0,6.786599988117814e-05
11010,85072,43,38,0,5.8508000620349776e-05
11011,14527,47,37,0,6.556399966939352e-05
11012,9936,43,36,0,5.692100057785865e-05
11013,85728,52,35,0,6.579099954251433e-05
11014,37008,43,34,0,5.687400062015513e-05
11015,65794,43,33,0,5.581900040851906e-05
11016,8480,47,32,0,5.73070001337328e-05
11017,19918,61,32,1,0.00029329900007724063
11018,5109,45,31,1,8.741300007386599e-05
11019,64766,63,30,1,9.015599971462507e-05
11020,41465,109,31,2,0.000603231999775744
11021,70942,65,31,4,0.00028125599965278525
11022,66161,58,31,6,0.00046165200001269113
11023,83734,69,33,15,0.0008301309999296791
11024,21566,65,37,15,0.0018750640001599095
11025,19732,185,43,36,0.001676732000305492
11026,71434,45,45,1,0.001440244999685092
11027,60962,45,44,0,7.40609993954422e-05
11028,2982,50,43,0,7.752199962851591e-05
11029,5290,45,42,0,6.83839998600888e-05
11030,74688,45,41,0,6.054700043023331e-05
11031,87421,45,40,0,5.830099962622626e-05
11032,38385,45,39,0,5.764799971075263e-05
11033,10324,45,38,0,5.6599999879836105e-05
11034,59176,45,37,0,5.9389999478298705e-05
11035,85203,45,36,0,5.5280000196944457e-05
11036,65353,45,35,0,5.510099981620442e-05
11037,81728,74,34,0,8.776100003160536e-05
11038,68392,45,33,0,5.564399998547742e-05
11039,59343,60,32,0,7.953099975566147e-05
11040,83679,49,31,0,5.8366999837744515e-05
11041,23521,68,30,0,0.00010956200003420236
11042,79913,45,29,0,5.7760999879974406e-05
11043,24394,45,28,0,5.074399996374268e-05
11044,36700,45,27,0,4.7372999688377604e-05
11045,53596,57,26,0,6.431000019802013e-05
11046,75567,50,25,0,5.1096000788675155e-05
11047,39502,68,24,0,5.84700001127203e-05
11048,80100,106,23,0,9.271700037061237e-05
11049,9576,68,22,0,5.4501999329659157e-05
11050,56562,45,21,0,4.4020999666827265e-05
11051,79196,47,20,0,4.438399992068298e-05
11052,48182,45,19,0,3.861099958157865e-05
11053,83889,53,18,0,3.979400025855284e-05
11054,85301,45,17,0,2.9955000172776636e-05
11055,42582,45,16,0,2.827200023602927e-05
11056,33340,45,15,0,2.6648000130080618e-05
11057,11840,46,14,0,5.080899973108899e-05
11058,9604,61,14,0,6.93160000082571e-05
11059,44031,52,13,0,4.370700025901897e-05
11060,14373,61,12,0,3.275899962318363e-05
11061,53371,63,11,0,3.18729998980416e-05
11062,10960,61,10,0,2.8359999305394012e-05
11063,44207,61,9,0,2.6728999728220515e-05
11064,60249,66,8,0,3.0574999982491136e-05
11065,43739,75,7,0,4.88519999635173e-05
11066,50335,69,7,0,4.026500027975999e-05
11067,24085,113,6,0,8.068199986155378e-05
11068,30174,91,7,3,9.351700009574415e-05
11069,83675,149,10,2,0.00022418600019591395
11070,1403,102,45,71,0.0026689169999372098
11071,16038,85,45,31,0.0008864010005709133
11072,31053,87,44,35,0.0016021330002331524
11073,19458,46,46,1,0.0014015880005899817
11074,25007,46,45,0,7.4124000093434e-05
11075,44239,46,44,0,6.560700057889335e-05
11076,53549,46,43,0,6.262500028242357e-05
11077,27311,46,42,0,8.018300013645785e-05
11078,6608,46,41,0,6.376300007104874e-05
11079,12417,46,40,0,6.747299994458444e-05
11080,40450,46,39,0,6.109100013418356e-05
11081,9320,46,38,0,5.814700034534326e-05
11082,87739,46,37,0,5.6214000323961955e-05
11083,26773,46,36,0,5.6356000641244464e-05
11084,56844,47,35,0,5.712500023946632e-05
11085,43650,46,34,0,5.6757000493234955e-05
11086,26431,46,33,0,5.4289999752654694e-05
11087,44253,46,32,0,5.3468999794858973e-05
11088,65775,46,31,0,5.268800032354193e-05
11089,27557,46,30,0,5.130499994265847e-05
11090,18922,46,29,0,4.93160005134996e-05
11091,52703,46,28,0,4.835800064029172e-05
11092,33032,46,27,0,8.609199994680239e-05
11093,88224,46,26,0,5.654100004903739e-05
11094,18624,46,25,0,4.802800049219513e-05
11095,30226,46,24,0,5.083799987914972e-05
11096,46957,46,23,0,4.4239000089874025e-05
11097,71682,46,22,0,4.486999932851177e-05
11098,43666,46,21,0,4.328400063968729e-05
11099,7324,52,20,0,4.912000076728873e-05
11100,11108,46,19,0,3.818099958152743e-05
11101,78920,46,18,0,3.341100000398001e-05
11102,13974,46,17,0,2.9308000193850603e-05
11103,7852,53,17,1,5.573900034505641e-05
11104,11473,47,16,1,5.1978000556118786e-05
11105,48349,50,16,2,0.00011267999980191234
11106,67341,50,15,2,0.00015334599993366282
11107,8353,66,18,4,0.0002004509997277637
11108,79943,88,29,5,0.0007576409998364397
11109,60470,117,38,17,0.0013725130002057995
11110,69794,58,46,2,0.0016925029995036311
11111,10864,54,46,3,0.001335154000116745
11112,80454,58,47,6,0.0015757309993205126
11113,18472,88,47,8,0.0012500879993240233
11114,18068,117,48,83,0.0025138070004686597
11115,44059,53,48,8,0.001974656000129471
11116,5355,66,47,27,0.0022030320005796966
11117,58122,49,49,1,0.0017365620005875826
11118,51362,49,48,0,8.557099954487057e-05
11119,58161,49,47,0,0.00010031399961007992
11120,66220,49,46,0,7.984700005181367e-05
11121,17332,61,45,0,8.695799988345243e-05
11122,30033,49,44,0,7.354100034717703e-05
11123,89141,49,43,0,6.940799994481495e-05
11124,83134,49,42,0,6.657599988102447e-05
11125,29654,49,41,0,6.500600011349889e-05
11126,50187,49,40,0,6.679400030407123e-05
11127,31288,49,39,0,6.469700019806623e-05
11128,47704,49,38,0,6.172699977469165e-05
11129,73917,51,37,0,6.481699983851286e-05
11130,55514,49,36,0,6.11100003879983e-05
11131,65269,49,35,0,8.192699988285312e-05
11132,60091,85,35,0,0.00012884999978268752
11133,52868,53,34,1,0.0002549780001572799
11134,53884,51,33,1,0.0002269040005558054
11135,61519,77,33,1,0.0002169090003008023
11136,24858,58,32,2,0.0011196630002814345
11137,9260,51,31,2,0.0010471060004419996
11138,24944,62,32,4,0.001068709999344719
11139,30736,59,31,5,0.0005436320006992901
11140,70124,59,32,4,0.0011378130002412945
11141,72970,73,36,12,0.0012782980002157274
11142,64324,90,37,15,0.001074007999704918
11143,17337,65,37,43,0.0019597450000219396
11144,8522,82,45,21,0.002086843000142835
11145,27848,74,48,25,0.0024183659998016083
11146,57626,64,49,9,0.0019484499998725369
11147,2007,69,48,10,0.0013671079996129265
11148,23222,72,50,7,0.0010799920000863494
11149,5128,52,51,1,0.0018326330000490998
11150,53143,51,50,0,8.443400020041736e-05
11151,27164,51,49,0,7.541400009358767e-05
11152,11545,51,48,0,7.398799971269909e-05
11153,77624,51,47,0,7.174999973358354e-05
11154,22189,52,46,0,7.305500002985355e-05
11155,78410,52,45,0,7.06509999872651e-05
11156,83028,52,44,0,6.912000026204623e-05
11157,24643,52,43,0,6.687799941573758e-05
11158,6596,51,42,0,6.417900021915557e-05
11159,21976,56,41,0,7.409199952235213e-05
11160,66575,52,40,0,7.277899931068532e-05
11161,26694,52,39,0,6.510599996545352e-05
11162,52889,51,38,0,6.29659998594434e-05
11163,26565,52,37,0,6.178500007081311e-05
11164,20491,52,36,0,6.400299935194198e-05
11165,16253,51,35,0,5.961999977444066e-05
11166,35723,51,34,0,6.043299981683958e-05
11167,66705,52,33,0,6.133799979579635e-05
11168,7981,52,32,0,5.935100034548668e-05
11169,79910,51,31,0,6.653099990217015e-05
11170,10407,52,30,0,5.8785999499377795e-05
11171,16147,51,29,0,5.6165000387409236e-05
11172,20219,52,28,0,7.941700005176244e-05
11173,51350,52,27,0,5.809499998576939e-05
11174,13217,52,26,0,5.8644999626267236e-05
11175,63617,52,25,0,5.3187999583315104e-05
11176,58777,51,24,0,5.075599983683787e-05
11177,32757,52,23,0,5.007399977330351e-05
11178,62874,52,22,0,4.859000000578817e-05
11179,16543,52,21,0,4.770300074596889e-05
11180,4579,52,20,0,4.702900059783133e-05
11181,26695,51,19,0,4.12519993915339e-05
11182,25060,51,18,0,3.4855000194511376e-05
11183,24811,52,17,0,3.242900038458174e-05
11184,48221,52,16,0,3.0793999940215144e-05
11185,52561,51,15,0,2.8780999855371192e-05
11186,16093,56,14,0,3.0323999453685246e-05
11187,58791,52,13,0,2.8930000553373247e-05
11188,64232,52,12,0,2.756100002443418e-05
11189,18539,52,11,0,2.578899966465542e-05
11190,65579,52,10,0,2.452100034133764e-05
11191,17200,52,9,0,2.3318999410548713e-05
11192,59254,56,8,0,2.4080999537545722e-05
11193,63791,52,7,0,2.232000042567961e-05
11194,15995,52,6,0,4.0889000047172885e-05
11195,16376,51,5,0,2.0702000256278552e-05
11196,53995,52,4,0,1.5104000340215862e-05
11197,27313,52,3,0,1.3623000086226966e-05
11198,70782,51,2,0,1.2331999641901348e-05
11199,74176,111,2,0,5.5625000641157385e-05
11200,48059,102,51,41,0.003801028999987466
11201,16822,83,52,13,0.002712789999350207
11202,19163,69,53,6,0.0025010370000018156
11203,77967,74,53,3,0.0016880110006241011
11204,36720,73,52,0,0.0001558619997013011
11205,36058,96,52,2,0.0006016449997332529
11206,83769,96,51,31,0.003463111999735702
11207,53914,101,51,20,0.0019532879996404517
11208,57647,100,50,7,0.0022064970007704687
11209,20117,83,50,12,0.0023975420008355286
11210,46491,151,52,51,0.0026047310002468294
11211,33484,97,52,3,0.002363409999816213
11212,5496,54,54,1,0.002230738999969617
11213,71433,57,53,0,0.00011478200030978769
11214,72912,54,52,0,8.807599988358561e-05
11215,68263,54,51,0,8.730300032766536e-05
11216,14229,57,50,0,9.046900049725082e-05
11217,50000,54,49,0,8.430799971392844e-05
11218,61010,54,48,0,8.109800000966061e-05
11219,73810,57,47,0,0.00011905300016223919
11220,82618,66,46,0,0.0001038370000969735
11221,24680,54,45,0,7.798400019964902e-05
11222,67547,54,44,0,7.728000036877347e-05
11223,35023,54,43,0,7.356399964919547e-05
11224,80863,54,42,0,7.340400043176487e-05
11225,740,54,41,0,7.136200019886019e-05
11226,42772,62,40,0,8.537999929103535e-05
11227,34685,54,39,0,7.125299998733681e-05
11228,59583,55,38,0,7.205400015664054e-05
11229,56295,57,37,0,7.669800015719375e-05
11230,45332,54,36,0,9.042300007422455e-05
11231,20999,54,35,0,7.493100019928534e-05
11232,13589,57,34,0,6.968599973333767e-05
11233,88296,54,33,0,6.347799990180647e-05
11234,62474,54,32,0,6.49089997750707e-05
11235,39416,54,31,0,6.233899966900935e-05
11236,75126,60,31,1,7.635899964952841e-05
11237,2441,67,31,3,0.0007979940000950592
11238,80826,72,30,2,9.794400011742255e-05
11239,22897,72,29,1,8.209400039049797e-05
11240,49009,60,28,1,0.0007147869991968037
11241,73345,60,27,0,6.486500024038833e-05
11242,16787,79,27,2,0.00016325700016750488
11243,10323,64,26,2,0.000635309000244888
11244,52948,66,26,3,0.0003193669999745907
11245,24956,84,25,6,0.0006581779998668935
11246,43487,108,30,16,0.0011374380001143436
11247,29724,96,30,7,0.001058969000041543
11248,27869,100,32,7,0.00025747300060174894
11249,65577,119,31,4,0.0009345219996248488
11250,6999,96,30,10,0.0007638010001755902
11251,7613,136,32,5,0.0012524449994089082
11252,42276,92,52,42,0.0033767169998100144
11253,23259,97,53,4,0.0009970959999918705
11254,78341,124,53,27,0.0014870579998387257
11255,84491,149,53,83,0.004232081999361981
11256,83726,138,53,23,0.0021335669998734375
11257,57068,88,54,58,0.0030565260003641015
11258,29478,136,55,26,0.004007284999715921
11259,53535,127,56,66,0.0047474630000579054
11260,43654,58,58,1,0.0028626199991776957
11261,30661,63,57,0,0.00014876400018692948
11262,65192,58,56,0,0.00011540300056367414
11263,21054,61,55,0,0.00010437500077387085
11264,9715,58,54,0,9.702699935587589e-05
11265,55188,58,53,0,9.687700003269129e-05
11266,6698,76,52,0,0.00021670699970854912
11267,55486,58,51,0,0.00010044700047728838
11268,50555,58,50,0,9.135899927059654e-05
11269,58046,60,49,0,9.208200026478153e-05
11270,10985,62,49,1,0.00014568300048267702
11271,9286,75,50,3,0.0005209290002312628
11272,16113,70,49,2,0.0008914099998946767
11273,14934,64,48,1,0.0001297999997404986
11274,53983,73,49,11,0.002081427999655716
11275,15997,77,49,15,0.0020451560003493796
11276,49619,120,48,4,0.001571732000229531
11277,68037,69,50,10,0.0023015910001049633
11278,62571,104,50,6,0.001434540999980527
11279,25275,126,49,12,0.002495027000804839
11280,21501,101,48,3,0.0006125789996076492
11281,17034,89,55,14,0.004194799000288185
11282,2705,89,54,0,0.0002037919994108961
11283,39852,89,53,0,0.00016592700012552086
11284,6521,89,52,0,0.0001515969997853972
11285,24927,89,51,0,0.0002341760000490467
11286,24589,58,58,1,0.0026384029997643665
11287,14540,58,57,0,0.00011920900033146609
11288,17517,59,56,0,0.00012282300031074556
11289,5112,58,55,0,0.00010032399950432591
11290,68917,68,54,0,0.00010153399944101693
11291,78264,58,53,0,9.271299950341927e-05
11292,16190,58,52,0,8.87079995663953e-05
11293,55507,58,51,0,9.376900015922729e-05
11294,10707,58,50,0,8.711000009498093e-05
11295,82800,99,52,4,0.0006492089996754657
11296,48313,77,55,6,0.0017975500004467904
11297,70700,97,58,19,0.00433865099967079
11298,51849,63,63,1,0.0033612269999139244
11299,75970,63,62,0,0.00021594200006802566
11300,59285,75,61,0,0.00014014699991093948
11301,88935,63,60,0,0.0001240009996763547
11302,72875,75,59,0,0.0001312099993810989
11303,33073,63,58,0,0.00011377599912520964
11304,73756,65,57,0,0.00011074600024585379
11305,80051,73,56,0,0.00015141699986997992
11306,20474,63,55,0,0.00010959699920931598
11307,4982,72,54,0,0.00011745800020435126
11308,79240,68,54,1,0.0002327029997104546
11309,20421,71,53,1,0.0001719329993647989
11310,66837,74,52,0,0.00013292500079842284
11311,68651,79,51,0,0.00021819699941261206
11312,47881,78,51,2,0.0003980370001954725
11313,1106,82,51,3,0.0003679410001495853
11314,55321,79,51,4,0.0005708539993065642
11315,35647,80,50,3,0.002245280999886745
11316,76863,84,49,0,0.00023809000049368478
11317,63615,90,49,0,0.00017267400016862666
11318,36617,98,48,3,0.0010362470002291957
11319,30356,76,47,11,0.002383129000008921
11320,40436,87,46,1,0.00030810200041742064
11321,50218,80,46,3,0.0008363930000996334
11322,41868,87,45,8,0.0011462059992481954
11323,84543,79,44,1,0.0003731159995368216
11324,61777,78,43,0,0.000128508999296173
11325,11334,97,42,3,0.0007137190004868899
11326,22208,80,42,2,0.00021399100023700157
11327,18378,94,42,4,0.000492883000333677
11328,74997,101,41,4,0.0008792460002950975
11329,63583,86,40,13,0.000808142000096268
11330,11466,84,40,7,0.00041640700055722846
11331,49252,108,41,7,0.001154988000052981
11332,36980,103,41,17,0.000971585999650415
11333,76326,122,41,13,0.001292376000492368
11334,3885,118,40,13,0.0012226680000821943
11335,80619,147,42,2,0.0010516750007809605
11336,25005,114,41,20,0.0009298300001319149
11337,22061,121,43,27,0.0029044310003882856
11338,32628,163,44,11,0.0008641129998068209
11339,17132,131,45,31,0.002211888999227085
11340,28143,122,44,26,0.0030933369998820126
11341,2932,131,43,0,0.00024174500049412018
11342,3737,149,47,43,0.0038614209997831495
11343,83943,188,46,53,0.0031423079999512993
11344,42093,178,49,15,0.0027444180004749796
11345,36648,161,50,32,0.003842753999379056
11346,58620,160,60,117,0.008230498000557418
11347,60622,172,61,19,0.005294262000461458
11348,42232,158,61,49,0.005161969999790017
11349,72445,164,60,8,0.003560407000804844
11350,18110,164,61,86,0.006329834999633022
11351,13198,185,61,41,0.005152814000211947
11352,88221,214,64,35,0.003748893999727443
11353,29954,125,65,1,0.0036043660002178513
11354,55442,65,64,0,0.0001498339997851872
11355,40969,89,63,0,0.0001534749999336782
11356,50307,66,62,0,0.00012216300001455238
11357,52245,67,61,0,0.00012123699980293168
11358,9886,65,60,0,0.00013945699993200833
11359,23691,65,59,0,0.00011256299967499217
11360,63285,65,58,0,0.00011154999992868397
11361,6434,65,57,0,0.00010726500022428809
11362,36886,65,56,0,0.00010697300058382098
11363,81033,65,55,0,0.00010611300058371853
11364,75787,65,54,0,0.00010301899965270422
11365,7495,75,53,0,0.00015162399995460873
11366,41494,65,52,0,0.00012640099976124475
11367,11548,70,51,0,0.00011161200018250383
11368,71948,65,50,0,9.827700068854028e-05
11369,67957,73,49,0,0.00011214500045753084
11370,1063,68,48,0,0.00010581300011835992
11371,71846,67,47,0,9.872800001176074e-05
11372,38383,65,46,0,9.342500015918631e-05
11373,16117,66,45,0,9.415300064574694e-05
11374,77047,93,44,0,0.00014924500010238262
11375,14715,65,43,0,9.055500049726106e-05
11376,20120,65,42,0,8.925600013753865e-05
11377,9905,69,41,0,9.046700051840162e-05
11378,88898,81,40,0,0.00010939399999188026
11379,21671,65,39,0,8.586699914303608e-05
11380,35273,65,38,0,8.137400072882883e-05
11381,30954,65,37,0,7.970000024215551e-05
11382,34858,85,36,0,0.00010703299994929694
11383,64330,66,35,0,0.0001049189995683264
11384,76474,67,34,0,8.404300024267286e-05
11385,55659,65,33,0,7.546799952251604e-05
11386,11346,72,32,0,8.272699960798491e-05
11387,56012,65,31,0,7.541200011473848e-05
11388,21338,65,30,0,7.561400070699165e-05
11389,10957,65,29,0,6.822600062150741e-05
11390,19277,65,28,0,6.793699958507204e-05
11391,62421,65,27,0,6.539200057886774e-05
11392,26462,65,26,0,6.297099935181905e-05
11393,58854,65,25,0,6.299400047282688e-05
11394,22311,68,25,0,0.0001848090005296399
11395,87464,73,24,0,7.817500045348424e-05
11396,84738,103,23,1,0.00014583899974240921
11397,24393,87,22,1,0.00010477799969521584
11398,38192,83,21,0,8.029600030567963e-05
11399,81902,85,20,0,7.358400034718215e-05
11400,53065,80,19,0,6.784300057915971e-05
11401,72651,82,18,0,6.417799977498362e-05
11402,50321,76,17,0,5.310800042934716e-05
11403,7813,73,17,2,0.00013362199933908414
11404,63849,75,16,1,6.989200028328924e-05
11405,75149,98,17,2,0.0001996810005948646
11406,29696,116,16,0,6.584199945791624e-05
11407,1813,112,16,1,0.0002688510003281408
11408,59506,77,15,1,0.00012037300075462554
11409,66211,95,15,4,0.0001639479996811133
11410,36849,106,14,1,0.00010356900020269677
11411,70201,108,15,2,0.00018818599983205786
11412,36300,183,14,4,0.0002620069999466068
11413,54104,137,13,1,0.00018957999964186456
11414,10623,111,13,0,0.00018297099995834287
11415,47249,131,12,3,0.00017954500071937218
11416,4420,146,20,12,0.00035407700033829315
11417,3362,228,61,52,0.006851013999948918
11418,87817,69,69,1,0.004028363000543322
11419,64032,69,68,0,0.00020229300025675911
11420,86083,69,67,0,0.00013659600062965183
11421,62796,69,66,0,0.00012454500028979965
11422,12005,73,65,0,0.00014090600052441005
11423,23720,69,64,0,0.00012141000024712412
11424,68015,69,63,0,0.00012708199938060716
11425,68918,69,62,0,0.00011767500018322608
11426,78263,69,61,0,0.00014113900033407845
11427,70715,69,60,0,0.00011879100020451006
11428,45247,69,59,0,0.00011281000024609966
11429,44237,97,58,0,0.00017264800044358708
11430,85077,69,57,0,0.00011372499920980772
11431,44245,69,56,0,0.00011007499961124267
11432,10840,74,55,0,0.00011505900056363316
11433,14178,69,54,0,0.00017094800023187418
11434,16881,69,53,0,0.00010973699954774929
11435,52054,85,53,1,0.00014708199978485936
11436,21103,79,53,0,0.00026080600036948454
11437,37424,81,52,0,0.0001398150006934884
11438,24964,84,51,0,0.000519586000336858
11439,21928,74,50,1,0.00013367700012167916
11440,72177,84,49,0,0.00011510700005601393
11441,3836,85,49,1,0.00024426499930996215
11442,49811,86,48,1,0.00028908900003443705
11443,13973,86,48,1,0.0001416079994669417
11444,9797,96,48,2,0.00018422100038151257
11445,32905,89,51,3,0.00355312400006369
11446,29741,89,50,0,0.000185320000127831
11447,74242,91,49,0,0.00014983799974288559
11448,24645,89,48,0,0.0001296520003961632
11449,58797,89,47,0,0.00012658000014198478
11450,3580,89,46,0,0.00012486699961300474
11451,74107,89,45,0,0.00015589899976475863
11452,67713,89,44,0,0.000128030999803741
11453,24322,89,43,0,0.00012220500047988025
11454,15395,91,42,0,0.00012592700022651115
11455,54450,89,41,0,0.00011330699999234639
11456,56143,93,40,0,0.0001192580002680188
11457,40367,89,39,0,0.00010947899954771856
11458,38992,89,38,0,0.0001519170000392478
11459,42604,89,37,0,0.0001110499997594161
11460,24814,89,36,0,0.00010238899994874373
11461,40202,89,35,0,0.00011161800011905143
11462,8511,89,34,0,0.00010541300071054138
11463,50828,90,33,0,0.00010277299952576868
11464,28563,89,32,0,0.00010141100028704386
11465,82319,89,31,0,0.00010286499946232652
11466,23517,89,30,0,0.00012390899973979685
11467,75609,90,29,0,9.529599992674775e-05
11468,66577,89,28,0,9.773300007509533e-05
11469,13785,89,27,0,8.613499994680751e-05
11470,71975,93,26,0,9.60059996941709e-05
11471,20019,89,25,0,8.363199958694167e-05
11472,54463,89,24,0,7.888399977673544e-05
11473,4630,89,23,0,7.895999988249969e-05
11474,66881,89,22,0,7.362799988186453e-05
11475,19734,89,21,0,7.020900011411868e-05
11476,33772,91,21,1,9.408599999005673e-05
11477,19204,93,20,1,0.00010387100064690458
11478,4114,98,19,1,9.08920001165825e-05
11479,56364,95,19,3,0.00012870299997302936
11480,34935,116,19,6,0.0002053440002782736
11481,11998,161,20,6,0.0006073979993743706
11482,56131,105,23,5,0.0003926090003005811
11483,44073,139,28,9,0.0008488880002914811
11484,40835,129,40,17,0.0015599150001435191
11485,10450,149,39,18,0.0013611399999717833
11486,74244,77,77,1,0.006183412000609678
11487,12416,77,76,0,0.0003067209991058917
11488,48014,83,75,0,0.00019319600050948793
11489,662,77,74,0,0.00016869399951247033
11490,50583,77,73,0,0.00016524599959666375
11491,11544,77,72,0,0.00020955499985575443
11492,42052,90,71,0,0.0001940160000231117
11493,26820,77,70,0,0.00015101500048331218
11494,67661,77,69,0,0.0001485090006099199
11495,51271,77,68,0,0.0001447140002710512
11496,69155,77,67,0,0.0003590520000216202
11497,74915,77,66,0,0.00021927000034338562
11498,19236,77,65,0,0.00014729000031366013
11499,17201,77,64,0,0.00014240499967854703
11500,27314,77,63,0,0.00014156999986880692
11501,12735,77,62,0,0.00017894400025397772
11502,9935,77,61,0,0.00014210799963620957
11503,85842,77,60,0,0.0001353839998046169
11504,47827,77,59,0,0.0001335970000582165
11505,73171,77,58,0,0.00014233199999580393
11506,18262,77,57,0,0.00013228100033302326
11507,27095,77,56,0,0.0001639909996811184
11508,57977,77,55,0,0.00014006499986862764
11509,73828,81,54,0,0.0001339130003543687
11510,82289,77,53,0,0.00012658099967666203
11511,13797,77,52,0,0.00012588600020535523
11512,73179,77,51,0,0.00012526499995146878
11513,8371,77,50,0,0.0001264890006495989
11514,82269,77,49,0,0.00015317199995479314
11515,26986,77,48,0,0.00012584399974002736
11516,11187,78,47,0,0.00012788799995178124
11517,68715,77,46,0,0.00013167299948690925
11518,50556,77,45,0,0.000116476000584953
11519,62902,77,44,0,0.00011627399999269983
11520,58847,77,43,0,0.00011648500003502704
11521,17376,77,42,0,0.00019409400010772515
11522,42739,77,41,0,0.00012090500058548059
11523,61804,77,40,0,0.00010726899927249178
11524,41844,77,39,0,0.0001009540001177811
11525,23158,77,38,0,0.00010077300066768657
11526,73886,91,38,0,0.00014268100039771525
11527,59508,84,37,1,0.000312569000016083
11528,59445,164,37,0,0.00029108699982316466
11529,58121,90,36,1,0.0011320050007270765
11530,65387,110,36,3,0.001643953999518999
11531,75966,94,35,4,0.0011089299996456248
11532,77695,90,34,4,0.0004950980001012795
11533,85115,95,33,3,0.001113848000386497
11534,595,97,33,2,0.0010600329997032532
11535,37280,148,33,3,0.0009827329995459877
11536,75981,181,33,2,0.0004612120001183939
11537,5574,122,33,12,0.0011721390001184773
11538,14431,143,34,5,0.0017460079998272704
11539,5732,194,34,7,0.0013645870003529126
11540,36228,146,33,9,0.0013239030004115193
11541,38297,114,32,6,0.0012922099995194003
11542,44038,121,32,4,0.0013763400002062554
11543,77063,124,32,11,0.0013390000003710156
11544,9381,169,32,10,0.0016746909996072645
11545,85552,178,31,10,0.0014526309996654163
11546,23106,204,32,6,0.0010139510004592012
11547,66001,167,35,5,0.001581014999828767
11548,5101,211,36,4,0.0017844359999799053
11549,6090,254,38,18,0.0017282460003116284
11550,3070,170,44,11,0.0024030739996305783
11551,48470,333,71,28,0.005808553999486321
11552,82949,100,90,1,0.008918458999687573
11553,72972,92,89,0,0.00042811399998754496
11554,63621,126,88,0,0.0003672860002552625
11555,49286,110,87,0,0.00041055499968933873
11556,1927,90,86,0,0.0003046689998882357
11557,78475,91,85,0,0.0002829650002240669
11558,84875,90,84,0,0.0002671590000318247
11559,73869,93,83,0,0.0003251769994676579
11560,41492,109,82,0,0.00030635200073447777
11561,11542,126,81,0,0.00031018900062917965
11562,44822,90,80,0,0.00030582099952880526
11563,48152,90,79,0,0.00026205199992546113
11564,12579,90,78,0,0.00026249400070810225
11565,88871,90,77,0,0.00025181000000884524
11566,72234,90,76,0,0.00020886499987682328
11567,42386,90,75,0,0.00019016399983229348
11568,48187,90,74,0,0.00019311300002300413
11569,10392,90,73,0,0.0002271310004289262
11570,81726,90,72,0,0.00020602800032065716
11571,44100,103,71,0,0.00021120099972904427
11572,11344,90,70,0,0.00018526799976825714
11573,47700,90,69,0,0.0001741780006341287
11574,41407,91,68,0,0.00020470900017244276
11575,61100,90,67,0,0.00018680600078369025
11576,62636,90,66,0,0.00016755100023146952
11577,76208,90,65,0,0.00016583900014666142
11578,56438,90,64,0,0.00016502899961778894
11579,51063,90,63,0,0.00016235000020969892
11580,59843,90,62,0,0.00016968499949143734
11581,59091,90,61,0,0.0001617440002519288
11582,74131,90,60,0,0.00015714399978605798
11583,86230,90,59,0,0.00016283500008285046
11584,42454,104,58,0,0.0001668779996180092
11585,86999,90,57,0,0.0001807369999369257
11586,34459,90,56,0,0.0001562529996590456
11587,87196,90,55,0,0.0001471679997848696
11588,21150,90,54,0,0.00014427899986912962
11589,64442,90,53,0,0.00015116599934117403
11590,36551,90,52,0,0.0001402830002916744
11591,63392,90,51,0,0.0002168119999623741
11592,75968,90,50,0,0.00014472100065177074
11593,7843,95,49,0,0.00015013099982752465
11594,80110,90,48,0,0.00013451700033328962
11595,59862,90,47,0,0.0001446050000595278
11596,34929,90,46,0,0.0001308920000155922
11597,28541,90,45,0,0.00017084400042222114
11598,23399,90,44,0,0.00013292099993122974
11599,3555,90,43,0,0.00012329699984547915
11600,3044,106,42,0,0.00014829900010226993
11601,19455,134,41,0,0.00020989600034226896
11602,5495,90,40,0,0.00012129300012020394
11603,63865,92,39,0,0.00014900099995429628
11604,17610,126,38,0,0.0001644710000618943
11605,75130,90,37,0,0.00011710700073308544
11606,24031,101,36,0,0.00012649800009967294
11607,76490,95,35,0,0.00012168899957032409
11608,38384,90,34,0,0.0001080270003512851
11609,85976,94,33,0,0.00010922999990725657
11610,29530,90,32,0,0.00013007600045966683
11611,45406,173,32,1,0.0002396830004727235
11612,47030,107,31,1,0.00014085900056670653
11613,40102,93,30,1,0.00013513499925466022
11614,16879,190,29,0,0.00039382799968734616
11615,73085,108,28,1,0.00014502500016533304
11616,80384,101,27,1,0.00012343699927441776
11617,38472,102,26,0,0.00011277599969616858
11618,8772,107,25,1,0.00012428999980329536
11619,21967,108,24,1,0.00012192599933769088
11620,20740,109,23,1,0.00016244400012510596
11621,5030,101,22,0,9.543400028633187e-05
11622,10123,115,21,1,0.00012767700081894873
11623,27801,118,21,1,0.00012222899931657594
11624,56358,129,20,0,0.00010231600026600063
11625,2885,107,19,2,9.63120000960771e-05
11626,77137,104,18,3,0.00030667600003653206
11627,57672,103,17,3,0.00021083200044813566
11628,56041,111,17,2,0.0002188159996876493
11629,78004,112,16,3,0.00021514000036404468
11630,56582,152,15,2,0.0003608580000218353
11631,19764,140,14,2,0.00021842200021637836
11632,45462,112,14,2,0.0002017739998336765
11633,10338,111,13,1,0.000316524000481877
11634,43863,160,12,2,0.00022916400030226214
11635,83490,179,14,3,0.0003636660003394354
11636,54976,170,13,3,0.0003592909997678362
11637,29688,134,15,4,0.0003049850001843879
11638,42715,161,22,1,0.0005702280004697968
11639,46234,149,29,3,0.0007950809995236341
11640,66068,266,46,1,0.0015722530006314628
11641,49407,92,92,1,0.009917526000208454
11642,47040,92,91,0,0.0004581040002449299
11643,52615,92,90,0,0.00032940100027190056
11644,20494,93,89,0,0.00031919899993226863
11645,86537,92,88,0,0.00039323000055446755
11646,48908,92,87,0,0.00030593999963457463
11647,82320,92,86,0,0.0003063019994442584
11648,14737,92,85,0,0.0003314639998279745
11649,35021,92,84,0,0.00029465900024661096
11650,85455,92,83,0,0.00033132200042018667
11651,31765,92,82,0,0.00033181999970111065
11652,57375,95,81,0,0.0003069280001000152
11653,76328,92,80,0,0.00029728899971814826
11654,51514,92,79,0,0.00033573499968042597
11655,24635,92,78,0,0.00028884200037282426
11656,48964,92,77,0,0.0002500299997336697
11657,19269,99,76,0,0.0003261459996792837
11658,20119,93,75,0,0.0002373040006204974
11659,84825,97,74,0,0.0002299940006196266
11660,73117,92,73,0,0.00020544499966490548
11661,37722,94,72,0,0.0002461320000293199
11662,3424,93,71,0,0.0002071249991786317
11663,15223,97,70,0,0.00019603700002335245
11664,46203,92,69,0,0.000193776999367401
11665,28561,92,68,0,0.00022263800019572955
11666,32942,92,67,0,0.00019537000025593443
11667,47041,92,66,0,0.0001819080007408047
11668,47828,92,65,0,0.00018685499981074827
11669,68055,92,64,0,0.00017452999964007176
11670,29156,96,63,0,0.00022049800008971943
11671,22179,92,62,0,0.0001851050001278054
11672,32493,92,61,0,0.0001675869998507551
11673,85486,95,60,0,0.00017742100044415565
11674,14321,92,59,0,0.00016485499963891925
11675,28927,92,58,0,0.00026243100001011044
11676,18419,92,57,0,0.00017746199955581687
11677,72224,181,57,1,0.0007653360007680021
11678,63948,117,56,1,0.0008075960004134686
11679,80002,96,55,1,0.000549888000023202
11680,18188,95,54,1,0.0004750260004584561
11681,69783,128,54,2,0.003080667999711295
11682,30574,96,53,3,0.003263210999648436
11683,49282,149,53,3,0.003195909999703872
11684,57260,118,52,3,0.0031081289998837747
11685,34241,122,51,4,0.00368810400050279
11686,62300,137,51,1,0.003123634000075981
11687,19805,132,50,5,0.0034017460002360167
11688,67339,105,49,5,0.0032802519999677315
11689,89193,137,48,0,0.0003577389998099534
11690,38270,145,48,3,0.0031468539991692523
11691,10683,130,49,9,0.0035255619995950838
11692,81600,186,50,6,0.001730191000206105
11693,72297,151,54,8,0.00458291500035557
11694,38846,136,53,3,0.00412755700017442
11695,3946,138,52,3,0.004010896000181674
11696,62141,162,54,1,0.0044615349997911835
11697,253,173,53,0,0.0003980920000685728
11698,19085,172,53,18,0.004597517999172851
11699,21169,143,52,2,0.004013808999843604
11700,10266,149,51,0,0.0003057350004382897
11701,28761,145,50,3,0.0037345359996834304
11702,59681,178,51,1,0.004087851000804221
11703,27581,186,51,3,0.0038178510003490373
11704,83206,169,52,1,0.003912277999916114
11705,4249,192,53,3,0.004290592000870674
11706,5873,210,52,2,0.0042286000007152325
11707,18291,212,57,4,0.0035168630001862766
11708,10956,202,58,1,0.0036573269999280456
11709,61440,249,69,4,0.005127064999214781
11710,55881,247,68,0,0.0007043940004223259
11711,44034,98,98,1,0.012857827000516409
11712,40577,101,97,0,0.0005003890000807587
11713,16007,98,96,0,0.0004109800001970143
11714,65300,98,95,0,0.0003617169995777658
11715,85276,98,94,0,0.0003868040002998896
11716,79389,118,93,0,0.00039517500044894405
11717,77086,117,92,0,0.00037792300008732127
11718,87071,100,91,0,0.0003581690007194993
11719,70943,98,90,0,0.0003498980004223995
11720,71713,98,89,0,0.00044290700043347897
11721,53548,98,88,0,0.00034295800014660927
11722,63788,98,87,0,0.0003364289996170555
11723,63136,103,86,0,0.000395215000025928
11724,35490,98,85,0,0.00033362900012434693
11725,87694,98,84,0,0.00035887300055037485
11726,66261,120,83,0,0.00038756300000386545
11727,64300,98,82,0,0.0003322990005472093
11728,68662,98,81,0,0.0003594609997890075
11729,34617,102,80,0,0.00032792199999676086
11730,70727,98,79,0,0.0003709599996000179
11731,39242,98,78,0,0.000333597999997437
11732,85078,98,77,0,0.0002788949996102019
11733,10329,100,76,0,0.000254030000178318
11734,77732,105,75,0,0.00029219699990790104
11735,9319,139,74,0,0.0003311729997221846
11736,70824,98,73,0,0.00023429100019711768
11737,83303,98,72,0,0.00026664799952413887
11738,68970,98,71,0,0.00023016100021777675
11739,70773,98,70,0,0.00022220400023797993
11740,29301,103,69,0,0.00022072299998399103
11741,21372,98,68,0,0.0002464019999024458
11742,55798,98,67,0,0.00022667000030196505
11743,13510,103,66,0,0.00021531800030061277
11744,23800,98,65,0,0.00020110399964323733
11745,47582,122,64,0,0.0003448879997449694
11746,80109,99,63,0,0.00021608699989883462
11747,54185,98,62,0,0.00021842300066055031
11748,63161,103,61,0,0.00020739100000355393
11749,38651,98,60,0,0.00023072899966791738
11750,81032,98,59,0,0.00020985899936931673
11751,23723,99,58,0,0.00018241900033899583
11752,10970,110,57,0,0.00019781599985435605
11753,13449,105,56,0,0.0002200700000685174
11754,87239,98,55,0,0.00018382700000074692
11755,41611,121,54,0,0.0002142450002793339
11756,88973,104,54,1,0.0015147710000746883
11757,20545,118,53,1,0.0013676110002052155
11758,75635,105,52,1,0.0013012660001550103
11759,83809,113,51,1,0.0013849859997208114
11760,44664,124,50,1,0.0013572389998444123
11761,26499,107,49,1,0.0014427269998122938
11762,71662,150,52,2,0.004559345999950892
11763,60278,117,51,1,0.004873255000347854
11764,21634,143,50,0,0.0003652039995358791
11765,10288,127,50,2,0.004277987000023131
11766,42179,168,49,0,0.00034051599959639134
11767,66700,251,62,2,0.004068056000505749
11768,39913,193,62,1,0.003924298000129056
11769,13313,266,238,1,0.1665385710002738
11770,59907,254,237,0,0.0032744219997766777
11771,50181,297,236,0,0.0027011229994968744
11772,40966,310,235,0,0.0026387990001239814
11773,51208,238,234,0,0.0020321879992479808
11774,7181,375,233,0,0.0029340520004552673
11775,11279,325,232,0,0.0024714660003155586
11776,62998,336,231,0,0.002445529000397073
11777,73754,400,230,0,0.002707854999243864
11778,33818,263,229,0,0.0021573030007857597
11779,18976,294,228,0,0.002239588000520598
11780,34337,299,227,0,0.0022063829992475803
11781,75297,440,226,0,0.0031534800000372343
11782,62499,282,225,0,0.002110008000272501
11783,6182,239,224,0,0.0019679429997268016
11784,71719,239,223,0,0.0018725580002865172
11785,66087,287,222,0,0.002196360000198183
11786,67624,275,221,0,0.0020776800001840456
11787,67625,238,220,0,0.0019372370006749406
11788,78891,260,219,0,0.002119083999787108
11789,84525,297,218,0,0.0030602359993281425
11790,24623,238,217,0,0.0018975009998030146
11791,25135,312,216,0,0.0022089079993747873
11792,30769,244,215,0,0.0019212489996789373
11793,1077,241,214,0,0.00180345200078591
11794,15419,238,213,0,0.0018561410006441292
11795,31284,331,212,0,0.003134687999590824
11796,42548,313,211,0,0.003014905999407347
11797,84544,238,210,0,0.002092529000037757
11798,10306,249,209,0,0.0018906600007539964
11799,27716,308,208,0,0.0023155159997259034
11800,75845,238,207,0,0.0018047249996016035
11801,30791,296,206,0,0.0021392759999798727
11802,8265,238,205,0,0.0017736290001266752
11803,35913,244,204,0,0.0018356199998379452
11804,9290,238,203,0,0.0017562179991728044
11805,30796,306,202,0,0.0023520889999417705
11806,58949,345,201,0,0.002309329000127036
11807,1610,332,200,0,0.0022295040007520583
11808,56396,240,199,0,0.0017899380000017118
11809,63568,359,198,0,0.002404511999884562
11810,10326,238,197,0,0.001773138000316976
11811,61530,238,196,0,0.0017122170002039638
11812,47202,308,195,0,0.002170604000639287
11813,7770,321,194,0,0.0020858820007561008
11814,66142,425,193,0,0.002574845000708592
11815,52834,264,192,0,0.0018373240000073565
11816,11363,238,191,0,0.0017422609998902772
11817,39017,343,190,0,0.0020559979993777233
11818,611,243,189,0,0.0017499079995104694
11819,71788,491,188,0,0.0028286429997024243
11820,84581,246,187,0,0.001708189999590104
11821,11879,294,186,0,0.0019631129998742836
11822,28271,371,185,0,0.0021444969997901353
11823,15986,346,184,0,0.0021530730000449694
11824,4725,305,183,0,0.0019076020007560146
11825,34937,308,182,0,0.002069701999971585
11826,73854,314,181,0,0.0019361630002094898
11827,20087,269,180,0,0.0017631780001465813
11828,6777,241,179,0,0.0016437980002592667
11829,34942,298,178,0,0.0019516599995768047
11830,6782,245,177,0,0.0015627439997842885
11831,44158,374,176,0,0.0022782200003348407
11832,25730,372,175,0,0.0021444770000016433
11833,33923,322,174,0,0.0019078519999311538
11834,70276,238,173,0,0.0015910290003375849
11835,22664,342,172,0,0.00211066599968035
11836,50822,380,171,0,0.002258577999782574
11837,30856,394,170,0,0.0022782610003559967
11838,26762,348,169,0,0.0020079939995412133
11839,30344,424,168,0,0.002330874999643129
11840,51342,238,167,0,0.0015729200003988808
11841,46240,238,166,0,0.0015330380001614685
11842,14989,317,165,0,0.0018364180004937225
11843,37531,328,164,0,0.0017618000001675682
11844,70823,299,163,0,0.0017789809999158024
11845,5790,238,162,0,0.0015584920001856517
11846,51872,244,161,0,0.00145118000000366
11847,59041,246,160,0,0.0015003019998403033
11848,82095,247,159,0,0.001567078999869409
11849,58021,298,158,0,0.0017126610000559594
11850,51879,270,157,0,0.0017011910003930097
11851,24237,330,156,0,0.0018358209999860264
11852,17583,316,155,0,0.0017673040001682239
11853,53426,249,154,0,0.0014328739998745732
11854,13495,248,153,0,0.001429691000339517
11855,3257,308,152,0,0.0018124690004697186
11856,33458,240,151,0,0.0013902700002290658
11857,17666,254,150,0,0.001512754000032146
11858,17912,250,149,0,0.0013748239998676581
11859,46339,346,148,0,0.0017509639992567827
11860,52917,291,147,0,0.0015991420004866086
11861,33027,305,146,0,0.0016603659996690112
11862,29964,239,145,0,0.0013801160002913093
11863,49422,287,144,0,0.0015288859995052917
11864,82702,321,143,0,0.0017121170003520092
11865,34488,247,142,0,0.0013451639997583698
11866,27919,250,141,0,0.0013168000004952773
11867,83133,347,140,0,0.0018631469993124483
11868,85264,238,139,0,0.0013422439997157198
11869,25791,282,138,0,0.0013960859996586805
11870,67266,247,137,0,0.0014400030004253495
11871,6852,259,136,0,0.0013487750002241228
11872,7369,283,135,0,0.001517769999736629
11873,5394,271,134,0,0.0014175790001900168
11874,39113,349,133,0,0.0017154639999716892
11875,37650,239,132,0,0.0012870010004917276
11876,28873,327,131,0,0.0016454360002171597
11877,24338,238,130,0,0.0012283989999559708
11878,23828,240,129,0,0.0013061039999229251
11879,18198,365,128,0,0.0017560639998919214
11880,84171,423,127,0,0.0019018660004803678
11881,74955,352,126,0,0.0016410520001954865
11882,37068,309,125,0,0.0015174780000961618
11883,58062,292,124,0,0.001377365999360336
11884,29392,364,123,0,0.0015321769997171941
11885,83152,297,122,0,0.0016001890007828479
11886,1234,257,121,0,0.0012192740005048108
11887,71959,306,120,0,0.0014761539996470674
11888,53461,328,119,0,0.001402955999765254
11889,6879,372,118,0,0.0016142220001711394
11890,31512,440,117,0,0.0018251850005981396
11891,31002,338,116,0,0.0015253189994837157
11892,17120,326,115,0,0.0014395420002983883
11893,88290,415,114,0,0.0017283070001212764
11894,85219,335,113,0,0.0013976099999126745
11895,6429,354,112,0,0.0015020929995444021
11896,70944,238,111,0,0.001109489000555186
11897,24866,334,110,0,0.0014905499992892146
11898,82211,291,109,0,0.0012845580004068324
11899,78567,296,108,0,0.001380259000143269
11900,7913,321,107,0,0.001442249999854539
11901,52977,355,106,0,0.001545007999993686
11902,36082,254,105,0,0.001118256999689038
11903,5363,238,104,0,0.0011127759998998954
11904,68388,256,103,0,0.0011171260002811323
11905,76580,287,102,0,0.0012496870003815275
11906,67877,253,101,0,0.0011281090000920813
11907,13097,263,100,0,0.001112898000428686
11908,20269,327,99,0,0.0013497899999492802
11909,17202,238,98,0,0.0011059569997087237
11910,50935,308,97,0,0.0012535519999801181
11911,41208,303,96,0,0.00117906099967513
11912,59131,343,95,0,0.0014180509997459012
11913,27954,247,94,0,0.001061520999428467
11914,70965,282,93,0,0.001107581000724167
11915,62262,312,92,0,0.001207039000291843
11916,36663,425,91,0,0.001502513000559702
11917,12087,238,90,0,0.0010074990004795836
11918,82744,346,89,0,0.001395880999552901
11919,61241,308,88,0,0.0011597389993767138
11920,35642,409,87,0,0.0013835990002917242
11921,20217,238,86,0,0.0010218500001428765
11922,88830,246,85,0,0.0009641449996706797
11923,1851,238,84,0,0.0009397180001542438
11924,74557,328,83,0,0.001195802999973239
11925,22846,243,82,0,0.0009960830002455623
11926,53056,310,81,0,0.0011394820003260975
11927,22850,289,80,0,0.0010276019993398222
11928,49483,350,79,0,0.0013083220001135487
11929,82253,238,78,0,0.000939917999858153
11930,33111,482,77,0,0.0014924749993951991
11931,43356,238,76,0,0.0007667339996260125
11932,51116,238,75,0,0.0007728560003670282
11933,4966,279,74,0,0.0008207039991248166
11934,77122,258,73,0,0.0007617819992447039
11935,82754,238,72,0,0.0006659110003965907
11936,35690,246,71,0,0.0007081639996613376
11937,24442,278,70,0,0.0008293410000987933
11938,22394,300,69,0,0.0008219510000344599
11939,6526,267,68,0,0.0007409390000248095
11940,12728,238,67,0,0.0006490850000773207
11941,55108,274,66,0,0.0007569409999632626
11942,65349,238,65,0,0.0006414749996110913
11943,35168,272,64,0,0.0007150059991545277
11944,82290,238,63,0,0.0006247780002013315
11945,56684,244,62,0,0.0005965989994365373
11946,39317,261,61,0,0.00067144999957236
11947,35744,269,60,0,0.0007387470004687202
11948,7562,303,59,0,0.0007716810005149455
11949,79687,282,58,0,0.0006537350000144215
11950,3919,423,57,0,0.0009216519993060501
11951,52618,252,56,0,0.0005973979996269918
11952,37714,317,55,0,0.0007471649996659835
11953,21331,238,54,0,0.0005988650000290363
11954,14274,238,53,0,0.0005230950000623125
11955,53637,312,52,0,0.0007117870000001858
11956,1911,238,51,0,0.0005429019993243855
11957,50009,282,50,0,0.0005587670002569212
11958,84314,252,49,0,0.0005966089993307833
11959,35165,238,48,0,0.0004784759994436172
11960,20378,238,47,0,0.0005077329997220659
11961,9057,325,46,0,0.0006476280004790169
11962,17284,444,45,0,0.0008196420003514504
11963,4450,273,44,0,0.0005241580001893453
11964,73099,327,43,0,0.0007053400004224386
11965,41826,257,42,0,0.0005267900005492265
11966,83340,246,41,0,0.00043699799971363973
11967,57336,295,40,0,0.0005439560000013444
11968,65933,298,39,0,0.0004980920002708444
11969,23906,238,38,0,0.0004522240005826461
11970,38755,381,37,0,0.0006943389998923521
11971,39824,247,36,0,0.0004211830000713235
11972,14222,256,35,0,0.0004503190002651536
11973,8114,239,34,0,0.000382898000680143
11974,29642,265,33,0,0.00043910399926971877
11975,48121,303,32,0,0.00047126599929470103
11976,88028,296,31,0,0.00046726900018256856
11977,68014,253,30,0,0.00036951599940948654
11978,68068,239,29,0,0.00040512499981559813
11979,35262,251,28,0,0.0003786920005950378
11980,29585,238,27,0,0.00031938600022840546
11981,33171,256,26,0,0.00037945800067973323
11982,35782,242,25,0,0.00030024100033188006
11983,9681,238,24,0,0.00027591100024437765
11984,58290,260,23,0,0.00034437799968145555
11985,82277,249,22,0,0.0002759430008154595
11986,27060,367,21,0,0.0004901559996142169
11987,75238,297,20,0,0.0003396219999558525
11988,64870,238,19,0,0.0002791699998851982
11989,52662,422,18,0,0.0004447600003913976
11990,66024,242,17,0,0.00021607300004689023
11991,16374,238,16,0,0.00023214199973153882
11992,60345,238,15,0,0.0001599160004843725
11993,34665,303,14,0,0.00024434999977529515
11994,51649,373,13,0,0.0003135449996989337
11995,8168,486,12,0,0.00035841499993694015
11996,22506,342,11,0,0.00020366799981275108
11997,85482,242,10,0,0.0001634800000829273
11998,40942,443,9,0,0.0002760170000328799
11999,34237,297,8,0,0.0001364049994663219
12000,16320,321,7,0,0.00014327799999591662
12001,80234,238,6,0,0.00019335300021339208
12002,78196,301,5,0,0.00013225499969848897
12003,67051,403,4,0,0.0001454779994674027
12004,36334,327,3,0,9.421400045539485e-05
12005,44529,238,2,0,5.4772000112279784e-05
12006,88942,238,1,0,4.647499918064568e-05
12007,48627,264,0,0,8.922699998947792e-05
