pos,vertex,degree,p_size,cliques,seconds
0,40263,0,0,1,7.085000106599182e-06
1,23799,0,0,1,1.6849990061018616e-06
2,1,1,1,1,1.2578999303514138e-05
3,81928,1,1,1,4.998997610528022e-06
4,11,1,1,1,4.050998541060835e-06
5,24590,1,1,1,2.7280002541374415e-06
6,16412,1,1,1,2.89799936581403e-06
7,29,1,1,1,2.591998054413125e-06
8,32801,1,1,1,2.505999873392284e-06
9,24639,1,1,1,2.2959975467529148e-06
10,57411,1,1,1,2.630997187225148e-06
11,69,1,1,1,2.2710009943693876e-06
12,84929,1,0,0,1.9939980120398104e-06
13,8264,1,1,1,2.91700052912347e-06
14,57422,1,1,1,2.754000888671726e-06
15,81999,1,1,1,2.634002157719806e-06
16,73808,1,1,1,4.522000381257385e-06
17,57425,1,1,1,2.7749993023462594e-06
18,73816,1,1,1,2.4039982235990465e-06
19,41051,1,1,1,2.7330024749971926e-06
20,49254,1,1,1,2.1859996195416898e-06
21,24682,1,1,1,2.7319983928464353e-06
22,33925,1,0,0,1.525000698165968e-06
23,32888,1,1,1,3.7190002331044525e-06
24,32894,1,1,1,2.492997737135738e-06
25,32896,1,1,1,2.6179986889474094e-06
26,65669,1,1,1,2.3719985620118678e-06
27,134,1,1,1,2.0179977582301944e-06
28,16517,1,1,1,2.278997271787375e-06
29,34629,1,0,0,1.4080032997298986e-06
30,65674,1,1,1,2.1460000425577164e-06
31,4779,1,0,0,1.538999640615657e-06
32,140,1,1,1,1.9279978005215526e-06
33,32908,1,1,1,2.4550026864744723e-06
34,82065,1,1,1,2.3520005925092846e-06
35,146,1,1,1,1.8190003174822778e-06
36,16544,1,1,1,2.245000359835103e-06
37,8370,1,1,1,2.5529989216011018e-06
38,73911,1,1,1,2.492000930942595e-06
39,16219,1,0,0,1.424999936716631e-06
40,73914,1,1,1,2.2669992176815867e-06
41,73915,1,1,1,2.4279979697894305e-06
42,32955,1,1,1,2.325999957975e-06
43,16588,1,1,1,2.3120010155253112e-06
44,80302,1,0,0,1.3970020518172532e-06
45,16589,1,1,1,1.9430008251219988e-06
46,82126,1,1,1,2.134998794645071e-06
47,73935,1,1,1,2.1849991753697395e-06
48,73936,1,1,1,2.4319997464772314e-06
49,24784,1,1,1,2.4000000848900527e-06
50,41169,1,1,1,2.1320011001080275e-06
51,75641,1,0,0,1.410000550094992e-06
52,82127,1,1,1,2.3889988369774073e-06
53,82125,1,1,1,1.944001269293949e-06
54,52744,1,0,0,1.448999682907015e-06
55,8410,1,1,1,2.2239983081817627e-06
56,218,1,1,1,2.6029993023257703e-06
57,228,1,1,1,2.3220018192660064e-06
58,33007,1,1,1,2.086999302264303e-06
59,65776,1,1,1,2.9289985832292587e-06
60,73969,1,1,1,2.24300310947001e-06
61,82166,1,1,1,2.1659980120602995e-06
62,56373,1,0,0,1.4600009308196604e-06
63,65786,1,1,1,2.177999704144895e-06
64,254,1,1,1,2.359000063734129e-06
65,82175,1,1,1,2.1420019038487226e-06
66,38958,1,0,0,1.314998371526599e-06
67,65793,1,1,1,2.3520005925092846e-06
68,65796,1,1,1,2.4809996830299497e-06
69,8452,1,1,1,2.5699991965666413e-06
70,49416,1,1,1,1.8880018615163863e-06
71,51091,1,0,0,1.4380020729731768e-06
72,33033,1,1,1,2.040000254055485e-06
73,8509,1,1,1,2.192999090766534e-06
74,49470,1,1,1,1.7370002751704305e-06
75,24910,1,1,1,2.4910004867706448e-06
76,75334,1,0,0,1.3259996194392443e-06
77,335,1,1,1,1.9500002963468432e-06
78,65875,1,1,1,2.6669986255001277e-06
79,65883,1,1,1,2.1269988792482764e-06
80,44493,1,0,0,1.5759978850837797e-06
81,350,1,1,1,2.4270011635962874e-06
82,351,1,1,1,2.0810002752114087e-06
83,69622,1,0,0,1.4450015441980213e-06
84,352,1,1,1,2.644999767653644e-06
85,355,1,1,1,2.2650019673164934e-06
86,33124,1,1,1,2.2610001906286925e-06
87,65892,1,1,1,1.972999598365277e-06
88,57701,1,1,1,2.087999746436253e-06
89,41322,1,1,1,2.1320011001080275e-06
90,366,1,1,1,1.9309991330374032e-06
91,8559,1,1,1,2.3840002540964633e-06
92,41341,1,1,1,2.340002538403496e-06
93,8573,1,1,1,2.8510003176052123e-06
94,24958,1,1,1,2.272998244734481e-06
95,24957,1,1,1,2.2759995772503316e-06
96,82309,1,1,1,1.910997525556013e-06
97,41349,1,1,1,2.173001121263951e-06
98,402,1,1,1,2.32499951380305e-06
99,33174,1,1,1,2.435001078993082e-06
100,49563,1,1,1,2.1050000214017928e-06
101,417,1,1,1,2.2319982235785574e-06
102,51619,1,0,0,1.4699980965815485e-06
103,427,1,1,1,2.229000529041514e-06
104,74320,1,0,0,1.3880016922485083e-06
105,25008,1,1,1,2.4129985831677914e-06
106,16819,1,1,1,1.8789978639688343e-06
107,40359,1,0,0,1.3809985830448568e-06
108,33214,1,1,1,2.1359992388170213e-06
109,33216,1,1,1,2.2980020730756223e-06
110,33217,1,1,1,2.387998392805457e-06
111,65989,1,1,1,2.034001227002591e-06
112,61446,1,0,0,1.3089993444737047e-06
113,65990,1,1,1,2.392000169493258e-06
114,51694,1,0,0,1.3880016922485083e-06
115,455,1,1,1,1.8400023691356182e-06
116,33224,1,1,1,1.977001375053078e-06
117,65992,1,1,1,1.9319995772093534e-06
118,10078,1,0,0,1.363001501886174e-06
119,33226,1,1,1,2.249998942716047e-06
120,33230,1,1,1,2.119999408023432e-06
121,57810,1,1,1,2.586999471532181e-06
122,66004,1,1,1,2.3190004867501557e-06
123,8660,1,1,1,2.2000021999701858e-06
124,57814,1,1,1,2.0330007828306407e-06
125,25045,1,1,1,2.267999661853537e-06
126,883,1,0,0,1.3280005077831447e-06
127,57818,1,1,1,2.2990025172475725e-06
128,82407,1,1,1,1.944998075487092e-06
129,82408,1,1,1,2.435001078993082e-06
130,42551,1,0,0,1.2920027074869722e-06
131,25064,1,1,1,2.2029998945072293e-06
132,25066,1,1,1,2.2550011635757983e-06
133,82414,1,1,1,2.716999006224796e-06
134,49650,1,1,1,2.1890009520575404e-06
135,508,1,1,1,1.9280014385003597e-06
136,509,1,1,1,2.411001332802698e-06
137,74243,1,1,1,2.4619985197205096e-06
138,74245,1,1,1,2.206998033216223e-06
139,16903,1,1,1,2.1369996829889715e-06
140,8714,1,1,1,2.65900234808214e-06
141,66070,1,1,1,2.1369996829889715e-06
142,33303,1,1,1,2.2229978640098125e-06
143,33311,1,1,1,2.373999450355768e-06
144,2383,1,0,0,1.3360004231799394e-06
145,57890,1,1,1,1.9409999367780983e-06
146,25136,1,1,1,2.335997123736888e-06
147,25140,1,1,1,2.2950007405597717e-06
148,41534,1,1,1,2.1840023691765964e-06
149,74306,1,1,1,2.016000507865101e-06
150,56948,1,0,0,1.2969976523891091e-06
151,16965,1,1,1,4.67100107925944e-06
152,57926,1,1,1,2.0260013116057962e-06
153,41545,1,1,1,1.991000317502767e-06
154,56583,1,0,0,1.3729986676480621e-06
155,49746,1,1,1,1.9709987100213766e-06
156,29900,1,0,0,1.3019998732488602e-06
157,33370,1,1,1,2.4470027710776776e-06
158,74336,1,1,1,2.0859988580923527e-06
159,77578,2,0,0,1.6550002328585833e-06
160,74339,1,1,1,1.9889994291588664e-06
161,18271,1,0,0,1.448999682907015e-06
162,617,1,1,1,2.078002580674365e-06
163,74352,1,1,1,2.110999048454687e-06
164,67569,1,0,0,1.3080025382805616e-06
165,17011,1,1,1,2.1790001483168453e-06
166,57974,1,1,1,2.215001586591825e-06
167,57975,1,1,1,2.2330023057293147e-06
168,57978,1,1,1,1.8229984561912715e-06
169,25218,1,1,1,2.1230007405392826e-06
170,25223,1,1,1,2.1260020730551332e-06
171,59244,1,0,0,1.3399985618889332e-06
172,66187,1,1,1,2.164000761695206e-06
173,10405,1,0,0,1.348998921457678e-06
174,57998,1,1,1,2.0309998944867402e-06
175,17049,1,1,1,2.01099828700535e-06
176,66217,1,1,1,2.1599989850074053e-06
177,33455,1,1,1,2.2809981601312757e-06
178,66225,1,1,1,2.1220002963673323e-06
179,41651,1,1,1,2.595999831100926e-06
180,692,1,1,1,2.148000930901617e-06
181,33461,1,1,1,2.248001692350954e-06
182,74422,1,1,1,2.134001988451928e-06
183,694,1,1,1,2.2280000848695636e-06
184,25277,1,1,1,2.20600122702308e-06
185,702,1,1,1,1.8809987523127347e-06
186,41674,1,1,1,2.2719978005625308e-06
187,736,1,1,1,2.133998350473121e-06
188,41697,1,1,1,2.220000169472769e-06
189,41700,1,1,1,2.278000465594232e-06
190,41703,1,1,1,2.30699879466556e-06
191,74475,1,1,1,2.2519998310599476e-06
192,17136,1,1,1,2.3409993445966393e-06
193,17140,1,1,1,2.26899646804668e-06
194,74489,1,1,1,2.406002749921754e-06
195,58124,1,1,1,2.3380016500595957e-06
196,58125,1,1,1,2.554999809945002e-06
197,74551,1,1,1,2.0279985619708896e-06
198,33593,1,1,1,2.291999408043921e-06
199,33597,1,1,1,2.3719985620118678e-06
200,33598,1,1,1,2.5460030883550644e-06
201,74558,1,1,1,2.453998604323715e-06
202,25406,1,1,1,2.163000317523256e-06
203,65301,1,0,0,1.4830002328380942e-06
204,50013,1,1,1,2.205997589044273e-06
205,9058,1,1,1,2.296997990924865e-06
206,41843,1,1,1,2.1470004867296666e-06
207,889,1,1,1,2.0949992176610976e-06
208,891,1,1,1,2.2979984350968152e-06
209,17291,1,1,1,2.1850028133485466e-06
210,17292,1,1,1,2.4940018192864954e-06
211,25483,1,1,1,2.071999915642664e-06
212,17294,1,1,1,2.2519998310599476e-06
213,74643,1,1,1,1.8360005924478173e-06
214,41877,1,1,1,2.102002326864749e-06
215,48337,1,0,0,1.3690005289390683e-06
216,41878,1,1,1,1.863001671154052e-06
217,942,1,1,1,1.959000655915588e-06
218,943,1,1,1,2.4559994926676154e-06
219,54276,1,0,0,1.3969984138384461e-06
220,955,1,1,1,2.024997229455039e-06
221,41942,1,1,1,2.18800050788559e-06
222,58329,1,1,1,2.28699718718417e-06
223,58330,1,1,1,1.8509999790694565e-06
224,82907,1,1,1,2.369000867474824e-06
225,17375,1,1,1,2.377997589064762e-06
226,66534,1,1,1,2.196000423282385e-06
227,998,1,1,1,1.8550017557572573e-06
228,17389,1,1,1,2.2320018615573645e-06
229,17392,1,1,1,2.0849984139204025e-06
230,63188,1,0,0,1.3370008673518896e-06
231,17397,1,1,1,2.2229978640098125e-06
232,66550,1,1,1,1.944998075487092e-06
233,58362,1,1,1,2.163000317523256e-06
234,58363,1,1,1,2.176999259972945e-06
235,1025,1,1,1,2.2429994714912027e-06
236,58374,1,1,1,2.1909982024226338e-06
237,58375,1,1,1,2.1269988792482764e-06
238,1030,1,1,1,2.263997885165736e-06
239,66589,1,1,1,2.6400011847727e-06
240,17442,1,1,1,1.8130012904293835e-06
241,17444,1,1,1,2.1939995349384844e-06
242,28149,1,0,0,1.4029974408913404e-06
243,9254,1,1,1,2.1800005924887955e-06
244,21602,1,0,0,1.4280012692324817e-06
245,25640,1,1,1,2.0659972506109625e-06
246,48219,1,0,0,1.3300013961270452e-06
247,50232,1,1,1,2.4849978217389435e-06
248,50235,1,1,1,2.333999873371795e-06
249,74817,1,1,1,2.335000317543745e-06
250,74818,1,1,1,2.535001840442419e-06
251,14663,1,0,0,1.4840006770100445e-06
252,33859,1,1,1,2.0849984139204025e-06
253,58434,1,1,1,2.710999979171902e-06
254,9287,1,1,1,2.197000867454335e-06
255,1121,1,1,1,2.044002030743286e-06
256,2380,1,0,0,1.3190001482143998e-06
257,17509,1,1,1,2.095999661833048e-06
258,88050,1,0,0,1.396001607645303e-06
259,9321,1,1,1,2.459997631376609e-06
260,83056,1,1,1,2.5660010578576475e-06
261,83057,1,1,1,3.158999970764853e-05
262,33926,1,1,1,3.50700065609999e-06
263,33927,1,1,1,2.4840010155458003e-06
264,66703,1,1,1,2.2169988369569182e-06
265,58512,1,1,1,2.616001438582316e-06
266,33936,1,1,1,2.177999704144895e-06
267,87424,1,0,0,1.630000042496249e-06
268,83089,1,1,1,2.4040018615778536e-06
269,58514,1,1,1,2.5650006136856973e-06
270,70270,1,0,0,1.32000059238635e-06
271,83095,1,1,1,2.5029985408764333e-06
272,50327,1,1,1,2.267999661853537e-06
273,7603,1,0,0,1.4809993444941938e-06
274,58520,1,1,1,2.0549996406771243e-06
275,71960,1,0,0,1.4029974408913404e-06
276,9382,1,1,1,2.1500018192455173e-06
277,38988,1,0,0,1.4139986888039857e-06
278,66727,1,1,1,2.4239998310804367e-06
279,9390,1,1,1,2.4619985197205096e-06
280,74927,1,1,1,2.167002094211057e-06
281,33977,1,1,1,2.2719978005625308e-06
282,33980,1,1,1,2.635002601891756e-06
283,50366,1,1,1,2.2459971660282463e-06
284,58575,1,1,1,2.8939975891262293e-06
285,1235,1,1,1,2.4989967641886324e-06
286,42196,1,1,1,1.8659993656910956e-06
287,1236,1,1,1,2.238997694803402e-06
288,58579,1,1,1,2.0740008039865643e-06
289,42197,1,1,1,2.3600005079060793e-06
290,50399,1,1,1,2.1990017557982355e-06
291,66797,1,1,1,2.2659987735096365e-06
292,74999,1,1,1,2.053999196505174e-06
293,75010,1,1,1,2.191001840401441e-06
294,83209,1,1,1,1.835000148275867e-06
295,1296,1,1,1,2.0990009943488985e-06
296,72026,1,0,0,1.3019998732488602e-06
297,50449,1,1,1,2.2479980543721467e-06
298,83226,1,1,1,2.1429987100418657e-06
299,59797,1,0,0,1.4350007404573262e-06
300,83227,1,1,1,2.201999450335279e-06
301,9508,1,1,1,2.28799763135612e-06
302,42284,1,1,1,2.007000148296356e-06
303,34104,1,1,1,2.668999513844028e-06
304,66883,1,1,1,1.976997737074271e-06
305,88807,1,0,0,1.386997610097751e-06
306,66888,1,1,1,2.1989981178194284e-06
307,83278,1,1,1,2.1129999367985874e-06
308,34130,1,1,1,2.196000423282385e-06
309,25942,1,1,1,2.192002284573391e-06
310,66902,1,1,1,2.591998054413125e-06
311,75097,1,1,1,2.3089996830094606e-06
312,9577,1,1,1,2.119999408023432e-06
313,25966,1,1,1,1.9700019038282335e-06
314,83317,1,1,1,2.3239990696310997e-06
315,34165,1,1,1,1.9939980120398104e-06
316,50551,1,1,1,1.9090002751909196e-06
317,50552,1,1,1,2.105996827594936e-06
318,61177,1,0,0,1.2279997463338077e-06
319,50553,1,1,1,2.0789993868675083e-06
320,75132,1,1,1,2.0229999790899456e-06
321,31238,1,0,0,1.3749995559919626e-06
322,1411,1,1,1,2.0180013962090015e-06
323,83341,1,1,1,2.2099993657320738e-06
324,25998,1,1,1,2.062999556073919e-06
325,1427,1,1,1,2.1679989004042e-06
326,22765,1,0,0,1.4750003174412996e-06
327,58774,1,1,1,1.791999238776043e-06
328,58775,1,1,1,2.115997631335631e-06
329,17895,1,0,0,1.3360004231799394e-06
330,58776,1,1,1,3.6249984987080097e-06
331,66970,1,1,1,1.9170001905877143e-06
332,52591,2,0,0,1.868000254034996e-06
333,66971,1,1,1,1.977998181246221e-06
334,83356,1,1,1,2.297001628903672e-06
335,42405,1,1,1,2.0560000848490745e-06
336,83367,1,1,1,2.081997081404552e-06
337,1449,1,1,1,2.0379993657115847e-06
338,75189,1,1,1,2.0560000848490745e-06
339,50613,1,1,1,2.159002178814262e-06
340,34232,1,1,1,2.04900061362423e-06
341,1465,1,1,1,2.2080021153669804e-06
342,67011,1,1,1,2.1420019038487226e-06
343,9670,1,1,1,2.3650027287658304e-06
344,9678,1,1,1,2.0810002752114087e-06
345,34264,1,1,1,2.134001988451928e-06
346,34274,1,1,1,2.158001734642312e-06
347,58853,1,1,1,2.677999873412773e-06
348,67052,1,1,1,2.2079984773881733e-06
349,67059,1,1,1,2.2669992176815867e-06
350,81891,1,0,0,1.3690005289390683e-06
351,9717,1,1,1,2.1939995349384844e-06
352,26105,1,1,1,2.128999767592177e-06
353,17918,1,1,1,2.1039995772298425e-06
354,17920,1,1,1,2.06800177693367e-06
355,67073,1,1,1,2.0460029190871865e-06
356,58881,1,1,1,2.143999154213816e-06
357,12289,1,0,0,1.5689984138589352e-06
358,1551,1,1,1,2.173997927457094e-06
359,26143,1,1,1,2.1679989004042e-06
360,9760,1,1,1,2.2460008040070534e-06
361,34339,1,1,1,1.8360005924478173e-06
362,34340,1,1,1,2.1980013116262853e-06
363,1571,1,1,1,1.8840000848285854e-06
364,67122,1,1,1,2.459997631376609e-06
365,75321,1,1,1,2.2029998945072293e-06
366,9798,1,1,1,2.1550004021264613e-06
367,42580,1,1,1,3.7479985621757805e-06
368,75360,1,1,1,1.972999598365277e-06
369,1638,1,1,1,2.14899773709476e-06
370,34415,1,1,1,2.3479988158214837e-06
371,1661,1,1,1,2.1849991753697395e-06
372,26237,1,1,1,2.1840023691765964e-06
373,42937,1,0,0,1.3690005289390683e-06
374,26241,1,1,1,2.0949992176610976e-06
375,59013,1,1,1,1.9090002751909196e-06
376,54378,1,0,0,1.296000846195966e-06
377,26250,1,1,1,1.7179991118609905e-06
378,1679,1,1,1,1.6949998098425567e-06
379,26259,1,1,1,2.0619991119019687e-06
380,42648,1,1,1,1.986001734621823e-06
381,34461,1,1,1,2.1800005924887955e-06
382,1698,1,1,1,2.120999852195382e-06
383,26280,1,1,1,2.115000825142488e-06
384,1740,1,1,1,2.2710009943693876e-06
385,50896,1,1,1,2.2219974198378623e-06
386,9946,1,1,1,2.0169973140582442e-06
387,9947,1,1,1,2.278000465594232e-06
388,9948,1,1,1,2.221000613644719e-06
389,9949,1,1,1,1.987998984986916e-06
390,34534,1,1,1,2.130000211764127e-06
391,75496,1,1,1,2.20600122702308e-06
392,75498,1,1,1,2.22500239033252e-06
393,26347,1,1,1,2.2800013539381325e-06
394,42735,1,1,1,3.5339980968274176e-06
395,42736,1,1,1,2.2700005501974374e-06
396,67316,1,1,1,2.0809966372326016e-06
397,67317,1,1,1,2.243999915663153e-06
398,18174,1,1,1,5.228300142334774e-05
399,67352,1,1,1,6.573998689418659e-06
400,67353,1,1,1,3.7440004234667867e-06
401,42782,1,1,1,3.50600021192804e-06
402,42783,1,1,1,2.6810012059286237e-06
403,42800,1,1,1,2.3380016500595957e-06
404,1849,1,1,1,2.0890001906082034e-06
405,83774,1,1,1,2.1609994291793555e-06
406,75589,1,1,1,3.19299942930229e-06
407,1873,1,1,1,2.3930006136652082e-06
408,71681,1,0,0,1.6289995983242989e-06
409,26450,1,1,1,2.2650019673164934e-06
410,18258,1,1,1,2.3709981178399175e-06
411,26461,1,1,1,2.153999957954511e-06
412,75615,1,1,1,2.411001332802698e-06
413,26464,1,1,1,2.2169988369569182e-06
414,26469,1,1,1,2.119999408023432e-06
415,1906,1,1,1,2.116001269314438e-06
416,51067,1,1,1,1.9569997675716877e-06
417,1915,1,1,1,2.282002242282033e-06
418,1921,1,1,1,2.035001671174541e-06
419,51092,1,1,1,2.1699997887481004e-06
420,51093,1,1,1,2.930999471573159e-06
421,51095,1,1,1,2.372999006183818e-06
422,51096,1,1,1,2.3860011424403638e-06
423,75678,1,1,1,1.983000402105972e-06
424,14367,1,0,0,1.3559983926825225e-06
425,34723,1,1,1,2.152999513782561e-06
426,51118,1,1,1,2.2429994714912027e-06
427,53390,1,0,0,1.3880016922485083e-06
428,59311,1,1,1,2.18700006371364e-06
429,59316,1,1,1,2.191001840401441e-06
430,59319,1,1,1,2.316002792213112e-06
431,48960,1,0,0,1.3860008039046079e-06
432,51136,1,1,1,2.867996954591945e-06
433,42964,1,1,1,2.182998287025839e-06
434,32638,1,0,0,1.3940007193014026e-06
435,42967,1,1,1,2.215001586591825e-06
436,34778,1,1,1,2.325999957975e-06
437,3064,1,0,0,1.3870012480765581e-06
438,42971,1,1,1,2.0890001906082034e-06
439,67548,1,1,1,2.164000761695206e-06
440,26987,1,0,0,1.3470016710925847e-06
441,67549,1,1,1,2.44499824475497e-06
442,10212,1,1,1,2.30699879466556e-06
443,67565,1,1,1,2.1470004867296666e-06
444,59376,1,1,1,2.0949992176610976e-06
445,75785,1,1,1,1.9889994291588664e-06
446,61614,1,0,0,1.2890013749711215e-06
447,51210,1,1,1,2.0850020518992096e-06
448,83979,1,1,1,2.14899773709476e-06
449,75788,1,1,1,2.4820001272019e-06
450,67599,1,1,1,2.0359984773676842e-06
451,51217,1,1,1,2.071999915642664e-06
452,83995,1,1,1,2.534001396270469e-06
453,51230,1,1,1,1.9360013538971543e-06
454,18462,1,1,1,1.8379978428129107e-06
455,75810,1,1,1,2.173001121263951e-06
456,10274,1,1,1,2.1039995772298425e-06
457,2084,1,1,1,2.735003363341093e-06
458,51238,1,1,1,3.388999175513163e-06
459,34855,1,1,1,2.554999809945002e-06
460,18473,1,1,1,2.1420019038487226e-06
461,84017,1,1,1,2.0900006347801536e-06
462,18486,1,1,1,2.04800016945228e-06
463,59448,1,1,1,2.4799992388579994e-06
464,64984,1,0,0,1.3139979273546487e-06
465,10307,1,1,1,2.2329986677505076e-06
466,51268,1,1,1,1.9079998310189694e-06
467,51270,1,1,1,2.125001628883183e-06
468,59471,1,1,1,2.48300057137385e-06
469,18522,1,1,1,2.1470004867296666e-06
470,59510,1,1,1,2.6149973564315587e-06
471,59512,1,1,1,2.0840016077272594e-06
472,51321,1,1,1,2.1239975467324257e-06
473,18559,1,1,1,2.278000465594232e-06
474,51330,1,1,1,2.211003447882831e-06
475,2179,1,1,1,2.1599989850074053e-06
476,10372,1,1,1,2.4470027710776776e-06
477,34950,1,1,1,2.0980005501769483e-06
478,61544,1,0,0,1.4590004866477102e-06
479,67719,1,1,1,2.0309998944867402e-06
480,51336,1,1,1,2.1949999791104347e-06
481,5813,1,0,0,1.3659991964232177e-06
482,67726,1,1,1,2.1000014385208488e-06
483,2195,1,1,1,2.253000275231898e-06
484,88768,1,0,0,1.2839991541113704e-06
485,75925,1,1,1,2.3989996407181025e-06
486,2198,1,1,1,1.9740000425372273e-06
487,36722,1,0,0,1.3179997040424496e-06
488,43176,1,1,1,2.015000063693151e-06
489,43177,1,1,1,2.4029977794270962e-06
490,38713,1,0,0,1.3760000001639128e-06
491,51370,1,1,1,2.183001925004646e-06
492,59579,1,1,1,1.9229992176406085e-06
493,54517,1,0,0,1.334003172814846e-06
494,75971,1,1,1,1.9889994291588664e-06
495,28272,1,0,0,1.3639983080793172e-06
496,51399,1,1,1,1.8430000636726618e-06
497,18637,1,1,1,2.4569999368395656e-06
498,88437,1,0,0,1.5039986465126276e-06
499,75984,1,1,1,2.016000507865101e-06
500,63449,1,0,0,1.3230019249022007e-06
501,75986,1,1,1,2.1029991330578923e-06
502,10455,1,1,1,2.0690022211056203e-06
503,43645,1,0,0,1.3749995559919626e-06
504,2264,1,1,1,2.378001227043569e-06
505,26853,1,1,1,2.368997229496017e-06
506,35049,1,1,1,2.24300310947001e-06
507,35050,1,1,1,2.183001925004646e-06
508,2294,1,1,1,2.0080005924683064e-06
509,10487,1,1,1,2.2380008886102587e-06
510,10501,1,1,1,1.7719976312946528e-06
511,10504,1,1,1,2.1790001483168453e-06
512,10505,1,1,1,1.7910024325829e-06
513,51468,1,1,1,2.0409970602486283e-06
514,67855,1,1,1,1.7750026017893106e-06
515,35090,1,1,1,2.215001586591825e-06
516,10523,1,1,1,2.1939995349384844e-06
517,52766,1,0,0,1.382002665195614e-06
518,10528,1,1,1,2.1699997887481004e-06
519,10529,1,1,1,2.1990017557982355e-06
520,43301,1,1,1,1.9069993868470192e-06
521,26919,1,1,1,1.9799990695901215e-06
522,26920,1,1,1,4.2430001485627145e-06
523,26921,1,1,1,1.9130020518787205e-06
524,2346,1,1,1,2.453001798130572e-06
525,51504,1,1,1,2.1609994291793555e-06
526,26929,1,1,1,2.0840016077272594e-06
527,84284,1,1,1,2.0810002752114087e-06
528,67912,1,1,1,2.401997335255146e-06
529,10571,1,1,1,1.9849976524710655e-06
530,35152,1,1,1,2.3319989850278944e-06
531,35155,1,1,1,1.868000254034996e-06
532,35163,1,1,1,2.2659987735096365e-06
533,59740,1,1,1,2.440996468067169e-06
534,59746,1,1,1,2.559001586632803e-06
535,35171,1,1,1,2.1500018192455173e-06
536,2405,1,1,1,2.0379993657115847e-06
537,26985,1,1,1,1.8909995560534298e-06
538,26990,1,1,1,2.3219981812871993e-06
539,35182,1,1,1,2.0379993657115847e-06
540,64395,1,0,0,1.3490025594364852e-06
541,10612,1,1,1,1.9749968487303704e-06
542,27021,1,1,1,2.163000317523256e-06
543,2446,1,1,1,2.415999915683642e-06
544,2445,1,1,1,2.002001565415412e-06
545,53144,1,0,0,1.434997102478519e-06
546,59796,1,1,1,2.2899985197000206e-06
547,71418,1,0,0,3.180099884048104e-05
548,35224,1,1,1,4.401998012326658e-06
549,51615,1,1,1,3.240998921683058e-06
550,81178,1,0,0,1.7460006347391754e-06
551,35263,1,1,1,2.630000381032005e-06
552,18880,1,1,1,2.3329994291998446e-06
553,35270,1,1,1,2.1500018192455173e-06
554,35272,1,0,0,1.4329998521134257e-06
555,18894,1,1,1,2.3859975044615567e-06
556,10704,1,1,1,2.16899934457615e-06
557,18898,1,1,1,6.884998583700508e-06
558,68051,1,1,1,2.3839966161176562e-06
559,59859,1,1,1,2.2509993868879974e-06
560,59863,1,1,1,2.18700006371364e-06
561,18905,1,1,1,2.1189989638514817e-06
562,73501,1,0,0,1.486001565353945e-06
563,18906,1,1,1,2.020999090746045e-06
564,10715,1,1,1,2.34500112128444e-06
565,59866,1,1,1,2.158001734642312e-06
566,68072,1,1,1,2.0169973140582442e-06
567,84492,1,1,1,1.9219987734686583e-06
568,35342,1,1,1,2.1979976736474782e-06
569,59928,1,1,1,1.987998984986916e-06
570,27349,1,0,0,1.4470024325419217e-06
571,59929,1,1,1,2.2220010578166693e-06
572,59931,1,1,1,2.0460029190871865e-06
573,47044,1,0,0,1.4300021575763822e-06
574,68129,1,1,1,2.5280023692175746e-06
575,59954,1,1,1,2.1500018192455173e-06
576,64024,1,0,0,1.3540011423174292e-06
577,59960,1,1,1,2.0309998944867402e-06
578,59971,1,1,1,2.1269988792482764e-06
579,10823,1,1,1,2.4849978217389435e-06
580,27211,1,1,1,1.853000867413357e-06
581,10827,1,1,1,2.705997758312151e-06
582,68188,1,1,1,2.1329979063011706e-06
583,51805,1,1,1,2.234999556094408e-06
584,35433,1,1,1,2.1859996195416898e-06
585,35435,1,1,1,7.0640016929246485e-06
586,60013,1,1,1,2.264001523144543e-06
587,60015,1,1,1,2.1000014385208488e-06
588,84596,1,1,1,1.954002073034644e-06
589,84597,1,1,1,2.1230007405392826e-06
590,2691,1,1,1,2.333999873371795e-06
591,2699,1,1,1,2.296001184731722e-06
592,2706,1,1,1,2.606000634841621e-06
593,10899,2,1,1,2.8760005079675466e-06
594,43668,1,1,1,2.472999767633155e-06
595,10902,1,1,1,2.1519990696106106e-06
596,44252,2,0,0,1.763000909704715e-06
597,10903,1,1,1,2.320000930922106e-06
598,76446,1,1,1,2.2899985197000206e-06
599,56672,1,0,0,1.4239994925446808e-06
600,68257,1,1,1,2.474000211805105e-06
601,62726,1,0,0,1.3620010577142239e-06
602,68266,1,1,1,2.2079984773881733e-06
603,76460,1,1,1,2.5529989216011018e-06
604,35511,1,1,1,2.2179992811288685e-06
605,84673,1,1,1,2.1550004021264613e-06
606,84674,1,1,1,2.44399780058302e-06
607,19348,1,0,0,1.3870012480765581e-06
608,2776,1,1,1,2.1359992388170213e-06
609,51931,1,1,1,2.3130014596972615e-06
610,35552,1,1,1,2.1470004867296666e-06
611,23519,1,0,0,1.420001353835687e-06
612,2788,1,1,1,2.2239983081817627e-06
613,20663,1,0,0,1.3660028344020247e-06
614,2790,1,1,1,2.0599982235580683e-06
615,19179,1,1,1,1.9510007405187935e-06
616,54010,1,0,0,1.4130018826108426e-06
617,2795,1,1,1,1.971999154193327e-06
618,44848,1,0,0,1.4500001270789653e-06
619,2801,1,1,1,2.0090010366402566e-06
620,62229,1,0,0,1.4420002116821706e-06
621,68338,1,1,1,1.958000211743638e-06
622,2803,1,1,1,0.00012833399887313135
623,76541,1,1,1,3.994002327090129e-06
624,2813,1,1,1,2.02999945031479e-06
625,19207,1,1,1,2.4430009943898767e-06
626,27404,1,1,1,2.0379993657115847e-06
627,51982,1,1,1,2.329001290490851e-06
628,2832,1,1,1,2.234999556094408e-06
629,19217,1,1,1,2.297001628903672e-06
630,76589,1,1,1,2.0740008039865643e-06
631,52015,1,1,1,2.140001015504822e-06
632,4436,1,0,0,1.468000846216455e-06
633,27441,1,1,1,2.2959975467529148e-06
634,60222,1,1,1,2.315999154234305e-06
635,35648,1,1,1,2.2179992811288685e-06
636,2886,1,1,1,2.1949999791104347e-06
637,68422,1,1,1,2.033997589023784e-06
638,32901,2,0,0,1.720000000204891e-06
639,2895,1,1,1,2.6720008463598788e-06
640,19280,1,1,1,2.163000317523256e-06
641,84829,1,1,1,2.2519998310599476e-06
642,84830,1,1,1,2.1270025172270834e-06
643,68448,1,1,1,2.8280010155867785e-06
644,52080,1,1,1,2.1899977582506835e-06
645,84848,1,1,1,2.2099993657320738e-06
646,52083,1,1,1,1.9430008251219988e-06
647,68467,1,1,1,2.5339977582916617e-06
648,2937,1,1,1,2.611999661894515e-06
649,52089,1,1,1,3.8130019675008953e-06
650,43904,1,1,1,2.5949993869289756e-06
651,60289,1,1,1,2.1699997887481004e-06
652,84874,1,1,1,2.091001078952104e-06
653,52116,1,1,1,2.5519984774291515e-06
654,2983,1,1,1,2.2280000848695636e-06
655,68533,1,1,1,1.9079998310189694e-06
656,27584,1,1,1,2.101001882692799e-06
657,84931,1,1,1,2.310000127181411e-06
658,60356,1,1,1,2.2839994926471263e-06
659,11208,1,1,1,2.269000106025487e-06
660,35789,1,1,1,2.035001671174541e-06
661,19421,1,1,1,2.1230007405392826e-06
662,60393,1,1,1,2.257998858112842e-06
663,3059,1,1,1,2.2329986677505076e-06
664,76792,1,1,1,2.115997631335631e-06
665,35840,1,1,1,2.2519998310599476e-06
666,19457,1,1,1,2.073000359814614e-06
667,44033,1,1,1,2.052998752333224e-06
668,19460,1,1,1,2.1550004021264613e-06
669,19462,1,1,1,2.067998138954863e-06
670,76825,1,1,1,2.32499951380305e-06
671,52250,1,1,1,2.158998540835455e-06
672,70733,1,0,0,1.3500030036084354e-06
673,52251,1,1,1,2.2049971448723227e-06
674,52254,1,1,1,2.082000719383359e-06
675,44067,1,1,1,2.062999556073919e-06
676,68654,1,1,1,1.9690014596562833e-06
677,3118,1,1,1,2.0979969121981412e-06
678,76864,1,1,1,2.1509986254386604e-06
679,52297,1,1,1,2.1460000425577164e-06
680,13620,1,0,0,1.3220014807302505e-06
681,68683,1,1,1,2.5889967218972743e-06
682,27724,1,1,1,1.9610015442594886e-06
683,19544,1,1,1,2.0650004444178194e-06
684,35935,1,1,1,2.2040003386791795e-06
685,27744,1,1,1,2.6570014597382396e-06
686,68726,1,1,1,2.172000677092001e-06
687,28815,1,0,0,1.5130026440601796e-06
688,44168,1,1,1,2.245000359835103e-06
689,68755,1,1,1,2.0459992811083794e-06
690,11420,1,1,1,2.3229986254591495e-06
691,11421,1,1,1,2.297001628903672e-06
692,27814,1,1,1,2.1050000214017928e-06
693,27815,1,1,1,2.101998688885942e-06
694,27818,1,0,0,1.3749995559919626e-06
695,68776,1,1,1,2.507000317564234e-06
696,27819,1,1,1,2.2809981601312757e-06
697,3244,1,1,1,2.6740017347037792e-06
698,3260,1,1,1,2.0380030036903918e-06
699,85181,1,1,1,2.02899900614284e-06
700,13320,1,0,0,1.4300021575763822e-06
701,11467,1,1,1,2.434997441014275e-06
702,11469,1,1,1,2.283002686453983e-06
703,44238,1,1,1,2.567998308222741e-06
704,11470,1,1,1,2.5699991965666413e-06
705,77008,1,1,1,2.388002030784264e-06
706,85200,1,1,1,2.362998202443123e-06
707,44242,1,1,1,2.1669984562322497e-06
708,85199,1,1,1,2.0650004444178194e-06
709,11477,1,1,1,2.30699879466556e-06
710,77019,1,1,1,2.1079977159388363e-06
711,11484,1,1,1,1.995998900383711e-06
712,11485,1,1,1,2.4520013539586216e-06
713,11486,1,1,1,4.025001544505358e-06
714,60651,1,1,1,2.4760011001490057e-06
715,85231,1,1,1,2.30699879466556e-06
716,36083,1,1,1,1.9889994291588664e-06
717,77045,1,1,1,2.115997631335631e-06
718,85238,1,1,1,1.9799990695901215e-06
719,60664,1,1,1,2.20600122702308e-06
720,68859,1,1,1,2.2330023057293147e-06
721,68860,1,1,1,2.0519983081612736e-06
722,11515,1,1,1,2.372999006183818e-06
723,52489,1,1,1,2.214997948613018e-06
724,11536,1,1,1,1.9899998733308166e-06
725,11537,1,1,1,2.0660008885897696e-06
726,44306,1,1,1,2.196000423282385e-06
727,27923,1,1,1,2.419998054392636e-06
728,27922,1,1,1,2.288001269334927e-06
729,32542,1,0,0,1.4940014807507396e-06
730,27929,1,1,1,2.2759995772503316e-06
731,27930,1,1,1,2.1889973140787333e-06
732,87659,1,0,0,1.324999175267294e-06
733,44317,1,1,1,2.3230022634379566e-06
734,11556,1,1,1,2.163997123716399e-06
735,27966,1,1,1,2.002001565415412e-06
736,5395,1,0,0,1.3880016922485083e-06
737,52548,1,1,1,2.0700026652775705e-06
738,60751,1,1,1,1.838998286984861e-06
739,11600,1,1,1,2.2759995772503316e-06
740,11599,1,1,1,2.1999985619913787e-06
741,77138,1,1,1,2.401000529062003e-06
742,77139,1,1,1,2.115000825142488e-06
743,88658,1,0,0,1.4170000213198364e-06
744,11606,1,1,1,2.349999704165384e-06
745,77147,1,1,1,2.3559987312182784e-06
746,77149,1,1,1,2.101998688885942e-06
747,11644,1,1,1,2.220000169472769e-06
748,44430,1,1,1,2.3270004021469504e-06
749,44435,1,1,1,2.4330001906491816e-06
750,85404,1,1,1,2.3070024326443672e-06
751,3487,1,1,1,2.3559987312182784e-06
752,69029,1,1,1,2.420001692371443e-06
753,19886,1,1,1,2.2669992176815867e-06
754,85423,1,1,1,2.4140026653185487e-06
755,77231,1,1,1,1.959000655915588e-06
756,28098,1,1,1,2.238997694803402e-06
757,77251,1,1,1,2.258999302284792e-06
758,77252,1,1,1,2.2099993657320738e-06
759,36313,1,1,1,2.1369996829889715e-06
760,85466,1,1,1,2.1279993234202266e-06
761,85467,1,1,1,2.2360000002663583e-06
762,3578,1,1,1,2.1319974621292204e-06
763,28156,1,1,1,2.34500112128444e-06
764,3581,1,1,1,2.144999598385766e-06
765,85503,1,1,1,2.172000677092001e-06
766,85504,1,1,1,2.158998540835455e-06
767,20099,1,0,0,1.400003384333104e-06
768,60931,1,1,1,2.18700006371364e-06
769,44549,1,1,1,2.130000211764127e-06
770,3613,1,1,1,2.4979999579954892e-06
771,3614,1,1,1,2.3219981812871993e-06
772,80774,1,0,0,1.4549987099599093e-06
773,69151,1,1,1,2.264001523144543e-06
774,3616,1,1,1,2.2130006982479244e-06
775,44582,1,1,1,2.373999450355768e-06
776,44585,1,1,1,2.007000148296356e-06
777,77355,1,1,1,4.036999598611146e-06
778,36414,1,1,1,2.2599997464567423e-06
779,48503,1,0,0,1.3640019460581243e-06
780,36420,1,1,1,2.04800016945228e-06
781,77465,1,0,0,1.3850003597326577e-06
782,52805,1,1,1,2.507000317564234e-06
783,36427,1,1,1,1.8529972294345498e-06
784,77388,1,1,1,2.2939966584090143e-06
785,46278,1,0,0,1.3520002539735287e-06
786,20057,1,1,1,2.2610001906286925e-06
787,3687,1,1,1,1.9460021576378495e-06
788,3688,1,1,1,2.0330007828306407e-06
789,77422,2,1,1,2.9620023269671947e-06
790,36467,1,1,1,2.210999809904024e-06
791,36470,1,1,1,2.4649998522363603e-06
792,28279,1,1,1,1.986998540814966e-06
793,28280,1,1,1,2.115000825142488e-06
794,44666,1,1,1,2.262997440993786e-06
795,44667,1,1,1,2.2260028345044702e-06
796,52869,1,1,1,2.1609994291793555e-06
797,12067,1,0,0,1.3949975254945457e-06
798,28299,1,1,1,2.101001882692799e-06
799,44689,1,1,1,2.240001776954159e-06
800,77463,1,1,1,2.0810002752114087e-06
801,20131,1,1,1,2.239001332782209e-06
802,77476,1,1,1,2.159002178814262e-06
803,20134,1,1,1,2.201999450335279e-06
804,77478,1,1,1,1.9270009943284094e-06
805,69302,1,1,1,1.967000571312383e-06
806,52918,1,1,1,3.7103000067872927e-05
807,36534,1,1,1,4.134999471716583e-06
808,20155,1,1,1,2.177999704144895e-06
809,77501,1,1,1,2.2179992811288685e-06
810,61118,1,1,1,2.1899977582506835e-06
811,40205,1,0,0,1.5549994714092463e-06
812,85712,1,1,1,2.196997229475528e-06
813,77526,1,1,1,2.7950009098276496e-06
814,85725,1,1,1,7.70699989516288e-06
815,44772,1,1,1,2.2380008886102587e-06
816,44774,1,1,1,2.2989988792687654e-06
817,44775,1,1,1,2.3099964892026037e-06
818,12016,1,1,1,2.2570020519196987e-06
819,77562,1,1,1,2.2280000848695636e-06
820,61178,1,1,1,2.7089990908280015e-06
821,44805,1,1,1,2.3800021153874695e-06
822,69382,2,1,1,3.6390010791365057e-06
823,64434,1,0,0,1.5139994502533227e-06
824,69391,1,1,1,2.059001417364925e-06
825,36630,1,1,1,2.2950007405597717e-06
826,36632,1,1,1,2.435001078993082e-06
827,69408,1,1,1,2.14899773709476e-06
828,44850,1,1,1,2.101998688885942e-06
829,12086,1,1,1,1.9930012058466673e-06
830,77623,1,1,1,2.1660016500391066e-06
831,28473,1,1,1,2.1900013962294906e-06
832,28475,1,1,1,1.9420003809500486e-06
833,88095,1,0,0,1.4569995983038098e-06
834,53057,1,1,1,2.0500010577961802e-06
835,77633,1,1,1,2.0710031094495207e-06
836,31951,1,0,0,1.3549979485105723e-06
837,53075,1,1,1,2.1410014596767724e-06
838,78913,1,0,0,1.3690005289390683e-06
839,77659,1,1,1,1.8880018615163863e-06
840,77661,1,1,1,3.6950004869140685e-06
841,36701,1,1,1,2.4280016077682376e-06
842,20319,1,1,1,2.1660016500391066e-06
843,77668,1,1,1,2.2500025806948543e-06
844,61286,1,1,1,2.3660031729377806e-06
845,36724,1,1,1,2.3319989850278944e-06
846,69511,1,1,1,2.1089981601107866e-06
847,77709,1,1,1,1.8419996195007116e-06
848,20379,1,1,1,1.983000402105972e-06
849,53150,1,1,1,2.3699976736679673e-06
850,71132,1,0,0,1.3600001693703234e-06
851,4015,1,1,1,1.935000909725204e-06
852,53168,1,1,1,2.692002453841269e-06
853,20402,1,1,1,1.8829996406566352e-06
854,12211,1,1,1,2.0039988157805055e-06
855,36822,1,1,1,2.2090025595389307e-06
856,21526,1,0,0,1.3749995559919626e-06
857,4055,1,1,1,2.06800177693367e-06
858,77787,1,1,1,2.278000465594232e-06
859,53229,1,1,1,2.5219997041858733e-06
860,28655,1,1,1,1.9459985196590424e-06
861,69623,1,1,1,2.624998160172254e-06
862,28665,1,1,1,1.8309983715880662e-06
863,4097,1,1,1,2.283002686453983e-06
864,61447,1,1,1,2.0599982235580683e-06
865,4104,1,1,1,2.2120002540759742e-06
866,4102,1,1,1,2.0030020095873624e-06
867,20489,1,1,1,2.120003046002239e-06
868,31780,1,0,0,1.3399985618889332e-06
869,86028,1,1,1,2.0619991119019687e-06
870,86029,1,1,1,2.1470004867296666e-06
871,36880,1,1,1,2.0260013116057962e-06
872,12962,1,0,0,1.329997758148238e-06
873,4115,1,1,1,2.148000930901617e-06
874,36884,1,1,1,2.1030027710366994e-06
875,53272,1,1,1,2.114997187163681e-06
876,53301,1,1,1,2.0260013116057962e-06
877,61543,1,0,0,1.390999386785552e-06
878,69693,1,1,1,1.8409991753287613e-06
879,77890,1,1,1,2.0999978005420417e-06
880,77891,1,1,1,2.1550004021264613e-06
881,86084,1,1,1,2.1460000425577164e-06
882,61521,1,1,1,2.1839987311977893e-06
883,4188,1,1,1,2.1140003809705377e-06
884,4191,1,1,1,2.3430002329405397e-06
885,4192,1,1,1,2.078002580674365e-06
886,12395,1,1,1,1.877000613603741e-06
887,12396,1,1,1,2.086999302264303e-06
888,69741,1,1,1,1.959000655915588e-06
889,14070,1,0,0,1.3520002539735287e-06
890,28789,1,1,1,1.9269973563496023e-06
891,28793,1,1,1,2.1609994291793555e-06
892,12411,1,1,1,1.8620012269821018e-06
893,28795,2,1,1,2.610999217722565e-06
894,28802,1,1,1,1.977998181246221e-06
895,28805,1,1,1,2.14999818126671e-06
896,53385,1,1,1,1.8800019461195916e-06
897,20623,1,1,1,2.0690022211056203e-06
898,24046,1,0,0,1.534997863927856e-06
899,28826,1,1,1,2.277000021422282e-06
900,45212,2,1,1,2.7079986466560513e-06
901,86179,1,1,1,2.0219995349179953e-06
902,61603,1,1,1,2.2260028345044702e-06
903,69804,1,1,1,1.8199971236754209e-06
904,53435,1,1,1,3.2560019462835044e-06
905,37052,1,1,1,2.2849999368190765e-06
906,31341,1,0,0,1.4330034900922328e-06
907,4289,1,1,1,1.9359977159183472e-06
908,4290,1,1,1,2.3749998945277184e-06
909,12490,1,1,1,2.1650012058671564e-06
910,20685,1,1,1,2.1239975467324257e-06
911,86221,1,1,1,2.257998858112842e-06
912,57129,1,0,0,1.4120014384388924e-06
913,12496,1,1,1,2.553999365773052e-06
914,20690,1,1,1,2.2560016077477485e-06
915,73170,1,0,0,1.3569988368544728e-06
916,53462,1,1,1,1.8760001694317907e-06
917,37090,1,1,1,2.325999957975e-06
918,37099,1,1,1,2.229000529041514e-06
919,37105,1,1,1,2.310996933374554e-06
920,78066,1,1,1,2.420998498564586e-06
921,69878,1,1,1,2.1740015654359013e-06
922,69880,1,1,1,2.092001523124054e-06
923,37115,1,1,1,2.1469968487508595e-06
924,4440,1,0,0,1.3700009731110185e-06
925,69897,1,1,1,2.2979984350968152e-06
926,86292,1,1,1,2.097000106004998e-06
927,45333,1,1,1,2.2029998945072293e-06
928,86294,1,1,1,2.3370012058876455e-06
929,20798,1,1,1,2.281998604303226e-06
930,4435,1,1,1,2.133998350473121e-06
931,4438,1,1,1,1.877997419796884e-06
932,29018,1,1,1,2.058000973192975e-06
933,29030,1,1,1,2.044002030743286e-06
934,4461,1,1,1,2.4760011001490057e-06
935,4463,1,1,1,2.010001480812207e-06
936,78197,1,1,1,1.8850005290005356e-06
937,61814,1,1,1,2.221000613644719e-06
938,37246,1,1,1,1.820000761654228e-06
939,61832,1,1,1,2.4049986677709967e-06
940,20886,1,1,1,1.963999238796532e-06
941,29082,1,1,1,2.0570005290210247e-06
942,53666,1,1,1,2.4479995772708207e-06
943,45489,1,1,1,1.8860009731724858e-06
944,78270,1,1,1,2.6220004656352103e-06
945,12739,1,1,1,1.89200000022538e-06
946,70091,1,1,1,2.1190026018302888e-06
947,53732,1,1,1,2.4189976102206856e-06
948,53733,1,1,1,1.9859980966430157e-06
949,37351,1,1,1,2.5999979698099196e-06
950,45549,1,1,1,2.0000006770715117e-06
951,45551,1,1,1,2.1470004867296666e-06
952,29188,1,1,1,2.700999175431207e-06
953,12805,1,1,1,2.2140011424198747e-06
954,86538,1,1,1,2.2429994714912027e-06
955,78357,1,1,1,2.139997377526015e-06
956,53794,1,1,1,1.981999957934022e-06
957,61986,2,1,1,2.802000381052494e-06
958,70189,1,1,1,2.1619998733513057e-06
959,29233,1,1,1,2.2519998310599476e-06
960,47751,1,0,0,1.3269964256323874e-06
961,29236,1,1,1,2.2070016711950302e-06
962,37434,1,1,1,1.996999344555661e-06
963,37437,1,1,1,1.7929996829479933e-06
964,2336,3,0,0,1.8460013961885124e-06
965,78413,1,1,1,2.0560000848490745e-06
966,23855,1,0,0,1.4119978004600853e-06
967,12884,1,1,1,2.053999196505174e-06
968,78431,1,1,1,3.5960001696366817e-06
969,16351,1,0,0,1.453001459594816e-06
970,45666,1,1,1,2.164000761695206e-06
971,78435,1,1,1,2.5789995561353862e-06
972,45667,1,1,1,2.0379993657115847e-06
973,45669,1,1,1,1.8600003386382014e-06
974,53881,1,1,1,1.8690006982069463e-06
975,78459,1,1,1,2.257998858112842e-06
976,70268,1,1,1,2.4649998522363603e-06
977,45706,1,1,1,2.257998858112842e-06
978,62090,1,1,1,2.053002390312031e-06
979,81140,1,0,0,1.3930002751294523e-06
980,4755,1,1,1,2.02999945031479e-06
981,62109,1,1,1,2.078002580674365e-06
982,78500,1,1,1,2.020002284552902e-06
983,4797,1,1,1,2.210999809904024e-06
984,4798,1,1,1,2.0990009943488985e-06
985,21216,1,1,1,2.2650019673164934e-06
986,21233,1,1,1,2.0790030248463154e-06
987,54006,1,1,1,2.176999259972945e-06
988,78582,1,1,1,2.154996764147654e-06
989,13051,1,1,1,1.8120008462574333e-06
990,4900,1,1,1,1.9800027075689286e-06
991,78639,1,1,1,1.9889994291588664e-06
992,15446,1,0,0,1.4379984349943697e-06
993,78642,1,1,1,1.987002178793773e-06
994,15447,1,0,0,1.4209981600288302e-06
995,62266,1,1,1,2.100998244713992e-06
996,62269,1,1,1,1.857999450294301e-06
997,4926,1,1,1,2.0500010577961802e-06
998,62278,1,1,1,2.1359992388170213e-06
999,21327,1,1,1,2.107000909745693e-06
1000,4943,1,1,1,2.216002030763775e-06
1001,4945,1,1,1,2.2189997253008187e-06
1002,21329,1,1,1,2.3049979063216597e-06
1003,29531,1,1,1,2.053999196505174e-06
1004,24516,1,0,0,1.377000444335863e-06
1005,45917,1,1,1,2.139000571332872e-06
1006,78686,1,1,1,2.2660024114884436e-06
1007,78693,1,1,1,2.092998329317197e-06
1008,21352,2,1,1,2.887998562073335e-06
1009,86901,1,1,1,2.158001734642312e-06
1010,70518,1,1,1,2.4429973564110696e-06
1011,4998,1,1,1,2.0049992599524558e-06
1012,71673,1,0,0,1.3540011423174292e-06
1013,29575,1,1,1,1.962998794624582e-06
1014,69567,2,0,0,1.5849982446525246e-06
1015,29597,1,1,1,2.7040005079470575e-06
1016,54173,1,1,1,2.071999915642664e-06
1017,86942,1,1,1,2.310000127181411e-06
1018,86944,1,1,1,2.025997673626989e-06
1019,62370,1,1,1,2.254000719403848e-06
1020,62371,1,1,1,2.52000245382078e-06
1021,21451,1,1,1,1.8669998098630458e-06
1022,29653,1,1,1,2.1260020730551332e-06
1023,62422,1,1,1,2.368000423302874e-06
1024,5107,1,1,1,2.015000063693151e-06
1025,54270,1,1,1,1.9930012058466673e-06
1026,54271,1,1,1,2.1660016500391066e-06
1027,29697,1,1,1,2.3600005079060793e-06
1028,54275,1,1,1,2.18800050788559e-06
1029,29711,1,1,1,2.2029998945072293e-06
1030,21520,1,1,1,2.220000169472769e-06
1031,87060,1,1,1,3.901001036865637e-06
1032,29717,1,1,1,6.251000741031021e-06
1033,21524,1,1,1,2.330998540855944e-06
1034,29721,1,1,1,2.3419997887685895e-06
1035,29737,1,1,1,2.158001734642312e-06
1036,46125,1,1,1,2.152999513782561e-06
1037,70705,1,1,1,2.0000006770715117e-06
1038,70711,1,1,1,1.9899998733308166e-06
1039,70712,1,1,1,1.8979990272782743e-06
1040,29764,2,1,1,3.240998921683058e-06
1041,21585,1,1,1,2.30699879466556e-06
1042,14273,1,0,0,1.3740027497988194e-06
1043,46162,1,1,1,2.019998646574095e-06
1044,21587,1,1,1,2.2130006982479244e-06
1045,78936,1,1,1,1.9459985196590424e-06
1046,46170,1,1,1,2.691002009669319e-06
1047,13403,1,1,1,1.9690014596562833e-06
1048,54366,1,1,1,1.9020008039660752e-06
1049,87137,1,1,1,2.08700294024311e-06
1050,21601,1,1,1,2.4860019038897008e-06
1051,39829,1,0,0,1.3940007193014026e-06
1052,87140,1,1,1,2.083001163555309e-06
1053,71796,1,0,0,1.3840035535395145e-06
1054,29798,1,1,1,2.306001988472417e-06
1055,21609,1,1,1,2.053999196505174e-06
1056,70762,1,1,1,2.3189968487713486e-06
1057,54377,1,1,1,1.9559993233997375e-06
1058,70766,1,1,1,1.8899991118814796e-06
1059,70772,1,1,1,1.724998583085835e-06
1060,62581,2,1,1,2.282999048475176e-06
1061,40206,1,0,0,1.481999788666144e-06
1062,46201,1,1,1,2.1859996195416898e-06
1063,7411,1,0,0,1.357999281026423e-06
1064,70779,1,1,1,2.8799986466765404e-06
1065,87165,1,1,1,2.125001628883183e-06
1066,54401,1,1,1,2.0810002752114087e-06
1067,54498,1,0,0,1.3360004231799394e-06
1068,54428,1,1,1,2.6320012693759054e-06
1069,87197,1,1,1,1.8609971448313445e-06
1070,21674,1,1,1,2.419998054392636e-06
1071,70828,2,1,1,2.7889982447959483e-06
1072,62637,1,1,1,2.3239990696310997e-06
1073,5297,1,1,1,2.083001163555309e-06
1074,29879,1,1,1,2.2040003386791795e-06
1075,13497,1,1,1,2.1330015442799777e-06
1076,70855,1,1,1,2.0030020095873624e-06
1077,70868,1,1,1,2.020999090746045e-06
1078,87263,1,1,1,1.7980019038077444e-06
1079,87264,1,1,1,1.9809995137620717e-06
1080,54497,1,1,1,2.1460000425577164e-06
1081,5368,1,1,1,1.8259997887071222e-06
1082,5373,1,1,1,2.0999978005420417e-06
1083,62723,1,1,1,2.016000507865101e-06
1084,46354,1,1,1,1.9139988580718637e-06
1085,5400,1,1,1,3.121000190731138e-06
1086,79144,1,1,1,3.479002771200612e-06
1087,13616,1,1,1,3.07300069835037e-06
1088,30008,1,1,1,2.2659987735096365e-06
1089,70993,1,1,1,2.152999513782561e-06
1090,79187,1,1,1,1.9400031305849552e-06
1091,70995,1,1,1,2.04900061362423e-06
1092,62806,1,1,1,1.9129984138999134e-06
1093,40096,1,0,0,1.4469987945631146e-06
1094,13655,1,1,1,2.095999661833048e-06
1095,71001,1,1,1,3.278997610323131e-06
1096,30042,1,1,1,2.172000677092001e-06
1097,46460,1,1,1,2.2979984350968152e-06
1098,62845,1,1,1,2.064000000245869e-06
1099,62846,1,1,1,2.2470012481790036e-06
1100,71461,1,0,0,1.3850003597326577e-06
1101,38275,1,1,1,2.0709994714707136e-06
1102,5510,1,1,1,2.3889988369774073e-06
1103,5536,1,1,1,2.4090004444587976e-06
1104,38311,1,1,1,2.277000021422282e-06
1105,79273,1,1,1,1.9649996829684824e-06
1106,79275,1,1,1,2.3419997887685895e-06
1107,79285,1,1,1,2.120999852195382e-06
1108,79289,1,1,1,1.9850012904498726e-06
1109,30189,1,0,0,1.43899887916632e-06
1110,62911,1,1,1,2.3650027287658304e-06
1111,71107,1,1,1,2.3950015020091087e-06
1112,79301,1,1,1,6.3590014178771526e-06
1113,71110,1,1,1,3.588000254239887e-06
1114,7476,1,0,0,1.7989987100008875e-06
1115,38344,1,1,1,2.453001798130572e-06
1116,71663,1,0,0,1.4990000636316836e-06
1117,38353,1,1,1,2.2090025595389307e-06
1118,21973,1,1,1,1.8119972082786262e-06
1119,13782,1,1,1,2.02899900614284e-06
1120,5591,1,1,1,1.8860009731724858e-06
1121,13783,1,1,1,2.2049971448723227e-06
1122,5593,1,1,1,2.134001988451928e-06
1123,5596,1,1,1,2.053999196505174e-06
1124,14339,1,0,0,5.67399911233224e-06
1125,5597,1,1,1,2.7419991965871304e-06
1126,54750,1,1,1,1.93000232684426e-06
1127,71137,1,1,1,2.3190004867501557e-06
1128,30188,1,1,1,2.0610023057088256e-06
1129,38389,1,1,1,2.1270025172270834e-06
1130,5624,1,1,1,2.492000930942595e-06
1131,79354,1,1,1,1.987998984986916e-06
1132,13835,1,1,1,1.9360013538971543e-06
1133,38413,1,1,1,2.015000063693151e-06
1134,46607,1,1,1,2.3319989850278944e-06
1135,30271,1,1,1,2.1419982658699155e-06
1136,46658,1,1,1,2.0410006982274354e-06
1137,46663,1,1,1,2.2130006982479244e-06
1138,71257,1,1,1,2.4180008040275425e-06
1139,87642,1,1,1,2.267999661853537e-06
1140,46683,1,1,1,2.5080007617361844e-06
1141,46686,2,1,1,2.7079986466560513e-06
1142,63086,1,1,1,2.3840002540964633e-06
1143,38523,1,1,1,2.1129999367985874e-06
1144,71299,1,1,1,2.1519990696106106e-06
1145,87684,1,1,1,2.272001438541338e-06
1146,79496,1,1,1,2.225999196525663e-06
1147,87688,1,1,1,1.9359977159183472e-06
1148,87691,1,0,0,1.3360004231799394e-06
1149,87693,1,1,1,2.159002178814262e-06
1150,79501,1,1,1,1.8649989215191454e-06
1151,5777,1,1,1,1.8239989003632218e-06
1152,54934,1,1,1,2.1119994926266372e-06
1153,79511,1,1,1,2.2419990273192525e-06
1154,87704,1,1,1,1.835000148275867e-06
1155,13977,1,1,1,2.0469997252803296e-06
1156,71322,1,1,1,2.0090010366402566e-06
1157,5787,1,1,1,1.8790015019476414e-06
1158,71323,1,1,1,2.16899934457615e-06
1159,5788,1,1,1,3.316003130748868e-06
1160,38570,1,1,1,2.087999746436253e-06
1161,54977,1,1,1,2.538999979151413e-06
1162,54978,1,1,1,2.1050000214017928e-06
1163,80103,1,0,0,1.4210017980076373e-06
1164,5831,1,1,1,1.9239996618125588e-06
1165,46802,1,1,1,1.8909995560534298e-06
1166,15309,2,0,0,1.6670019249431789e-06
1167,54997,1,1,1,1.9090002751909196e-06
1168,63190,1,1,1,2.092001523124054e-06
1169,31784,3,0,0,1.8669998098630458e-06
1170,46827,1,1,1,2.395998308202252e-06
1171,71406,1,1,1,1.857999450294301e-06
1172,71417,1,1,1,2.0000006770715117e-06
1173,63229,1,1,1,1.8980026652570814e-06
1174,80303,1,0,0,1.3329990906640887e-06
1175,22271,1,1,1,2.1099986042827368e-06
1176,71423,2,1,1,3.0429982871282846e-06
1177,71430,1,1,1,2.4139990273397416e-06
1178,22287,1,1,1,1.981999957934022e-06
1179,22290,1,1,1,2.053002390312031e-06
1180,46877,1,1,1,1.8079990695696324e-06
1181,79646,1,1,1,1.9789986254181713e-06
1182,14114,1,1,1,1.8380014807917178e-06
1183,63284,1,1,1,2.2269996406976134e-06
1184,79700,1,1,1,1.8509999790694565e-06
1185,79705,1,1,1,1.8260034266859293e-06
1186,30555,1,1,1,2.1899977582506835e-06
1187,79707,1,1,1,2.1849991753697395e-06
1188,79716,1,1,1,1.934000465553254e-06
1189,63344,1,1,1,1.905998942675069e-06
1190,46961,1,1,1,2.0170009520370513e-06
1191,87929,1,1,1,2.1000014385208488e-06
1192,63354,1,1,1,1.968001015484333e-06
1193,46970,1,1,1,2.053002390312031e-06
1194,6012,1,1,1,2.1140003809705377e-06
1195,6015,1,1,1,2.0029983716085553e-06
1196,22402,1,1,1,1.9520011846907437e-06
1197,55171,1,1,1,2.148000930901617e-06
1198,14225,1,1,1,2.3749998945277184e-06
1199,71578,1,1,1,1.9269973563496023e-06
1200,14236,1,1,1,2.3560023691970855e-06
1201,30630,1,1,1,2.0600018615368754e-06
1202,63400,1,1,1,2.3470020096283406e-06
1203,47031,1,1,1,1.9610015442594886e-06
1204,22463,1,1,1,2.230000973213464e-06
1205,55232,1,1,1,2.2860003809910268e-06
1206,22465,1,1,1,2.0330007828306407e-06
1207,47042,1,1,1,2.0799998310394585e-06
1208,55239,1,1,1,2.3369975679088384e-06
1209,55244,1,1,1,2.0420011423993856e-06
1210,71638,1,1,1,2.4090004444587976e-06
1211,55265,1,1,1,1.9309991330374032e-06
1212,63463,1,1,1,1.9649996829684824e-06
1213,30699,1,1,1,2.1170017134863883e-06
1214,38896,1,1,1,1.848999090725556e-06
1215,47092,1,1,1,2.0619991119019687e-06
1216,14333,1,1,1,2.0269981177989393e-06
1217,63500,1,1,1,2.0180013962090015e-06
1218,88574,1,0,0,1.348002115264535e-06
1219,38927,1,1,1,2.425000275252387e-06
1220,38928,1,1,1,2.1129999367985874e-06
1221,88082,1,1,1,2.1080013539176434e-06
1222,47122,1,1,1,1.9330000213813037e-06
1223,30744,1,1,1,3.5279990697745234e-06
1224,63518,1,1,1,2.4910004867706448e-06
1225,71717,1,1,1,2.0650004444178194e-06
1226,23291,1,0,0,1.3330027286428958e-06
1227,6227,1,1,1,1.863001671154052e-06
1228,47203,1,1,1,1.925000105984509e-06
1229,79977,1,1,1,1.9120016077067703e-06
1230,65350,1,0,0,1.3079989003017545e-06
1231,71797,1,1,1,2.1170017134863883e-06
1232,22668,1,1,1,2.067998138954863e-06
1233,22767,1,0,0,1.4690012903884053e-06
1234,22669,1,1,1,2.369000867474824e-06
1235,63640,1,1,1,2.0990009943488985e-06
1236,80025,1,1,1,2.015000063693151e-06
1237,80027,1,1,1,1.8319988157600164e-06
1238,80028,1,1,1,2.5129993446171284e-06
1239,63647,1,1,1,2.4660002964083105e-06
1240,14515,1,1,1,2.1169980755075812e-06
1241,30907,1,1,1,1.8229984561912715e-06
1242,55492,1,1,1,2.040000254055485e-06
1243,30918,1,1,1,2.206998033216223e-06
1244,30919,1,1,1,2.0759980543516576e-06
1245,80076,1,1,1,2.1140003809705377e-06
1246,22738,1,1,1,2.2080021153669804e-06
1247,63704,1,1,1,2.5949993869289756e-06
1248,14556,1,1,1,2.08700294024311e-06
1249,71910,1,1,1,2.162996679544449e-06
1250,22764,1,1,1,2.2849999368190765e-06
1251,30958,1,1,1,2.083001163555309e-06
1252,22769,1,1,1,2.1229971025604755e-06
1253,88329,1,1,1,2.0940024114679545e-06
1254,71976,1,1,1,2.0990009943488985e-06
1255,22829,1,1,1,2.2310014173854142e-06
1256,88390,1,1,1,2.078002580674365e-06
1257,39239,1,1,1,2.040000254055485e-06
1258,39240,1,1,1,2.0219995349179953e-06
1259,72020,1,1,1,1.8290011212229729e-06
1260,72029,1,1,1,1.959000655915588e-06
1261,14690,1,1,1,2.1710002329200506e-06
1262,72035,1,1,1,1.887001417344436e-06
1263,72046,2,1,1,2.5029985408764333e-06
1264,6514,1,1,1,2.073000359814614e-06
1265,55667,1,1,1,2.4520013539586216e-06
1266,55669,1,1,1,1.8460013961885124e-06
1267,55681,1,1,1,2.2759995772503316e-06
1268,15794,1,0,0,1.3119970390107483e-06
1269,72067,1,1,1,1.8940008885692805e-06
1270,72074,1,1,1,2.0980005501769483e-06
1271,55691,1,1,1,2.3789980332367122e-06
1272,6546,1,1,1,1.8040009308606386e-06
1273,39315,1,1,1,2.197000867454335e-06
1274,39338,1,1,1,2.249998942716047e-06
1275,72109,1,1,1,2.214997948613018e-06
1276,22959,1,1,1,2.06700133276172e-06
1277,31161,1,1,1,2.0900006347801536e-06
1278,39355,1,1,1,2.1740015654359013e-06
1279,22993,1,1,1,2.057997335214168e-06
1280,6613,1,1,1,2.243999915663153e-06
1281,31194,1,1,1,1.9990002328995615e-06
1282,55771,1,1,1,1.958000211743638e-06
1283,63962,2,1,1,2.2260028345044702e-06
1284,23518,1,0,0,1.4270008250605315e-06
1285,55774,1,1,1,2.062999556073919e-06
1286,55775,1,1,1,1.7940001271199435e-06
1287,6627,1,1,1,3.7909994716756046e-06
1288,72165,1,1,1,1.968001015484333e-06
1289,55796,1,1,1,2.0189982024021447e-06
1290,88567,1,1,1,1.92900188267231e-06
1291,39415,1,1,1,1.995998900383711e-06
1292,88569,1,1,1,2.325999957975e-06
1293,31229,1,1,1,2.450000465614721e-06
1294,80385,1,1,1,2.310000127181411e-06
1295,47634,1,1,1,2.1740015654359013e-06
1296,47636,1,1,1,1.915999746415764e-06
1297,72233,1,1,1,1.7160018614958972e-06
1298,47659,1,1,1,1.7540005501359701e-06
1299,80457,1,1,1,2.2179992811288685e-06
1300,55885,1,1,1,2.082000719383359e-06
1301,72279,1,1,1,1.9909966795239598e-06
1302,72282,1,1,1,2.044998836936429e-06
1303,72283,1,1,1,1.8239989003632218e-06
1304,64094,1,1,1,1.91100116353482e-06
1305,31327,1,1,1,2.1509986254386604e-06
1306,48959,1,0,0,1.4840006770100445e-06
1307,14954,1,1,1,2.0980005501769483e-06
1308,47723,1,1,1,1.8519967852625996e-06
1309,23159,1,1,1,1.7700003809295595e-06
1310,23165,1,1,1,1.9260005501564592e-06
1311,23167,1,1,1,3.741900218301453e-05
1312,64130,1,1,1,2.1319974621292204e-06
1313,23173,1,1,1,2.2999993234407157e-06
1314,6796,2,1,1,2.4930013751145452e-06
1315,48218,1,0,0,1.3559983926825225e-06
1316,14992,1,1,1,2.1949999791104347e-06
1317,39583,1,1,1,2.1939995349384844e-06
1318,80545,1,1,1,1.8890023056883365e-06
1319,80567,1,1,1,2.6099987735506147e-06
1320,15032,1,1,1,2.033997589023784e-06
1321,80568,1,1,1,2.106997271766886e-06
1322,47801,1,1,1,2.5930021365638822e-06
1323,80571,1,1,1,1.9760009308811277e-06
1324,80569,1,1,1,2.200999006163329e-06
1325,56002,1,1,1,1.7909987946040928e-06
1326,88772,1,1,1,1.8560021999292076e-06
1327,72402,1,1,1,1.9220024114474654e-06
1328,23262,1,1,1,1.9899998733308166e-06
1329,47858,1,1,1,1.9520011846907437e-06
1330,7453,1,0,0,1.309999788645655e-06
1331,47862,1,1,1,1.8050013750325888e-06
1332,10219,2,0,0,1.5749974409118295e-06
1333,72446,1,1,1,1.8600003386382014e-06
1334,72450,1,1,1,2.0079969544894993e-06
1335,15113,1,1,1,2.425000275252387e-06
1336,80667,1,1,1,2.402000973233953e-06
1337,88863,1,1,1,2.0759980543516576e-06
1338,47905,1,1,1,1.9699982658494264e-06
1339,40642,1,0,0,1.296000846195966e-06
1340,23352,1,1,1,2.1240011847112328e-06
1341,23353,1,1,1,1.881999196484685e-06
1342,69749,2,0,0,1.5320001693908125e-06
1343,56123,1,1,1,2.2070016711950302e-06
1344,88902,1,1,1,2.040000254055485e-06
1345,15224,1,1,1,1.968001015484333e-06
1346,23424,1,1,1,1.939999492606148e-06
1347,23438,1,1,1,1.8020000425167382e-06
1348,15248,1,1,1,2.1800005924887955e-06
1349,48017,1,1,1,2.0600018615368754e-06
1350,31637,1,1,1,3.7700010580010712e-06
1351,48021,1,1,1,2.1080013539176434e-06
1352,15255,1,1,1,2.0699990272987634e-06
1353,39831,1,1,1,2.1999985619913787e-06
1354,31642,1,1,1,2.339002094231546e-06
1355,80796,1,1,1,2.0789993868675083e-06
1356,39854,1,1,1,2.1569976524915546e-06
1357,31670,1,1,1,1.9979997887276113e-06
1358,64441,1,1,1,2.230000973213464e-06
1359,23485,1,1,1,1.943997631315142e-06
1360,64445,1,1,1,1.89200000022538e-06
1361,48067,1,1,1,2.429002051940188e-06
1362,48070,1,1,1,2.2239983081817627e-06
1363,15310,1,1,1,1.8409991753287613e-06
1364,89040,1,1,1,1.8840000848285854e-06
1365,15313,1,1,1,2.0950028556399047e-06
1366,89041,1,1,1,2.321001375094056e-06
1367,15319,1,1,1,2.134998794645071e-06
1368,72669,2,1,1,2.802997187245637e-06
1369,80862,1,1,1,2.082997525576502e-06
1370,80865,1,1,1,2.1460000425577164e-06
1371,23523,1,1,1,1.8620012269821018e-06
1372,64484,1,1,1,1.8319988157600164e-06
1373,23525,1,1,1,1.967000571312383e-06
1374,56293,1,1,1,2.0079969544894993e-06
1375,80868,1,1,1,2.173997927457094e-06
1376,80872,1,1,1,2.058000973192975e-06
1377,89079,1,1,1,2.1760024537798017e-06
1378,39927,1,1,1,2.1039995772298425e-06
1379,23543,1,1,1,2.4319997464772314e-06
1380,80895,1,1,1,2.1410014596767724e-06
1381,31745,1,1,1,1.915002940222621e-06
1382,48130,1,1,1,2.4239998310804367e-06
1383,40070,1,0,0,1.453998265787959e-06
1384,7182,1,1,1,2.4799992388579994e-06
1385,64532,1,1,1,2.1990017557982355e-06
1386,16041,1,0,0,1.4139986888039857e-06
1387,89118,1,1,1,2.139000571332872e-06
1388,48158,1,1,1,2.3320026230067015e-06
1389,64551,2,1,1,2.306001988472417e-06
1390,56360,1,1,1,2.453998604323715e-06
1391,64553,1,1,1,1.944001269293949e-06
1392,56365,1,1,1,2.140001015504822e-06
1393,23602,1,1,1,2.5369990908075124e-06
1394,31795,1,1,1,2.135002432623878e-06
1395,48186,2,1,1,2.5219997041858733e-06
1396,23613,2,1,1,3.0150004022289068e-06
1397,89158,1,1,1,2.0789993868675083e-06
1398,15451,3,1,1,3.3130017982330173e-06
1399,15453,1,1,1,2.053002390312031e-06
1400,15455,1,0,0,1.3800017768517137e-06
1401,80990,1,1,1,1.8559985619504005e-06
1402,80993,1,1,1,2.0450024749152362e-06
1403,56419,1,1,1,2.0600018615368754e-06
1404,64613,1,1,1,2.082000719383359e-06
1405,56423,1,1,1,2.0900006347801536e-06
1406,72808,1,1,1,2.1949999791104347e-06
1407,81003,1,1,1,1.8659993656910956e-06
1408,89196,1,1,1,2.3130014596972615e-06
1409,7279,1,1,1,1.9469989638309926e-06
1410,40061,1,1,1,2.329998096683994e-06
1411,7295,1,1,1,2.235003194073215e-06
1412,56455,1,1,1,2.0519983081612736e-06
1413,23698,1,1,1,2.2179992811288685e-06
1414,81044,1,1,1,3.029999788850546e-06
1415,81045,1,1,1,1.9090002751909196e-06
1416,81047,1,1,1,2.7004000003216788e-05
1417,15515,1,1,1,5.4390002333093435e-06
1418,40103,1,1,1,2.8409995138645172e-06
1419,23719,1,1,1,2.0500010577961802e-06
1420,23727,1,1,1,2.3219981812871993e-06
1421,15535,2,1,1,2.534001396270469e-06
1422,65042,1,0,0,1.5400000847876072e-06
1423,72891,1,1,1,2.254997525596991e-06
1424,7358,1,1,1,2.0519983081612736e-06
1425,15557,1,1,1,2.1600026229862124e-06
1426,15558,1,0,0,1.3940007193014026e-06
1427,31957,1,1,1,2.0030020095873624e-06
1428,72948,1,1,1,6.85600025462918e-06
1429,7413,1,1,1,2.0900006347801536e-06
1430,23801,1,1,1,2.0370025595184416e-06
1431,48377,1,1,1,2.0549996406771243e-06
1432,7417,1,1,1,1.8399987311568111e-06
1433,67676,2,0,0,1.5939986042212695e-06
1434,64767,1,1,1,2.263001078972593e-06
1435,40192,1,1,1,2.0810002752114087e-06
1436,40194,1,1,1,2.064000000245869e-06
1437,48390,1,1,1,2.197000867454335e-06
1438,48395,1,1,1,2.0619991119019687e-06
1439,56588,1,1,1,2.2569984139408916e-06
1440,56593,1,1,1,2.0119987311773002e-06
1441,15672,1,1,1,1.7419988580513746e-06
1442,64828,1,1,1,1.9559993233997375e-06
1443,56640,1,1,1,1.9280014385003597e-06
1444,32073,1,1,1,2.0089973986614496e-06
1445,40266,1,1,1,1.7610000213608146e-06
1446,40267,1,1,1,2.101998688885942e-06
1447,81225,1,1,1,1.9950020941905677e-06
1448,81230,1,1,1,2.08700294024311e-06
1449,23888,1,1,1,2.2240019461605698e-06
1450,23893,1,1,1,2.062999556073919e-06
1451,64894,1,1,1,2.1380001271609217e-06
1452,73100,1,1,1,2.177999704144895e-06
1453,73108,2,1,1,2.7290006983093917e-06
1454,81320,1,1,1,2.1079977159388363e-06
1455,81321,1,1,1,1.963999238796532e-06
1456,56775,1,1,1,2.215998392784968e-06
1457,64970,1,1,1,2.034998033195734e-06
1458,56780,1,1,1,1.9660001271404326e-06
1459,56781,1,1,1,1.9089966372121125e-06
1460,64982,1,1,1,2.0039988157805055e-06
1461,73177,1,1,1,2.243999915663153e-06
1462,73178,1,1,1,2.0450024749152362e-06
1463,7663,1,1,1,2.325999957975e-06
1464,24049,1,1,1,2.092998329317197e-06
1465,7682,1,1,1,2.2120002540759742e-06
1466,24098,1,1,1,2.4889995984267443e-06
1467,56881,1,1,1,1.8880018615163863e-06
1468,24115,1,1,1,2.5659974198788404e-06
1469,32318,1,1,1,2.664000930963084e-06
1470,32319,1,1,1,2.0669976947829127e-06
1471,48709,1,1,1,2.0510015019681305e-06
1472,56906,1,1,1,1.8290011212229729e-06
1473,24159,1,1,1,1.929998688865453e-06
1474,48747,1,1,1,2.064000000245869e-06
1475,40580,1,1,1,2.3799984774086624e-06
1476,40581,1,1,1,2.6130001060664654e-06
1477,40583,1,0,0,1.4709985407534987e-06
1478,56966,1,1,1,3.469001967459917e-06
1479,65159,1,1,1,2.18800050788559e-06
1480,32445,1,1,1,2.2849999368190765e-06
1481,32446,1,1,1,1.8760001694317907e-06
1482,40668,1,1,1,2.297001628903672e-06
1483,81653,1,1,1,2.2700005501974374e-06
1484,16118,1,1,1,2.3609973140992224e-06
1485,81656,1,1,1,2.0859988580923527e-06
1486,32506,1,1,1,1.9049984985031188e-06
1487,81661,1,1,1,1.9219987734686583e-06
1488,40710,1,1,1,2.2559979697689414e-06
1489,73480,1,1,1,2.01099828700535e-06
1490,73484,1,1,1,2.1790001483168453e-06
1491,24337,1,1,1,2.28699718718417e-06
1492,73495,1,1,1,2.4219989427365363e-06
1493,40736,1,1,1,2.1500018192455173e-06
1494,57121,1,1,1,1.8560021999292076e-06
1495,65320,1,1,1,1.967000571312383e-06
1496,7979,1,1,1,2.0840016077272594e-06
1497,73516,1,1,1,2.6620000426191837e-06
1498,16176,1,1,1,1.868000254034996e-06
1499,48961,1,1,1,1.972002792172134e-06
1500,8005,2,1,1,2.639997546793893e-06
1501,16205,1,1,1,2.0030020095873624e-06
1502,8019,1,1,1,2.133998350473121e-06
1503,40811,1,1,1,1.8639984773471951e-06
1504,65389,1,1,1,2.1219966583885252e-06
1505,49006,1,1,1,2.14999818126671e-06
1506,40820,1,1,1,2.0699990272987634e-06
1507,49014,1,1,1,2.1659980120602995e-06
1508,49018,1,0,0,1.4320030459202826e-06
1509,57207,1,1,1,2.0459992811083794e-06
1510,40825,1,1,1,1.9979997887276113e-06
1511,32636,1,1,1,2.020999090746045e-06
1512,32646,1,1,1,1.9899998733308166e-06
1513,57226,1,1,1,1.8280006770510226e-06
1514,73619,1,1,1,1.7659986042417586e-06
1515,73622,1,1,1,1.9029976101592183e-06
1516,8098,1,1,1,1.9950020941905677e-06
1517,8115,1,1,1,2.038999809883535e-06
1518,65461,1,1,1,1.7260026652365923e-06
1519,49085,1,1,1,1.7240017768926919e-06
1520,16329,1,1,1,2.1359992388170213e-06
1521,73692,1,1,1,2.040000254055485e-06
1522,73700,1,1,1,2.107000909745693e-06
1523,24552,1,1,1,1.7889979062601924e-06
1524,16361,1,1,1,1.7320016922894865e-06
1525,49139,1,1,1,2.073000359814614e-06
1526,16375,1,1,1,1.9189974409528077e-06
1527,8184,1,1,1,1.8050013750325888e-06
1528,81919,1,1,1,2.1329979063011706e-06
1529,49936,2,1,1,2.339998900424689e-06
1530,980,2,1,1,2.8669965104199946e-06
1531,75143,2,1,1,2.610002411529422e-06
1532,17835,2,1,1,2.7840032998938113e-06
1533,83816,2,1,1,2.4990004021674395e-06
1534,10298,2,1,1,2.3190004867501557e-06
1535,26957,2,1,1,2.3799984774086624e-06
1536,27119,2,1,1,2.6099987735506147e-06
1537,68824,2,1,1,2.730997948674485e-06
1538,36085,2,1,1,2.5789995561353862e-06
1539,3750,2,1,1,2.9559996619354934e-06
1540,12039,2,1,1,3.0410010367631912e-06
1541,29081,2,1,1,2.9319999157451093e-06
1542,78638,2,1,1,4.108002030989155e-06
1543,54250,2,1,1,2.4280016077682376e-06
1544,87044,3,1,1,2.9990005714353174e-06
1545,29815,2,1,1,2.387998392805457e-06
1546,21803,2,1,1,2.338998456252739e-06
1547,13993,2,1,1,2.691002009669319e-06
1548,88091,2,1,1,2.658998710103333e-06
1549,39378,2,1,1,2.4430009943898767e-06
1550,16390,2,2,1,1.1788997653638944e-05
1551,83277,3,1,0,2.558001142460853e-06
1552,8210,2,2,1,9.983003110392019e-06
1553,43491,3,1,0,3.7579993659164757e-06
1554,43494,2,0,0,2.249998942716047e-06
1555,32796,2,2,1,4.9640002544038e-06
1556,32797,2,2,1,3.7720019463449717e-06
1557,39827,2,1,0,2.052998752333224e-06
1558,82997,2,0,0,1.7930033209268004e-06
1559,16413,2,2,1,3.7579993659164757e-06
1560,17692,2,1,0,1.8840000848285854e-06
1561,28339,2,0,0,1.6899975889828056e-06
1562,32803,2,2,1,3.6150013329461217e-06
1563,24637,2,2,1,3.6330020520836115e-06
1564,8254,2,2,1,3.679000656120479e-06
1565,8263,3,2,1,4.722998710349202e-06
1566,87966,2,1,0,1.9270009943284094e-06
1567,57419,3,2,1,4.407000233186409e-06
1568,36721,2,1,0,1.7759994079824537e-06
1569,8270,2,2,1,3.6009987525176257e-06
1570,57424,2,2,1,3.2380012271460146e-06
1571,67225,2,1,0,1.7700003809295595e-06
1572,9818,4,1,1,3.908000508090481e-06
1573,65620,2,2,1,3.420998837100342e-06
1574,73829,2,2,1,3.7940008041914552e-06
1575,51218,2,1,0,1.8999999156221747e-06
1576,32872,2,2,1,3.832999937003478e-06
1577,8308,2,2,1,3.7860008887946606e-06
1578,65659,2,2,1,3.6999990697950125e-06
1579,83043,2,1,0,1.9360013538971543e-06
1580,65660,2,2,1,3.6989986256230623e-06
1581,41086,2,2,1,3.38700192514807e-06
1582,83219,2,1,0,1.9559993233997375e-06
1583,17036,2,0,0,1.748998329276219e-06
1584,16513,2,2,2,4.411998816067353e-06
1585,16514,2,2,1,3.7199970392975956e-06
1586,132,2,2,1,3.7719983083661646e-06
1587,8325,2,2,1,3.945999196730554e-06
1588,32903,2,2,1,3.6759993236046284e-06
1589,65675,2,2,1,3.6100027500651777e-06
1590,70767,2,1,0,2.0279985619708896e-06
1591,141,2,2,1,3.6619967431761324e-06
1592,32910,2,2,2,4.053999873576686e-06
1593,49298,2,2,2,3.8809994293842465e-06
1594,82069,2,2,1,3.444998583290726e-06
1595,67710,2,1,0,1.7290003597736359e-06
1596,82073,2,2,1,3.9579972508363426e-06
1597,16541,2,2,1,3.529999958118424e-06
1598,63639,2,1,0,1.9270009943284094e-06
1599,41117,2,2,1,3.974000719608739e-06
1600,24733,2,2,1,3.4759978007059544e-06
1601,24734,2,2,1,3.8569996831938624e-06
1602,36664,2,1,0,1.8499995348975062e-06
1603,73896,2,2,1,3.2999996619764715e-06
1604,32941,2,2,1,3.796998498728499e-06
1605,32946,2,2,1,5.39900065632537e-06
1606,32947,2,2,1,3.4560034691821784e-06
1607,32949,2,2,1,3.573000867618248e-06
1608,65719,2,2,1,3.617002221290022e-06
1609,183,2,2,1,3.453998942859471e-06
1610,8377,2,2,1,3.48799949279055e-06
1611,8380,2,2,1,3.4560034691821784e-06
1612,76891,2,1,0,1.7650017980486155e-06
1613,65726,2,2,1,3.6580022424459457e-06
1614,88573,3,1,0,2.130000211764127e-06
1615,23435,2,0,0,1.591000909684226e-06
1616,65727,2,2,1,3.7799982237629592e-06
1617,48559,2,1,0,1.8380014807917178e-06
1618,32969,2,2,1,3.2909993024077266e-06
1619,39645,2,1,0,1.7040001694113016e-06
1620,24782,2,2,1,3.550998371792957e-06
1621,70769,2,1,0,1.886997779365629e-06
1622,24783,2,2,1,3.4379991120658815e-06
1623,73937,2,2,1,3.3229989639949054e-06
1624,73942,2,2,1,3.2329990062862635e-06
1625,84532,2,1,0,1.8099999579135329e-06
1626,2648,4,1,1,3.817000106209889e-06
1627,222,2,2,1,3.2429998100269586e-06
1628,223,2,2,1,3.050001396331936e-06
1629,230,2,2,1,3.3619980968069285e-06
1630,82960,2,1,0,2.1099986042827368e-06
1631,2391,3,0,0,2.020002284552902e-06
1632,24816,2,2,1,3.3460019039921463e-06
1633,59522,2,1,0,1.8930004443973303e-06
1634,36708,2,0,0,1.6970006981864572e-06
1635,41209,2,2,1,3.929002559743822e-06
1636,42861,2,1,0,1.7860002117231488e-06
1637,41210,2,2,1,4.293000529287383e-06
1638,41212,2,2,1,3.953999112127349e-06
1639,82174,2,2,1,3.4659969969652593e-06
1640,49408,2,2,1,3.892000677296892e-06
1641,82177,2,2,1,1.8994996935361996e-05
1642,8451,2,2,1,4.003999492852017e-06
1643,15315,2,1,0,1.8799983081407845e-06
1644,33031,2,2,1,3.905002813553438e-06
1645,45955,2,1,0,1.7429993022233248e-06
1646,8478,2,2,1,3.569999535102397e-06
1647,16672,2,2,1,3.2579991966485977e-06
1648,24867,2,2,1,3.3959986467380077e-06
1649,16682,2,2,1,4.187000740785152e-06
1650,316,5,2,2,5.483001586981118e-06
1651,49469,2,2,1,3.6439996620174497e-06
1652,328,2,2,1,3.345001459820196e-06
1653,333,2,2,1,3.4189979487564415e-06
1654,336,2,2,1,3.254001057939604e-06
1655,65874,2,2,1,3.4280019463039935e-06
1656,82259,2,2,1,3.31109986291267e-05
1657,340,3,2,1,7.086997356964275e-06
1658,56591,2,1,0,3.0340015655383468e-06
1659,341,2,2,1,4.647998139262199e-06
1660,74069,2,2,1,4.315999831305817e-06
1661,52550,2,1,0,1.963999238796532e-06
1662,33113,2,2,1,8.168000931618735e-06
1663,82265,2,2,1,3.6719975469168276e-06
1664,33115,2,2,1,3.3799988159444183e-06
1665,24928,2,2,1,3.3819997042883188e-06
1666,24929,2,2,1,3.5129996831528842e-06
1667,24939,2,1,0,1.7909987946040928e-06
1668,65891,2,2,1,3.4759978007059544e-06
1669,33126,2,2,1,4.7339999582618475e-06
1670,8555,2,2,1,3.7630015867762268e-06
1671,367,2,2,1,4.120000085094944e-06
1672,65907,2,2,1,3.363998985150829e-06
1673,53303,2,1,0,1.887001417344436e-06
1674,53304,2,0,0,1.7879974620882422e-06
1675,8566,3,2,1,4.598001396516338e-06
1676,41340,2,2,2,4.739002179121599e-06
1677,82304,2,2,1,3.90199784305878e-06
1678,78498,2,1,0,1.8860009731724858e-06
1679,33154,2,2,1,3.7140016502235085e-06
1680,41347,2,2,1,3.701999958138913e-06
1681,34822,2,1,0,1.8830032786354423e-06
1682,41350,2,2,1,3.430999640841037e-06
1683,82313,2,2,1,3.1380004656966776e-06
1684,78552,2,1,0,1.8859973351936787e-06
1685,13805,2,0,0,1.7279999156016856e-06
1686,82316,2,2,1,3.755998477572575e-06
1687,82317,2,2,1,3.5179982660338283e-06
1688,398,2,2,1,3.991000994574279e-06
1689,396,2,2,1,3.373999788891524e-06
1690,77895,2,1,0,1.8120008462574333e-06
1691,49562,2,2,1,3.5810007830150425e-06
1692,60610,2,1,0,1.8219980120193213e-06
1693,418,2,2,1,3.444998583290726e-06
1694,65967,2,2,1,3.559998731361702e-06
1695,44075,2,1,0,1.7019992810674012e-06
1696,65971,2,2,1,3.258999640820548e-06
1697,449,2,2,1,3.4760014386847615e-06
1698,80289,2,1,0,1.7689999367576092e-06
1699,453,2,2,1,4.09700078307651e-06
1700,25031,2,2,1,3.6050005292054266e-06
1701,462,2,2,1,3.388999175513163e-06
1702,57811,2,2,1,3.4820004657376558e-06
1703,45492,2,1,0,1.87299883691594e-06
1704,63008,2,0,0,1.7179991118609905e-06
1705,25044,2,2,1,3.2850002753548324e-06
1706,8103,2,1,0,1.8989994714502245e-06
1707,33248,2,2,1,3.8670004869345576e-06
1708,25059,2,2,1,3.640998329501599e-06
1709,30006,2,1,0,1.8909995560534298e-06
1710,25065,2,2,1,3.4619988582562655e-06
1711,49649,2,2,1,3.6620003811549395e-06
1712,55113,2,1,0,2.04800016945228e-06
1713,49652,2,2,1,3.5379998735152185e-06
1714,8694,2,2,1,3.722001565620303e-06
1715,16889,2,2,1,3.287997969891876e-06
1716,2806,3,1,0,2.095999661833048e-06
1717,8698,2,2,1,3.397999535081908e-06
1718,49663,2,2,1,3.425000613788143e-06
1719,16900,2,2,1,3.3940013963729143e-06
1720,53256,3,1,0,2.3370012058876455e-06
1721,56771,2,0,0,1.811000402085483e-06
1722,25094,2,2,1,3.99600321543403e-06
1723,74246,2,2,1,3.3129981602542102e-06
1724,65478,3,1,0,2.062999556073919e-06
1725,10400,2,0,0,1.7450001905672252e-06
1726,16904,2,2,1,3.5439989005681127e-06
1727,62142,2,1,0,1.83499651029706e-06
1728,25097,2,2,1,3.8039979699533433e-06
1729,49690,2,2,1,3.6229976103641093e-06
1730,2406,2,1,0,1.8899991118814796e-06
1731,33307,2,2,1,3.297998773632571e-06
1732,49692,2,2,1,3.992998244939372e-06
1733,33308,2,2,1,5.207999492995441e-06
1734,50017,2,1,0,1.995998900383711e-06
1735,49696,2,2,1,3.4479999158065766e-06
1736,39690,2,1,0,1.805998181225732e-06
1737,33314,2,2,1,3.2999996619764715e-06
1738,33315,2,2,1,3.388999175513163e-06
1739,550,2,2,1,3.3010001061484218e-06
1740,552,2,2,1,2.75899947155267e-06
1741,16333,3,1,0,1.9649996829684824e-06
1742,82482,2,2,1,3.287001163698733e-06
1743,71598,2,1,0,1.853000867413357e-06
1744,82484,2,2,1,3.2339994504582137e-06
1745,58866,2,1,0,1.6849990061018616e-06
1746,33333,2,2,1,3.634999302448705e-06
1747,33339,2,2,1,3.206998371751979e-06
1748,31193,2,1,0,1.8450009520165622e-06
1749,45337,3,1,1,2.9270013328641653e-06
1750,13106,2,1,1,2.611999661894515e-06
1751,33345,2,2,1,3.5330012906342745e-06
1752,74305,2,2,1,3.3560027077328414e-06
1753,57928,2,2,1,3.478002327028662e-06
1754,8787,2,2,1,3.3090000215452164e-06
1755,8793,2,2,1,3.877001290675253e-06
1756,11635,2,1,0,1.796001015463844e-06
1757,33369,2,2,1,3.264998667873442e-06
1758,36546,2,1,0,1.7099991964641958e-06
1759,78168,2,0,0,1.5929981600493193e-06
1760,25188,2,2,1,3.459001163719222e-06
1761,25193,2,2,1,3.610999556258321e-06
1762,618,2,2,1,3.4149998100474477e-06
1763,25196,2,2,1,3.6380006349645555e-06
1764,623,2,2,1,3.2240022846963257e-06
1765,63179,2,1,0,1.7899983504321426e-06
1766,82547,2,2,1,3.4040022001136094e-06
1767,17012,2,2,1,3.0150004022289068e-06
1768,86180,2,1,0,1.7570018826518208e-06
1769,87079,2,0,0,1.6640005924273282e-06
1770,82549,2,2,1,3.159999323543161e-06
1771,49785,2,2,1,3.3340002119075507e-06
1772,49789,2,2,1,3.4700024116318673e-06
1773,74367,2,2,1,3.797998942900449e-06
1774,17026,2,2,1,3.5520024539437145e-06
1775,8835,2,2,1,3.2620009733363986e-06
1776,74370,2,2,1,3.3760006772354245e-06
1777,72542,2,1,0,1.7929996829479933e-06
1778,8837,2,2,1,3.335000656079501e-06
1779,10409,3,1,0,2.192999090766534e-06
1780,66184,2,2,1,3.4820004657376558e-06
1781,70732,5,1,0,2.839999069692567e-06
1782,41620,2,2,1,3.703000402310863e-06
1783,17053,2,2,1,3.397999535081908e-06
1784,2265,2,1,0,1.791999238776043e-06
1785,58014,2,2,1,3.2520001695957035e-06
1786,58016,2,2,1,3.1320014386437833e-06
1787,82914,2,1,0,1.6849990061018616e-06
1788,66218,2,2,1,2.9699986043851823e-06
1789,77457,3,1,0,1.9750004867091775e-06
1790,79293,4,1,1,3.854001988656819e-06
1791,41650,2,2,1,3.7489990063477308e-06
1792,86534,2,1,0,1.7239981389138848e-06
1793,49846,2,2,1,3.8090001908130944e-06
1794,33462,2,2,1,3.5800003388430923e-06
1795,83810,2,1,0,1.7310012481175363e-06
1796,697,2,2,1,3.426001057960093e-06
1797,11474,2,1,0,1.748998329276219e-06
1798,701,2,2,1,3.615998139139265e-06
1799,8901,2,2,1,3.4379991120658815e-06
1800,81767,2,1,0,1.7279999156016856e-06
1801,712,2,2,1,3.417000698391348e-06
1802,82633,2,2,1,3.4770018828567117e-06
1803,8906,2,2,1,3.911998646799475e-06
1804,33487,2,2,1,3.234999894630164e-06
1805,66264,2,2,1,3.6450001061894e-06
1806,728,2,2,1,3.2479983929079026e-06
1807,729,2,2,1,3.2520001695957035e-06
1808,14322,2,1,0,1.7120000848080963e-06
1809,66269,2,2,1,3.7999998312443495e-06
1810,41696,2,2,1,3.0660012271255255e-06
1811,41698,2,2,1,3.5049997677560896e-06
1812,753,2,2,1,3.36800076183863e-06
1813,754,2,2,1,3.7900026654824615e-06
1814,17154,2,2,1,3.378998371772468e-06
1815,47534,2,1,0,1.6160011000465602e-06
1816,17155,2,2,1,3.203000233042985e-06
1817,36706,3,1,0,2.0570005290210247e-06
1818,41738,2,2,1,3.731998731382191e-06
1819,779,2,2,1,3.6279998312238604e-06
1820,58123,2,2,1,3.288001607870683e-06
1821,12068,2,1,0,1.7029997252393514e-06
1822,58126,2,2,1,3.812998329522088e-06
1823,20273,2,1,0,1.7120000848080963e-06
1824,78656,2,0,0,1.6989979485515505e-06
1825,58129,2,2,1,3.1570016290061176e-06
1826,33563,2,2,1,3.3039978006854653e-06
1827,33564,2,2,1,3.96000177715905e-06
1828,33571,2,2,2,4.204001015750691e-06
1829,25405,2,2,1,3.1899980967864394e-06
1830,74559,2,2,1,3.5630000638775527e-06
1831,74561,2,2,1,3.426997864153236e-06
1832,82755,2,2,1,3.6089986679144204e-06
1833,49994,2,2,1,3.7140016502235085e-06
1834,88074,2,1,0,1.7339989426545799e-06
1835,74577,2,2,1,3.4940021578222513e-06
1836,25968,2,1,0,1.7099991964641958e-06
1837,74578,2,2,1,3.187000402249396e-06
1838,74581,3,2,1,4.631001502275467e-06
1839,29652,2,1,0,1.7179991118609905e-06
1840,50016,2,2,1,3.6290002753958106e-06
1841,41840,2,2,1,3.7680001696571708e-06
1842,884,2,2,1,3.19299942930229e-06
1843,885,2,2,1,2.7900023269467056e-06
1844,58441,3,1,0,1.9420003809500486e-06
1845,77664,3,0,0,1.8050013750325888e-06
1846,41845,2,2,1,3.2770003599580377e-06
1847,28058,2,1,0,1.8740029190666974e-06
1848,88794,3,0,0,1.8600003386382014e-06
1849,66428,2,2,1,3.3139986044261605e-06
1850,16372,2,1,0,1.7610000213608146e-06
1851,41858,2,2,1,2.811000740621239e-06
1852,17290,2,2,2,3.7680001696571708e-06
1853,25482,2,2,1,3.426001057960093e-06
1854,83955,2,1,0,1.691998477326706e-06
1855,60016,2,0,0,1.6550002328585833e-06
1856,17293,2,2,1,3.549997927621007e-06
1857,14066,2,1,0,1.8450009520165622e-06
1858,56792,2,0,0,1.6949998098425567e-06
1859,33693,2,2,1,3.588000254239887e-06
1860,50083,2,2,1,5.202000465942547e-06
1861,33720,2,2,1,3.315999492770061e-06
1862,52216,2,1,0,1.7890015442389995e-06
1863,58297,2,2,1,3.553999704308808e-06
1864,953,2,2,1,3.4959994081873447e-06
1865,33721,2,2,1,3.4910008253064007e-06
1866,39584,2,1,0,1.7849997675511986e-06
1867,58300,2,2,1,3.4570002753753215e-06
1868,21450,2,1,0,1.6800004232209176e-06
1869,82874,2,2,1,3.211996954632923e-06
1870,75025,2,1,0,1.6280027921311557e-06
1871,3997,2,0,0,1.6049998521339148e-06
1872,33724,2,2,1,3.4999975468963385e-06
1873,86420,2,1,0,1.77200126927346e-06
1874,41935,2,2,1,3.4820004657376558e-06
1875,54400,2,1,0,1.7519996617920697e-06
1876,66516,2,2,1,3.439003194216639e-06
1877,33750,2,2,1,3.3369979064445943e-06
1878,82911,2,2,1,3.4279983083251864e-06
1879,33765,2,2,1,3.2190000638365746e-06
1880,999,2,2,1,3.4810000215657055e-06
1881,41970,3,2,1,3.634999302448705e-06
1882,52267,2,1,0,2.607200076454319e-05
1883,25587,2,2,1,5.669000529451296e-06
1884,41971,2,2,1,4.457000613911077e-06
1885,66553,3,2,1,5.026999133406207e-06
1886,58372,2,2,1,3.6950004869140685e-06
1887,52493,2,1,0,1.8310020095668733e-06
1888,58377,2,2,1,3.5630000638775527e-06
1889,58379,2,2,1,3.1320014386437833e-06
1890,74783,2,2,1,8.069000614341348e-06
1891,50222,2,2,1,3.106000804109499e-06
1892,50242,2,2,1,3.5820012271869928e-06
1893,42053,2,2,1,3.529999958118424e-06
1894,83014,2,2,1,3.670000296551734e-06
1895,33863,2,2,1,3.966000804211944e-06
1896,25676,2,2,1,3.2099997042678297e-06
1897,13991,3,1,0,2.143999154213816e-06
1898,33868,3,2,1,5.3679978009313345e-06
1899,83025,2,2,1,3.5199991543777287e-06
1900,17514,2,2,1,3.6890014598611742e-06
1901,50305,2,2,1,2.9559996619354934e-06
1902,9346,2,2,1,3.0529990908689797e-06
1903,85972,2,1,0,1.6640005924273282e-06
1904,1153,3,2,1,4.352001269580796e-06
1905,22178,2,1,0,1.7830025171861053e-06
1906,50311,2,2,1,3.834000381175429e-06
1907,1163,2,2,1,3.379002009751275e-06
1908,58513,2,2,1,3.117002052022144e-06
1909,11468,2,1,0,1.6220001270994544e-06
1910,58516,2,2,1,3.1339986890088767e-06
1911,58529,2,2,1,3.3180003811139613e-06
1912,58533,2,2,1,3.6710007407236844e-06
1913,9385,2,2,1,3.306999133201316e-06
1914,9388,2,2,1,3.4510012483224273e-06
1915,74928,2,2,1,2.9809998522978276e-06
1916,50359,2,2,1,2.7579990273807198e-06
1917,33976,2,2,1,3.043998731300235e-06
1918,50374,2,2,1,3.4080003388226032e-06
1919,66800,2,2,1,3.697998181451112e-06
1920,50446,2,2,2,4.0049999370239675e-06
1921,5251,2,1,1,2.515000232961029e-06
1922,1295,2,2,1,3.364999429322779e-06
1923,71684,2,1,0,1.7469974409323186e-06
1924,1297,2,2,1,5.791000148747116e-06
1925,75031,2,2,1,3.5470002330839634e-06
1926,83223,2,2,1,3.578999894671142e-06
1927,83225,3,2,1,4.112996975891292e-06
1928,17690,2,2,1,3.860997821902856e-06
1929,25884,2,2,1,3.4420008887536824e-06
1930,32348,2,1,0,1.7920028767548501e-06
1931,9504,2,2,1,3.4479999158065766e-06
1932,58657,2,2,1,3.2389980333391577e-06
1933,1933,2,1,0,1.7620004655327648e-06
1934,58659,2,2,1,3.263998223701492e-06
1935,42277,2,2,1,3.4910008253064007e-06
1936,58674,2,2,1,3.2290008675772697e-06
1937,83253,2,2,1,3.530996764311567e-06
1938,75068,2,2,1,3.1080016924533993e-06
1939,83263,2,2,1,3.010998625541106e-06
1940,70905,3,1,0,2.128999767592177e-06
1941,75072,2,2,1,3.2819989428389817e-06
1942,68786,2,1,0,1.838998286984861e-06
1943,75073,2,2,1,3.4279983083251864e-06
1944,14560,2,1,0,1.7880011000670493e-06
1945,66879,2,2,1,3.6669989640358835e-06
1946,78173,2,1,0,1.7980019038077444e-06
1947,66884,2,2,1,3.5090015444438905e-06
1948,6440,2,1,0,1.7019992810674012e-06
1949,66885,2,2,1,3.5189987102057785e-06
1950,66886,2,2,1,3.7579993659164757e-06
1951,58836,2,1,0,1.8800019461195916e-06
1952,9550,2,2,1,3.0750015866942704e-06
1953,9911,2,1,0,1.7460006347391754e-06
1954,34132,2,2,1,3.7290010368451476e-06
1955,75093,2,2,1,3.465000190772116e-06
1956,79188,2,1,0,1.7710008251015097e-06
1957,67113,2,0,0,1.7860002117231488e-06
1958,75092,3,2,1,3.622000804170966e-06
1959,14557,2,1,0,1.7169986676890403e-06
1960,60011,2,0,0,1.6079975466709584e-06
1961,75096,2,2,1,3.4330005291849375e-06
1962,75101,2,2,1,3.3670003176666796e-06
1963,50532,3,2,1,4.026998794870451e-06
1964,72175,2,1,0,1.7179991118609905e-06
1965,50543,2,2,1,3.38800236932002e-06
1966,50544,2,2,1,3.4290023904759437e-06
1967,66927,2,2,1,3.5720004234462976e-06
1968,16212,2,1,0,1.8020000425167382e-06
1969,50547,2,2,1,3.7569989217445254e-06
1970,50548,2,2,1,3.3989999792538583e-06
1971,34164,2,2,1,3.1900017347652465e-06
1972,50550,3,2,1,4.072000592714176e-06
1973,5402,2,1,0,1.6970006981864572e-06
1974,5744,2,0,0,1.701002474874258e-06
1975,50554,2,2,1,3.5190023481845856e-06
1976,42363,2,2,1,2.996002876898274e-06
1977,1404,2,2,1,3.454999387031421e-06
1978,42584,2,1,0,1.8270002328790724e-06
1979,9601,2,2,1,3.6099991120863706e-06
1980,55441,2,1,0,1.8119972082786262e-06
1981,42373,2,2,1,3.545999788912013e-06
1982,36459,2,1,0,1.7550009943079203e-06
1983,42375,2,2,1,3.2520001695957035e-06
1984,42377,2,2,1,3.2220013963524252e-06
1985,66955,2,2,1,3.373999788891524e-06
1986,42379,3,2,1,3.7000027077738196e-06
1987,71102,2,1,0,1.7279999156016856e-06
1988,66973,2,2,1,4.21599906985648e-06
1989,421,3,1,0,2.0899969968013465e-06
1990,42399,2,2,1,3.258999640820548e-06
1991,26023,2,2,1,3.4959994081873447e-06
1992,58793,2,2,1,3.0700030038133264e-06
1993,50605,2,2,1,3.712000761879608e-06
1994,58798,2,2,1,3.3860014809761196e-06
1995,18781,2,1,0,1.8560021999292076e-06
1996,31878,2,0,0,1.6880003386177123e-06
1997,9647,2,2,1,2.968001354020089e-06
1998,66989,2,2,1,3.812998329522088e-06
1999,75185,2,2,1,3.0570008675567806e-06
2000,50606,2,2,1,3.7340032577048987e-06
2001,83863,2,1,0,1.7460006347391754e-06
2002,61247,3,1,1,3.9373000618070364e-05
2003,50614,2,2,1,3.941997420042753e-06
2004,72894,2,1,0,1.7780002963263541e-06
2005,66999,3,2,1,3.885001206072047e-06
2006,81698,2,1,0,1.8700011423788965e-06
2007,50618,2,2,1,3.670000296551734e-06
2008,1468,2,2,1,4.074001481058076e-06
2009,50622,2,2,1,3.2749994716141373e-06
2010,51692,2,1,0,1.7370002751704305e-06
2011,57205,4,1,1,3.4090007829945534e-06
2012,48389,2,1,1,2.8710019250866026e-06
2013,9669,2,2,1,3.6179990274831653e-06
2014,9679,2,2,1,3.817996912403032e-06
2015,52919,2,1,0,1.781998435035348e-06
2016,83412,2,2,1,3.4559998312033713e-06
2017,9685,2,2,1,3.453998942859471e-06
2018,83415,2,2,1,3.2240022846963257e-06
2019,42457,2,2,1,3.927001671399921e-06
2020,9690,2,2,1,3.663997631520033e-06
2021,42465,2,2,1,3.5630000638775527e-06
2022,7416,2,1,0,1.8639984773471951e-06
2023,42467,3,2,1,3.831999492831528e-06
2024,40515,2,1,0,1.8190003174822778e-06
2025,67053,2,2,1,3.183002263540402e-06
2026,9713,2,2,1,3.287001163698733e-06
2027,9716,2,2,1,3.260000084992498e-06
2028,17913,2,2,1,3.9240003388840705e-06
2029,17915,2,2,1,3.3380019885953516e-06
2030,67071,2,2,1,3.655000909930095e-06
2031,1536,2,2,1,3.3059986890293658e-06
2032,67076,2,2,1,3.827000909950584e-06
2033,34313,2,2,1,3.1050003599375486e-06
2034,55637,2,1,0,1.7210004443768412e-06
2035,1552,2,2,1,3.2229982025455683e-06
2036,26883,2,1,0,1.8040009308606386e-06
2037,17944,2,2,1,3.3220021578017622e-06
2038,1565,2,2,1,3.92299989471212e-06
2039,69106,2,1,0,1.7220008885487914e-06
2040,26144,2,2,1,3.4340009733568877e-06
2041,34338,2,2,1,3.7720019463449717e-06
2042,5874,2,1,0,1.815002178773284e-06
2043,67106,2,2,1,3.5479970392771065e-06
2044,1570,2,2,2,3.6720011848956347e-06
2045,75304,2,2,1,3.558998287189752e-06
2046,75305,2,2,1,3.430999640841037e-06
2047,71950,2,1,0,1.7499987734481692e-06
2048,51056,2,0,0,1.772998075466603e-06
2049,67114,2,2,1,3.321998519822955e-06
2050,75315,2,2,1,3.34899959852919e-06
2051,42550,2,2,1,3.4519980545155704e-06
2052,51804,2,1,0,1.8290011212229729e-06
2053,67129,2,2,1,3.3240030461456627e-06
2054,61133,2,1,0,1.6140002117026597e-06
2055,59061,2,0,0,1.6539997886866331e-06
2056,75323,2,2,1,3.086999640800059e-06
2057,30522,2,1,0,1.8420032574795187e-06
2058,84827,2,0,0,1.734002580633387e-06
2059,26180,5,2,1,5.297999450704083e-06
2060,26184,2,2,1,3.6090023058932275e-06
2061,9801,2,2,1,3.693996404763311e-06
2062,9802,2,2,1,3.4620024962350726e-06
2063,83539,2,2,1,3.340999683132395e-06
2064,67171,2,2,1,3.0659975891467184e-06
2065,22010,2,1,0,1.8930004443973303e-06
2066,5642,2,0,0,1.6560006770305336e-06
2067,42599,2,2,1,3.479002771200612e-06
2068,9833,2,2,1,3.4770018828567117e-06
2069,34410,2,2,1,3.0660012271255255e-06
2070,34414,2,2,1,3.1230010790750384e-06
2071,13268,2,1,0,1.6849990061018616e-06
2072,47779,6,1,1,4.295001417631283e-06
2073,1657,2,2,1,3.36900120601058e-06
2074,42618,2,2,1,3.216999175492674e-06
2075,42621,2,2,1,3.3659998734947294e-06
2076,59006,2,2,1,3.24900247505866e-06
2077,1663,2,2,1,3.254001057939604e-06
2078,26251,2,2,1,3.2819989428389817e-06
2079,67213,2,2,1,3.454999387031421e-06
2080,42637,2,2,1,3.5320008464623243e-06
2081,42641,2,2,1,3.4240001696161926e-06
2082,50841,2,2,1,3.3890028134919703e-06
2083,67228,2,2,2,3.967998054577038e-06
2084,9885,2,2,2,3.441000444581732e-06
2085,67231,2,2,1,3.498000296531245e-06
2086,42676,2,2,1,3.6900019040331244e-06
2087,9909,2,2,1,3.088996891165152e-06
2088,59063,2,2,1,3.701999958138913e-06
2089,13535,2,1,0,1.8229984561912715e-06
2090,75454,2,2,2,3.5759985621552914e-06
2091,26302,2,2,1,3.716999344760552e-06
2092,26303,2,2,1,3.4959994081873447e-06
2093,67270,2,2,1,3.3389987947884947e-06
2094,9926,2,2,1,2.826000127242878e-06
2095,67281,2,2,1,3.484001354081556e-06
2096,59096,2,2,2,2.9631999495904893e-05
2097,9956,2,2,1,7.833001291146502e-06
2098,9957,2,2,1,5.614001565845683e-06
2099,42738,2,2,1,3.9570004446431994e-06
2100,50937,2,2,1,3.7669997254852206e-06
2101,19255,2,1,0,2.1460000425577164e-06
2102,67321,4,2,2,5.625999619951472e-06
2103,75515,2,2,1,4.224999429425225e-06
2104,83736,2,2,1,3.6390010791365057e-06
2105,1820,2,2,1,3.2569987524766475e-06
2106,1825,2,2,1,3.3809992601163685e-06
2107,34601,2,2,1,3.2999996619764715e-06
2108,75569,2,2,1,3.4760014386847615e-06
2109,62602,2,1,0,1.7560014384798706e-06
2110,75570,2,2,1,3.5660013963934034e-06
2111,1847,2,2,1,3.2859970815479755e-06
2112,53360,2,1,0,1.7699967429507524e-06
2113,21373,2,0,0,1.6939993656706065e-06
2114,1850,2,2,1,3.3579999580979347e-06
2115,10062,2,2,2,6.969999958528206e-06
2116,26449,2,2,1,3.7239988159853965e-06
2117,83798,2,2,1,3.339999238960445e-06
2118,18263,2,2,1,3.4389995562378317e-06
2119,89100,2,1,0,1.857999450294301e-06
2120,51033,2,2,1,3.465000190772116e-06
2121,35151,2,1,0,1.7759994079824537e-06
2122,26457,2,2,1,3.3420001273043454e-06
2123,10073,2,2,1,3.249999281251803e-06
2124,51037,2,2,1,3.4330005291849375e-06
2125,59233,2,2,1,3.203000233042985e-06
2126,75617,2,2,1,3.5140001273248345e-06
2127,26467,2,2,1,3.4559998312033713e-06
2128,26470,2,2,1,2.9620023269671947e-06
2129,59239,2,2,1,3.4950026019942015e-06
2130,51057,2,2,1,3.302000550320372e-06
2131,75638,2,2,1,3.406999894650653e-06
2132,88103,2,1,0,1.8979990272782743e-06
2133,1926,2,2,1,3.975997969973832e-06
2134,51080,2,2,1,3.0750015866942704e-06
2135,51084,2,2,1,3.46999877365306e-06
2136,51090,2,2,1,3.4389995562378317e-06
2137,51100,2,2,1,3.1480012694373727e-06
2138,42927,2,2,1,3.244000254198909e-06
2139,59318,2,2,1,3.0840019462630153e-06
2140,42938,2,2,1,3.450000804150477e-06
2141,18379,2,2,1,3.293000190751627e-06
2142,67601,2,1,0,1.8399987311568111e-06
2143,34771,2,2,1,3.3280011848546565e-06
2144,26583,2,2,2,3.6890014598611742e-06
2145,71460,3,1,1,3.2579991966485977e-06
2146,10200,2,2,1,3.863999154418707e-06
2147,10201,2,2,1,3.273002221249044e-06
2148,67552,2,2,1,3.1960007618181407e-06
2149,22177,2,1,0,1.7529964679852128e-06
2150,26606,2,2,1,3.38800236932002e-06
2151,26607,2,2,1,3.19299942930229e-06
2152,51191,2,2,1,3.510998794808984e-06
2153,34812,2,2,1,3.197998012183234e-06
2154,72212,2,1,0,1.7319980543106794e-06
2155,30245,2,0,0,1.6069971024990082e-06
2156,34823,2,2,1,3.0800001695752144e-06
2157,83980,2,2,1,3.873999958159402e-06
2158,34840,2,2,1,3.9669976104050875e-06
2159,83996,2,2,1,3.126002411590889e-06
2160,13099,2,1,0,1.6920021153055131e-06
2161,63709,2,0,0,1.6529993445146829e-06
2162,18461,3,2,1,4.05999890062958e-06
2163,75809,2,2,1,3.4999975468963385e-06
2164,51237,2,2,2,4.118999640922993e-06
2165,2086,2,2,1,3.4759978007059544e-06
2166,2091,2,2,2,3.592998837120831e-06
2167,20488,2,1,1,2.8479989850893617e-06
2168,34859,2,2,1,3.3610012906137854e-06
2169,5298,2,1,0,1.8129976524505764e-06
2170,51249,2,2,1,3.1999989005271345e-06
2171,48124,2,1,0,1.8410028133075684e-06
2172,51251,2,0,0,1.6750018403399736e-06
2173,51252,2,2,1,3.078999725403264e-06
2174,18485,2,2,1,3.355002263560891e-06
2175,18487,2,2,1,3.5180019040126354e-06
2176,59447,3,2,1,4.453002475202084e-06
2177,10299,2,2,1,3.6059973353985697e-06
2178,31877,4,1,0,2.387001586612314e-06
2179,51263,2,2,2,5.764999514212832e-06
2180,67662,2,2,1,3.6089986679144204e-06
2181,10325,2,2,1,3.496999852359295e-06
2182,81390,2,1,0,1.7509992176201195e-06
2183,59478,2,2,1,3.4479999158065766e-06
2184,43097,2,2,1,3.3270007406827062e-06
2185,43100,2,2,1,3.2419993658550084e-06
2186,51307,2,2,1,3.463999746600166e-06
2187,51322,2,1,0,1.8409991753287613e-06
2188,51315,4,2,1,4.538000212050974e-06
2189,8056,2,1,0,1.9370017980691046e-06
2190,51318,3,2,1,3.659999492811039e-06
2191,59511,2,2,1,2.953998773591593e-06
2192,59514,2,2,1,3.7280005926731974e-06
2193,59516,2,2,1,3.3079995773732662e-06
2194,2175,2,2,1,3.197998012183234e-06
2195,67711,2,2,1,3.864999598590657e-06
2196,49084,2,1,0,1.8370010366197675e-06
2197,34945,2,2,1,3.4420008887536824e-06
2198,2178,3,2,1,3.798002580879256e-06
2199,11213,2,1,0,1.7309976101387292e-06
2200,67718,2,2,1,3.449000359978527e-06
2201,67720,2,2,1,3.46999877365306e-06
2202,51348,2,2,1,3.411001671338454e-06
2203,15868,2,1,0,1.69699706020765e-06
2204,10393,2,2,1,3.7680001696571708e-06
2205,51356,2,2,1,3.2369971449952573e-06
2206,51358,2,2,1,3.696997737279162e-06
2207,18592,2,2,1,3.839999408228323e-06
2208,75943,2,2,2,4.100998921785504e-06
2209,43178,2,2,1,3.340999683132395e-06
2210,59584,2,2,1,3.3520009310450405e-06
2211,29914,2,1,0,1.9459985196590424e-06
2212,51398,2,2,1,3.4039985621348023e-06
2213,51402,2,2,1,3.5810007830150425e-06
2214,35022,2,2,1,2.9670009098481387e-06
2215,75982,2,2,1,3.6769997677765787e-06
2216,71109,2,1,0,1.8790015019476414e-06
2217,10451,2,2,1,3.363998985150829e-06
2218,10454,2,2,1,3.287001163698733e-06
2219,10518,2,1,0,1.7469974409323186e-06
2220,12210,3,1,1,2.829998265951872e-06
2221,51415,2,2,1,3.2669995562173426e-06
2222,2266,2,2,1,3.4799995773937553e-06
2223,43228,2,2,2,3.850000211969018e-06
2224,77486,2,1,1,2.549000782892108e-06
2225,10464,2,2,1,4.180001269560307e-06
2226,51427,2,2,1,3.245000698370859e-06
2227,29645,2,1,0,1.7809979908633977e-06
2228,51428,2,2,1,3.2989992178045213e-06
2229,51431,2,1,0,1.686999894445762e-06
2230,18665,2,2,2,3.6940000427421182e-06
2231,35051,2,2,1,3.550001565599814e-06
2232,59629,2,2,1,3.2099997042678297e-06
2233,3752,2,1,0,1.791999238776043e-06
2234,60672,3,1,1,3.0199989851098508e-06
2235,43255,2,2,1,3.498000296531245e-06
2236,26872,2,2,1,3.326000296510756e-06
2237,2297,2,2,1,3.5039993235841393e-06
2238,56671,2,1,0,1.9069993868470192e-06
2239,43257,2,2,1,3.354001819388941e-06
2240,2299,2,2,1,3.48799949279055e-06
2241,43260,3,2,2,4.765002813655883e-06
2242,68337,2,1,1,2.8040012693963945e-06
2243,35070,2,2,1,4.964997060596943e-06
2244,59647,2,2,1,3.498000296531245e-06
2245,5515,2,1,0,1.7380007193423808e-06
2246,84225,3,2,2,4.174002242507413e-06
2247,10498,2,2,1,3.840999852400273e-06
2248,88689,2,1,0,1.8229984561912715e-06
2249,10502,2,2,1,3.3280011848546565e-06
2250,32494,2,1,0,1.715001417323947e-06
2251,51469,2,2,1,2.962999133160338e-06
2252,76691,2,1,0,1.7860002117231488e-06
2253,10522,2,2,1,3.2089992600958794e-06
2254,10525,2,2,1,3.465000190772116e-06
2255,10526,2,2,1,3.0699993658345193e-06
2256,11211,2,1,0,1.7860002117231488e-06
2257,55504,2,0,0,1.6039994079619646e-06
2258,43300,2,2,1,4.064000677317381e-06
2259,51496,2,2,1,3.787001332966611e-06
2260,2345,2,2,1,3.520999598549679e-06
2261,67883,2,2,1,3.429999196669087e-06
2262,12433,2,1,0,1.7370002751704305e-06
2263,21156,2,0,0,1.6480007616337389e-06
2264,67885,2,2,1,3.339999238960445e-06
2265,59698,2,2,1,3.2750031095929444e-06
2266,22665,2,1,0,1.720000000204891e-06
2267,51508,2,2,1,3.4769982448779047e-06
2268,84280,2,2,1,3.4049990063067526e-06
2269,84281,2,2,1,3.814999217865989e-06
2270,84282,2,2,1,3.2179996196646243e-06
2271,43323,2,2,2,3.46999877365306e-06
2272,67918,2,2,1,3.4769982448779047e-06
2273,88594,2,1,0,1.8799983081407845e-06
2274,59731,2,2,2,3.555000148480758e-06
2275,10583,2,2,1,3.3659998734947294e-06
2276,15921,2,1,0,1.7420024960301816e-06
2277,43355,2,2,1,3.2610005291644484e-06
2278,35164,2,2,1,3.392000508029014e-06
2279,43357,2,2,1,3.3230026019737124e-06
2280,78493,2,1,0,1.7189995560329407e-06
2281,59744,2,2,1,3.740999090950936e-06
2282,76135,2,2,1,3.248998837079853e-06
2283,35181,2,2,1,3.4189979487564415e-06
2284,51585,2,2,1,3.143999492749572e-06
2285,84358,2,2,1,3.1229974410962313e-06
2286,84360,2,2,1,3.5330012906342745e-06
2287,59788,3,2,1,3.908000508090481e-06
2288,36426,3,1,1,3.244000254198909e-06
2289,27023,2,2,1,3.416000254219398e-06
2290,2447,2,2,1,3.1089984986465424e-06
2291,35218,2,2,1,3.3799988159444183e-06
2292,78747,2,1,0,1.6030026017688215e-06
2293,35221,2,2,1,3.1189993023872375e-06
2294,59804,2,2,1,3.221000952180475e-06
2295,51617,2,2,1,3.641001967480406e-06
2296,35234,2,2,1,3.5480006772559136e-06
2297,51618,2,2,1,3.05499997921288e-06
2298,22012,2,1,0,1.7540005501359701e-06
2299,48211,2,0,0,1.5859986888244748e-06
2300,18858,2,2,1,3.2989992178045213e-06
2301,76207,2,2,1,3.273002221249044e-06
2302,46235,2,1,0,1.7089987522922456e-06
2303,68023,2,2,1,3.216999175492674e-06
2304,76216,2,2,1,3.38700192514807e-06
2305,43459,3,2,1,4.5100023271515965e-06
2306,43460,2,2,1,3.3389987947884947e-06
2307,23990,2,1,0,1.8789978639688343e-06
2308,43462,2,2,1,3.5370030673220754e-06
2309,2503,2,2,1,3.2280004234053195e-06
2310,10705,2,2,1,3.801997081609443e-06
2311,68052,2,2,1,3.1419986044056714e-06
2312,68053,2,1,0,1.7019992810674012e-06
2313,10709,2,2,1,3.0519986466970295e-06
2314,59865,2,2,1,8.413000614382327e-06
2315,89112,2,1,0,3.098000888712704e-06
2316,68065,2,2,1,4.622001142706722e-06
2317,18916,2,2,1,3.6040000850334764e-06
2318,68071,2,2,1,3.5150005714967847e-06
2319,44310,2,1,0,1.8899991118814796e-06
2320,2538,2,2,2,4.68700091005303e-06
2321,18924,2,2,2,9.036000847117975e-06
2322,18926,2,2,2,4.1530001908540726e-06
2323,27120,2,2,1,3.6750025174114853e-06
2324,27121,2,1,0,1.7569982446730137e-06
2325,10756,2,2,1,3.7530007830355316e-06
2326,51720,2,2,1,3.460001607891172e-06
2327,68120,2,2,1,3.215998731320724e-06
2328,59932,2,2,1,3.5760022001340985e-06
2329,80518,2,1,0,1.7730017134454101e-06
2330,59937,2,2,1,3.896999260177836e-06
2331,76327,2,2,1,3.435998223721981e-06
2332,59955,2,2,1,3.125001967418939e-06
2333,59972,2,2,1,3.364999429322779e-06
2334,19025,2,2,1,2.8949980332981795e-06
2335,68180,2,2,1,3.82300277124159e-06
2336,69179,2,1,0,1.6800004232209176e-06
2337,35426,2,2,1,3.4420008887536824e-06
2338,80423,2,1,0,1.6689991753082722e-06
2339,10851,2,2,1,3.66400126949884e-06
2340,22590,2,1,0,1.7639977158978581e-06
2341,60009,2,2,1,3.335000656079501e-06
2342,2666,2,2,1,3.5939992812927812e-06
2343,60010,2,2,1,3.96000177715905e-06
2344,60012,2,2,1,3.102002665400505e-06
2345,10867,2,2,1,3.283999831182882e-06
2346,48476,2,1,0,1.886997779365629e-06
2347,84599,2,2,1,3.6050005292054266e-06
2348,43651,2,2,1,3.1989984563551843e-06
2349,2695,2,2,1,3.4320000850129873e-06
2350,2698,2,2,1,3.2669995562173426e-06
2351,19087,2,2,1,3.2280004234053195e-06
2352,24035,3,1,0,2.097000106004998e-06
2353,29503,2,0,0,1.6849990061018616e-06
2354,2703,2,2,1,3.6729979910887778e-06
2355,31134,2,1,0,1.7409984138794243e-06
2356,10900,2,2,1,3.363998985150829e-06
2357,52485,2,1,0,1.7509992176201195e-06
2358,68256,2,2,1,3.197001205990091e-06
2359,68262,2,2,1,3.4339973353780806e-06
2360,57191,2,1,0,1.8190003174822778e-06
2361,27303,2,2,1,3.9339975046459585e-06
2362,68267,2,2,1,3.3229989639949054e-06
2363,57231,2,1,0,1.5940022422000766e-06
2364,51887,2,2,1,3.7280005926731974e-06
2365,14945,2,1,0,1.7290003597736359e-06
2366,60109,2,2,1,3.507997462293133e-06
2367,3236,2,1,0,1.7480015230830759e-06
2368,10980,2,2,1,3.946999640902504e-06
2369,76520,2,2,1,3.3869982871692628e-06
2370,2796,2,2,1,5.290999979479238e-06
2371,68334,2,2,1,3.311000909889117e-06
2372,60145,2,2,1,3.4090007829945534e-06
2373,60147,2,2,1,3.5129996831528842e-06
2374,68342,2,2,1,3.1189993023872375e-06
2375,68348,2,2,1,3.2319985621143132e-06
2376,2812,3,2,1,4.872999852523208e-06
2377,19206,2,2,1,3.430999640841037e-06
2378,19208,2,2,1,3.430999640841037e-06
2379,72626,2,1,0,1.8749997252598405e-06
2380,5106,4,1,1,3.6530000215861946e-06
2381,27403,2,2,2,3.5999983083456755e-06
2382,20621,2,1,1,2.572996891103685e-06
2383,16328,2,1,1,2.734999725362286e-06
2384,27431,2,2,1,3.592002030927688e-06
2385,84782,2,2,1,3.4990007407031953e-06
2386,27439,2,2,1,3.32999843521975e-06
2387,24359,3,1,0,2.1380001271609217e-06
2388,52018,2,2,1,3.6910023482050747e-06
2389,11062,2,2,1,3.0480005079880357e-06
2390,76608,2,2,1,3.1760027923155576e-06
2391,76611,2,2,1,3.6009987525176257e-06
2392,2887,2,2,1,3.1039999157655984e-06
2393,53611,2,1,0,1.6810008673928678e-06
2394,31643,2,0,0,1.6789999790489674e-06
2395,68427,2,2,1,3.7700010580010712e-06
2396,19276,2,2,1,3.3420001273043454e-06
2397,2893,4,2,0,7.599999662488699e-06
2398,19279,3,2,1,4.451998393051326e-06
2399,22135,2,1,0,1.7099991964641958e-06
2400,52055,2,2,1,3.821998689090833e-06
2401,20949,2,1,0,1.7380007193423808e-06
2402,52066,3,2,1,3.90299828723073e-06
2403,48936,2,1,0,1.8069986253976822e-06
2404,34799,6,1,1,4.560002707876265e-06
2405,68462,2,2,1,3.203000233042985e-06
2406,52081,2,2,1,3.792996722040698e-06
2407,2934,2,2,1,3.3180003811139613e-06
2408,19320,2,2,1,3.3530013752169907e-06
2409,60281,2,2,1,3.817000106209889e-06
2410,2942,2,2,1,3.388999175513163e-06
2411,2946,2,2,1,4.07049992645625e-05
2412,52103,5,2,1,9.036000847117975e-06
2413,2952,2,2,1,5.298999894876033e-06
2414,52105,2,2,1,4.298999556340277e-06
2415,76682,2,2,1,3.2899988582357764e-06
2416,76683,2,2,1,3.868000931106508e-06
2417,35722,3,2,1,4.346999048721045e-06
2418,60654,2,1,0,2.463002601871267e-06
2419,71666,2,0,0,1.9600011000875384e-06
2420,52109,2,2,1,3.3100004657171667e-06
2421,12019,2,1,0,1.8669998098630458e-06
2422,4006,2,0,0,1.7259990272577852e-06
2423,76686,2,2,2,4.468998668016866e-06
2424,84880,2,2,1,3.893001121468842e-06
2425,70523,2,1,0,1.8359969544690102e-06
2426,52117,2,2,1,3.97700205212459e-06
2427,48181,2,1,0,1.7650017980486155e-06
2428,2968,2,2,1,3.830002242466435e-06
2429,68834,2,1,0,1.7359998309984803e-06
2430,76696,2,2,1,3.5800003388430923e-06
2431,48235,2,1,0,1.7909987946040928e-06
2432,40356,2,0,0,1.672000507824123e-06
2433,2971,2,2,1,3.425997419981286e-06
2434,47033,2,1,0,1.8880018615163863e-06
2435,84910,2,2,1,3.8030011637602e-06
2436,68535,2,2,1,3.388999175513163e-06
2437,27576,3,2,1,4.39400173490867e-06
2438,52156,2,2,1,3.6709971027448773e-06
2439,27583,2,2,1,3.4530021366663277e-06
2440,11207,2,2,1,3.668999852379784e-06
2441,52170,2,2,1,4.1290004446636885e-06
2442,27603,2,2,1,3.187000402249396e-06
2443,19422,2,2,1,3.7800018617417663e-06
2444,52193,2,2,1,3.4820004657376558e-06
2445,52195,2,2,1,3.436001861700788e-06
2446,52197,2,2,1,3.4240001696161926e-06
2447,84966,2,2,1,4.0480008465237916e-06
2448,60394,2,2,1,3.340999683132395e-06
2449,60395,2,2,1,3.6059973353985697e-06
2450,60396,2,2,1,3.48799949279055e-06
2451,19436,2,2,1,4.1339990275446326e-06
2452,68600,2,2,1,3.293000190751627e-06
2453,68603,2,2,1,3.5229968489147723e-06
2454,44035,2,2,1,3.3670003176666796e-06
2455,19461,2,2,1,3.5470002330839634e-06
2456,46587,2,1,0,1.8600003386382014e-06
2457,27662,2,2,1,3.3919968700502068e-06
2458,44049,2,2,1,3.5340017348062247e-06
2459,85015,2,2,1,2.9859984351787716e-06
2460,19486,2,2,1,3.069002559641376e-06
2461,19487,2,2,1,2.6460002118255943e-06
2462,3107,2,2,1,3.850000211969018e-06
2463,3108,2,2,1,3.4389995562378317e-06
2464,52274,2,2,1,3.1390009098686278e-06
2465,11320,2,2,1,3.3090000215452164e-06
2466,56633,2,1,0,1.7659986042417586e-06
2467,40644,2,0,0,1.6020021575968713e-06
2468,3130,2,2,1,3.535998985171318e-06
2469,76865,2,2,1,3.3659998734947294e-06
2470,76867,2,2,1,3.187000402249396e-06
2471,85067,2,2,1,3.4369986678939313e-06
2472,52300,2,2,1,3.6080018617212772e-06
2473,53372,2,1,0,1.9219987734686583e-06
2474,19542,2,2,1,3.3799988159444183e-06
2475,35933,2,2,1,3.2610005291644484e-06
2476,77793,2,1,0,1.7290003597736359e-06
2477,19553,2,2,1,3.4340009733568877e-06
2478,52324,2,2,1,3.6279998312238604e-06
2479,47983,2,1,0,1.6279991541523486e-06
2480,76902,2,2,1,3.359000402269885e-06
2481,68713,2,2,1,3.550998371792957e-06
2482,56768,2,1,0,1.710002834443003e-06
2483,76908,2,0,0,1.7029997252393514e-06
2484,68714,2,2,1,3.440000000409782e-06
2485,37559,2,1,0,1.7410020518582314e-06
2486,76907,2,2,1,3.884000761900097e-06
2487,68719,2,2,1,3.6040000850334764e-06
2488,11378,2,2,1,3.621000359999016e-06
2489,68725,2,2,1,3.344001015648246e-06
2490,11383,2,2,1,3.0199989851098508e-06
2491,75111,3,1,0,2.0600018615368754e-06
2492,2083,3,0,0,1.9330000213813037e-06
2493,44159,2,2,1,3.559001925168559e-06
2494,87658,2,1,0,1.8550017557572573e-06
2495,44162,2,2,1,3.5570010368246585e-06
2496,35970,2,2,1,3.4579970815684646e-06
2497,3206,2,2,1,3.4660006349440664e-06
2498,40107,2,1,0,1.7019992810674012e-06
2499,85129,2,2,1,3.2520001695957035e-06
2500,76943,2,2,1,3.059998562093824e-06
2501,3220,2,2,1,3.5099983506370336e-06
2502,60569,2,2,1,3.3369979064445943e-06
2503,29710,2,1,0,1.9040016923099756e-06
2504,71280,2,0,0,1.7139973351731896e-06
2505,11418,2,2,1,3.3799988159444183e-06
2506,81660,3,1,0,2.3050015443004668e-06
2507,68784,2,2,1,3.6849996831733733e-06
2508,44209,2,2,1,3.549001121427864e-06
2509,68787,2,2,1,3.5389966797083616e-06
2510,72235,2,1,0,1.720000000204891e-06
2511,68788,2,2,1,3.749999450519681e-06
2512,68789,2,2,1,3.6330020520836115e-06
2513,85184,2,2,1,3.5320008464623243e-06
2514,68802,2,2,1,3.4090007829945534e-06
2515,44240,2,2,1,3.5609991755336523e-06
2516,85201,2,2,1,3.3180003811139613e-06
2517,60624,2,2,1,3.125998773612082e-06
2518,44244,2,2,1,3.297998773632571e-06
2519,85209,2,1,0,1.7979982658289373e-06
2520,85207,3,2,1,3.478600046946667e-05
2521,85208,2,2,1,6.686997949145734e-06
2522,77033,2,2,1,3.750999894691631e-06
2523,44266,2,2,1,3.2960015232674778e-06
2524,85230,3,2,2,4.697998519986868e-06
2525,85235,2,2,1,3.449000359978527e-06
2526,85237,2,2,1,8.404000254813582e-06
2527,68854,2,2,2,3.978999302489683e-06
2528,85240,2,2,1,3.558998287189752e-06
2529,44287,2,2,1,3.268996806582436e-06
2530,11521,2,2,1,3.3629985409788787e-06
2531,11522,2,2,1,3.364002623129636e-06
2532,68870,2,2,1,2.9420007194858044e-06
2533,52492,2,2,1,2.959000994451344e-06
2534,85262,2,2,2,3.3859978429973125e-06
2535,11538,2,2,1,3.992001438746229e-06
2536,27925,2,2,2,4.101999365957454e-06
2537,85273,2,2,1,3.9620026655029505e-06
2538,52506,2,2,1,3.224999090889469e-06
2539,44314,2,2,1,3.3180003811139613e-06
2540,6754,2,1,0,1.8790015019476414e-06
2541,11549,2,2,1,3.440000000409782e-06
2542,71570,2,1,0,1.75300010596402e-06
2543,11552,2,2,1,3.234999894630164e-06
2544,11555,4,2,1,4.39500217908062e-06
2545,6755,2,1,0,1.7090023902710527e-06
2546,49005,3,0,0,1.877000613603741e-06
2547,3364,2,2,2,3.4420008887536824e-06
2548,52547,2,2,1,3.944998752558604e-06
2549,21316,2,1,0,1.6990015865303576e-06
2550,68951,2,2,1,3.268000000389293e-06
2551,11607,2,2,1,3.859997377730906e-06
2552,11608,2,2,1,3.0659975891467184e-06
2553,52569,2,2,1,3.644003299996257e-06
2554,36711,2,1,0,1.6640005924273282e-06
2555,3426,2,2,1,3.4579970815684646e-06
2556,68963,2,2,2,3.668003046186641e-06
2557,19825,2,2,1,3.1799972930457443e-06
2558,19826,2,2,1,3.52500137523748e-06
2559,77174,2,2,1,3.0379997042473406e-06
2560,77188,2,2,1,3.4909971873275936e-06
2561,48177,2,1,0,1.7780002963263541e-06
2562,36230,2,2,2,5.588000931311399e-06
2563,36235,2,2,1,3.2989992178045213e-06
2564,44429,2,2,1,3.306999133201316e-06
2565,85395,2,2,1,3.097000444540754e-06
2566,21542,2,1,0,1.7169986676890403e-06
2567,77214,2,2,1,3.5189987102057785e-06
2568,11688,2,2,1,3.335000656079501e-06
2569,11698,3,2,1,3.93899972550571e-06
2570,15251,2,1,0,1.7570018826518208e-06
2571,52663,2,2,1,3.140001354040578e-06
2572,3518,2,2,1,3.287001163698733e-06
2573,6758,2,1,0,1.811000402085483e-06
2574,69057,2,2,1,3.3239994081668556e-06
2575,20772,2,1,0,1.715001417323947e-06
2576,22591,2,0,0,1.7320016922894865e-06
2577,3533,3,2,2,4.412999260239303e-06
2578,69071,2,2,1,3.2659991120453924e-06
2579,85462,2,2,1,3.5860030038747936e-06
2580,85465,2,2,1,3.6380006349645555e-06
2581,60890,2,2,1,3.234999894630164e-06
2582,60891,2,2,1,3.306999133201316e-06
2583,3554,2,2,1,3.1610034056939185e-06
2584,44527,2,2,1,3.2479983929079026e-06
2585,28148,2,2,1,3.6240016925148666e-06
2586,69110,2,2,1,3.2429998100269586e-06
2587,28161,2,2,1,3.3569995139259845e-06
2588,87748,2,1,0,1.6480007616337389e-06
2589,60949,2,2,1,3.454999387031421e-06
2590,19994,2,2,1,3.430999640841037e-06
2591,52763,2,2,1,3.6419987736735493e-06
2592,69149,3,2,1,3.9239967009052634e-06
2593,69156,2,2,1,3.6239980545360595e-06
2594,21232,2,1,0,1.696000254014507e-06
2595,44581,3,2,1,4.327997885411605e-06
2596,36400,2,2,1,3.1950003176461905e-06
2597,20023,2,2,1,3.1189993023872375e-06
2598,69178,2,2,1,3.345001459820196e-06
2599,64813,2,1,0,1.7909987946040928e-06
2600,77374,3,2,2,4.2199972085654736e-06
2601,36415,2,2,1,3.216999175492674e-06
2602,52804,2,2,1,3.0750015866942704e-06
2603,44626,2,2,1,3.168002876918763e-06
2604,61015,2,2,1,3.807999746641144e-06
2605,85594,2,2,1,3.236000338802114e-06
2606,3690,4,2,1,4.4289990910328925e-06
2607,52846,2,2,1,3.3230026019737124e-06
2608,11896,2,2,2,3.721001121448353e-06
2609,69243,2,2,1,3.1340023269876838e-06
2610,11899,2,2,1,3.445999027462676e-06
2611,28287,2,2,1,3.688997821882367e-06
2612,77461,2,2,1,3.3569995139259845e-06
2613,3738,2,2,1,3.4670010791160166e-06
2614,77487,2,2,1,3.068998921662569e-06
2615,20154,2,2,1,3.3950018405448645e-06
2616,24256,3,1,0,2.091001078952104e-06
2617,36548,2,2,1,3.597000613808632e-06
2618,72677,2,1,0,1.710999640636146e-06
2619,61132,2,2,1,4.09800122724846e-06
2620,36561,2,2,2,3.839999408228323e-06
2621,11990,3,2,1,4.1779967432376e-06
2622,11991,2,2,1,3.188997652614489e-06
2623,85747,2,2,1,3.1099989428184927e-06
2624,40753,3,1,0,2.071999915642664e-06
2625,17601,4,0,0,2.0999978005420417e-06
2626,61176,2,2,1,3.7809986679349095e-06
2627,77561,2,2,1,3.3609976526349783e-06
2628,36618,2,2,1,3.1570016290061176e-06
2629,77581,3,2,1,4.303998139221221e-06
2630,64019,2,1,1,3.379002009751275e-06
2631,44821,2,2,1,3.2239986467175186e-06
2632,44824,2,2,1,4.155997885391116e-06
2633,78248,2,1,0,1.8860009731724858e-06
2634,36633,2,2,1,3.3800024539232254e-06
2635,72404,2,1,0,1.8730024748947471e-06
2636,69401,3,2,1,4.348999937064946e-06
2637,61218,2,2,1,3.421999281272292e-06
2638,28454,2,2,1,3.134999133180827e-06
2639,81184,2,1,0,1.6970006981864572e-06
2640,22180,2,0,0,1.71599822351709e-06
2641,28460,2,2,1,3.6150013329461217e-06
2642,36653,2,2,1,3.236000338802114e-06
2643,72033,2,1,0,1.8829996406566352e-06
2644,44846,2,2,1,3.6769997677765787e-06
2645,3887,2,2,1,3.6099991120863706e-06
2646,85807,2,2,1,3.583001671358943e-06
2647,20274,2,2,1,3.4719996619969606e-06
2648,12085,2,2,1,3.268000000389293e-06
2649,73284,2,1,0,1.6829981177579612e-06
2650,61846,2,0,0,1.6239973774645478e-06
2651,28472,4,2,1,3.958997695008293e-06
2652,48062,2,1,0,1.6890007827896625e-06
2653,61245,2,2,1,3.116998414043337e-06
2654,85833,4,2,1,5.142999725649133e-06
2655,77644,2,2,1,3.565000952221453e-06
2656,12110,3,2,1,4.213998181512579e-06
2657,4051,2,1,0,1.7179991118609905e-06
2658,3921,2,2,1,3.8049984141252935e-06
2659,77656,2,2,1,3.872002707794309e-06
2660,69466,2,2,1,3.260000084992498e-06
2661,20322,2,2,1,3.3910000638570637e-06
2662,20323,2,2,1,3.610999556258321e-06
2663,65246,2,1,0,1.6090016288217157e-06
2664,61287,2,2,1,3.154000296490267e-06
2665,44923,2,2,1,3.388999175513163e-06
2666,28544,2,2,1,3.535998985171318e-06
2667,77711,2,2,1,3.340999683132395e-06
2668,20375,2,2,1,3.3319993235636503e-06
2669,53145,2,2,1,3.029999788850546e-06
2670,38530,2,1,0,1.8149985407944769e-06
2671,78805,5,1,0,3.0699993658345193e-06
2672,3998,2,2,1,3.2150019251275808e-06
2673,40080,2,1,0,1.6689991753082722e-06
2674,77734,2,2,1,3.0080009310040623e-06
2675,56972,2,1,0,1.8139980966225266e-06
2676,31146,3,1,1,3.3389987947884947e-06
2677,61351,3,2,1,3.930999810108915e-06
2678,4035,3,2,1,3.707002178998664e-06
2679,77764,2,2,1,3.3949982025660574e-06
2680,69574,2,2,1,3.3309988793917e-06
2681,39238,2,1,0,1.667998731136322e-06
2682,85971,3,2,1,4.074001481058076e-06
2683,6011,2,1,0,1.9660001271404326e-06
2684,36821,2,2,1,3.902001481037587e-06
2685,77781,2,2,1,3.264001861680299e-06
2686,77789,2,2,1,3.558998287189752e-06
2687,77795,2,2,1,3.3819997042883188e-06
2688,28654,2,2,1,3.7860008887946606e-06
2689,85998,3,2,2,5.594996764557436e-06
2690,69618,2,2,1,3.5530028981156647e-06
2691,56567,3,1,0,2.083001163555309e-06
2692,36850,2,2,1,3.36800076183863e-06
2693,24032,2,1,0,1.8270002328790724e-06
2694,4094,2,0,0,2.7280002541374415e-06
2695,28663,3,2,1,4.473000080906786e-05
2696,69624,2,2,1,3.159999323543161e-06
2697,4103,2,2,1,3.154000296490267e-06
2698,6786,2,1,0,1.6640005924273282e-06
2699,20492,2,2,1,3.23100175592117e-06
2700,86033,2,2,1,3.3340002119075507e-06
2701,63705,2,1,0,1.6310004866681993e-06
2702,86035,2,2,1,3.1379968277178705e-06
2703,53273,2,2,1,3.283999831182882e-06
2704,28711,2,2,1,3.450000804150477e-06
2705,86266,2,1,0,1.7179991118609905e-06
2706,4138,2,2,1,3.622000804170966e-06
2707,36911,2,2,2,3.673998435260728e-06
2708,77893,2,2,1,3.359000402269885e-06
2709,45132,2,2,1,3.5090015444438905e-06
2710,77901,2,2,1,3.725999704329297e-06
2711,53344,2,2,1,3.0289993446785957e-06
2712,53345,2,2,1,3.3130017982330173e-06
2713,53346,2,2,1,3.3380019885953516e-06
2714,12394,2,2,1,3.868997737299651e-06
2715,12397,2,2,1,3.4189979487564415e-06
2716,55785,2,1,0,1.6710000636521727e-06
2717,77938,2,2,1,3.4090007829945534e-06
2718,53365,4,2,1,4.5430024329107255e-06
2719,72385,2,1,0,1.6929989214986563e-06
2720,12412,2,2,1,3.049000952159986e-06
2721,12420,2,2,1,2.65900234808214e-06
2722,53381,2,2,1,3.3090000215452164e-06
2723,28804,2,2,1,3.6370001907926053e-06
2724,32503,2,1,0,1.7180027498397976e-06
2725,61733,2,0,0,1.6730009519960731e-06
2726,53386,2,2,1,8.291000995086506e-06
2727,12428,2,2,1,3.6609999369829893e-06
2728,4770,4,1,0,2.921999112004414e-06
2729,4951,2,0,0,1.8860009731724858e-06
2730,37006,2,2,1,4.002002242486924e-06
2731,53391,2,2,1,8.265000360552222e-06
2732,61779,2,1,0,1.9239996618125588e-06
2733,86160,2,2,1,3.1290001061279327e-06
2734,85820,3,1,0,2.044002030743286e-06
2735,86161,2,2,1,3.9669976104050875e-06
2736,86165,2,2,1,3.421999281272292e-06
2737,28825,2,2,1,3.5140001273248345e-06
2738,46585,2,1,0,1.8460013961885124e-06
2739,61610,2,2,1,3.3150026865769178e-06
2740,61664,2,1,0,1.7639977158978581e-06
2741,20661,2,2,1,3.529999958118424e-06
2742,69817,2,2,1,3.2999996619764715e-06
2743,20665,2,2,1,3.459997969912365e-06
2744,12493,2,2,1,3.0470000638160855e-06
2745,45266,2,2,1,3.225999535061419e-06
2746,12502,3,2,1,4.187000740785152e-06
2747,61657,2,2,1,3.3460019039921463e-06
2748,53466,2,2,2,4.683999577537179e-06
2749,61659,2,2,1,3.316999936942011e-06
2750,21149,2,1,0,1.8909995560534298e-06
2751,22929,2,0,0,1.6899975889828056e-06
2752,53469,2,2,2,4.07799961976707e-06
2753,63579,2,1,1,5.1199967856518924e-06
2754,28897,2,2,1,3.6339988582767546e-06
2755,61665,2,2,1,3.5990015021525323e-06
2756,32907,3,1,0,2.2280000848695636e-06
2757,37098,2,2,1,3.5660013963934034e-06
2758,86262,2,2,1,3.3059986890293658e-06
2759,86264,2,2,1,3.449000359978527e-06
2760,28922,2,2,1,3.239998477511108e-06
2761,28923,2,2,1,3.1239978852681816e-06
2762,88943,2,1,0,1.6619997040834278e-06
2763,28926,2,2,1,3.1800009310245514e-06
2764,20741,2,2,1,3.221000952180475e-06
2765,29913,2,1,0,1.7410020518582314e-06
2766,78087,2,2,1,3.260000084992498e-06
2767,29728,2,1,0,1.6750018403399736e-06
2768,69898,2,2,1,3.834000381175429e-06
2769,86291,2,2,1,3.3620017347857356e-06
2770,78110,2,2,1,4.134999471716583e-06
2771,78111,2,2,1,3.50700065609999e-06
2772,53551,2,2,1,3.345998266013339e-06
2773,61762,2,2,1,3.445002221269533e-06
2774,37189,2,2,1,3.496999852359295e-06
2775,78167,2,2,1,3.2940006349235773e-06
2776,54507,2,1,0,1.7970014596357942e-06
2777,68602,3,1,1,3.263998223701492e-06
2778,29016,2,2,1,2.8840004233643413e-06
2779,4439,2,2,1,3.920002200175077e-06
2780,78174,2,2,1,3.2769967219792306e-06
2781,53608,2,2,1,3.4810000215657055e-06
2782,61806,2,2,2,3.6419987736735493e-06
2783,47743,2,1,1,2.5650006136856973e-06
2784,4465,4,2,1,4.3479994928929955e-06
2785,73255,4,1,0,2.5510016712360084e-06
2786,61840,2,2,1,3.197001205990091e-06
2787,4504,2,2,1,3.359000402269885e-06
2788,4505,2,2,1,3.4470031096134335e-06
2789,45475,2,2,1,3.50700065609999e-06
2790,53667,2,2,1,3.582998033380136e-06
2791,53670,2,2,1,3.3569995139259845e-06
2792,63251,2,1,0,1.6759986465331167e-06
2793,78247,2,2,1,3.3559990697540343e-06
2794,12730,2,2,2,4.011999408248812e-06
2795,12733,2,2,1,3.3479991543572396e-06
2796,12746,3,2,1,3.788001777138561e-06
2797,61907,2,2,1,3.426001057960093e-06
2798,70113,2,2,1,3.3190008252859116e-06
2799,4583,2,2,1,4.163000994594768e-06
2800,12775,2,2,1,3.7770005292259157e-06
2801,12780,2,2,2,4.002999048680067e-06
2802,12784,2,2,1,3.602999640861526e-06
2803,45552,2,2,1,3.517001459840685e-06
2804,70128,3,2,1,4.602999979397282e-06
2805,86518,2,2,1,3.369998012203723e-06
2806,70139,2,2,1,3.344001015648246e-06
2807,20996,2,2,1,3.612000000430271e-06
2808,12804,3,2,1,4.040000931126997e-06
2809,88142,2,1,0,1.6539997886866331e-06
2810,20998,2,2,1,3.6750025174114853e-06
2811,62500,2,1,0,1.8220016499981284e-06
2812,86536,3,2,1,4.19899879489094e-06
2813,78345,2,2,1,3.6179990274831653e-06
2814,87045,2,1,0,1.7599995771888644e-06
2815,4627,3,2,2,4.281999281374738e-06
2816,78356,5,2,1,5.074001819593832e-06
2817,53793,2,2,1,5.196998245082796e-06
2818,29219,2,2,1,3.4340009733568877e-06
2819,21315,2,1,0,1.6810008673928678e-06
2820,86568,2,2,1,3.6340024962555617e-06
2821,61993,2,2,1,3.3370015444234014e-06
2822,86569,2,2,1,3.868997737299651e-06
2823,70187,6,2,2,5.599002179224044e-06
2824,86572,2,2,1,3.1470008252654225e-06
2825,29232,2,2,1,3.6820019886363298e-06
2826,70196,2,2,1,3.3239994081668556e-06
2827,21056,2,2,1,3.263001417508349e-06
2828,4676,3,2,1,3.730998287210241e-06
2829,42293,3,1,0,2.0560000848490745e-06
2830,21063,2,2,1,3.6140008887741715e-06
2831,29266,2,2,1,3.215998731320724e-06
2832,45661,2,2,1,3.0339979275595397e-06
2833,29277,2,2,1,3.326000296510756e-06
2834,29281,2,2,1,3.477998689049855e-06
2835,29296,2,2,1,3.5249977372586727e-06
2836,56766,2,1,0,1.7529964679852128e-06
2837,53873,2,2,1,3.4949989640153944e-06
2838,78479,2,2,1,3.150002157781273e-06
2839,78480,2,2,1,3.159999323543161e-06
2840,4757,2,2,1,3.2960015232674778e-06
2841,63365,2,1,0,1.691998477326706e-06
2842,78494,2,2,1,3.5320008464623243e-06
2843,21763,2,1,0,1.724998583085835e-06
2844,12961,3,2,1,4.3430009100120515e-06
2845,70319,2,2,1,3.3420001273043454e-06
2846,4786,2,2,2,3.5859993658959866e-06
2847,12987,2,2,1,2.8840004233643413e-06
2848,37569,2,2,1,3.3569995139259845e-06
2849,55797,2,1,0,1.8989994714502245e-06
2850,21185,3,2,1,4.112000169698149e-06
2851,62149,2,2,1,3.383000148460269e-06
2852,46492,2,1,0,1.7230013327207416e-06
2853,13011,3,2,1,3.892000677296892e-06
2854,78575,2,2,1,3.245000698370859e-06
2855,54003,2,2,1,3.522000042721629e-06
2856,21236,2,2,1,3.239001671317965e-06
2857,63753,2,1,0,1.7339989426545799e-06
2858,72252,2,0,0,1.6839985619299114e-06
2859,54007,2,2,1,3.5529992601368576e-06
2860,22469,2,1,0,1.8089995137415826e-06
2861,54008,2,2,1,3.2389980333391577e-06
2862,54009,2,2,1,3.345001459820196e-06
2863,80464,2,1,0,1.549000444356352e-06
2864,29437,2,2,1,2.9379989427980036e-06
2865,29438,2,2,1,3.3239994081668556e-06
2866,29446,2,2,1,3.3669966796878725e-06
2867,45840,2,2,1,3.764002030948177e-06
2868,62225,2,2,1,3.0720002541784197e-06
2869,30041,2,1,0,1.6400008462369442e-06
2870,37666,2,2,1,3.4559998312033713e-06
2871,13098,2,2,1,3.364999429322779e-06
2872,21317,2,2,1,3.975001163780689e-06
2873,70477,2,2,1,3.936002030968666e-06
2874,21326,2,2,1,3.4030017559416592e-06
2875,21330,2,2,1,3.6010023904964328e-06
2876,13143,2,2,1,3.598001057980582e-06
2877,29534,2,2,1,3.1129966373555362e-06
2878,21353,2,2,1,3.1849995139054954e-06
2879,4983,2,2,1,3.4139993658754975e-06
2880,22973,2,1,0,1.663000148255378e-06
2881,45948,2,2,2,3.970999387092888e-06
2882,70524,2,2,1,3.311000909889117e-06
2883,21371,2,2,1,3.3659998734947294e-06
2884,63763,2,1,0,1.75300010596402e-06
2885,45952,2,2,2,3.5900011425837874e-06
2886,21386,3,2,1,3.92099900636822e-06
2887,86941,2,2,1,3.453998942859471e-06
2888,54174,2,2,1,3.512002876959741e-06
2889,5031,2,1,0,1.6900012269616127e-06
2890,62369,2,2,1,2.9759976314380765e-06
2891,62378,2,2,1,3.4190015867352486e-06
2892,21446,2,2,2,3.6619967431761324e-06
2893,13255,2,2,1,3.7179997889325023e-06
2894,13256,2,2,1,3.23000131174922e-06
2895,21447,2,2,1,3.2999996619764715e-06
2896,29643,2,2,1,3.36800076183863e-06
2897,62433,2,2,1,3.5339980968274176e-06
2898,5111,3,2,1,3.6900019040331244e-06
2899,54272,2,2,1,3.3959986467380077e-06
2900,54274,2,2,1,3.393000952200964e-06
2901,29698,2,2,1,3.5129996831528842e-06
2902,87046,2,2,1,3.225002728868276e-06
2903,62473,3,2,1,3.535002178978175e-06
2904,15111,3,1,0,2.0170009520370513e-06
2905,7832,2,0,0,1.820000761654228e-06
2906,54287,2,2,1,3.3289979910477996e-06
2907,62480,2,2,1,3.1430026865564287e-06
2908,62481,2,2,1,3.612000000430271e-06
2909,62479,2,2,1,3.834997187368572e-06
2910,29713,2,2,1,3.6089986679144204e-06
2911,87058,2,2,1,3.306999133201316e-06
2912,29720,2,2,1,3.149998519802466e-06
2913,29732,2,2,1,3.086999640800059e-06
2914,29736,2,2,1,3.0009978218004107e-06
2915,21546,2,2,1,3.201999788871035e-06
2916,70703,2,2,1,3.3230026019737124e-06
2917,87089,2,2,1,3.0150004022289068e-06
2918,29750,2,2,1,3.498000296531245e-06
2919,54329,5,2,1,4.898000042885542e-06
2920,78908,2,2,1,3.411001671338454e-06
2921,15647,2,1,0,1.681997673586011e-06
2922,78911,2,2,1,3.5009979910682887e-06
2923,79247,2,1,0,1.7929996829479933e-06
2924,87108,2,2,1,3.1849995139054954e-06
2925,78917,2,2,1,3.436001861700788e-06
2926,78919,3,2,1,4.306999471737072e-06
2927,46159,2,2,1,3.5850025597028434e-06
2928,46173,2,2,1,3.3380019885953516e-06
2929,87135,2,2,1,3.3859978429973125e-06
2930,13408,2,2,1,3.245000698370859e-06
2931,13411,2,2,1,3.913999535143375e-06
2932,78951,2,2,1,3.4320000850129873e-06
2933,21614,2,2,1,3.116998414043337e-06
2934,46202,2,2,1,3.4520016924943775e-06
2935,70778,2,2,1,3.026001650141552e-06
2936,54394,2,2,1,3.0039002012927085e-05
2937,5252,2,2,1,7.382001058431342e-06
2938,70789,3,2,2,6.776997906854376e-06
2939,5254,2,2,1,4.834997525904328e-06
2940,54429,2,2,1,3.7960016925353557e-06
2941,54432,2,2,1,8.011000318219885e-06
2942,62643,2,2,1,3.76399839296937e-06
2943,13498,2,2,1,3.296998329460621e-06
2944,62894,2,1,0,1.9849976524710655e-06
2945,13499,2,2,1,3.8050020521041006e-06
2946,6793,2,1,0,1.743999746395275e-06
2947,87231,2,2,1,3.52600181940943e-06
2948,87233,2,2,1,3.3340002119075507e-06
2949,13515,2,2,1,3.3049982448574156e-06
2950,46289,3,2,1,3.7520003388635814e-06
2951,72023,3,1,0,2.0660008885897696e-06
2952,29906,2,2,1,3.5869998100679368e-06
2953,46290,2,2,1,3.5009979910682887e-06
2954,13523,2,2,1,3.402001311769709e-06
2955,14717,2,1,0,1.6859994502738118e-06
2956,10417,4,1,0,2.52000245382078e-06
2957,29911,2,2,1,3.396999090909958e-06
2958,70872,4,2,0,5.886002327315509e-06
2959,87261,2,2,1,3.059001755900681e-06
2960,5361,2,2,1,3.2240022846963257e-06
2961,5375,2,2,1,3.6720011848956347e-06
2962,13575,2,2,1,3.4430013329256326e-06
2963,6519,2,1,0,1.6990015865303576e-06
2964,54547,2,2,1,3.5080011002719402e-06
2965,5396,2,2,1,3.793000360019505e-06
2966,38176,2,2,1,3.50700065609999e-06
2967,29993,2,2,1,3.140001354040578e-06
2968,31930,2,1,0,1.7229976947419345e-06
2969,30005,2,2,1,3.673001629067585e-06
2970,21814,2,2,1,3.3040014386642724e-06
2971,54587,2,2,1,3.4959994081873447e-06
2972,70972,3,2,1,4.06099934480153e-06
2973,70977,2,2,1,3.3579999580979347e-06
2974,70981,2,2,1,3.1950003176461905e-06
2975,70983,2,2,2,3.899000148521736e-06
2976,70985,2,2,1,3.510998794808984e-06
2977,87370,2,2,1,3.164997906424105e-06
2978,21838,2,2,1,3.359000402269885e-06
2979,13650,2,2,1,2.830001903930679e-06
2980,30037,2,2,1,3.4289987524971366e-06
2981,79191,2,2,1,3.416997060412541e-06
2982,21850,2,2,1,3.059998562093824e-06
2983,62810,4,2,1,4.417997843120247e-06
2984,71029,2,2,1,3.3439973776694387e-06
2985,71031,2,2,1,3.1199997465591878e-06
2986,46455,3,2,1,3.6419987736735493e-06
2987,63363,3,1,0,2.0429979485925287e-06
2988,46463,3,2,1,3.892000677296892e-06
2989,71045,2,2,1,3.553999704308808e-06
2990,23194,2,1,0,1.7259990272577852e-06
2991,5514,2,2,1,3.1050003599375486e-06
2992,12204,3,1,0,2.183001925004646e-06
2993,29028,3,0,0,1.901000359794125e-06
2994,71051,2,2,1,3.020999429281801e-06
2995,79256,2,2,1,3.0460032576229423e-06
2996,62875,2,2,1,3.293000190751627e-06
2997,79260,2,2,1,3.35000004270114e-06
2998,46493,2,2,1,3.1319978006649762e-06
2999,79259,2,2,1,3.511999238980934e-06
3000,38310,3,2,1,4.255998646840453e-06
3001,13736,2,2,1,3.2370007829740644e-06
3002,46505,3,2,1,4.644000000553206e-06
3003,46506,2,2,1,3.4379991120658815e-06
3004,87466,2,2,1,3.550998371792957e-06
3005,21932,2,2,1,3.34899959852919e-06
3006,62893,2,2,1,2.9530019673984498e-06
3007,79278,2,2,1,4.034998710267246e-06
3008,79283,3,2,1,5.477999366121367e-06
3009,71101,2,2,1,3.377997927600518e-06
3010,54739,2,2,1,3.50600021192804e-06
3011,5592,2,2,1,3.7630015867762268e-06
3012,71138,2,2,1,3.2200005080085248e-06
3013,87921,4,1,0,2.2519998310599476e-06
3014,71140,2,2,1,4.092999006388709e-06
3015,71146,2,2,1,3.829998604487628e-06
3016,79340,2,2,1,3.234999894630164e-06
3017,38382,4,2,1,4.573001206154004e-06
3018,13807,2,2,1,3.197998012183234e-06
3019,13810,3,2,1,3.6950004869140685e-06
3020,13812,2,2,1,3.725999704329297e-06
3021,38408,2,1,0,1.7409984138794243e-06
3022,46586,2,2,1,3.397999535081908e-06
3023,22022,2,2,2,4.064997483510524e-06
3024,38411,2,2,1,3.754998033400625e-06
3025,13836,2,2,1,3.282999387010932e-06
3026,23690,2,1,0,1.8020000425167382e-06
3027,5652,2,2,1,3.3850010368041694e-06
3028,3047,3,1,0,2.221000613644719e-06
3029,63006,2,2,1,3.711000317707658e-06
3030,80629,2,1,0,1.7899983504321426e-06
3031,40821,2,0,0,1.7220008885487914e-06
3032,5663,3,2,1,4.535999323707074e-06
3033,30244,2,2,1,3.2709976949263364e-06
3034,5669,2,2,1,3.3010001061484218e-06
3035,22064,2,2,1,3.4849981602746993e-06
3036,46673,3,2,1,3.8619982660748065e-06
3037,30293,2,2,1,3.565000952221453e-06
3038,63074,2,2,1,3.1579984351992607e-06
3039,63078,2,2,1,3.1759991543367505e-06
3040,5736,2,2,1,3.607001417549327e-06
3041,79468,2,2,1,3.4289987524971366e-06
3042,46711,2,2,1,3.1579984351992607e-06
3043,38524,2,2,1,3.460001607891172e-06
3044,71295,2,2,2,3.659999492811039e-06
3045,87680,2,2,1,3.4100012271665037e-06
3046,31714,2,1,0,1.8600003386382014e-06
3047,30359,2,2,1,3.2759999157860875e-06
3048,87705,2,2,1,3.3899996196851134e-06
3049,79514,2,2,1,3.4240001696161926e-06
3050,13978,2,2,1,3.3079995773732662e-06
3051,79515,2,2,1,3.5630000638775527e-06
3052,79518,2,2,1,3.197998012183234e-06
3053,63140,2,2,2,3.4719996619969606e-06
3054,5818,2,2,1,3.330002073198557e-06
3055,63178,2,2,1,3.954999556299299e-06
3056,63186,2,2,1,4.040000931126997e-06
3057,63187,2,2,1,3.440000000409782e-06
3058,54999,2,2,1,3.354001819388941e-06
3059,31797,2,1,0,1.8179998733103275e-06
3060,79598,2,2,1,3.150002157781273e-06
3061,79599,2,1,0,1.820997567847371e-06
3062,71408,2,2,1,3.1999989005271345e-06
3063,7474,2,1,0,1.7739985196385533e-06
3064,71407,2,2,1,3.7489990063477308e-06
3065,71416,2,2,1,3.1339986890088767e-06
3066,87815,2,2,1,3.3190008252859116e-06
3067,87816,2,2,1,4.680998245021328e-06
3068,87818,2,2,1,3.2650023058522493e-06
3069,30487,2,2,1,3.1809977372176945e-06
3070,46888,2,2,1,3.7729987525381148e-06
3071,79660,2,2,1,2.8909998945891857e-06
3072,30514,2,2,1,4.735997208626941e-06
3073,71476,6,2,1,5.828998837387189e-06
3074,71480,2,2,1,3.4580007195472717e-06
3075,55109,2,2,1,3.4240001696161926e-06
3076,79701,2,2,1,3.1460003810934722e-06
3077,8079,3,1,0,2.107000909745693e-06
3078,46937,2,2,1,3.2050011213868856e-06
3079,55139,3,2,1,4.536999767879024e-06
3080,38757,2,2,1,4.139001248404384e-06
3081,14182,2,2,1,2.8790018404833972e-06
3082,55141,2,2,1,3.1380004656966776e-06
3083,14186,2,2,1,3.4279983083251864e-06
3084,38776,3,2,1,3.8430007407441735e-06
3085,56496,2,1,0,1.686003088252619e-06
3086,42105,5,1,0,2.977998519781977e-06
3087,63358,2,2,1,3.3039978006854653e-06
3088,6016,2,2,1,3.36800076183863e-06
3089,63364,2,2,1,3.6189994716551155e-06
3090,55182,2,2,1,3.4910008253064007e-06
3091,14223,2,2,1,3.1329982448369265e-06
3092,87960,2,2,1,3.1099989428184927e-06
3093,87961,2,2,1,3.245997504564002e-06
3094,38812,2,2,1,2.634998963912949e-06
3095,14239,2,2,1,3.2650023058522493e-06
3096,15987,2,1,0,1.776999852154404e-06
3097,71584,2,2,1,3.3569995139259845e-06
3098,63391,2,2,1,3.703000402310863e-06
3099,63394,2,2,1,3.6279998312238604e-06
3100,63403,4,2,1,4.345001798355952e-06
3101,87981,2,2,1,3.3479991543572396e-06
3102,79792,2,2,1,3.4580007195472717e-06
3103,30642,3,2,1,4.065001121489331e-06
3104,30644,2,2,1,3.5909979487769306e-06
3105,31135,2,1,0,1.6650010365992785e-06
3106,87989,2,2,1,3.23000131174922e-06
3107,30646,2,2,1,3.383000148460269e-06
3108,30653,2,2,1,3.384000592632219e-06
3109,55231,3,2,1,3.9379992813337594e-06
3110,38848,2,2,1,3.682998794829473e-06
3111,14275,2,2,1,3.258999640820548e-06
3112,23659,2,1,0,1.8069986253976822e-06
3113,22468,2,2,1,3.564000508049503e-06
3114,55243,2,2,1,3.616001777118072e-06
3115,24158,2,1,0,1.7020029190462083e-06
3116,71634,2,2,1,3.258002834627405e-06
3117,71636,2,2,1,3.6659985198639333e-06
3118,88020,2,2,1,3.5580014809966087e-06
3119,79831,2,2,1,2.939999831141904e-06
3120,14298,4,2,1,4.715999239124358e-06
3121,47074,2,2,2,3.758999810088426e-06
3122,14324,2,2,1,3.593002475099638e-06
3123,71672,2,2,2,3.568999090930447e-06
3124,88060,2,2,1,3.3579999580979347e-06
3125,88062,2,2,1,3.569999535102397e-06
3126,63489,2,2,1,3.3750002330634743e-06
3127,71685,2,2,1,3.2130010367836803e-06
3128,38925,5,2,2,5.550002242671326e-06
3129,38926,2,2,1,3.3750002330634743e-06
3130,71698,3,2,1,3.913999535143375e-06
3131,63509,2,2,1,3.321998519822955e-06
3132,30746,2,2,1,3.487002686597407e-06
3133,63517,2,2,1,3.120996552752331e-06
3134,63519,2,2,1,3.4799995773937553e-06
3135,88096,2,2,1,4.999001248506829e-06
3136,71715,2,2,1,3.573000867618248e-06
3137,47151,2,2,1,3.101999027421698e-06
3138,47155,2,2,1,3.11100302496925e-06
3139,63542,2,2,1,3.2139978429768234e-06
3140,6207,2,2,1,3.1509989639744163e-06
3141,55360,2,2,1,3.78400000045076e-06
3142,14404,2,2,1,8.45199974719435e-06
3143,30788,2,2,1,4.836998414248228e-06
3144,79941,2,2,1,3.853998350678012e-06
3145,6228,2,2,1,3.564997314242646e-06
3146,14432,2,2,1,3.406999894650653e-06
3147,47212,2,2,1,2.8370013751555234e-06
3148,71795,2,2,1,3.578999894671142e-06
3149,47222,2,2,1,8.009999874047935e-06
3150,79995,2,2,1,3.431003278819844e-06
3151,63618,2,2,1,3.155000740662217e-06
3152,80013,2,2,1,3.2999996619764715e-06
3153,14477,2,2,2,4.779998562298715e-06
3154,55437,2,2,1,4.19999923906289e-06
3155,30862,3,2,2,4.682999133365229e-06
3156,47255,2,2,1,3.492998075671494e-06
3157,47750,2,1,0,1.8069986253976822e-06
3158,14495,2,2,1,3.2989992178045213e-06
3159,63651,3,2,1,3.962999471696094e-06
3160,63656,2,2,1,3.4430013329256326e-06
3161,6705,2,1,0,1.782002073014155e-06
3162,30895,2,2,1,3.4750009945128113e-06
3163,6461,2,1,0,1.7730017134454101e-06
3164,39114,2,2,1,3.774002834688872e-06
3165,6347,2,2,1,2.8899994504172355e-06
3166,47307,2,2,1,2.8889990062452853e-06
3167,80078,2,2,1,2.9750008252449334e-06
3168,80079,2,2,1,3.3380019885953516e-06
3169,63703,2,2,1,3.306999133201316e-06
3170,63706,2,2,1,3.334997018100694e-06
3171,63708,2,2,1,3.258002834627405e-06
3172,88599,2,1,0,1.7610000213608146e-06
3173,22749,3,2,1,4.7530011215712875e-06
3174,63716,2,2,1,3.416000254219398e-06
3175,88295,2,2,1,3.7610006984323263e-06
3176,71914,2,2,1,3.1249983294401318e-06
3177,30955,2,2,1,2.963999577332288e-06
3178,14581,2,2,1,3.5800003388430923e-06
3179,15920,2,1,0,1.743999746395275e-06
3180,88312,2,2,1,3.306999133201316e-06
3181,6399,2,2,1,3.083998308284208e-06
3182,63752,2,2,1,3.630000719567761e-06
3183,14609,2,2,1,3.4049990063067526e-06
3184,56439,2,1,0,1.7980019038077444e-06
3185,71953,2,2,1,3.3709984563756734e-06
3186,63776,2,2,1,3.2290008675772697e-06
3187,71972,2,2,1,3.0340015655383468e-06
3188,63787,2,2,1,3.306002327008173e-06
3189,63789,2,2,1,3.4000004234258085e-06
3190,6463,2,2,1,3.3329997677356005e-06
3191,39241,2,2,1,3.4190015867352486e-06
3192,14665,3,2,1,4.0619997889734805e-06
3193,64922,2,1,0,1.9569997675716877e-06
3194,31054,2,2,1,3.807999746641144e-06
3195,6479,2,2,1,2.9710026865359396e-06
3196,49841,4,1,0,2.381999365752563e-06
3197,39249,2,2,1,3.5850025597028434e-06
3198,14678,2,2,1,3.1039999157655984e-06
3199,72025,2,2,1,4.368001100374386e-06
3200,14691,2,2,1,3.2770003599580377e-06
3201,6502,2,2,1,3.1800009310245514e-06
3202,80233,3,2,1,4.006000381195918e-06
3203,72627,2,1,0,1.8149985407944769e-06
3204,41544,3,0,0,1.938999048434198e-06
3205,55665,2,2,1,3.7470017559826374e-06
3206,31093,2,2,1,3.34899959852919e-06
3207,63882,2,2,1,3.268996806582436e-06
3208,55690,2,2,1,3.6519995774142444e-06
3209,31116,2,2,1,3.3289979910477996e-06
3210,6538,3,2,1,3.8810030673630536e-06
3211,14731,3,2,1,3.791999915847555e-06
3212,6545,2,2,1,3.2479983929079026e-06
3213,22931,2,2,1,3.6390010791365057e-06
3214,14742,2,2,1,3.198001650162041e-06
3215,39319,2,2,1,3.2989992178045213e-06
3216,72089,2,2,1,3.402998117962852e-06
3217,22939,4,2,1,4.385001375339925e-06
3218,80287,2,2,1,3.544999344740063e-06
3219,31149,5,2,0,6.279999070102349e-06
3220,22961,2,2,2,3.870001819450408e-06
3221,72126,3,2,1,4.268000338925049e-06
3222,72127,2,2,1,3.272998583270237e-06
3223,55752,3,2,1,4.073001036886126e-06
3224,14803,2,2,1,3.4279983083251864e-06
3225,6615,2,2,1,3.3890028134919703e-06
3226,80357,2,2,1,3.1390009098686278e-06
3227,6631,2,2,2,3.425000613788143e-06
3228,72167,2,2,1,3.179000486852601e-06
3229,72172,2,2,1,2.9749971872661263e-06
3230,88561,2,2,1,3.1429990485776216e-06
3231,88568,2,2,1,3.4940021578222513e-06
3232,6648,3,2,1,3.850000211969018e-06
3233,88571,2,2,1,3.2469979487359524e-06
3234,80390,2,2,1,3.2570023904554546e-06
3235,31240,2,2,1,3.902300159097649e-05
3236,31242,2,2,1,8.169998181983829e-06
3237,31244,3,2,1,5.08299854118377e-06
3238,89119,2,1,0,2.525001036701724e-06
3239,64031,2,2,1,3.7630015867762268e-06
3240,55842,2,2,1,3.168002876918763e-06
3241,14882,2,2,1,3.454002580838278e-06
3242,14890,2,2,1,3.84100349037908e-06
3243,14891,2,2,1,3.187000402249396e-06
3244,47661,2,2,1,3.2560019462835044e-06
3245,80427,4,2,1,4.293000529287383e-06
3246,31289,2,2,1,3.440000000409782e-06
3247,39483,2,2,1,3.7570025597233325e-06
3248,80448,2,2,1,3.4129989217035472e-06
3249,14923,4,2,0,6.256999768083915e-06
3250,8376,3,1,1,3.3720025385264307e-06
3251,88653,2,2,1,3.3940013963729143e-06
3252,14926,2,2,1,3.555000148480758e-06
3253,88654,2,2,1,2.5650006136856973e-06
3254,47694,4,2,1,4.171000909991562e-06
3255,88657,2,2,1,3.155000740662217e-06
3256,6738,2,2,1,3.7770005292259157e-06
3257,55889,3,2,1,3.984998329542577e-06
3258,47702,2,2,1,3.3899996196851134e-06
3259,14938,2,2,1,3.573997673811391e-06
3260,14940,2,2,1,3.529999958118424e-06
3261,31328,2,2,1,3.821998689090833e-06
3262,72300,2,2,1,3.416000254219398e-06
3263,23156,2,2,1,5.162000888958573e-06
3264,23168,2,2,1,3.985001967521384e-06
3265,6785,5,2,0,6.358000973705202e-06
3266,24709,4,1,1,3.956000000471249e-06
3267,31371,3,2,2,4.366997018223628e-06
3268,80558,2,2,1,3.2389980333391577e-06
3269,39602,2,2,1,3.05499997921288e-06
3270,80563,2,2,1,3.0719966161996126e-06
3271,72373,2,2,1,3.3670003176666796e-06
3272,47797,2,2,1,3.5529992601368576e-06
3273,80575,2,2,1,3.2340030884370208e-06
3274,56000,2,2,1,3.2130010367836803e-06
3275,31430,2,2,1,3.3319993235636503e-06
3276,23239,4,2,1,4.538000212050974e-06
3277,72403,2,2,1,3.268000000389293e-06
3278,88788,2,2,1,3.760000254260376e-06
3279,88796,2,2,1,3.416000254219398e-06
3280,23266,4,2,1,4.961999366059899e-06
3281,57294,2,1,0,1.9140024960506707e-06
3282,56043,2,2,1,3.0560004233848304e-06
3283,64238,2,2,1,3.7009995139669627e-06
3284,10582,5,1,0,3.1479976314585656e-06
3285,64240,2,2,1,4.0239974623546004e-06
3286,56054,2,2,2,3.7390018405858427e-06
3287,56055,2,2,1,3.159002517350018e-06
3288,56969,2,1,0,1.739001163514331e-06
3289,64253,2,2,1,3.2850002753548324e-06
3290,23293,2,2,1,3.139997716061771e-06
3291,88832,2,2,1,3.0420014809351414e-06
3292,15105,2,2,1,3.2520001695957035e-06
3293,39682,2,2,1,3.339999238960445e-06
3294,39683,2,2,1,3.149998519802466e-06
3295,56069,2,2,1,3.21100014843978e-06
3296,80647,2,2,1,2.8909998945891857e-06
3297,72456,2,2,1,3.312001354061067e-06
3298,15314,2,1,0,1.844000507844612e-06
3299,47883,2,2,1,3.539997123880312e-06
3300,39693,2,2,1,3.2099997042678297e-06
3301,23315,2,2,1,3.230998117942363e-06
3302,80666,3,2,1,3.5749981179833412e-06
3303,72475,3,2,1,3.9719998312648386e-06
3304,47900,2,2,1,3.5660013963934034e-06
3305,80669,2,2,1,3.2719981390982866e-06
3306,88864,2,2,1,3.4199983929283917e-06
3307,88872,2,2,1,3.07300069835037e-06
3308,72525,2,2,1,3.793000360019505e-06
3309,15193,2,2,1,3.4280019463039935e-06
3310,88927,2,2,1,3.0410010367631912e-06
3311,72544,2,2,1,3.029999788850546e-06
3312,48472,2,1,0,1.658001565374434e-06
3313,47982,4,2,2,4.610999894794077e-06
3314,47985,3,2,1,4.182998964097351e-06
3315,47987,2,2,1,3.1410017982125282e-06
3316,39798,2,2,1,3.5379998735152185e-06
3317,15234,2,2,1,3.441000444581732e-06
3318,80771,2,2,1,3.540000761859119e-06
3319,72583,2,2,2,3.80200071958825e-06
3320,23434,2,2,1,3.4100012271665037e-06
3321,15252,2,2,1,3.406999894650653e-06
3322,31639,2,2,1,3.1849995139054954e-06
3323,48028,2,2,1,3.326000296510756e-06
3324,56230,2,2,1,3.6989986256230623e-06
3325,31659,3,2,2,4.102999810129404e-06
3326,72621,2,2,1,3.4379991120658815e-06
3327,64430,5,2,1,6.566002412000671e-06
3328,39855,2,2,1,3.4059994504787028e-06
3329,31663,3,2,1,4.5050001062918454e-06
3330,23486,2,2,1,3.5990015021525323e-06
3331,72659,4,2,1,4.566001734929159e-06
3332,80867,2,2,1,3.5000011848751456e-06
3333,7141,2,2,1,2.8286001906963065e-05
3334,7142,2,2,1,5.727000825572759e-06
3335,80870,2,2,1,3.745000867638737e-06
3336,39916,2,2,1,3.7140016502235085e-06
3337,7150,2,2,1,2.93500124826096e-06
3338,31726,5,2,1,5.800000508315861e-06
3339,72688,2,2,1,3.849003405775875e-06
3340,23538,2,2,1,7.643000571988523e-06
3341,89078,2,2,1,3.0320006771944463e-06
3342,15359,4,2,1,4.263001756044105e-06
3343,64527,2,2,1,3.450000804150477e-06
3344,89103,2,2,1,3.970999387092888e-06
3345,48146,2,2,1,3.050001396331936e-06
3346,48157,2,2,1,3.378001565579325e-06
3347,64555,2,2,1,2.930002665380016e-06
3348,48179,2,2,1,3.2620009733363986e-06
3349,56372,2,2,1,3.236000338802114e-06
3350,56376,2,2,1,2.7050009521190077e-06
3351,23610,5,2,1,5.93299773754552e-06
3352,89151,2,2,1,3.884000761900097e-06
3353,80959,2,2,1,3.4439981391187757e-06
3354,89155,2,2,1,3.635002940427512e-06
3355,80969,2,2,1,3.7469981180038303e-06
3356,56410,2,2,1,3.1249983294401318e-06
3357,7258,2,2,1,3.621000359999016e-06
3358,80995,2,2,1,3.379002009751275e-06
3359,81004,2,2,1,2.977001713588834e-06
3360,7276,2,2,1,3.4139993658754975e-06
3361,72811,2,2,1,3.264001861680299e-06
3362,56433,2,2,1,3.7620011426042765e-06
3363,89208,2,2,1,3.531997208483517e-06
3364,81021,2,2,1,2.7960013539996e-06
3365,72831,2,2,1,3.6899982660543174e-06
3366,72835,2,2,1,2.958000550279394e-06
3367,28814,3,1,0,2.300999767612666e-06
3368,72837,2,2,1,3.359997208463028e-06
3369,15494,2,2,1,3.1939998734742403e-06
3370,81035,2,2,1,3.7669997254852206e-06
3371,15506,2,2,1,3.4910008253064007e-06
3372,64660,3,2,1,4.069999704370275e-06
3373,81048,2,2,1,3.249999281251803e-06
3374,16330,2,1,0,1.8049977370537817e-06
3375,31900,6,2,1,5.7299985201098025e-06
3376,7327,2,2,2,3.5859993658959866e-06
3377,7341,2,2,1,3.4990007407031953e-06
3378,15537,2,2,1,3.416000254219398e-06
3379,48339,2,1,0,1.7860002117231488e-06
3380,40111,2,2,1,3.3229989639949054e-06
3381,72886,2,2,1,2.9699986043851823e-06
3382,72893,2,2,1,3.1749987101648003e-06
3383,15553,3,2,1,3.914999979315326e-06
3384,15556,3,2,1,0.0014310839978861623
3385,1936,3,1,1,9.968000085791573e-06
3386,31949,4,2,1,8.03500006441027e-06
3387,31959,2,2,1,6.58200224279426e-06
3388,81111,3,2,1,5.465000867843628e-06
3389,56555,2,2,1,4.002999048680067e-06
3390,56563,2,2,1,1.1685999197652563e-05
3391,56564,2,2,1,4.382000042824075e-06
3392,48375,2,2,1,4.2149986256845295e-06
3393,48382,2,2,1,3.825000021606684e-06
3394,65499,2,1,0,2.5080007617361844e-06
3395,23822,4,2,1,5.639998562401161e-06
3396,72977,2,2,1,4.224999429425225e-06
3397,81169,2,2,1,4.1339990275446326e-06
3398,72983,2,2,2,4.444998921826482e-06
3399,32024,2,2,1,3.7149984564166516e-06
3400,48720,4,1,0,2.673998096724972e-06
3401,77233,3,1,1,2.8129979909863323e-06
3402,32028,2,2,1,3.2230018405243754e-06
3403,32031,2,2,1,3.520999598549679e-06
3404,81183,2,2,1,3.468001523287967e-06
3405,81185,2,2,1,3.044999175472185e-06
3406,81188,2,2,1,3.892000677296892e-06
3407,23854,2,2,1,3.577999450499192e-06
3408,15664,2,2,1,3.5150005714967847e-06
3409,56632,2,2,1,3.321001713629812e-06
3410,56639,2,2,1,3.3090000215452164e-06
3411,32069,2,2,1,3.207002009730786e-06
3412,32071,2,2,1,3.4760014386847615e-06
3413,73035,3,2,1,4.156001523369923e-06
3414,81228,2,2,1,3.630000719567761e-06
3415,32077,2,2,1,3.6000019463244826e-06
3416,23886,2,2,1,3.4340009733568877e-06
3417,23894,2,2,1,3.569999535102397e-06
3418,23897,2,2,1,3.359000402269885e-06
3419,23900,2,2,2,4.151002940488979e-06
3420,48477,2,2,1,3.7949976103845984e-06
3421,48478,2,2,1,3.1709969334769994e-06
3422,64871,2,1,0,1.8170030671171844e-06
3423,23905,2,2,1,3.5989978641737252e-06
3424,73058,2,2,1,3.1629970180802047e-06
3425,64869,2,2,1,3.0750015866942704e-06
3426,64874,2,2,1,3.383000148460269e-06
3427,32121,2,2,1,3.819997800746933e-06
3428,23933,2,2,1,3.2469979487359524e-06
3429,23944,2,2,1,3.5419980122242123e-06
3430,7604,2,2,1,3.496999852359295e-06
3431,7606,2,2,1,3.007000486832112e-06
3432,56764,2,2,1,3.549997927621007e-06
3433,64961,2,2,1,3.2950010790955275e-06
3434,64968,2,2,1,3.7379977584350854e-06
3435,64980,2,2,1,3.2710013329051435e-06
3436,81394,2,2,1,3.4820004657376558e-06
3437,65014,2,2,1,3.5859993658959866e-06
3438,40449,2,2,1,8.464001439278945e-06
3439,65037,3,2,1,7.692997314734384e-06
3440,65038,2,2,1,4.449000698514283e-06
3441,65050,2,2,1,3.506997018121183e-06
3442,65064,2,2,1,3.5900011425837874e-06
3443,32389,2,1,0,7.99899862613529e-06
3444,81455,3,2,1,4.261000867700204e-06
3445,56882,2,2,1,3.850000211969018e-06
3446,81458,2,2,1,4.113000613870099e-06
3447,81460,2,2,1,3.288998414063826e-06
3448,56901,2,2,1,3.7339996197260916e-06
3449,32347,2,2,1,3.555996954673901e-06
3450,24173,2,2,1,3.1700001272838563e-06
3451,24174,2,2,1,3.15499710268341e-06
3452,48756,2,2,1,3.4180011425632983e-06
3453,56947,2,2,1,3.450000804150477e-06
3454,56962,2,2,1,4.796998837264255e-06
3455,65156,2,2,1,3.811997885350138e-06
3456,65158,2,2,1,2.9889997676946223e-06
3457,73349,4,2,1,5.031000910094008e-06
3458,65163,2,2,1,2.7040005079470575e-06
3459,24375,4,1,0,2.420998498564586e-06
3460,52209,3,0,0,2.1220002963673323e-06
3461,65172,2,2,1,3.4619988582562655e-06
3462,7861,2,2,1,3.1999989005271345e-06
3463,40639,2,2,1,3.354001819388941e-06
3464,48841,3,2,1,4.475001333048567e-06
3465,81621,2,2,1,3.3270007406827062e-06
3466,81622,2,2,1,3.2859970815479755e-06
3467,73431,4,2,1,4.258999979356304e-06
3468,40822,2,1,0,1.7989987100008875e-06
3469,51513,4,0,0,2.2029998945072293e-06
3470,24290,2,2,1,3.2909993024077266e-06
3471,7917,2,2,1,3.4099975891876966e-06
3472,32498,2,2,1,3.460001607891172e-06
3473,32499,2,2,1,3.3290016290266067e-06
3474,57088,2,2,1,3.2669995562173426e-06
3475,73483,2,2,1,3.5909979487769306e-06
3476,24332,5,2,1,5.433998012449592e-06
3477,73485,2,2,1,3.4149998100474477e-06
3478,73492,3,2,2,4.3819964048452675e-06
3479,73493,2,2,1,3.8380021578632295e-06
3480,81702,2,2,1,3.478002327028662e-06
3481,24363,2,2,1,3.591998392948881e-06
3482,65324,2,2,1,3.384000592632219e-06
3483,10391,3,1,0,2.406999556114897e-06
3484,48951,3,2,1,4.101999365957454e-06
3485,81724,2,2,1,3.006000042660162e-06
3486,49083,2,1,0,1.8220016499981284e-06
3487,48958,2,2,1,3.9190017560031265e-06
3488,48963,2,2,1,3.379002009751275e-06
3489,16200,2,2,1,3.5390003176871687e-06
3490,65352,2,2,1,3.1700001272838563e-06
3491,40781,2,2,1,3.7179997889325023e-06
3492,40787,2,2,1,3.4420008887536824e-06
3493,8020,2,2,1,3.78400000045076e-06
3494,40789,2,2,1,3.5279990697745234e-06
3495,73561,2,2,1,3.4610020520631224e-06
3496,57178,3,2,1,4.278997948858887e-06
3497,40793,3,2,1,3.917000867659226e-06
3498,74356,4,1,0,2.5320005079265684e-06
3499,81766,2,2,1,3.411998477531597e-06
3500,57192,2,2,1,3.1080016924533993e-06
3501,8044,2,2,1,3.359000402269885e-06
3502,65392,2,2,1,3.288001607870683e-06
3503,40837,2,2,1,3.4139993658754975e-06
3504,57224,2,2,1,3.5679986467584968e-06
3505,40844,2,2,1,3.086999640800059e-06
3506,40846,2,2,1,3.3140022424049675e-06
3507,40847,2,2,1,3.4240001696161926e-06
3508,81807,2,2,1,3.083001502091065e-06
3509,24473,3,2,2,4.6909990487620234e-06
3510,8092,2,2,1,3.7530007830355316e-06
3511,8106,2,2,1,3.531000402290374e-06
3512,8108,2,2,1,3.3620017347857356e-06
3513,49073,2,2,1,3.2620009733363986e-06
3514,49080,2,2,1,2.9479997465386987e-06
3515,32716,3,2,1,4.050998541060835e-06
3516,57296,2,2,1,3.649001882877201e-06
3517,73688,2,2,1,3.459001163719222e-06
3518,32730,2,2,1,5.058998794993386e-06
3519,16358,2,2,1,3.392997314222157e-06
3520,32745,4,2,1,4.388002707855776e-06
3521,24555,2,2,1,3.411001671338454e-06
3522,24556,2,2,1,3.5949997254647315e-06
3523,81903,2,2,1,3.3430005714762956e-06
3524,16369,3,2,1,3.827997716143727e-06
3525,40981,4,2,1,4.498000635067001e-06
3526,73779,5,2,1,4.65099947177805e-06
3527,8260,4,2,1,4.7009998525027186e-06
3528,57414,3,2,1,3.806999302469194e-06
3529,79,5,2,1,5.097001121612266e-06
3530,8369,4,2,1,4.2480023694224656e-06
3531,16696,4,2,1,4.638000973500311e-06
3532,74105,4,2,0,5.63899811822921e-06
3533,400,4,2,1,4.9150003178510815e-06
3534,16790,3,2,1,4.149998858338222e-06
3535,41405,4,2,1,4.25500184064731e-06
3536,613,3,2,1,4.272998921805993e-06
3537,83003,4,2,1,4.6430031943600625e-06
3538,33875,3,2,1,4.3529980757739395e-06
3539,58470,3,2,1,4.130997695028782e-06
3540,9343,4,2,0,5.4010015446692705e-06
3541,74906,4,2,1,4.378001904115081e-06
3542,34055,4,2,1,4.805999196833e-06
3543,25902,5,2,1,5.095000233268365e-06
3544,66878,4,2,1,4.8629990487825125e-06
3545,83319,3,2,1,3.859000571537763e-06
3546,42398,5,2,1,5.049998435424641e-06
3547,34284,6,2,0,6.1300015659071505e-06
3548,42561,4,2,0,5.030997272115201e-06
3549,50771,3,2,1,3.970999387092888e-06
3550,1744,5,2,0,5.12100086780265e-06
3551,9945,3,2,1,4.19899879489094e-06
3552,18308,3,1,0,2.172000677092001e-06
3553,1871,4,2,1,4.437999450601637e-06
3554,1925,4,2,1,4.590001481119543e-06
3555,2105,3,2,1,3.7130012060515583e-06
3556,2331,3,2,1,4.321002052165568e-06
3557,35161,3,2,1,3.788001777138561e-06
3558,2677,3,2,1,4.277000698493794e-06
3559,27444,5,2,1,5.170000804355368e-06
3560,19261,3,2,1,3.8719990698155016e-06
3561,60294,3,2,1,3.7039972085040063e-06
3562,3058,5,2,2,5.044999852543697e-06
3563,3120,3,2,1,3.826997271971777e-06
3564,11339,3,2,1,3.897999704349786e-06
3565,27812,4,2,1,4.416000592755154e-06
3566,77208,3,2,1,3.6750025174114853e-06
3567,28113,3,2,1,4.171000909991562e-06
3568,11975,3,2,1,3.788998583331704e-06
3569,36575,3,2,1,3.6769997677765787e-06
3570,12122,3,2,1,3.9429978642147034e-06
3571,36896,3,2,1,3.5869998100679368e-06
3572,36952,3,2,1,3.832999937003478e-06
3573,28823,6,2,1,5.713998689316213e-06
3574,62277,3,2,1,3.6389974411576986e-06
3575,4949,3,2,1,3.7909994716756046e-06
3576,5033,3,2,1,3.9480000850744545e-06
3577,21523,3,2,1,3.974000719608739e-06
3578,29910,3,2,1,3.8760008465033025e-06
3579,21787,6,2,1,5.480000254465267e-06
3580,70955,5,2,1,4.51400046586059e-06
3581,87597,4,2,1,4.506000550463796e-06
3582,87637,3,2,1,5.719000910175964e-06
3583,71285,3,2,1,3.883000317728147e-06
3584,87679,3,2,1,3.787998139159754e-06
3585,38808,5,2,2,4.905999958282337e-06
3586,30640,3,2,1,4.740999429486692e-06
3587,71929,4,2,1,4.557001375360414e-06
3588,14881,3,2,1,4.012999852420762e-06
3589,47699,3,2,2,4.225999873597175e-06
3590,72277,3,2,1,4.110999725526199e-06
3591,80645,4,2,1,4.531997547019273e-06
3592,15344,3,2,1,4.128000000491738e-06
3593,56446,3,2,1,3.6469973565544933e-06
3594,23795,5,2,1,4.911998985335231e-06
3595,73479,3,2,1,3.963003109674901e-06
3596,41524,4,2,0,5.174999387236312e-06
3597,3117,3,2,1,3.8620019040536135e-06
3598,77357,4,2,0,5.041998520027846e-06
3599,20508,3,2,1,3.610999556258321e-06
3600,70467,4,2,1,4.2050014599226415e-06
3601,54936,4,2,1,4.752000677399337e-06
3602,12928,3,2,1,3.5859993658959866e-06
3603,2,3,3,1,4.612000338966027e-06
3604,6507,3,2,0,2.7079986466560513e-06
3605,75969,3,1,0,2.287000825162977e-06
3606,81938,3,3,1,4.498997441260144e-06
3607,55772,3,2,0,2.5239969545509666e-06
3608,81449,3,1,0,2.1599989850074053e-06
3609,8216,4,3,1,5.0670023483689874e-06
3610,38874,3,2,0,2.4649998522363603e-06
3611,8218,3,3,1,5.092999344924465e-06
3612,32795,3,3,1,4.620000254362822e-06
3613,28,3,3,1,4.534002073341981e-06
3614,76695,3,2,0,2.5170011213049293e-06
3615,73767,3,3,1,4.497000190895051e-06
3616,60663,4,2,0,2.9799000913044438e-05
3617,45466,4,1,0,4.4480002543423325e-06
3618,57399,5,3,1,8.375998731935397e-06
3619,57400,3,3,1,5.851998139405623e-06
3620,49693,3,2,0,2.3520005925092846e-06
3621,57401,3,3,1,1.0251998901367188e-05
3622,49861,3,2,0,2.7850001060869545e-06
3623,39449,3,1,0,2.1859996195416898e-06
3624,8253,4,3,1,5.3250005294103175e-06
3625,4187,3,2,0,2.4799992388579994e-06
3626,73789,5,3,1,6.062000466044992e-06
3627,24640,3,3,1,4.703000740846619e-06
3628,88065,4,2,0,2.8510003176052123e-06
3629,57410,3,3,1,4.3359978008084e-06
3630,57619,3,2,0,2.5180015654768795e-06
3631,8258,3,3,1,4.736000846605748e-06
3632,44241,3,2,0,2.510001650080085e-06
3633,73806,3,3,1,4.691999492933974e-06
3634,8271,3,3,1,4.675999662140384e-06
3635,70957,3,2,0,2.402000973233953e-06
3636,16466,5,3,1,6.117003067629412e-06
3637,73820,3,3,1,4.277000698493794e-06
3638,32871,3,3,2,8.635997801320627e-06
3639,107,3,3,2,7.719998393440619e-06
3640,59291,3,2,1,4.547997377812862e-06
3641,100,4,2,0,5.326000973582268e-06
3642,108,3,3,1,4.589001036947593e-06
3643,49262,10,3,1,8.032999176066369e-06
3644,30294,3,2,0,2.4990004021674395e-06
3645,82038,3,3,1,7.029000698821619e-06
3646,32887,3,3,1,4.6869972720742226e-06
3647,65657,3,3,1,4.953999450663105e-06
3648,122,3,3,1,4.560999514069408e-06
3649,52486,3,2,0,2.6800007617566735e-06
3650,37425,3,1,0,2.257998858112842e-06
3651,468,4,1,1,3.326000296510756e-06
3652,41085,3,3,1,4.673001967603341e-06
3653,57473,3,3,2,6.1539976741187274e-06
3654,32899,3,3,1,4.120000085094944e-06
3655,56974,3,2,0,2.525001036701724e-06
3656,32902,3,3,1,4.322999302530661e-06
3657,16519,3,3,1,4.1099992813542485e-06
3658,24710,3,3,1,4.093002644367516e-06
3659,53302,3,2,0,2.459000825183466e-06
3660,78181,3,1,0,2.140001015504822e-06
3661,48248,3,0,0,2.058997779386118e-06
3662,24714,3,3,1,4.2909996409434825e-06
3663,82066,3,3,1,3.848999767797068e-06
3664,37191,3,2,0,2.4750006559770554e-06
3665,4462,3,1,0,2.1619998733513057e-06
3666,20053,3,0,0,1.9979997887276113e-06
3667,32915,3,3,1,5.002999387215823e-06
3668,14514,3,2,0,2.5049994292203337e-06
3669,43214,3,1,0,2.0990009943488985e-06
3670,82070,3,3,1,4.2620013118721545e-06
3671,51215,3,2,0,2.44399780058302e-06
3672,51698,3,1,0,2.0099978428333998e-06
3673,41110,4,3,1,5.6569988373667e-06
3674,41121,3,3,1,4.1339990275446326e-06
3675,56637,5,2,0,3.260000084992498e-06
3676,53380,6,2,0,6.479000148829073e-06
3677,82081,3,3,1,4.1099992813542485e-06
3678,62869,3,2,0,2.5609988369978964e-06
3679,10125,3,1,0,1.996999344555661e-06
3680,42883,5,2,1,4.999001248506829e-06
3681,65702,3,3,2,6.438000127673149e-06
3682,24749,3,3,1,4.378998710308224e-06
3683,35936,3,2,0,2.395998308202252e-06
3684,73901,3,3,1,4.3149993871338665e-06
3685,4946,3,2,0,2.410000888630748e-06
3686,73905,3,3,1,5.037003575125709e-06
3687,24756,3,3,2,5.975001840852201e-06
3688,89205,3,2,1,3.703000402310863e-06
3689,24757,3,3,1,4.6860004658810794e-06
3690,32950,3,3,1,4.597997758537531e-06
3691,182,3,3,1,4.2339997889939696e-06
3692,35158,3,2,0,2.6599991542752832e-06
3693,55008,3,1,0,2.2089989215601236e-06
3694,73913,3,3,1,4.524998075794429e-06
3695,32954,3,3,2,4.79970003652852e-05
3696,187,3,3,1,7.309998181881383e-06
3697,32956,3,3,1,5.480000254465267e-06
3698,24758,3,3,1,4.189998435322195e-06
3699,2950,3,2,0,2.7670030249282718e-06
3700,33549,3,1,0,2.2519998310599476e-06
3701,33550,3,0,0,2.01099828700535e-06
3702,57540,4,3,1,4.942001396557316e-06
3703,37007,3,2,0,2.7179994503967464e-06
3704,38527,3,1,0,2.0799998310394585e-06
3705,72368,3,0,0,1.781998435035348e-06
3706,32966,3,3,1,4.39200084656477e-06
3707,32967,3,3,1,4.292000085115433e-06
3708,19026,3,2,0,2.515000232961029e-06
3709,77953,3,1,0,2.0040024537593126e-06
3710,8398,3,3,1,4.795001586899161e-06
3711,18200,3,2,0,2.701999619603157e-06
3712,57559,3,3,2,7.788999937474728e-06
3713,8409,3,3,1,4.8389993025921285e-06
3714,71261,3,2,0,2.4660002964083105e-06
3715,57570,3,3,1,4.257999535184354e-06
3716,16613,3,3,1,4.270001227268949e-06
3717,81761,3,2,0,2.583001332823187e-06
3718,58580,3,1,0,2.058000973192975e-06
3719,65783,3,3,1,3.8570033211726695e-06
3720,59132,3,2,0,2.296001184731722e-06
3721,15227,3,1,0,1.9510007405187935e-06
3722,65784,3,3,1,4.894001904176548e-06
3723,82169,4,3,1,4.8679976316634566e-06
3724,60582,5,2,0,3.049000952159986e-06
3725,15811,4,2,1,4.320001607993618e-06
3726,65791,3,3,2,7.193997589638457e-06
3727,59058,3,2,1,3.92099900636822e-06
3728,49450,3,3,1,3.982000635005534e-06
3729,51591,3,2,0,2.543998562032357e-06
3730,14728,3,1,0,2.177999704144895e-06
3731,77360,6,1,0,3.0670016712974757e-06
3732,16684,3,3,1,4.473000444704667e-06
3733,42644,3,2,0,2.4559994926676154e-06
3734,305,3,3,1,4.582998371915892e-06
3735,16689,3,3,1,3.910998202627525e-06
3736,36408,3,2,0,2.3949978640303016e-06
3737,4501,3,1,0,1.9650033209472895e-06
3738,41267,3,3,1,4.041001375298947e-06
3739,70657,3,2,0,2.4510009097866714e-06
3740,85020,3,1,0,2.019998646574095e-06
3741,2400,4,1,1,3.2239986467175186e-06
3742,41266,3,3,1,4.4859989429824054e-06
3743,46497,3,2,0,2.7220012270845473e-06
3744,41288,3,3,1,4.249999619787559e-06
3745,46212,3,2,0,2.3379980120807886e-06
3746,334,3,3,1,4.666999302571639e-06
3747,337,3,3,1,4.396999429445714e-06
3748,33112,3,3,1,4.399000317789614e-06
3749,33114,3,3,1,4.07900006393902e-06
3750,54005,3,2,0,2.4080000002868474e-06
3751,8545,3,3,2,6.409001798601821e-06
3752,16739,3,3,1,4.64899858343415e-06
3753,368,3,3,1,3.7320023693609983e-06
3754,88061,3,2,0,2.3510001483373344e-06
3755,57850,3,1,0,1.9749968487303704e-06
3756,41329,6,3,1,6.198002665769309e-06
3757,24948,5,3,2,6.795002263970673e-06
3758,377,3,3,2,6.443999154726043e-06
3759,24962,3,3,1,4.8869987949728966e-06
3760,49539,3,3,1,4.318000719649717e-06
3761,423,3,3,2,8.582999726058915e-06
3762,33207,3,3,1,3.928002115571871e-06
3763,67216,3,2,0,2.4889995984267443e-06
3764,34463,3,1,0,2.0309998944867402e-06
3765,59068,3,0,0,1.9610015442594886e-06
3766,33211,3,3,1,4.083998646819964e-06
3767,78202,3,2,0,2.392996975686401e-06
3768,80989,3,1,0,1.9800027075689286e-06
3769,7113,4,1,1,3.3760006772354245e-06
3770,46707,3,2,1,3.697001375257969e-06
3771,25025,5,3,3,6.214999302756041e-06
3772,25032,3,3,1,4.9959999159909785e-06
3773,57817,3,3,1,6.113998097134754e-06
3774,9666,3,2,0,2.381999365752563e-06
3775,8667,4,3,1,7.622998964507133e-06
3776,25052,3,3,2,7.238999387482181e-06
3777,33247,4,3,1,4.503999662119895e-06
3778,25057,3,3,1,4.556997737381607e-06
3779,28369,5,2,0,3.4320000850129873e-06
3780,64722,4,1,0,2.429998858133331e-06
3781,6636,3,0,0,1.9979997887276113e-06
3782,82413,3,3,2,7.084996468620375e-06
3783,82417,3,3,1,4.246998287271708e-06
3784,82425,4,3,1,3.399299748707563e-05
3785,22958,3,2,0,5.25900031789206e-06
3786,74236,3,3,1,6.073998520150781e-06
3787,74238,3,3,1,5.028003215556964e-06
3788,49662,8,3,1,1.2232001608936116e-05
3789,50569,3,2,0,2.668999513844028e-06
3790,79277,3,1,0,2.106997271766886e-06
3791,8707,3,3,1,4.5480010157916695e-06
3792,8709,3,3,2,8.524999429937452e-06
3793,74249,3,3,1,5.3820003813598305e-06
3794,82910,3,2,0,2.3800021153874695e-06
3795,33302,3,3,1,4.364002961665392e-06
3796,60979,3,2,0,2.310000127181411e-06
3797,538,3,3,1,4.92799881612882e-06
3798,33310,3,3,1,4.420999175636098e-06
3799,1166,3,2,0,2.5129993446171284e-06
3800,33312,3,3,1,4.279998393030837e-06
3801,7983,4,2,0,3.0480005079880357e-06
3802,37623,5,2,0,5.988997145323083e-06
3803,57889,4,3,2,5.268000677460805e-06
3804,81649,3,2,2,3.959998139180243e-06
3805,74289,5,3,1,5.783000233350322e-06
3806,33869,3,2,0,2.3669999791309237e-06
3807,41525,3,3,1,5.860001692781225e-06
3808,33334,3,3,1,4.321998858358711e-06
3809,25156,3,3,2,7.981001544976607e-06
3810,74311,3,3,1,4.8820002120919526e-06
3811,70318,3,2,0,2.3220018192660064e-06
3812,49745,3,3,1,4.743000317830592e-06
3813,49747,3,3,1,3.6719975469168276e-06
3814,8790,3,3,2,6.971000402700156e-06
3815,41560,4,3,3,5.502999556483701e-06
3816,41561,3,3,1,5.263998900773004e-06
3817,88066,3,2,0,2.4230030248872936e-06
3818,74335,3,3,2,5.522000719793141e-06
3819,38486,4,2,0,5.194000550545752e-06
3820,619,3,3,1,4.748999344883487e-06
3821,74351,3,3,1,4.322999302530661e-06
3822,26958,3,2,0,2.2980020730756223e-06
3823,49777,3,3,2,7.024998922133818e-06
3824,36466,6,2,0,6.278998625930399e-06
3825,74364,3,3,2,6.005000614095479e-06
3826,8836,3,3,1,5.337999027688056e-06
3827,74372,3,3,1,5.111000064061955e-06
3828,25224,3,3,1,4.064000677317381e-06
3829,10383,3,2,0,2.36400228459388e-06
3830,63352,8,2,1,5.67399911233224e-06
3831,57999,3,3,1,4.217003152007237e-06
3832,17052,3,3,1,4.263998562237248e-06
3833,44778,3,2,0,2.5460030883550644e-06
3834,58031,6,3,1,6.950001989025623e-06
3835,41649,3,3,1,4.280998837202787e-06
3836,58035,3,3,1,4.446999810170382e-06
3837,9897,3,2,0,2.282999048475176e-06
3838,58036,3,3,1,3.773999196710065e-06
3839,53139,4,2,0,2.873999619623646e-06
3840,39959,6,2,0,5.732999852625653e-06
3841,693,3,3,1,3.973997081629932e-06
3842,68391,3,2,0,2.36400228459388e-06
3843,77665,3,1,0,2.1050000214017928e-06
3844,53622,4,1,1,3.3340002119075507e-06
3845,58049,3,3,2,6.941001629456878e-06
3846,29650,3,2,1,4.122997779631987e-06
3847,41675,3,3,1,4.4190019252710044e-06
3848,58430,4,2,0,2.7470014174468815e-06
3849,2779,3,1,0,2.040000254055485e-06
3850,55917,7,2,1,6.141002813819796e-06
3851,58070,3,3,1,4.842000635107979e-06
3852,66265,3,3,1,4.0669983718544245e-06
3853,69917,4,2,0,2.788001438602805e-06
3854,41692,3,3,1,4.177003575023264e-06
3855,58795,3,2,0,2.406002749921754e-06
3856,739,3,3,1,5.3960029617883265e-06
3857,41699,3,3,1,4.259996785549447e-06
3858,19234,3,2,0,2.5459994503762573e-06
3859,38342,3,1,0,2.115997631335631e-06
3860,41701,3,3,1,4.036999598611146e-06
3861,54483,3,2,0,2.4429973564110696e-06
3862,87259,3,1,0,2.0799998310394585e-06
3863,74474,3,3,1,4.3529980757739395e-06
3864,56368,3,2,0,2.450000465614721e-06
3865,72463,6,2,0,6.240999937290326e-06
3866,41707,3,3,1,3.965997166233137e-06
3867,23848,3,2,0,2.4840010155458003e-06
3868,5538,3,1,0,2.153999957954511e-06
3869,18211,3,0,0,1.8700011423788965e-06
3870,49902,4,3,1,5.054000212112442e-06
3871,752,3,3,1,5.06499782204628e-06
3872,755,3,3,1,4.39500217908062e-06
3873,17141,3,3,1,4.525998519966379e-06
3874,33543,3,3,1,4.634002834791318e-06
3875,33562,3,3,1,4.550998710328713e-06
3876,74540,3,3,1,4.206998710287735e-06
3877,82753,3,3,1,4.753997927764431e-06
3878,33605,3,3,1,3.430002834647894e-06
3879,50004,3,3,1,4.39200084656477e-06
3880,41842,3,3,1,4.361001629149541e-06
3881,82805,4,3,1,5.247999069979414e-06
3882,50039,3,3,1,4.65099947177805e-06
3883,10333,4,2,0,2.992001100210473e-06
3884,39688,3,1,0,2.0799998310394585e-06
3885,51584,5,2,1,4.883000656263903e-06
3886,50047,3,3,1,4.866000381298363e-06
3887,50049,3,3,2,7.814000127837062e-06
3888,74626,3,3,1,4.301000444684178e-06
3889,19216,4,2,0,3.020999429281801e-06
3890,10082,3,1,0,2.0219995349179953e-06
3891,55263,4,1,1,3.3760006772354245e-06
3892,74627,3,3,1,4.200999683234841e-06
3893,77479,3,2,0,2.3840002540964633e-06
3894,21162,6,2,1,5.030000465922058e-06
3895,25487,4,3,1,5.2780014812015e-06
3896,19829,3,2,0,2.4190012481994927e-06
3897,19998,4,2,1,4.4150001485832036e-06
3898,83363,3,2,1,3.7099998735357076e-06
3899,53985,3,2,1,4.337001882959157e-06
3900,74644,3,3,1,6.784001016058028e-06
3901,46241,3,2,0,2.392000169493258e-06
3902,41883,3,3,1,4.905999958282337e-06
3903,17338,3,3,1,4.257999535184354e-06
3904,50862,3,2,0,2.559001586632803e-06
3905,43539,3,1,0,2.1169980755075812e-06
3906,66499,3,3,1,4.3049985833931714e-06
3907,51685,3,2,0,2.5909976102411747e-06
3908,63821,5,1,0,2.6899979275185615e-06
3909,973,3,3,1,4.309000360080972e-06
3910,58319,3,3,1,4.6860004658810794e-06
3911,3485,3,2,0,2.3649990907870233e-06
3912,66515,3,3,1,3.893001121468842e-06
3913,58338,4,3,2,8.15699968370609e-06
3914,995,5,3,1,5.83200016990304e-06
3915,33764,3,3,1,4.9580012273509055e-06
3916,997,3,3,1,4.230001650284976e-06
3917,77419,3,2,0,2.4979999579954892e-06
3918,9291,3,1,0,2.020999090746045e-06
3919,85263,3,0,0,1.8179998733103275e-06
3920,17393,3,3,1,4.300000000512227e-06
3921,48798,3,2,0,2.4410001060459763e-06
3922,1009,3,3,1,3.973997081629932e-06
3923,58356,3,3,1,3.949000529246405e-06
3924,17399,3,3,1,4.339999577496201e-06
3925,76690,3,2,0,2.4469991330988705e-06
3926,52268,3,1,0,2.0599982235580683e-06
3927,17402,3,3,1,4.921999789075926e-06
3928,58366,3,3,1,4.607001756085083e-06
3929,14226,3,2,0,2.3610009520780295e-06
3930,9215,4,3,1,8.024999260669574e-06
3931,1029,4,3,1,5.029000021750107e-06
3932,49082,3,2,0,2.3900029191281646e-06
3933,50183,3,3,1,4.846999217988923e-06
3934,1031,3,3,1,4.590001481119543e-06
3935,58378,3,3,1,4.088997229700908e-06
3936,69058,3,2,0,2.3460015654563904e-06
3937,55464,3,1,0,2.0799998310394585e-06
3938,42007,3,3,1,4.261000867700204e-06
3939,58395,3,3,1,4.239998816046864e-06
3940,28053,4,2,0,2.554999809945002e-06
3941,17446,3,3,2,7.07799699739553e-06
3942,25641,3,3,1,4.590001481119543e-06
3943,37190,3,2,0,2.4930013751145452e-06
3944,50219,3,3,1,4.525001713773236e-06
3945,9264,4,3,1,5.136000254424289e-06
3946,58419,3,3,1,4.427998646860942e-06
3947,58422,3,3,2,7.072001608321443e-06
3948,50231,3,3,1,4.165998689131811e-06
3949,82999,3,3,1,4.009001713711768e-06
3950,38387,3,2,0,2.530003257561475e-06
3951,8008,3,1,0,2.101998688885942e-06
3952,67721,3,0,0,1.877000613603741e-06
3953,74816,3,3,2,6.2159997469279915e-06
3954,58443,5,3,1,5.310001142788678e-06
3955,81784,3,2,0,2.7589998353505507e-05
3956,66964,3,1,0,4.830999387195334e-06
3957,44309,5,0,0,3.2809984986670315e-06
3958,1101,3,3,1,7.517999620176852e-06
3959,1123,3,3,1,4.338999133324251e-06
3960,1124,3,3,1,3.6329984141048044e-06
3961,12422,4,2,0,2.812001184793189e-06
3962,9317,5,3,1,1.1276999430265278e-05
3963,78491,3,2,0,2.610999217722565e-06
3964,88900,3,1,0,1.9849976524710655e-06
3965,83050,3,3,1,4.622001142706722e-06
3966,83052,3,3,1,4.762001481140032e-06
3967,17518,3,3,1,4.8869987949728966e-06
3968,83058,3,3,1,4.1620005504228175e-06
3969,9664,3,2,0,2.4430009943898767e-06
3970,50309,3,3,2,7.0930000219959766e-06
3971,1159,4,3,1,8.053997589740902e-06
3972,66701,3,3,1,4.859000910073519e-06
3973,61362,3,2,0,2.4280016077682376e-06
3974,83099,3,3,1,5.0439994083717465e-06
3975,58528,3,3,1,4.246998287271708e-06
3976,51131,11,2,0,5.231999239185825e-06
3977,49443,5,2,1,4.8820002120919526e-06
3978,9384,3,3,1,5.216999852564186e-06
3979,50358,3,3,1,4.7670000640209764e-06
3980,50361,3,3,2,6.139001925475895e-06
3981,79209,4,2,1,4.3479994928929955e-06
3982,83135,3,3,1,4.797999281436205e-06
3983,71431,3,2,0,2.369000867474824e-06
3984,25793,3,3,1,4.348999937064946e-06
3985,14658,7,2,0,3.9570004446431994e-06
3986,52674,5,2,1,4.536999767879024e-06
3987,25794,3,3,1,4.304001777200028e-06
3988,33999,3,3,1,4.998000804334879e-06
3989,58576,3,3,1,4.780999006470665e-06
3990,1238,3,3,1,4.174002242507413e-06
3991,42201,5,3,1,5.924001015955582e-06
3992,70770,3,2,0,2.2790009097661823e-06
3993,17668,3,3,1,4.240999260218814e-06
3994,67252,3,2,0,2.586999471532181e-06
3995,59621,3,1,0,2.0240004232618958e-06
3996,9505,3,3,1,4.375997377792373e-06
3997,62238,3,2,0,2.4190012481994927e-06
3998,42290,3,3,2,7.790000381646678e-06
3999,58676,3,3,1,5.054000212112442e-06
4000,25909,3,3,1,4.389999958220869e-06
4001,24550,3,2,0,2.496999513823539e-06
4002,78198,3,1,0,2.064000000245869e-06
4003,69379,6,2,1,5.3580006351694465e-06
4004,75064,3,3,1,4.589997843140736e-06
4005,51396,3,2,0,2.474000211805105e-06
4006,83257,3,3,1,4.483998054638505e-06
4007,24376,3,2,0,2.4270011635962874e-06
4008,31332,4,2,1,3.7320023693609983e-06
4009,50499,3,3,1,3.949000529246405e-06
4010,48764,3,2,0,2.3600005079060793e-06
4011,34136,4,3,2,7.651000487385318e-06
4012,83296,3,3,1,4.408000677358359e-06
4013,50529,3,3,1,4.292000085115433e-06
4014,50530,3,3,1,4.427998646860942e-06
4015,36536,3,2,0,2.3329994291998446e-06
4016,50528,3,3,2,7.155002094805241e-06
4017,9581,4,3,1,4.797999281436205e-06
4018,70460,3,2,0,2.296001184731722e-06
4019,62601,3,1,0,2.0469997252803296e-06
4020,75128,3,3,1,4.642002750188112e-06
4021,46161,3,2,0,2.3329994291998446e-06
4022,42361,3,3,2,6.039001164026558e-06
4023,50563,3,3,1,4.539997462416068e-06
4024,52118,3,2,0,2.3089996830094606e-06
4025,68896,7,1,0,3.3989999792538583e-06
4026,9607,4,3,2,7.632999768247828e-06
4027,15416,5,2,0,6.618000043090433e-06
4028,6511,5,2,1,6.446996849263087e-06
4029,42385,4,3,1,9.038001735461876e-06
4030,17811,3,3,1,4.655998054658994e-06
4031,71105,3,2,0,2.3700013116467744e-06
4032,17813,3,3,1,4.884997906628996e-06
4033,83355,3,3,1,4.3379986891523e-06
4034,80386,3,2,0,2.5760018615983427e-06
4035,54527,3,1,0,2.0990009943488985e-06
4036,39853,3,0,0,1.868000254034996e-06
4037,42404,3,3,1,5.341000360203907e-06
4038,26022,3,3,2,6.271999154705554e-06
4039,1448,3,3,1,4.207999154459685e-06
4040,58794,3,3,1,4.385998181533068e-06
4041,1460,3,3,1,4.51400046586059e-06
4042,27445,3,2,0,2.2740023268852383e-06
4043,83392,3,3,1,4.7199973778333515e-06
4044,50625,4,3,2,7.893999281805009e-06
4045,83398,3,3,2,8.025999704841524e-06
4046,9671,3,3,1,5.178997525945306e-06
4047,9676,5,3,1,8.481001714244485e-06
4048,58830,3,3,1,4.694000381277874e-06
4049,6539,3,2,0,2.5360022846143693e-06
4050,61395,4,2,1,4.617999366018921e-06
4051,34256,3,3,1,4.442001227289438e-06
4052,31426,3,2,0,2.42599708144553e-06
4053,58846,3,3,1,4.353001713752747e-06
4054,38650,3,2,0,2.549997589085251e-06
4055,1508,3,3,2,6.238999048946425e-06
4056,55471,3,2,1,4.114001058042049e-06
4057,42468,3,3,1,4.7100002120714635e-06
4058,57225,3,2,0,2.310000127181411e-06
4059,58851,3,3,1,5.0769995141308755e-06
4060,17897,3,3,2,7.156999345170334e-06
4061,17899,3,3,1,5.287998646963388e-06
4062,58870,3,3,1,4.556000931188464e-06
4063,58873,3,3,1,4.462999640963972e-06
4064,1531,4,3,2,4.707999323727563e-06
4065,1532,3,3,1,4.5480010157916695e-06
4066,30961,3,2,0,2.410997694823891e-06
4067,58878,5,3,1,5.728001269744709e-06
4068,67077,3,3,1,3.5949997254647315e-06
4069,64444,4,2,0,2.5949993869289756e-06
4070,48353,4,1,0,2.2790009097661823e-06
4071,40191,4,0,0,1.9129984138999134e-06
4072,1566,3,3,1,4.1099992813542485e-06
4073,60501,3,2,0,2.4090004444587976e-06
4074,67112,3,3,1,4.96500069857575e-06
4075,75312,3,3,1,3.96000177715905e-06
4076,34373,3,3,1,5.10199970449321e-06
4077,52810,4,2,0,4.339500083005987e-05
4078,26181,3,3,1,4.661000275518745e-06
4079,75336,3,3,1,4.1099992813542485e-06
4080,85668,3,2,0,2.263001078972593e-06
4081,20604,3,1,0,1.995998900383711e-06
4082,42587,3,3,2,7.494996680179611e-06
4083,34409,3,3,3,5.059002432972193e-06
4084,1644,4,3,1,5.027002771385014e-06
4085,42605,3,3,1,4.08000050811097e-06
4086,4582,5,2,0,3.5810007830150425e-06
4087,42617,3,3,1,4.859000910073519e-06
4088,42620,3,3,1,4.720001015812159e-06
4089,1662,3,3,1,4.128000000491738e-06
4090,42630,3,3,1,4.8770016292110085e-06
4091,67206,3,3,1,3.975001163780689e-06
4092,10822,3,2,0,2.3709981178399175e-06
4093,67209,3,3,2,6.531001417897642e-06
4094,75401,3,3,1,4.4430016714613885e-06
4095,40189,5,2,0,3.421999281272292e-06
4096,10688,3,1,0,2.163000317523256e-06
4097,26253,3,3,1,4.183002602076158e-06
4098,6436,3,2,0,2.3420034267473966e-06
4099,65245,4,2,1,4.258999979356304e-06
4100,78375,4,2,0,5.278998287394643e-06
4101,42642,3,3,1,4.565001290757209e-06
4102,21151,3,2,0,2.2619969968218356e-06
4103,63137,3,1,0,2.025997673626989e-06
4104,67223,3,3,1,4.7959983930923045e-06
4105,18918,3,2,0,2.496999513823539e-06
4106,45278,3,1,0,2.1359992388170213e-06
4107,34458,3,3,1,4.728000931208953e-06
4108,9882,3,3,1,4.482000804273412e-06
4109,9893,3,3,2,5.9730009525083005e-06
4110,23206,3,2,1,3.916000423487276e-06
4111,67238,3,3,1,3.96000177715905e-06
4112,67251,3,3,1,4.117999196751043e-06
4113,59059,3,3,1,4.273999365977943e-06
4114,59062,3,3,1,4.449997504707426e-06
4115,59065,3,3,1,3.5230004868935794e-06
4116,15226,3,2,0,6.136000592960045e-06
4117,7104,3,1,0,2.977001713588834e-06
4118,59067,3,3,2,9.289000445278361e-06
4119,50900,3,3,1,5.728001269744709e-06
4120,9951,3,3,1,5.414000042947009e-06
4121,75492,3,3,1,4.25500184064731e-06
4122,75495,3,3,1,5.0059970817528665e-06
4123,47851,3,2,0,2.4759974621701986e-06
4124,75497,3,3,1,4.7100002120714635e-06
4125,1770,3,3,1,4.484998498810455e-06
4126,42747,3,3,1,4.23700112150982e-06
4127,65471,3,2,0,2.4430009943898767e-06
4128,9997,7,3,2,1.0610001481836662e-05
4129,1821,3,3,1,4.220997652737424e-06
4130,76206,4,2,0,2.778997441055253e-06
4131,8100,4,2,1,4.51199957751669e-06
4132,12014,4,2,1,4.354002157924697e-06
4133,18214,3,3,1,4.556000931188464e-06
4134,35674,3,2,0,2.362998202443123e-06
4135,34602,3,3,1,4.261997673893347e-06
4136,29297,3,2,0,2.414999471511692e-06
4137,26421,3,3,1,4.718000127468258e-06
4138,21650,3,2,0,2.354001480853185e-06
4139,26463,3,3,1,5.274003342492506e-06
4140,42862,3,3,1,5.083002179162577e-06
4141,18292,3,3,1,4.53000029665418e-06
4142,1912,3,3,1,5.207999492995441e-06
4143,75646,4,3,1,7.853002898627892e-06
4144,1922,3,3,1,4.2769970605149865e-06
4145,40643,3,2,0,2.5469998945482075e-06
4146,61053,3,1,0,2.04900061362423e-06
4147,28451,3,0,0,1.9180006347596645e-06
4148,42884,3,3,1,4.6819986891932786e-06
4149,51086,3,3,1,4.170000465819612e-06
4150,83860,5,3,2,8.270002581411973e-06
4151,51110,3,3,1,4.764002369483933e-06
4152,34728,3,3,1,4.804998752661049e-06
4153,51121,3,3,1,4.306002665543929e-06
4154,59317,3,3,1,4.1669991333037615e-06
4155,42934,3,3,1,5.957001121714711e-06
4156,81604,3,2,0,2.5039989850483835e-06
4157,51135,4,3,1,5.4869997256901115e-06
4158,34757,3,3,1,4.866000381298363e-06
4159,42963,3,3,3,5.0529997679404914e-06
4160,59349,3,3,1,4.797999281436205e-06
4161,77899,3,2,0,2.386997948633507e-06
4162,53792,3,1,0,2.1560008462984115e-06
4163,34777,4,3,2,6.621998181799427e-06
4164,51164,5,3,1,8.658000297145918e-06
4165,67550,3,3,1,4.225999873597175e-06
4166,70690,3,2,0,2.6380002964287996e-06
4167,70692,3,1,0,2.083001163555309e-06
4168,22740,3,0,0,1.8229984561912715e-06
4169,42979,3,3,1,4.920002538710833e-06
4170,26605,5,3,1,5.965001037111506e-06
4171,2502,3,2,0,2.4799992388579994e-06
4172,59377,3,3,1,4.264999006409198e-06
4173,13380,4,2,0,2.8340000426396728e-06
4174,72451,3,1,0,2.0229999790899456e-06
4175,54531,5,2,1,5.337999027688056e-06
4176,42994,3,3,1,4.599998646881431e-06
4177,2774,3,2,0,2.368000423302874e-06
4178,18421,3,3,2,7.27199949324131e-06
4179,83978,3,3,1,4.385998181533068e-06
4180,12900,3,2,0,2.4170003598555923e-06
4181,75791,3,3,2,6.113998097134754e-06
4182,51216,3,3,1,4.727997293230146e-06
4183,34836,4,3,1,4.852001438848674e-06
4184,34837,3,3,1,4.621000698534772e-06
4185,28659,3,2,0,2.5379995349794626e-06
4186,59414,4,3,2,8.073999197222292e-06
4187,51227,3,3,2,7.934002496767789e-06
4188,2081,3,3,1,4.683999577537179e-06
4189,18470,3,3,2,5.754998710472137e-06
4190,18478,3,3,1,4.7819994506426156e-06
4191,10289,3,3,1,4.636996891349554e-06
4192,56487,3,2,0,2.4800028768368065e-06
4193,10295,5,3,1,5.532001523533836e-06
4194,34875,4,3,1,5.466001312015578e-06
4195,53894,3,2,0,2.449000021442771e-06
4196,34876,3,3,1,4.51300002168864e-06
4197,34881,3,3,2,5.911999323870987e-06
4198,51272,3,3,1,4.256999091012403e-06
4199,37553,3,2,0,2.2849999368190765e-06
4200,71510,3,1,0,2.0269981177989393e-06
4201,10319,5,3,1,5.652997060678899e-06
4202,10330,3,3,1,5.648002115776762e-06
4203,68974,3,2,0,2.3930006136652082e-06
4204,26720,4,3,1,5.529000191017985e-06
4205,34938,3,3,1,4.494002496358007e-06
4206,2170,3,3,2,6.448000931413844e-06
4207,59521,3,3,1,4.3529980757739395e-06
4208,28043,3,2,0,2.519998815841973e-06
4209,62383,6,2,0,6.638001650571823e-06
4210,51335,3,3,2,6.5540007199160755e-06
4211,63488,3,2,1,4.023000656161457e-06
4212,26771,3,3,1,4.458001058083028e-06
4213,10394,3,3,1,4.527002602117136e-06
4214,15813,3,2,0,2.5420013116672635e-06
4215,51361,3,3,1,4.66900019091554e-06
4216,14408,3,2,0,2.511998900445178e-06
4217,43174,3,3,1,4.06099934480153e-06
4218,59564,3,3,1,5.136000254424289e-06
4219,59573,6,3,1,7.992999599082395e-06
4220,18625,3,3,1,4.372002877062187e-06
4221,28797,4,2,0,2.8319991542957723e-06
4222,85460,4,2,1,4.8959991545416415e-06
4223,51414,3,3,1,4.9529990064911544e-06
4224,51426,3,3,2,6.432001100620255e-06
4225,59620,4,3,1,4.763998731505126e-06
4226,30703,3,2,0,2.273998688906431e-06
4227,43251,3,3,1,4.9249974836129695e-06
4228,2296,3,3,1,4.874000296695158e-06
4229,10489,3,3,1,4.1389976104255766e-06
4230,35074,3,3,1,4.044002707814798e-06
4231,2309,3,3,1,5.236001015873626e-06
4232,26887,3,3,2,5.827001587022096e-06
4233,24486,6,2,0,6.394002411980182e-06
4234,43274,3,3,1,4.86300268676132e-06
4235,35087,3,3,1,4.453999281395227e-06
4236,72804,5,2,0,3.2470015867147595e-06
4237,35088,3,3,1,4.601999535225332e-06
4238,81318,3,2,0,2.4139990273397416e-06
4239,10511,3,3,1,4.503002855926752e-06
4240,35091,3,3,1,4.425997758517042e-06
4241,76055,3,3,1,3.878001734847203e-06
4242,43288,6,3,1,6.097001460148022e-06
4243,56447,3,2,0,2.46299896389246e-06
4244,2329,4,3,2,8.15800012787804e-06
4245,26906,4,3,1,5.178000719752163e-06
4246,2337,3,3,1,4.225999873597175e-06
4247,61384,3,2,0,2.183001925004646e-06
4248,51506,3,3,1,4.412999260239303e-06
4249,10570,3,3,2,6.001999281579629e-06
4250,84592,3,2,1,3.830999048659578e-06
4251,17512,4,2,2,4.823999915970489e-06
4252,76111,4,3,1,4.5000015234109014e-06
4253,84545,3,2,0,2.362998202443123e-06
4254,88093,3,1,0,2.0690022211056203e-06
4255,30433,5,0,0,2.538999979151413e-06
4256,59729,3,3,2,6.258000212255865e-06
4257,10600,4,3,1,4.884001100435853e-06
4258,10611,3,3,2,6.26600012765266e-06
4259,10613,3,3,1,4.425000952323899e-06
4260,78514,3,2,0,2.3079992388375103e-06
4261,67968,3,3,1,4.285997420083731e-06
4262,35222,3,3,1,4.4480002543423325e-06
4263,19925,3,2,0,2.310000127181411e-06
4264,59805,3,3,1,4.366000212030485e-06
4265,18875,6,3,1,6.203001248650253e-06
4266,80829,3,2,0,2.2999993234407157e-06
4267,7998,3,1,0,1.9940016500186175e-06
4268,18879,3,3,1,4.048997652716935e-06
4269,19258,3,2,0,2.4429973564110696e-06
4270,76835,4,1,0,2.1979976736474782e-06
4271,46186,5,0,0,2.5049994292203337e-06
4272,18883,3,3,1,4.0570012060925364e-06
4273,52119,3,2,0,2.4660002964083105e-06
4274,71103,3,1,0,1.9899998733308166e-06
4275,16114,3,0,0,1.8649989215191454e-06
4276,84433,4,3,2,6.5780004661064595e-06
4277,68050,3,3,1,4.517998604569584e-06
4278,59861,3,3,1,4.738001734949648e-06
4279,10712,3,3,1,3.3069998607970774e-05
4280,27099,3,3,1,7.43000055081211e-06
4281,68062,3,3,2,8.606002666056156e-06
4282,59873,3,3,1,5.018999218009412e-06
4283,18915,3,3,2,1.5465997421415523e-05
4284,2539,3,3,1,5.482997949002311e-06
4285,27117,9,3,2,9.368999599246308e-06
4286,70496,3,2,1,3.927001671399921e-06
4287,10768,3,3,2,5.795001925434917e-06
4288,10770,3,3,2,5.996000254526734e-06
4289,2579,4,3,1,5.074001819593832e-06
4290,79280,3,2,0,2.6320012693759054e-06
4291,59926,3,3,1,4.726000042865053e-06
4292,43545,4,3,1,5.723999493056908e-06
4293,59934,4,3,1,4.932997399009764e-06
4294,88895,4,2,0,2.81500251730904e-06
4295,3685,3,1,0,2.087999746436253e-06
4296,51750,3,3,1,4.940997314406559e-06
4297,22460,3,2,0,2.4610017135273665e-06
4298,68139,3,3,1,4.2570027289912105e-06
4299,6595,3,2,0,2.3840002540964633e-06
4300,38770,4,2,1,4.197001544525847e-06
4301,84528,5,3,1,5.7109973568003625e-06
4302,5212,3,2,0,2.515000232961029e-06
4303,10803,3,3,1,4.598001396516338e-06
4304,14733,3,2,0,2.444001438561827e-06
4305,76341,3,3,1,4.543999239103869e-06
4306,77666,3,2,0,2.3810025595594198e-06
4307,59967,3,3,2,5.887999577680603e-06
4308,10824,3,3,1,4.497000190895051e-06
4309,27209,5,3,1,5.295998562360182e-06
4310,45724,5,2,0,3.19299942930229e-06
4311,11151,6,2,1,5.195000994717702e-06
4312,43619,3,3,1,4.068999260198325e-06
4313,81785,3,2,0,2.3899992811493576e-06
4314,76600,3,1,0,1.9520011846907437e-06
4315,60006,3,3,1,4.230001650284976e-06
4316,55234,3,2,0,2.3940010578371584e-06
4317,84600,3,3,1,3.966000804211944e-06
4318,84862,3,2,0,2.4289984139613807e-06
4319,70911,3,1,0,1.9899998733308166e-06
4320,43656,3,3,1,4.805999196833e-06
4321,76445,3,3,1,4.983998223906383e-06
4322,68261,3,3,1,5.072997737443075e-06
4323,35494,3,3,2,8.210998203139752e-06
4324,76458,3,3,1,4.520003130892292e-06
4325,51886,3,3,2,6.4160012698266655e-06
4326,76465,3,3,2,7.11599932401441e-06
4327,76470,3,3,1,4.579000233206898e-06
4328,19128,3,3,1,4.539997462416068e-06
4329,84672,3,3,2,5.513000360224396e-06
4330,84692,3,3,1,4.538000212050974e-06
4331,76502,3,3,1,4.387002263683826e-06
4332,27352,3,3,1,4.571000317810103e-06
4333,51929,3,3,1,3.963999915868044e-06
4334,35547,6,3,2,1.0914001904893667e-05
4335,35550,4,3,1,4.620997060555965e-06
4336,47075,3,2,0,2.5240005925297737e-06
4337,76521,3,3,1,5.10199970449321e-06
4338,68339,3,3,1,4.453999281395227e-06
4339,60164,3,3,1,4.295001417631283e-06
4340,39158,3,2,0,2.6220004656352103e-06
4341,24172,4,2,1,4.581001121550798e-06
4342,27401,4,3,2,5.064001015853137e-06
4343,27424,3,3,1,4.426998202688992e-06
4344,79336,3,2,0,2.3380016500595957e-06
4345,68390,4,3,1,7.665999874006957e-06
4346,68393,3,3,1,4.640998668037355e-06
4347,68395,3,3,1,5.941001290921122e-06
4348,76591,3,3,1,4.599998646881431e-06
4349,28456,3,2,0,3.4931999834952876e-05
4350,27440,3,3,1,9.081999451154843e-06
4351,11058,6,3,2,8.392002200707793e-06
4352,24051,3,2,1,4.990997695131227e-06
4353,21553,3,2,1,4.180001269560307e-06
4354,27449,3,3,1,4.829998943023384e-06
4355,68412,3,3,1,4.359000740805641e-06
4356,63361,3,2,0,2.5800000003073364e-06
4357,44048,3,1,0,2.0709994714707136e-06
4358,35652,3,3,2,7.99999907030724e-06
4359,35657,4,3,1,5.754998710472137e-06
4360,19281,3,3,1,4.854999133385718e-06
4361,52077,3,3,1,4.7389985411427915e-06
4362,84847,4,3,2,8.489998435834423e-06
4363,27514,3,3,1,4.628000169759616e-06
4364,7370,3,2,0,2.34400067711249e-06
4365,19324,3,3,1,4.260997229721397e-06
4366,84867,3,3,2,7.060996722429991e-06
4367,47657,3,2,0,2.282002242282033e-06
4368,76687,3,3,1,4.535002517513931e-06
4369,19343,3,3,1,4.956000339007005e-06
4370,19345,3,3,2,6.694001058349386e-06
4371,52115,3,3,1,4.341996827861294e-06
4372,79944,3,2,0,2.5279987312387675e-06
4373,30874,3,1,0,2.0850020518992096e-06
4374,76694,3,3,1,4.642999556381255e-06
4375,60333,3,3,1,4.252000508131459e-06
4376,63645,3,2,0,2.4839973775669932e-06
4377,14272,3,1,0,1.996999344555661e-06
4378,68529,5,3,1,5.67399911233224e-06
4379,80889,3,2,0,2.373999450355768e-06
4380,78179,3,1,0,2.1760024537798017e-06
4381,54470,5,2,1,5.140998837305233e-06
4382,19378,3,3,1,4.698998964158818e-06
4383,76724,3,3,2,7.630002073710784e-06
4384,52157,3,3,1,4.674002411775291e-06
4385,77896,3,2,0,2.20600122702308e-06
4386,60352,3,3,1,4.272998921805993e-06
4387,63619,3,2,0,2.387001586612314e-06
4388,84940,3,3,2,5.848000000696629e-06
4389,84942,3,3,1,4.617999366018921e-06
4390,19407,3,3,2,5.8349978644400835e-06
4391,78521,4,2,0,5.5679993238300085e-06
4392,11220,6,3,1,6.7590008256956935e-06
4393,27877,3,2,1,3.837998519884422e-06
4394,68569,4,3,1,4.4919979700353e-06
4395,3038,3,3,1,4.165998689131811e-06
4396,87177,4,2,0,2.782999217743054e-06
4397,87179,3,1,0,2.0099978428333998e-06
4398,35972,3,0,0,1.9239996618125588e-06
4399,68575,3,3,1,5.149999196873978e-06
4400,77010,3,2,0,2.4090004444587976e-06
4401,3040,3,3,1,4.596997314365581e-06
4402,48710,3,2,0,2.420998498564586e-06
4403,52203,3,3,1,4.203000571578741e-06
4404,19437,3,3,1,4.195000656181946e-06
4405,19459,3,2,0,2.315999154234305e-06
4406,29805,7,1,0,3.5090015444438905e-06
4407,32600,9,1,0,3.872999513987452e-06
4408,60398,4,3,1,4.852001438848674e-06
4409,52517,3,2,0,2.3229986254591495e-06
4410,60399,3,3,1,5.704001523554325e-06
4411,76788,3,3,1,5.161000444786623e-06
4412,52247,3,3,1,5.092999344924465e-06
4413,85019,5,3,2,7.691000064369291e-06
4414,76836,3,3,1,3.970999387092888e-06
4415,80235,3,2,0,2.439999661874026e-06
4416,16254,3,1,0,2.2320018615573645e-06
4417,64096,3,0,0,1.9950020941905677e-06
4418,76838,6,3,1,5.628000508295372e-06
4419,78689,3,2,0,2.6800007617566735e-06
4420,751,4,2,1,4.180001269560307e-06
4421,36671,4,1,0,2.18800050788559e-06
4422,76843,3,3,1,4.942001396557316e-06
4423,3121,3,3,1,4.3049985833931714e-06
4424,3129,3,3,1,4.904999514110386e-06
4425,11325,6,3,1,6.300000677583739e-06
4426,63498,4,2,0,3.0149967642500997e-06
4427,27713,5,3,1,5.94999801251106e-06
4428,38766,5,2,1,4.55200279247947e-06
4429,27722,3,3,2,6.060003215679899e-06
4430,11340,3,3,1,4.939996870234609e-06
4431,19828,3,2,0,2.2799977159593254e-06
4432,68684,3,3,1,4.659999831346795e-06
4433,76889,4,3,1,3.329099854454398e-05
4434,16592,5,2,0,8.270999387605116e-06
4435,53157,5,2,1,6.499001756310463e-06
4436,11361,3,3,1,4.943001840729266e-06
4437,21749,3,2,0,2.525997842894867e-06
4438,27750,3,3,1,9.195002348860726e-06
4439,35958,3,3,1,4.558001819532365e-06
4440,68730,3,3,1,4.348999937064946e-06
4441,14555,3,2,0,2.4559994926676154e-06
4442,35967,3,3,2,8.187002094928175e-06
4443,56393,3,2,1,4.165998689131811e-06
4444,3199,3,3,1,5.016001523472369e-06
4445,35975,3,3,1,4.45699697593227e-06
4446,3219,3,3,1,4.573998012347147e-06
4447,3237,3,3,1,4.33499735663645e-06
4448,3243,3,3,2,5.756999598816037e-06
4449,68780,3,3,2,7.467999239452183e-06
4450,44208,3,3,1,4.04199818149209e-06
4451,52840,3,2,0,2.4040018615778536e-06
4452,45490,3,1,0,2.0900006347801536e-06
4453,5126,8,1,0,4.278001142665744e-06
4454,44210,3,3,1,4.826997610507533e-06
4455,3264,3,3,1,5.514997610589489e-06
4456,60609,3,3,2,6.121001206338406e-06
4457,36035,3,3,1,4.069999704370275e-06
4458,72449,4,2,0,2.706001396290958e-06
4459,35266,4,2,1,4.403002094477415e-06
4460,85195,3,3,1,4.056000761920586e-06
4461,60631,3,3,1,4.993002221453935e-06
4462,11479,3,3,1,4.992001777281985e-06
4463,27872,4,3,1,4.956997145200148e-06
4464,27878,3,3,1,4.750003427034244e-06
4465,48804,3,2,0,2.538999979151413e-06
4466,68856,3,3,1,4.6959976316429675e-06
4467,11519,3,3,1,4.3190011638216674e-06
4468,68865,3,3,1,4.9820009735412896e-06
4469,44289,3,3,1,4.281999281374738e-06
4470,29587,3,2,0,2.3909997253213078e-06
4471,68874,4,3,2,8.31299985293299e-06
4472,22024,3,2,1,3.6670026020146906e-06
4473,11540,3,3,1,4.8869987949728966e-06
4474,27928,3,3,1,6.170001142891124e-06
4475,52520,5,3,1,5.96999961999245e-06
4476,36182,5,3,1,5.590001819655299e-06
4477,52568,3,3,1,4.423000063979998e-06
4478,77145,3,3,1,5.256002623355016e-06
4479,71913,3,2,0,2.535001840442419e-06
4480,30044,3,1,0,1.9560029613785446e-06
4481,77146,3,3,1,4.284000169718638e-06
4482,11611,3,3,2,6.199999916134402e-06
4483,44393,3,3,2,7.312999514397234e-06
4484,68969,4,3,1,7.719998393440619e-06
4485,68973,3,3,2,7.0549976953770965e-06
4486,28014,4,3,1,5.040998075855896e-06
4487,44426,3,3,2,6.97499854140915e-06
4488,44427,3,3,1,4.4579974201042205e-06
4489,79210,3,2,0,2.4990004021674395e-06
4490,11663,3,3,2,6.204001692822203e-06
4491,28050,3,3,1,4.617999366018921e-06
4492,19866,5,3,1,5.4629999794997275e-06
4493,88798,4,2,0,2.692999260034412e-06
4494,72565,3,1,0,2.158001734642312e-06
4495,44792,5,0,0,2.511998900445178e-06
4496,19867,3,3,1,4.130000888835639e-06
4497,77217,3,3,2,5.6060016504488885e-06
4498,69028,3,3,1,4.132998583372682e-06
4499,44453,3,3,1,4.8529982450418174e-06
4500,19885,3,3,1,4.980000085197389e-06
4501,77230,3,3,1,4.341000021668151e-06
4502,19888,3,3,1,5.107001925352961e-06
4503,60861,3,3,1,4.936999175697565e-06
4504,28811,4,2,0,2.6240013539791107e-06
4505,52671,3,3,1,4.456000169739127e-06
4506,28096,3,3,1,4.836001608055085e-06
4507,19924,3,3,1,3.995999577455223e-06
4508,78579,3,2,0,2.410000888630748e-06
4509,28118,3,3,2,7.490001735277474e-06
4510,28119,3,3,1,4.525001713773236e-06
4511,28120,3,3,1,5.1630013331305236e-06
4512,19930,3,3,2,6.572001439053565e-06
4513,3552,3,3,2,6.300997483776882e-06
4514,52709,3,3,1,4.621000698534772e-06
4515,81162,5,2,0,3.36800076183863e-06
4516,11343,4,2,1,4.042001819470897e-06
4517,52712,3,3,1,4.482000804273412e-06
4518,52714,3,3,2,7.614002242917195e-06
4519,52716,3,3,1,4.389999958220869e-06
4520,3565,5,3,1,6.327001756289974e-06
4521,69108,3,3,2,6.188998668221757e-06
4522,69109,3,3,1,4.64899858343415e-06
4523,69123,5,3,2,7.380000170087442e-06
4524,19992,4,3,1,5.160996806807816e-06
4525,69159,3,3,1,4.368001100374386e-06
4526,36395,3,3,1,3.92299989471212e-06
4527,69164,3,3,1,4.588000592775643e-06
4528,85553,3,3,1,5.026999133406207e-06
4529,20032,3,3,1,4.41100200987421e-06
4530,79582,3,2,0,2.3520005925092846e-06
4531,52814,3,3,1,5.337002221494913e-06
4532,61017,3,3,2,6.588001269847155e-06
4533,44669,3,3,1,3.853998350678012e-06
4534,40250,3,2,0,2.429998858133331e-06
4535,81462,3,1,0,2.0900006347801536e-06
4536,73584,3,0,0,1.9709987100213766e-06
4537,85646,4,3,1,4.536999767879024e-06
4538,21773,8,2,0,4.65199991595e-06
4539,80531,3,1,0,2.210003003710881e-06
4540,77464,3,3,1,4.484001692617312e-06
4541,3740,4,3,1,7.713002560194582e-06
4542,61850,3,2,1,4.0240011003334075e-06
4543,61086,3,3,1,4.385998181533068e-06
4544,46287,3,2,0,2.5840017769951373e-06
4545,69407,3,1,0,2.0410006982274354e-06
4546,74303,5,2,1,4.890000127488747e-06
4547,20139,3,3,1,4.433000867720693e-06
4548,54186,3,2,0,2.2940002963878214e-06
4549,20150,3,3,1,4.739998985314742e-06
4550,52931,3,3,1,4.703997547039762e-06
4551,52932,3,3,1,4.448997060535476e-06
4552,36562,3,3,1,5.598001735052094e-06
4553,88899,3,2,0,2.4620021576993167e-06
4554,28370,3,3,1,5.016001523472369e-06
4555,61173,8,3,1,7.414000720018521e-06
4556,12024,3,3,1,4.507000994635746e-06
4557,53374,3,2,0,2.3840002540964633e-06
4558,77565,3,3,1,4.3910004023928195e-06
4559,12042,3,3,2,6.194997695274651e-06
4560,44819,3,3,2,6.231999577721581e-06
4561,12059,4,3,1,7.653998181922361e-06
4562,77600,3,3,1,3.984998329542577e-06
4563,28464,5,3,1,6.116999429650605e-06
4564,77622,3,3,2,5.8730001910589635e-06
4565,36667,3,3,1,4.724999598693103e-06
4566,69442,3,3,1,4.9529990064911544e-06
4567,61283,3,3,1,4.436002200236544e-06
4568,61285,3,3,1,4.385998181533068e-06
4569,69476,4,3,1,5.603000317933038e-06
4570,61289,3,3,2,6.199999916134402e-06
4571,47857,4,2,0,3.116001607850194e-06
4572,28534,5,3,1,7.933998858788982e-06
4573,77708,3,3,1,4.905999958282337e-06
4574,69516,4,3,1,7.695001841057092e-06
4575,77716,4,3,1,5.134999810252339e-06
4576,4003,3,3,1,4.298999556340277e-06
4577,53155,4,3,1,5.267000233288854e-06
4578,12198,3,3,1,4.4939988583792e-06
4579,20403,3,3,1,4.754998371936381e-06
4580,28612,4,3,1,4.8679976316634566e-06
4581,20422,3,3,1,4.5099986891727895e-06
4582,48479,3,2,0,2.3319989850278944e-06
4583,61382,3,3,1,5.5060008889995515e-06
4584,61385,3,3,1,4.455003363545984e-06
4585,28618,3,3,1,3.840200224658474e-05
4586,69575,3,3,1,6.533999112434685e-06
4587,20423,3,3,1,6.772999768145382e-06
4588,61389,4,3,1,6.843001756351441e-06
4589,77792,3,3,1,5.671998223988339e-06
4590,77794,3,3,1,4.3009968067053705e-06
4591,86564,3,2,0,2.402000973233953e-06
4592,81005,3,1,0,2.248001692350954e-06
4593,53225,3,3,1,5.149002390680835e-06
4594,53230,3,3,1,4.812998668057844e-06
4595,70209,3,2,0,2.5989975256379694e-06
4596,77807,3,3,1,4.37600101577118e-06
4597,12284,3,3,1,4.702000296674669e-06
4598,61444,3,3,1,4.765999619849026e-06
4599,36882,3,3,1,4.465000529307872e-06
4600,86037,3,3,1,4.37500057159923e-06
4601,77882,3,3,1,5.402998795034364e-06
4602,53306,3,3,1,7.2690017987042665e-06
4603,20546,3,3,1,4.735000402433798e-06
4604,46826,3,2,0,2.6230009098071605e-06
4605,77903,3,3,1,4.420999175636098e-06
4606,4184,3,3,1,4.754001565743238e-06
4607,63964,3,2,0,2.564000169513747e-06
4608,28762,3,3,1,4.441000783117488e-06
4609,45156,3,3,1,4.652996722143143e-06
4610,53349,3,3,1,4.487999831326306e-06
4611,69745,3,3,1,4.125999112147838e-06
4612,72557,3,2,0,2.663997292984277e-06
4613,77937,6,3,2,9.483999747317284e-06
4614,61554,5,3,2,9.110000974033028e-06
4615,12408,4,3,2,6.5589993027970195e-06
4616,12410,3,3,2,7.323000318137929e-06
4617,12415,4,3,1,8.243998308898881e-06
4618,28800,3,3,1,5.023000994697213e-06
4619,12419,3,3,1,4.436999006429687e-06
4620,45188,3,3,1,4.21699951402843e-06
4621,72689,3,2,0,2.5330009520985186e-06
4622,86073,5,2,1,5.307003448251635e-06
4623,34627,8,2,1,6.096001015976071e-06
4624,56978,3,2,1,3.999000909971073e-06
4625,53383,4,3,1,5.265999789116904e-06
4626,53387,3,3,1,4.241999704390764e-06
4627,69796,3,3,1,4.502999217947945e-06
4628,53432,3,3,2,8.13799852039665e-06
4629,69829,7,3,1,6.8640001700259745e-06
4630,45265,4,3,2,5.24200004292652e-06
4631,53463,3,3,1,4.104997060494497e-06
4632,61662,3,3,1,4.230998456478119e-06
4633,13521,3,2,0,2.5600020308047533e-06
4634,30485,3,1,0,2.3089996830094606e-06
4635,22593,3,0,0,1.958000211743638e-06
4636,37089,3,3,1,4.538000212050974e-06
4637,37096,3,3,2,6.032001692801714e-06
4638,86257,10,3,1,8.286999218398705e-06
4639,14705,3,2,0,2.492000930942595e-06
4640,69879,3,3,1,4.863999492954463e-06
4641,45340,3,3,1,4.187997546978295e-06
4642,88058,3,2,0,2.595999831100926e-06
4643,62108,5,2,1,4.792000254383311e-06
4644,20771,3,3,2,7.2740003815852106e-06
4645,20799,3,3,1,4.309000360080972e-06
4646,20801,3,3,1,4.212000931147486e-06
4647,37188,3,3,1,4.300000000512227e-06
4648,37192,3,3,1,3.905002813553438e-06
4649,86347,4,3,2,5.276000592857599e-06
4650,61778,3,3,1,4.277997504686937e-06
4651,4437,3,3,1,4.630001058103517e-06
4652,78180,3,3,1,5.087000317871571e-06
4653,45413,5,3,2,5.718000466004014e-06
4654,53614,5,3,1,5.165999027667567e-06
4655,37236,4,3,1,4.5720007619820535e-06
4656,48205,3,2,0,2.492997737135738e-06
4657,77371,4,1,0,2.3409993445966393e-06
4658,21138,5,1,1,3.9670012483838946e-06
4659,78203,3,3,1,5.427002179203555e-06
4660,70011,3,3,1,4.576002538669854e-06
4661,70013,4,3,1,6.211997970240191e-06
4662,70014,3,3,1,4.9959999159909785e-06
4663,86409,3,3,2,7.2499969974160194e-06
4664,12688,3,3,1,4.573001206154004e-06
4665,4503,4,3,1,9.68199674389325e-06
4666,45473,6,3,1,9.416002285433933e-06
4667,12721,4,3,1,7.892998837633058e-06
4668,45494,3,3,2,6.804999429732561e-06
4669,12726,3,3,1,4.680001438828185e-06
4670,12734,3,3,1,4.536999767879024e-06
4671,12744,3,3,2,6.7830005718860775e-06
4672,8173,3,2,1,3.7099998735357076e-06
4673,45514,4,3,3,5.765999958384782e-06
4674,70116,5,3,1,5.619000148726627e-06
4675,29157,3,3,1,4.672998329624534e-06
4676,4585,3,3,1,4.393998096929863e-06
4677,4594,3,3,1,4.622997948899865e-06
4678,24361,4,2,0,2.9420007194858044e-06
4679,78342,3,3,1,4.314002580940723e-06
4680,78343,3,3,1,5.002999387215823e-06
4681,40812,3,2,0,2.6380002964287996e-06
4682,21002,3,3,1,4.2669998947530985e-06
4683,8080,3,2,0,2.396998752374202e-06
4684,21011,3,3,1,4.402001650305465e-06
4685,37397,3,3,1,4.689998604590073e-06
4686,53790,3,3,1,4.599998646881431e-06
4687,86566,3,3,1,4.68700091005303e-06
4688,78477,3,2,0,2.4900000425986946e-06
4689,37432,3,3,1,3.991000994574279e-06
4690,39159,3,2,0,2.3479988158214837e-06
4691,55638,3,1,0,1.977998181246221e-06
4692,72506,5,0,0,2.6909983716905117e-06
4693,21055,3,3,1,3.597000613808632e-06
4694,78430,4,3,1,5.24300048709847e-06
4695,80561,3,2,0,2.3899992811493576e-06
4696,29279,3,3,1,4.689998604590073e-06
4697,86631,3,3,1,4.4909975258633494e-06
4698,45671,5,3,1,6.2399994931183755e-06
4699,21104,3,3,1,4.827998054679483e-06
4700,4729,3,3,2,6.797999958507717e-06
4701,53899,4,3,1,7.231999916257337e-06
4702,45710,3,3,1,4.864999937126413e-06
4703,29599,3,2,0,2.4180008040275425e-06
4704,62096,3,3,1,4.812998668057844e-06
4705,70288,3,3,1,4.454999725567177e-06
4706,62103,7,3,1,8.6759973783046e-06
4707,53915,3,3,1,4.246001481078565e-06
4708,21152,3,3,1,4.94699997943826e-06
4709,81452,3,2,0,2.34500112128444e-06
4710,4772,3,3,1,4.75199703942053e-06
4711,23440,3,2,0,2.46299896389246e-06
4712,21170,3,3,1,4.403998900670558e-06
4713,78515,3,3,1,4.508998245000839e-06
4714,45752,4,3,1,5.465997674036771e-06
4715,21183,3,3,1,4.6099994506221265e-06
4716,79793,3,2,0,2.4979999579954892e-06
4717,78529,7,3,1,6.508002115879208e-06
4718,70338,3,3,1,4.352001269580796e-06
4719,78530,3,3,1,4.338999133324251e-06
4720,13007,3,3,2,6.807997124269605e-06
4721,86753,3,3,1,4.096997145097703e-06
4722,23172,3,2,0,2.3789980332367122e-06
4723,21219,3,3,1,4.222998541081324e-06
4724,53999,3,3,1,4.5339984353631735e-06
4725,21237,3,3,1,4.760000592796132e-06
4726,78599,3,3,1,4.260000423528254e-06
4727,48150,3,2,0,2.3559987312182784e-06
4728,78600,3,3,1,4.659999831346795e-06
4729,5812,3,2,0,2.2989988792687654e-06
4730,45839,3,3,1,4.010998964076862e-06
4731,62228,5,3,1,5.497000529430807e-06
4732,55101,3,2,0,2.4900000425986946e-06
4733,55103,3,1,0,2.0759980543516576e-06
4734,37657,3,3,1,3.78400000045076e-06
4735,37658,3,3,1,4.556997737381607e-06
4736,37660,4,3,1,3.817300239461474e-05
4737,29475,3,3,1,7.058002665871754e-06
4738,21294,4,3,1,8.040999091463163e-06
4739,13103,3,3,1,5.1679999160114676e-06
4740,37692,3,3,2,1.2070999218849465e-05
4741,29501,3,3,1,5.112000508233905e-06
4742,62272,3,3,1,4.554000042844564e-06
4743,70974,3,2,0,2.3799984774086624e-06
4744,13125,3,3,1,4.9629998102318496e-06
4745,4941,3,3,1,4.68900179839693e-06
4746,13253,3,2,0,2.297001628903672e-06
4747,70480,3,3,1,3.8859980122651905e-06
4748,13142,3,3,1,4.383997293189168e-06
4749,47937,3,2,0,2.348002453800291e-06
4750,29529,3,3,1,4.559999069897458e-06
4751,54110,3,3,2,5.685000360244885e-06
4752,78687,3,3,1,4.745998012367636e-06
4753,4971,3,3,1,4.260000423528254e-06
4754,15345,3,2,0,2.4799992388579994e-06
4755,70529,3,3,1,4.098998033441603e-06
4756,70532,4,3,1,3.963999915868044e-06
4757,1467,4,2,0,2.411998138995841e-06
4758,4997,7,3,0,7.678001566091552e-06
4759,29574,5,3,1,5.12529986735899e-05
4760,54511,4,2,0,5.265999789116904e-06
4761,54496,6,2,1,5.950001650489867e-06
4762,54159,3,3,1,4.258999979356304e-06
4763,29584,3,3,1,4.3239997467026114e-06
4764,29589,3,3,1,4.485002136789262e-06
4765,78744,5,3,2,9.75299917627126e-06
4766,78746,3,3,1,4.92699837195687e-06
4767,86940,3,3,1,5.000001692678779e-06
4768,5036,3,3,1,4.4720000005327165e-06
4769,40047,3,2,0,2.582000888651237e-06
4770,62385,3,3,1,4.792997060576454e-06
4771,21433,4,3,2,8.072998753050342e-06
4772,33151,4,2,0,2.5030021788552403e-06
4773,5052,3,3,2,5.881000106455758e-06
4774,21441,4,3,1,7.635000656591728e-06
4775,29651,3,3,1,4.09600033890456e-06
4776,87002,3,3,1,4.604000423569232e-06
4777,62432,7,3,1,7.390000973828137e-06
4778,37878,3,3,2,5.566998879658058e-06
4779,21505,3,3,1,4.432000423548743e-06
4780,29703,3,3,2,6.636000762227923e-06
4781,13319,7,3,1,9.116000001085922e-06
4782,13321,3,3,1,4.352001269580796e-06
4783,71428,4,2,0,2.802000381052494e-06
4784,49926,5,2,0,5.732999852625653e-06
4785,62475,3,3,1,4.544999683275819e-06
4786,13334,3,3,1,4.039000486955047e-06
4787,13335,3,3,1,4.135999915888533e-06
4788,87168,3,2,0,2.6460002118255943e-06
4789,63707,3,1,0,2.325999957975e-06
4790,87195,3,0,0,1.91100116353482e-06
4791,70691,3,3,1,4.845998773816973e-06
4792,21545,3,3,1,4.641002306016162e-06
4793,87082,3,3,1,6.801001291023567e-06
4794,87088,3,3,2,6.264002877287567e-06
4795,87096,6,3,0,6.360001862049103e-06
4796,70713,3,3,1,4.458001058083028e-06
4797,29754,3,3,1,4.292000085115433e-06
4798,70714,3,3,1,4.912999429507181e-06
4799,78910,3,3,1,4.670997441280633e-06
4800,78912,3,2,0,2.3719985620118678e-06
4801,78914,3,3,1,4.430999979376793e-06
4802,87106,3,3,2,5.799000064143911e-06
4803,70726,4,3,1,7.319998985622078e-06
4804,21584,3,3,2,7.306996849365532e-06
4805,21591,3,3,2,7.384998752968386e-06
4806,5210,3,3,1,4.672998329624534e-06
4807,6740,3,2,0,2.4180008040275425e-06
4808,13406,3,3,1,4.934998287353665e-06
4809,29796,6,3,1,6.197002221597359e-06
4810,31793,3,2,0,2.6279994926881045e-06
4811,30007,3,1,0,2.116001269314438e-06
4812,13416,3,3,1,4.977999196853489e-06
4813,21608,3,3,1,4.084999090991914e-06
4814,81683,3,2,0,2.4760011001490057e-06
4815,70761,6,3,1,5.9679987316485494e-06
4816,46926,6,2,0,3.3860014809761196e-06
4817,54384,5,3,2,5.531997885555029e-06
4818,29812,3,3,1,4.297999112168327e-06
4819,29899,6,2,0,3.559001925168559e-06
4820,62584,3,3,1,5.059002432972193e-06
4821,62590,4,3,2,6.3400002545677125e-06
4822,46207,4,3,2,6.2779981817584485e-06
4823,87167,4,3,1,5.316000169841573e-06
4824,29832,5,3,1,7.708997145527974e-06
4825,46221,5,3,1,6.395999662345275e-06
4826,38061,3,3,1,5.092999344924465e-06
4827,29876,3,3,1,4.853998689213768e-06
4828,87238,3,3,1,4.068999260198325e-06
4829,54526,3,2,0,2.5579975044820458e-06
4830,23198,3,1,0,2.1599989850074053e-06
4831,54471,3,3,1,3.989000106230378e-06
4832,13512,3,3,2,6.083999323891476e-06
4833,70854,4,3,1,6.0349993873387575e-06
4834,70858,3,3,1,4.316003469284624e-06
4835,13514,3,3,1,4.131001333007589e-06
4836,13518,3,3,1,4.015997546957806e-06
4837,29908,3,3,1,4.384997737361118e-06
4838,54484,3,3,1,4.23600067733787e-06
4839,29912,3,3,1,3.936998837161809e-06
4840,54509,4,3,1,4.634999640984461e-06
4841,80557,3,2,0,2.453998604323715e-06
4842,40638,4,1,0,2.4469991330988705e-06
4843,29739,4,0,0,2.2429994714912027e-06
4844,87278,3,3,1,4.7050016291905195e-06
4845,87280,3,3,1,4.664001608034596e-06
4846,87282,3,3,1,4.405999789014459e-06
4847,21750,3,3,1,4.516998160397634e-06
4848,70907,5,3,0,9.306000720243901e-06
4849,21762,3,3,1,4.289999196771532e-06
4850,14271,3,2,0,2.5370027287863195e-06
4851,46340,3,3,1,4.391997208585963e-06
4852,46345,4,3,1,6.304999260464683e-06
4853,5407,3,3,1,4.19899879489094e-06
4854,21797,6,3,2,7.781996828271076e-06
4855,38183,4,3,1,7.349000952672213e-06
4856,29992,3,3,1,4.484998498810455e-06
4857,7774,4,2,0,3.086999640800059e-06
4858,38184,3,3,1,4.558998625725508e-06
4859,30905,3,2,0,2.60099841398187e-06
4860,80517,3,1,0,2.0309998944867402e-06
4861,56405,5,2,1,4.664998414227739e-06
4862,38186,3,3,1,4.655998054658994e-06
4863,70978,3,3,1,4.568999429466203e-06
4864,46860,3,2,0,2.3040011001285166e-06
4865,62798,3,3,1,4.388999514048919e-06
4866,30032,3,3,1,4.698998964158818e-06
4867,30040,3,3,1,4.949000867782161e-06
4868,71003,3,3,1,4.704001185018569e-06
4869,79203,3,3,2,6.644000677624717e-06
4870,13677,3,3,2,5.841000529471785e-06
4871,87423,3,3,1,4.841000190936029e-06
4872,5505,10,3,0,9.971998224500567e-06
4873,71054,4,3,1,5.2489995141513646e-06
4874,62868,3,3,1,3.850000211969018e-06
4875,5531,5,3,1,5.631998647004366e-06
4876,63511,3,2,0,2.5049994292203337e-06
4877,84430,8,2,0,6.6309985413681716e-06
4878,46501,3,3,1,3.110499892500229e-05
4879,62890,3,3,1,6.813999789301306e-06
4880,62892,5,2,0,4.123001417610794e-06
4881,6535,3,1,0,2.3270004021469504e-06
4882,87467,3,3,1,4.844998329645023e-06
4883,71099,3,3,1,4.035002348246053e-06
4884,38341,3,3,1,1.0019997716881335e-05
4885,79302,3,3,1,4.670997441280633e-06
4886,54742,3,3,1,4.3810032366309315e-06
4887,24269,3,2,0,2.30699879466556e-06
4888,71131,3,3,1,4.70800296170637e-06
4889,38367,4,3,1,8.377999620279297e-06
4890,79335,3,3,2,7.2309994720853865e-06
4891,21992,3,3,1,4.53100074082613e-06
4892,71143,4,3,1,4.23500023316592e-06
4893,74483,4,2,0,2.8800022846553475e-06
4894,38894,4,1,0,2.2370004444383085e-06
4895,30187,3,3,1,4.37299968325533e-06
4896,38388,3,3,1,4.4819971662946045e-06
4897,22020,3,3,1,4.879999323748052e-06
4898,71176,4,3,1,7.637998351128772e-06
4899,38410,3,3,2,5.623001925414428e-06
4900,30256,3,3,1,5.2770010370295495e-06
4901,46645,3,3,1,4.763998731505126e-06
4902,30278,3,3,1,4.923000233247876e-06
4903,87633,3,3,1,4.403998900670558e-06
4904,5735,3,3,2,5.8779987739399076e-06
4905,63081,3,3,1,4.378998710308224e-06
4906,81130,3,2,0,2.388002030784264e-06
4907,71289,3,3,1,5.056997906649485e-06
4908,38529,3,3,1,4.426001396495849e-06
4909,77756,5,2,0,3.3190008252859116e-06
4910,54913,3,3,1,4.350000381236896e-06
4911,63106,4,3,1,6.0349993873387575e-06
4912,71316,3,3,1,4.093999450560659e-06
4913,71899,3,2,0,2.3369975679088384e-06
4914,63124,4,3,1,4.658999387174845e-06
4915,71320,3,3,1,4.66900019091554e-06
4916,32022,3,2,0,2.4230030248872936e-06
4917,54937,3,3,1,4.2380015656817704e-06
4918,46828,3,2,0,2.378001227043569e-06
4919,56010,11,1,0,4.560999514069408e-06
4920,79791,5,2,1,6.672999006696045e-06
4921,5796,5,3,2,6.657999620074406e-06
4922,22181,3,3,1,4.836001608055085e-06
4923,71335,3,3,1,4.211997293168679e-06
4924,5809,4,3,2,6.600999768124893e-06
4925,87744,3,3,1,5.4200027079787105e-06
4926,46792,3,3,1,4.362998879514635e-06
4927,54985,3,3,1,4.1860002966132015e-06
4928,46801,3,3,1,4.4150001485832036e-06
4929,54995,4,3,1,4.591998731484637e-06
4930,81226,3,2,0,2.4410001060459763e-06
4931,42193,7,1,0,3.511999238980934e-06
4932,51212,4,0,0,2.1359992388170213e-06
4933,38630,3,3,1,4.5720007619820535e-06
4934,79602,3,3,1,4.5720007619820535e-06
4935,40711,3,2,0,2.4669971026014537e-06
4936,72560,3,1,0,2.143999154213816e-06
4937,87819,3,3,1,4.8389993025921285e-06
4938,30486,3,3,1,4.633002390619367e-06
4939,14104,3,3,1,4.225999873597175e-06
4940,30488,3,3,1,4.261000867700204e-06
4941,30489,3,3,1,3.970002580899745e-06
4942,46875,3,3,1,5.060999683337286e-06
4943,46891,3,3,1,4.680998245021328e-06
4944,30525,3,3,1,4.53100074082613e-06
4945,15422,5,2,0,3.235996700823307e-06
4946,79695,3,3,1,3.9289989217650145e-06
4947,15676,5,2,0,3.3270007406827062e-06
4948,46928,3,3,1,3.949000529246405e-06
4949,72174,3,2,0,2.277000021422282e-06
4950,46935,3,3,2,5.898000381421298e-06
4951,71512,3,3,1,4.1239982238039374e-06
4952,14177,3,3,1,4.186400110484101e-05
4953,65325,3,2,0,4.542001988738775e-06
4954,79715,10,3,2,1.3025997759541497e-05
4955,38761,3,3,1,6.038000719854608e-06
4956,22397,3,3,1,5.055000656284392e-06
4957,63359,3,3,1,4.37500057159923e-06
4958,55172,3,3,1,3.946999640902504e-06
4959,15321,3,2,0,2.6140005502384156e-06
4960,30603,5,3,1,5.669000529451296e-06
4961,55181,3,3,1,4.8769979912322015e-06
4962,55187,3,3,1,4.7819994506426156e-06
4963,71575,3,3,1,4.878998879576102e-06
4964,71577,3,3,2,6.5259991970378906e-06
4965,87964,4,3,1,7.753002137178555e-06
4966,1540,5,2,0,3.765002475120127e-06
4967,14241,3,3,2,6.391997885657474e-06
4968,87969,4,3,1,5.591002263827249e-06
4969,14681,3,2,0,2.3430002329405397e-06
4970,48019,3,1,0,2.0030020095873624e-06
4971,30627,3,3,1,4.239998816046864e-06
4972,56885,3,2,0,2.4760011001490057e-06
4973,42778,4,2,1,4.429999535204843e-06
4974,63397,4,3,1,4.984998668078333e-06
4975,30631,3,3,1,4.336001438787207e-06
4976,22459,3,3,1,4.445002559805289e-06
4977,30652,4,3,1,7.570000889245421e-06
4978,22461,3,3,1,4.575998900691047e-06
4979,63768,4,2,0,2.8700014809146523e-06
4980,38847,3,3,1,3.835997631540522e-06
4981,55233,3,3,1,4.634999640984461e-06
4982,22471,3,3,1,5.011999746784568e-06
4983,79822,3,3,1,4.544999683275819e-06
4984,88017,5,3,1,1.0458999895490706e-05
4985,63448,3,3,1,4.094003088539466e-06
4986,72546,3,2,0,2.3380016500595957e-06
4987,79834,3,3,2,5.784997483715415e-06
4988,63452,3,3,1,4.726000042865053e-06
4989,40347,3,2,0,2.5170011213049293e-06
4990,81732,3,1,0,2.211003447882831e-06
4991,56679,4,1,1,3.7520003388635814e-06
4992,71667,3,3,1,4.9529990064911544e-06
4993,88059,3,3,1,4.478999471757561e-06
4994,63490,3,3,1,4.768000508192927e-06
4995,88073,5,3,2,7.768998329993337e-06
4996,63499,3,3,1,4.541001544566825e-06
4997,88081,7,3,2,8.59400097397156e-06
4998,30752,3,3,2,6.872000085422769e-06
4999,71714,3,3,1,4.566001734929159e-06
5000,30754,3,3,1,4.534002073341981e-06
5001,63525,3,3,1,4.94599953526631e-06
5002,47150,3,3,1,4.526998964138329e-06
5003,64780,3,2,0,2.3710017558187246e-06
5004,71732,3,3,1,4.0240011003334075e-06
5005,55355,3,3,1,5.218000296736136e-06
5006,55361,3,3,1,4.340003215475008e-06
5007,14406,3,3,1,4.146000719629228e-06
5008,79994,3,3,2,6.946000212337822e-06
5009,55422,4,3,1,5.631998647004366e-06
5010,6277,3,3,1,4.628000169759616e-06
5011,80015,4,3,1,7.761998858768493e-06
5012,55444,4,3,1,1.8664999515749514e-05
5013,88223,5,3,2,8.282997441710904e-06
5014,14509,3,3,2,6.042002496542409e-06
5015,30900,7,3,1,6.4209998527076095e-06
5016,74687,5,2,0,3.1800009310245514e-06
5017,55485,4,3,1,4.842000635107979e-06
5018,55511,8,3,1,7.642000127816573e-06
5019,55512,3,3,1,4.23500023316592e-06
5020,39138,5,3,1,9.47399894357659e-06
5021,14564,3,3,1,3.125999865005724e-05
5022,71912,3,3,1,5.394002073444426e-06
5023,80104,3,3,1,5.941001290921122e-06
5024,80107,3,3,1,4.205998266115785e-06
5025,88301,3,3,1,4.39300129073672e-06
5026,39155,5,3,2,1.4845998521195725e-05
5027,88309,4,3,2,8.212999091483653e-06
5028,14595,5,3,1,9.014001989271492e-06
5029,71949,3,3,1,5.085003067506477e-06
5030,22797,5,3,1,8.55599864735268e-06
5031,63765,3,3,1,4.7100002120714635e-06
5032,71963,3,3,1,4.977999196853489e-06
5033,71966,3,3,1,4.454999725567177e-06
5034,88357,3,3,1,4.80699964100495e-06
5035,88366,4,3,1,8.496001100866124e-06
5036,31027,4,3,2,6.324000423774123e-06
5037,6452,3,3,1,4.468998668016866e-06
5038,31031,3,3,1,4.5009983296040446e-06
5039,81164,3,2,0,2.5999979698099196e-06
5040,14069,4,2,1,4.692999937105924e-06
5041,39248,3,3,1,4.416997398948297e-06
5042,40094,3,2,0,2.667999069672078e-06
5043,14689,5,3,1,5.680001777363941e-06
5044,80236,3,3,1,4.411998816067353e-06
5045,7936,3,2,0,2.543998562032357e-06
5046,39747,5,1,0,3.0150004022289068e-06
5047,14707,3,3,1,5.302001227391884e-06
5048,31092,3,3,1,6.382000719895586e-06
5049,55668,3,3,1,4.950001311954111e-06
5050,6517,4,3,2,4.94699997943826e-06
5051,55687,4,3,2,8.021997928153723e-06
5052,55692,3,3,1,4.618999810190871e-06
5053,80277,4,3,1,4.82800169265829e-06
5054,72088,3,3,2,6.210000719875097e-06
5055,31144,6,3,1,6.230999133549631e-06
5056,53149,4,2,0,2.8530012059491128e-06
5057,39345,7,3,1,7.40899849915877e-06
5058,31157,4,3,1,5.26100120623596e-06
5059,6585,3,3,1,4.444998921826482e-06
5060,22977,4,3,1,4.870998964179307e-06
5061,22981,3,3,1,4.427998646860942e-06
5062,80325,6,3,1,8.777002221904695e-06
5063,72136,4,3,1,4.983998223906383e-06
5064,80332,3,3,2,7.220001862151548e-06
5065,80333,3,3,1,4.457000613911077e-06
5066,63965,3,3,1,4.854999133385718e-06
5067,72157,4,3,1,7.605998689541593e-06
5068,72163,4,3,1,7.401002221740782e-06
5069,80356,3,3,2,7.809001544956118e-06
5070,31227,3,3,1,4.828998498851433e-06
5071,15233,4,2,0,2.7800015232060105e-06
5072,6651,3,3,1,4.912999429507181e-06
5073,39921,3,2,0,2.397002390353009e-06
5074,80388,3,3,1,4.2289975681342185e-06
5075,88596,4,3,1,4.854002327192575e-06
5076,26346,4,2,0,2.863998815882951e-06
5077,31716,3,1,0,2.1470004867296666e-06
5078,45712,4,0,0,2.1609994291793555e-06
5079,39452,3,3,1,4.920999344903976e-06
5080,55839,5,3,1,7.72500061430037e-06
5081,39465,4,3,2,8.185001206584275e-06
5082,6699,3,3,1,4.704997991211712e-06
5083,6700,3,3,1,4.522997187450528e-06
5084,65049,3,2,0,2.5269982870668173e-06
5085,64052,3,3,2,7.4739982665050775e-06
5086,80460,6,3,2,8.595998224336654e-06
5087,80462,3,3,1,4.39400173490867e-06
5088,31672,3,2,0,2.7000023692380637e-06
5089,23693,3,1,0,2.2710009943693876e-06
5090,72287,3,3,1,4.188001184957102e-06
5091,31329,3,3,1,4.200999683234841e-06
5092,14953,3,3,1,4.728000931208953e-06
5093,47721,5,3,1,5.541998689295724e-06
5094,31339,3,3,1,4.181998519925401e-06
5095,80874,3,2,0,2.424003469059244e-06
5096,23161,3,3,1,4.034001904074103e-06
5097,88698,3,3,1,4.311998054618016e-06
5098,23169,3,3,1,4.689998604590073e-06
5099,23171,3,3,2,7.09499727236107e-06
5100,80530,4,3,1,7.520000508520752e-06
5101,80544,4,3,2,7.390000973828137e-06
5102,47781,3,3,1,4.991998139303178e-06
5103,80562,3,3,1,4.722998710349202e-06
5104,80570,3,3,1,4.2479987314436585e-06
5105,72387,3,3,1,4.425000952323899e-06
5106,24333,3,2,0,2.410997694823891e-06
5107,19540,10,1,0,4.470999556360766e-06
5108,72398,4,3,1,5.4200027079787105e-06
5109,72401,3,3,2,5.994999810354784e-06
5110,47836,4,3,2,6.147998647065833e-06
5111,16357,3,2,1,4.001001798314974e-06
5112,23261,3,3,1,6.68199936626479e-06
5113,23270,3,3,1,4.7719986469019204e-06
5114,39656,5,3,1,8.520997653249651e-06
5115,64252,3,3,2,5.6819990277290344e-06
5116,23297,3,3,1,4.897003236692399e-06
5117,72452,3,3,1,4.41100200987421e-06
5118,77847,5,2,0,3.1329982448369265e-06
5119,40621,3,1,0,2.2509993868879974e-06
5120,80341,7,2,1,5.679001333191991e-06
5121,72454,3,3,1,3.4609984140843153e-06
5122,72455,3,3,1,4.2669998947530985e-06
5123,39692,3,3,1,4.35699985246174e-06
5124,56407,3,2,0,2.4950022634584457e-06
5125,80660,4,3,1,5.219000740908086e-06
5126,15128,4,3,1,5.4109987104311585e-06
5127,72490,3,3,2,6.098998710513115e-06
5128,39745,3,3,1,4.784997145179659e-06
5129,31570,3,3,1,4.540997906588018e-06
5130,72553,3,3,2,5.780002538813278e-06
5131,15209,3,3,2,6.99399970471859e-06
5132,72564,3,3,1,4.368997906567529e-06
5133,80770,4,3,1,5.718000466004014e-06
5134,72586,4,3,1,7.139002264011651e-06
5135,31630,3,3,1,4.748999344883487e-06
5136,39833,3,3,1,4.245997843099758e-06
5137,80795,3,3,1,4.039000486955047e-06
5138,31660,3,3,1,3.94200105802156e-06
5139,31673,3,3,1,4.297999112168327e-06
5140,39866,4,3,1,4.869998520007357e-06
5141,48060,3,3,1,4.39400173490867e-06
5142,48061,3,3,1,4.821999027626589e-06
5143,56288,3,3,1,4.729998181574047e-06
5144,15339,3,3,1,4.420999175636098e-06
5145,80885,3,3,1,4.4290027290116996e-06
5146,80890,3,3,1,5.280999175738543e-06
5147,31743,8,3,2,9.592000424163416e-06
5148,15362,3,3,1,5.1910028560087085e-06
5149,89102,3,3,1,4.558001819532365e-06
5150,7187,3,3,2,6.217000191099942e-06
5151,23582,3,3,1,4.408000677358359e-06
5152,89120,3,3,1,5.318001058185473e-06
5153,80938,5,3,1,8.144997991621494e-06
5154,80940,3,3,1,3.842000296572223e-06
5155,89133,3,3,1,4.012999852420762e-06
5156,80946,3,3,1,4.51400046586059e-06
5157,89139,3,3,2,7.131002348614857e-06
5158,31796,3,3,1,3.992998244939372e-06
5159,56374,3,3,1,4.401001206133515e-06
5160,15418,3,3,1,4.456000169739127e-06
5161,23615,3,3,1,3.891000233124942e-06
5162,56976,4,2,0,3.0390001484192908e-06
5163,81603,4,1,0,2.453998604323715e-06
5164,56388,5,3,1,5.256002623355016e-06
5165,49873,5,2,0,2.90040006802883e-05
5166,23311,6,2,1,8.621002052677795e-06
5167,31827,4,3,1,8.654998964630067e-06
5168,40020,3,3,1,5.710000550607219e-06
5169,48217,4,3,2,1.2904998584417626e-05
5170,15457,3,3,1,5.044999852543697e-06
5171,56425,3,3,1,4.204001015750691e-06
5172,81015,4,3,2,5.24200004292652e-06
5173,31870,8,3,0,8.372000593226403e-06
5174,75756,4,2,1,4.6579989430028945e-06
5175,28002,5,2,1,7.243997970363125e-06
5176,31880,5,3,0,9.798997780308127e-06
5177,64652,4,3,1,7.916998583823442e-06
5178,40081,3,3,1,4.53000029665418e-06
5179,23901,3,2,0,2.396998752374202e-06
5180,64657,4,3,1,5.403999239206314e-06
5181,81046,3,3,1,4.606001311913133e-06
5182,56486,5,3,1,6.726997526129708e-06
5183,7340,4,3,1,7.811002433300018e-06
5184,56497,3,3,1,4.765999619849026e-06
5185,15542,3,3,1,4.060002538608387e-06
5186,31928,3,3,2,5.955000233370811e-06
5187,57150,3,2,1,3.868000931106508e-06
5188,7359,3,3,1,4.785000783158466e-06
5189,31952,3,3,1,4.530997102847323e-06
5190,64727,4,3,2,8.371000149054453e-06
5191,64741,3,3,1,4.736000846605748e-06
5192,56550,8,3,1,7.313999958569184e-06
5193,54170,9,2,0,4.231998900650069e-06
5194,31976,3,3,1,5.846002750331536e-06
5195,7410,4,3,1,4.7439971240237355e-06
5196,25639,4,2,0,2.7370006137061864e-06
5197,48378,3,3,1,4.4339976739138365e-06
5198,40198,4,3,1,8.484003046760336e-06
5199,64779,3,3,1,4.112000169698149e-06
5200,56587,3,3,1,4.811001417692751e-06
5201,23845,5,3,2,8.079001418082044e-06
5202,81198,3,3,1,4.698998964158818e-06
5203,73007,3,3,2,6.799000402679667e-06
5204,15667,4,3,1,6.482001481344923e-06
5205,64844,3,3,1,4.493002052186057e-06
5206,48473,3,3,1,4.359997546998784e-06
5207,23904,3,3,1,4.569999873638153e-06
5208,48500,4,3,2,8.005998097360134e-06
5209,73684,6,2,0,3.2999996619764715e-06
5210,7544,5,3,1,6.398000550689176e-06
5211,15738,3,3,1,4.389999958220869e-06
5212,48511,3,3,1,4.127003194298595e-06
5213,32153,6,3,2,6.719998054904863e-06
5214,64923,3,3,1,4.534998879535124e-06
5215,64924,3,3,1,4.460998752620071e-06
5216,81325,3,3,2,5.8960031310562044e-06
5217,40365,4,3,1,4.718000127468258e-06
5218,40374,4,3,1,4.900000931229442e-06
5219,40376,3,3,1,4.37400012742728e-06
5220,40377,3,3,1,4.980000085197389e-06
5221,48574,3,3,1,5.588000931311399e-06
5222,7614,3,3,1,4.183002602076158e-06
5223,32205,4,3,1,4.880999767920002e-06
5224,73185,3,3,1,4.749999789055437e-06
5225,24042,3,3,2,6.155998562462628e-06
5226,65011,3,3,1,4.737001290777698e-06
5227,15867,4,3,2,7.172999175963923e-06
5228,48750,4,2,0,5.04799754708074e-06
5229,7697,5,2,1,5.160000000614673e-06
5230,65032,8,3,1,6.4589985413476825e-06
5231,7689,5,3,1,4.544999683275819e-06
5232,25881,5,2,0,5.494002834893763e-06
5233,47149,8,2,1,6.560003384947777e-06
5234,24116,3,3,1,4.7480025386903435e-06
5235,73273,3,3,1,4.863999492954463e-06
5236,56905,3,3,2,6.9880006776656955e-06
5237,48716,3,3,1,4.49499930255115e-06
5238,40528,3,3,2,5.671998223988339e-06
5239,7777,3,3,2,8.303999493364245e-06
5240,65122,3,3,1,4.056000761920586e-06
5241,7793,3,3,3,5.67499955650419e-06
5242,7801,6,3,1,8.598999556852505e-06
5243,7803,3,3,1,4.327001079218462e-06
5244,56957,3,3,2,5.836001946590841e-06
5245,56958,3,3,1,4.358000296633691e-06
5246,40579,3,3,1,4.3359978008084e-06
5247,7831,3,3,1,4.305999027565122e-06
5248,65177,6,3,1,7.120001100702211e-06
5249,29961,4,2,0,4.5960005081724375e-06
5250,11643,8,2,0,7.180999091360718e-06
5251,36411,5,2,1,4.285000613890588e-06
5252,7844,3,3,1,4.910998541163281e-06
5253,57211,3,2,0,2.5930021365638822e-06
5254,7846,3,3,1,4.518002242548391e-06
5255,24253,3,3,1,4.4919979700353e-06
5256,32449,3,3,2,5.8969999372493476e-06
5257,57036,3,3,1,4.05899845645763e-06
5258,54376,4,2,0,2.812001184793189e-06
5259,33575,4,2,1,3.6279998312238604e-06
5260,40661,5,3,1,8.269002137240022e-06
5261,3106,6,2,0,4.121997335460037e-06
5262,26350,5,2,0,5.752001015935093e-06
5263,65248,4,3,1,5.775000317953527e-06
5264,7933,3,3,1,4.975998308509588e-06
5265,40716,3,3,1,3.891000233124942e-06
5266,48914,3,3,1,4.674999217968434e-06
5267,73494,3,3,1,4.66900019091554e-06
5268,65314,4,3,1,7.161997928051278e-06
5269,65318,3,3,2,5.6580029195174575e-06
5270,81705,3,3,2,5.588000931311399e-06
5271,24366,4,3,1,5.704001523554325e-06
5272,24377,3,3,1,5.171998054720461e-06
5273,48952,3,3,1,4.470002750167623e-06
5274,7997,3,3,2,7.337999704759568e-06
5275,57151,3,3,1,3.944998752558604e-06
5276,65345,3,3,2,5.743000656366348e-06
5277,8015,3,3,1,4.206998710287735e-06
5278,48978,3,3,2,7.376998837571591e-06
5279,16211,3,3,1,4.37400012742728e-06
5280,16213,3,3,1,4.0859995351638645e-06
5281,40796,3,3,1,4.5529995986726135e-06
5282,8034,3,3,2,6.99600059306249e-06
5283,81778,9,3,0,9.837000106927007e-06
5284,8052,4,3,2,7.282000296982005e-06
5285,81782,4,3,1,4.80699964100495e-06
5286,81783,3,3,1,4.650002665584907e-06
5287,8057,3,3,1,4.990000888938084e-06
5288,32635,3,3,2,5.670997779816389e-06
5289,57214,4,3,1,5.389996658777818e-06
5290,81795,3,3,1,4.412999260239303e-06
5291,73615,3,3,2,7.028000254649669e-06
5292,40848,3,3,1,4.760000592796132e-06
5293,81809,3,3,1,4.274999810149893e-06
5294,73618,3,3,1,4.483001248445362e-06
5295,49077,3,3,1,3.989000106230378e-06
5296,49078,3,3,1,5.092999344924465e-06
5297,24521,4,3,1,6.289003067649901e-06
5298,57302,4,3,2,3.309800013084896e-05
5299,65509,3,3,2,1.135400088969618e-05
5300,81896,3,3,1,6.6639986471273005e-06
5301,16360,4,3,1,8.130999049171805e-06
5302,16362,3,3,1,1.006700040306896e-05
5303,8183,3,3,1,1.1834999895654619e-05
5304,81916,3,3,1,4.678000550484285e-06
5305,65588,4,3,2,8.006001735338941e-06
5306,8257,6,3,1,9.340998076368123e-06
5307,81998,7,3,1,8.103001164272428e-06
5308,117,4,3,1,5.460002284962684e-06
5309,8322,4,3,1,4.719000571640208e-06
5310,65668,5,3,1,5.554997187573463e-06
5311,53993,6,2,0,3.6710007407236844e-06
5312,73910,7,3,0,7.869999535614625e-06
5313,211,4,3,1,6.013000529492274e-06
5314,44802,4,2,1,5.0009984988719225e-06
5315,82139,6,3,1,5.956997483735904e-06
5316,16738,4,3,1,4.980000085197389e-06
5317,33137,5,3,1,5.717000021832064e-06
5318,8562,4,3,1,8.425999112660065e-06
5319,8569,6,3,1,5.294998118188232e-06
5320,11695,5,2,0,5.39800021215342e-06
5321,82302,6,3,2,6.167996616568416e-06
5322,74130,7,3,2,6.518999725813046e-06
5323,49555,4,3,2,7.70399856264703e-06
5324,77707,5,2,0,3.1220006349030882e-06
5325,74148,4,3,1,4.768000508192927e-06
5326,8713,4,3,1,5.5870004871394485e-06
5327,558,5,3,1,5.936002708040178e-06
5328,49944,4,3,1,4.692999937105924e-06
5329,74625,4,3,1,6.343998393276706e-06
5330,50054,6,3,1,6.294001650530845e-06
5331,9101,5,3,1,5.953002983005717e-06
5332,82881,7,3,1,6.8920016929041594e-06
5333,66498,6,3,2,5.6060016504488885e-06
5334,58328,5,3,1,8.433002221863717e-06
5335,25628,4,3,1,4.326000635046512e-06
5336,25633,4,3,1,7.582999387523159e-06
5337,58474,7,3,1,8.864000847097486e-06
5338,1134,5,3,2,7.236998499138281e-06
5339,1156,4,3,1,4.297002305975184e-06
5340,3669,5,2,2,4.755998816108331e-06
5341,66895,5,3,1,7.872000423958525e-06
5342,83294,7,3,2,8.649996743770316e-06
5343,1418,5,3,1,5.384001269703731e-06
5344,9640,6,3,1,1.1180996807524934e-05
5345,42414,5,3,2,8.262999472208321e-06
5346,67007,6,3,1,8.972001523943618e-06
5347,83425,6,3,2,8.233997505158186e-06
5348,9712,10,3,1,1.0502997611183673e-05
5349,42614,6,3,0,7.007998647168279e-06
5350,42752,5,3,1,6.862999725854024e-06
5351,51089,6,3,0,6.908001523697749e-06
5352,5295,8,2,1,6.654998287558556e-06
5353,51099,4,3,1,5.189998773857951e-06
5354,75677,7,3,2,8.269002137240022e-06
5355,83878,7,3,1,8.855000487528741e-06
5356,51258,4,2,1,3.969998942920938e-06
5357,51115,5,3,2,6.5540007199160755e-06
5358,59314,4,3,1,4.7100002120714635e-06
5359,26578,6,3,1,6.742000550730154e-06
5360,26600,5,3,1,5.016001523472369e-06
5361,83989,6,3,0,6.677997589576989e-06
5362,18562,4,3,1,5.824000254506245e-06
5363,35073,4,3,1,5.295998562360182e-06
5364,26918,5,3,1,5.785001121694222e-06
5365,43305,4,3,2,8.002996764844283e-06
5366,43338,10,3,2,7.765000191284344e-06
5367,35351,4,3,1,6.860002031316981e-06
5368,68470,5,3,1,6.737998774042353e-06
5369,60288,6,3,1,7.161997928051278e-06
5370,2980,5,3,1,8.438000804744661e-06
5371,76812,6,3,1,7.210001058410853e-06
5372,60461,8,3,1,6.853999366285279e-06
5373,85126,5,3,2,8.285001968033612e-06
5374,44249,6,3,0,6.485999620053917e-06
5375,77241,4,3,1,5.188998329686001e-06
5376,52749,4,3,1,5.064001015853137e-06
5377,60967,4,3,1,4.7050016291905195e-06
5378,28381,5,3,2,8.47200135467574e-06
5379,12066,5,3,0,6.274000043049455e-06
5380,20272,4,3,1,4.4240005081519485e-06
5381,28540,6,3,1,7.922000804683194e-06
5382,4005,4,3,1,4.5099986891727895e-06
5383,53291,7,3,2,6.26499968348071e-06
5384,45256,7,3,0,1.1828997230622917e-05
5385,61831,6,3,0,6.794998625991866e-06
5386,61837,5,3,0,6.014000973664224e-06
5387,45485,9,3,2,7.1639988163951784e-06
5388,4899,4,3,1,5.068002792540938e-06
5389,21334,6,3,0,1.038300251821056e-05
5390,81393,6,2,0,3.2089992600958794e-06
5391,79367,9,3,1,7.906000973889604e-06
5392,5743,7,3,1,7.169997843448073e-06
5393,47221,11,2,0,5.344998498912901e-06
5394,5816,6,3,1,6.54299947200343e-06
5395,63357,5,3,1,4.931000148644671e-06
5396,72104,8,2,1,5.948000762145966e-06
5397,79859,6,3,0,7.069997081998736e-06
5398,80132,4,3,1,8.484999852953479e-06
5399,31115,6,3,2,6.022000889061019e-06
5400,23066,7,3,1,9.032999514602125e-06
5401,39605,5,3,1,5.7150027714669704e-06
5402,81329,5,3,1,5.598998541245237e-06
5403,57153,4,3,1,5.092999344924465e-06
5404,49072,7,3,2,8.244001946877688e-06
5405,82544,10,3,0,8.082999556791037e-06
5406,41691,8,3,2,6.9070010795257986e-06
5407,74615,7,3,1,7.381997420452535e-06
5408,66526,4,3,2,3.5345998185221106e-05
5409,34928,8,2,0,9.934999980032444e-06
5410,66867,5,3,1,8.45199974719435e-06
5411,26454,7,3,1,1.3552002201322466e-05
5412,83814,5,3,1,8.235001587308943e-06
5413,85221,6,3,0,6.557998858625069e-06
5414,69761,6,3,1,8.339000487467274e-06
5415,29727,5,3,1,5.812002200400457e-06
5416,38548,5,3,0,6.10899951425381e-06
5417,81925,4,4,2,1.2781998520949855e-05
5418,24588,4,4,1,5.810001312056556e-06
5419,55671,4,3,0,2.920001861639321e-06
5420,2694,6,2,0,3.3460019039921463e-06
5421,32755,4,1,0,2.348002453800291e-06
5422,86032,4,4,1,5.995003448333591e-06
5423,8209,4,4,1,5.769998097093776e-06
5424,86034,4,4,1,5.316000169841573e-06
5425,15263,4,3,0,3.164001100230962e-06
5426,86181,4,2,0,2.8850008675362915e-06
5427,1694,6,1,0,3.2860007195267826e-06
5428,5594,4,0,0,2.2370004444383085e-06
5429,8238,7,4,1,6.891001248732209e-06
5430,11687,6,3,0,3.5709999792743474e-06
5431,80421,4,2,0,2.840002707671374e-06
5432,61130,4,1,0,2.3950015020091087e-06
5433,20948,7,3,1,7.033999281702563e-06
5434,8243,4,4,2,5.507800233317539e-05
5435,57408,4,4,1,5.902998964302242e-06
5436,24641,4,4,1,5.3389994718600065e-06
5437,16587,4,3,0,2.824999683070928e-06
5438,59141,4,2,0,2.7559981390368193e-06
5439,59232,4,1,0,2.42599708144553e-06
5440,86082,4,4,1,6.320002285065129e-06
5441,86081,6,4,1,1.3666998711414635e-05
5442,8268,5,4,2,1.1432002793299034e-05
5443,57421,4,4,1,6.313002813840285e-06
5444,36950,9,4,2,1.2522999895736575e-05
5445,16471,5,4,1,6.991002010181546e-06
5446,16473,4,4,2,9.292998583987355e-06
5447,4189,4,4,1,5.640999006573111e-06
5448,38849,4,3,0,2.91600008495152e-06
5449,28774,4,4,1,5.586000042967498e-06
5450,85740,4,3,0,3.0810006137471646e-06
5451,28788,4,4,1,5.464000423671678e-06
5452,75095,4,3,0,2.87899820250459e-06
5453,61537,6,3,0,7.137998181860894e-06
5454,61562,6,4,2,1.0275998647557572e-05
5455,65661,4,4,1,6.254998879740015e-06
5456,53223,4,3,0,3.0900009733159095e-06
5457,36997,4,4,1,6.809998012613505e-06
5458,20616,4,4,1,1.1145999451400712e-05
5459,28809,4,4,1,6.421003490686417e-06
5460,81915,4,3,0,3.5000011848751456e-06
5461,65676,4,4,1,6.589998520212248e-06
5462,14227,4,3,0,3.016000846400857e-06
5463,20622,4,4,1,6.182999641168863e-06
5464,41104,6,4,3,1.1544998415047303e-05
5465,61586,4,4,1,6.370999471982941e-06
5466,41107,4,4,2,8.704999345354736e-06
5467,61589,4,4,1,6.5540007199160755e-06
5468,24732,4,4,2,1.0366999049438164e-05
5469,73888,4,4,1,5.803001840831712e-06
5470,32930,5,4,2,8.899998647393659e-06
5471,24741,4,4,2,8.531998901162297e-06
5472,16553,8,4,2,1.0806001228047535e-05
5473,32938,4,4,2,7.938000635476783e-06
5474,24748,4,4,1,5.251000402495265e-06
5475,36164,4,3,0,2.926000888692215e-06
5476,61613,4,4,1,5.869998858543113e-06
5477,83055,4,3,0,2.974000381072983e-06
5478,61615,4,4,1,5.469999450724572e-06
5479,42616,5,3,0,3.577999450499192e-06
5480,52753,4,2,0,2.649001544341445e-06
5481,86195,5,4,2,8.807000995147973e-06
5482,49341,5,4,2,1.0001000191550702e-05
5483,57973,4,3,1,5.166999471839517e-06
5484,72907,5,3,1,6.502999895019457e-06
5485,49342,4,4,1,5.444999260362238e-06
5486,57537,4,4,1,5.678000889020041e-06
5487,204,5,4,2,9.34000127017498e-06
5488,85667,6,3,1,9.453000529902056e-06
5489,21646,7,3,1,7.511000148952007e-06
5490,86229,5,4,2,9.862997103482485e-06
5491,61660,4,4,1,6.103000487200916e-06
5492,37084,9,4,3,1.0337997082388029e-05
5493,78048,4,4,3,7.553997420473024e-06
5494,28902,5,4,1,8.052000339375809e-06
5495,61051,4,3,0,2.7990026865154505e-06
5496,28445,7,2,0,3.7390018405858427e-06
5497,83562,6,3,1,8.110000635497272e-06
5498,86630,5,3,0,6.235997716430575e-06
5499,57575,4,4,2,1.199500184156932e-05
5500,37097,4,4,1,6.173999281600118e-06
5501,37101,4,4,1,5.4150004871189594e-06
5502,2192,4,3,0,2.8659997042268515e-06
5503,57582,4,4,2,1.1732001439668238e-05
5504,24815,4,4,1,6.883998139528558e-06
5505,82165,4,4,3,9.991999831981957e-06
5506,28920,4,4,2,8.372997399419546e-06
5507,69886,6,4,1,7.4789968493860215e-06
5508,59191,5,3,0,3.4340009733568877e-06
5509,42933,6,2,0,3.444998583290726e-06
5510,37119,4,4,2,1.0957999620586634e-05
5511,24832,7,4,2,3.888200080837123e-05
5512,55794,6,3,2,1.3113000022713095e-05
5513,28929,5,4,1,8.623999747214839e-06
5514,60665,4,3,0,3.1199997465591878e-06
5515,77564,5,2,0,3.09200186165981e-06
5516,47043,4,1,0,7.782000466249883e-06
5517,73987,4,4,1,5.790003342553973e-06
5518,37568,4,3,0,3.2799980544950813e-06
5519,58792,4,2,0,2.7709975256584585e-06
5520,59197,4,1,0,2.359000063734129e-06
5521,49438,10,4,1,1.414800135535188e-05
5522,78114,6,4,0,8.969000191427767e-06
5523,20776,4,4,2,9.449999197386205e-06
5524,20777,4,4,1,7.318998541450128e-06
5525,33064,9,4,2,1.2674998288275674e-05
5526,58672,5,3,1,5.494999641086906e-06
5527,49451,4,4,1,5.219000740908086e-06
5528,11516,4,3,0,3.0480005079880357e-06
5529,72908,4,2,0,2.6189991331193596e-06
5530,64845,4,1,0,2.3930006136652082e-06
5531,41268,4,4,1,5.6680000852793455e-06
5532,46990,4,3,0,2.8550020942930132e-06
5533,7978,4,2,0,2.912001946242526e-06
5534,61361,7,3,1,9.07800131244585e-06
5535,24884,6,4,2,1.0995998309226707e-05
5536,62652,5,3,0,6.1630016716662794e-06
5537,20795,5,4,2,9.506999049335718e-06
5538,20797,4,4,1,5.447000148706138e-06
5539,32149,4,3,0,3.1269992177840322e-06
5540,12218,5,2,0,3.315999492770061e-06
5541,8515,4,4,1,7.1549984568264335e-06
5542,331,4,4,2,1.0020998161053285e-05
5543,41298,5,4,2,1.1086998711107299e-05
5544,342,4,4,1,6.140999175840989e-06
5545,38536,5,3,0,3.2470015867147595e-06
5546,54486,6,3,0,6.123998900875449e-06
5547,78171,5,4,1,6.955000571906567e-06
5548,31778,4,3,0,2.8410031518433243e-06
5549,49502,6,4,1,6.606001988984644e-06
5550,33119,4,4,2,1.1617998097790405e-05
5551,49126,4,3,0,2.853998012142256e-06
5552,57700,6,4,1,6.733000191161409e-06
5553,53605,4,4,1,5.7249999372288585e-06
5554,4453,4,4,1,5.723999493056908e-06
5555,24937,5,4,2,1.0858002497116104e-05
5556,8554,5,4,3,6.217000191099942e-06
5557,8557,4,4,1,5.622998287435621e-06
5558,61811,4,4,1,7.927003025542945e-06
5559,24950,4,4,2,1.1168001947226003e-05
5560,82306,4,4,1,5.5919990700203925e-06
5561,16888,4,3,0,3.2669995562173426e-06
5562,30757,4,2,0,2.797998604364693e-06
5563,76021,6,1,0,3.3279975468758494e-06
5564,86415,4,4,1,5.689998943125829e-06
5565,40060,4,3,0,3.0390001484192908e-06
5566,61842,4,4,1,5.527999746846035e-06
5567,67232,4,3,0,2.958000550279394e-06
5568,26797,4,2,0,2.707001840462908e-06
5569,24978,5,4,1,4.872999852523208e-06
5570,27141,7,3,1,5.854999471921474e-06
5571,404,7,4,1,7.505001121899113e-06
5572,74139,4,4,2,1.1350002750987187e-05
5573,12713,4,4,1,6.518999725813046e-06
5574,78249,4,4,1,5.466001312015578e-06
5575,75000,4,3,0,2.9420007194858044e-06
5576,78262,4,4,2,9.706000128062442e-06
5577,16830,4,4,1,6.1489990912377834e-06
5578,68141,4,3,0,2.974000381072983e-06
5579,78272,4,4,1,5.697002052329481e-06
5580,54513,4,3,0,3.3319993235636503e-06
5581,38299,4,2,0,2.844000846380368e-06
5582,56427,4,1,0,2.5039989850483835e-06
5583,33459,4,0,0,2.243999915663153e-06
5584,78277,6,4,1,9.036000847117975e-06
5585,12753,4,4,1,5.876998329767957e-06
5586,66008,4,4,1,5.077999958302826e-06
5587,39810,4,3,0,2.7810019673779607e-06
5588,51233,4,2,0,2.630000381032005e-06
5589,51290,15,2,1,8.83299799170345e-06
5590,61099,12,1,0,4.418001481099054e-06
5591,5370,4,2,1,4.333000106271356e-06
5592,82396,7,4,1,1.0764000762719661e-05
5593,70111,4,4,1,5.361001967685297e-06
5594,37355,4,4,1,6.608999683521688e-06
5595,80648,4,3,0,2.921999112004414e-06
5596,24402,5,3,1,8.31299985293299e-06
5597,34263,6,3,1,6.784001016058028e-06
5598,49646,4,4,1,5.365000106394291e-06
5599,76516,5,3,0,3.877998096868396e-06
5600,79284,4,2,0,2.9240000003483146e-06
5601,43915,6,3,2,1.0355000995332375e-05
5602,33268,4,4,2,9.868002962321043e-06
5603,8693,5,4,1,9.75099828792736e-06
5604,8696,4,4,1,5.391000740928575e-06
5605,53233,4,3,0,2.921999112004414e-06
5606,40662,4,2,0,2.5980007194448262e-06
5607,507,7,4,2,1.0994001058861613e-05
5608,82440,4,4,1,5.685997166438028e-06
5609,16911,4,4,2,7.931001164251938e-06
5610,78358,4,4,1,5.2439972932916135e-06
5611,56845,4,3,0,2.959000994451344e-06
5612,3042,4,2,0,2.6510024326853454e-06
5613,41495,4,4,1,5.355002940632403e-06
5614,77420,4,3,0,3.0699993658345193e-06
5615,55770,4,2,0,2.869001036742702e-06
5616,56561,7,1,0,3.6290002753958106e-06
5617,7473,4,0,0,2.1029991330578923e-06
5618,53791,4,4,1,5.784997483715415e-06
5619,49699,4,4,1,5.8349978644400835e-06
5620,554,5,4,1,6.474998372141272e-06
5621,30227,4,3,0,3.011002263519913e-06
5622,25137,4,4,1,7.511000148952007e-06
5623,49829,4,3,0,2.893000782933086e-06
5624,3204,5,3,1,4.9769987526815385e-06
5625,55098,5,2,1,4.9009977374225855e-06
5626,33332,5,4,2,1.0691001079976559e-05
5627,33337,4,4,1,6.300000677583739e-06
5628,33341,4,4,1,5.023997800890356e-06
5629,5817,4,3,0,2.869001036742702e-06
5630,14528,4,2,0,2.591998054413125e-06
5631,23932,4,1,0,2.3049979063216597e-06
5632,1522,4,0,0,2.1550004021264613e-06
5633,70208,4,4,2,8.014998456928879e-06
5634,36305,4,3,1,4.880999767920002e-06
5635,53142,4,2,0,2.7980022423435003e-06
5636,8773,4,4,1,5.601999873761088e-06
5637,66578,4,3,0,3.05499997921288e-06
5638,75108,4,2,0,2.824999683070928e-06
5639,17945,4,1,0,2.4090004444587976e-06
5640,68268,4,0,0,2.016000507865101e-06
5641,74315,7,4,2,3.6296001781011e-05
5642,74319,5,4,1,1.1063999409088865e-05
5643,42566,5,3,0,4.974001058144495e-06
5644,80306,4,2,0,3.731001925189048e-06
5645,81618,4,1,0,2.583001332823187e-06
5646,46453,13,2,1,1.3695997040485963e-05
5647,62041,4,4,1,6.28400084679015e-06
5648,616,4,4,2,8.797000191407278e-06
5649,78448,4,4,2,7.817998266546056e-06
5650,74362,9,4,1,1.2881999282399192e-05
5651,78458,5,4,2,1.2699998478638008e-05
5652,74371,4,4,1,6.534002750413492e-06
5653,17032,6,4,1,7.3689989221747965e-06
5654,21134,4,4,1,6.616999598918483e-06
5655,82574,13,4,2,1.6617999790469185e-05
5656,82576,4,4,1,5.698999302694574e-06
5657,3217,4,3,0,3.140001354040578e-06
5658,60626,4,2,0,2.939003024948761e-06
5659,49705,8,3,0,9.57699739956297e-06
5660,17047,7,4,2,1.2837997928727418e-05
5661,17054,4,4,1,5.8349978644400835e-06
5662,32029,4,3,0,2.9279981390573084e-06
5663,58018,4,4,2,8.339000487467274e-06
5664,4780,4,4,1,6.337999366223812e-06
5665,37564,4,4,1,5.164998583495617e-06
5666,88804,4,3,0,3.059998562093824e-06
5667,45756,4,4,1,6.573998689418659e-06
5668,4796,6,4,3,8.566999895265326e-06
5669,49860,4,4,1,5.628000508295372e-06
5670,64842,4,3,0,2.939999831141904e-06
5671,85678,4,2,0,2.6939997042063624e-06
5672,24114,4,1,0,2.406999556114897e-06
5673,56916,5,0,0,2.5519984774291515e-06
5674,710,5,4,1,6.317000952549279e-06
5675,78539,4,4,1,6.52499875286594e-06
5676,78542,4,4,1,5.556998075917363e-06
5677,30656,6,3,0,3.846002073260024e-06
5678,58068,4,4,1,5.065001460025087e-06
5679,80973,4,3,0,2.8840004233643413e-06
5680,36550,4,2,0,2.5509980332572013e-06
5681,74499,7,1,0,3.426001057960093e-06
5682,86752,4,4,1,5.898000381421298e-06
5683,26344,4,3,0,2.959000994451344e-06
5684,77143,4,2,0,4.565001290757209e-06
5685,88697,5,2,1,6.957001460250467e-06
5686,21218,4,4,1,6.8499975895974785e-06
5687,59631,4,3,0,2.815999323502183e-06
5688,53987,4,4,1,5.9349986258894205e-06
5689,66275,4,4,1,6.332000339170918e-06
5690,41710,5,4,1,9.617997420718893e-06
5691,40346,5,3,0,3.0909977795090526e-06
5692,78577,4,4,2,1.0224997822660953e-05
5693,29428,4,4,1,5.185000190977007e-06
5694,47062,4,3,0,2.821001544361934e-06
5695,80117,4,2,0,2.7370006137061864e-06
5696,61825,8,3,2,9.336003131465986e-06
5697,31024,9,3,1,7.431997801177204e-06
5698,59838,9,3,1,8.475999493384734e-06
5699,74484,4,4,1,5.26100120623596e-06
5700,84593,4,3,0,2.962999133160338e-06
5701,32030,4,2,0,2.630000381032005e-06
5702,19130,4,1,0,2.2900021576788276e-06
5703,45838,4,4,1,5.073001375421882e-06
5704,69510,4,3,0,2.77700019069016e-06
5705,63088,4,2,0,2.6720008463598788e-06
5706,63401,4,1,0,2.230000973213464e-06
5707,27570,7,1,1,4.8100009735208005e-06
5708,37656,5,4,1,1.2589000107254833e-05
5709,18618,4,3,1,8.01900023361668e-06
5710,62237,4,4,1,7.39099778002128e-06
5711,58150,4,4,2,9.241000952897593e-06
5712,21292,5,4,1,6.999001925578341e-06
5713,51851,4,3,0,3.1030031095724553e-06
5714,23355,4,2,0,2.7130008675158024e-06
5715,31715,4,1,0,2.2929998522158712e-06
5716,45210,21,2,0,1.2851000064983964e-05
5717,34768,9,3,1,7.484999514417723e-06
5718,33584,4,4,4,1.0691997886169702e-05
5719,33592,7,4,2,1.006599995889701e-05
5720,62275,6,4,0,8.86499765329063e-06
5721,74568,4,4,2,9.859999408945441e-06
5722,21325,4,4,1,5.98900078330189e-06
5723,14682,4,3,0,3.2509997254237533e-06
5724,50001,4,4,1,5.601999873761088e-06
5725,50003,4,4,1,6.649999704677612e-06
5726,70483,4,4,1,6.917998689459637e-06
5727,29526,4,4,1,6.0729980759788305e-06
5728,21356,5,4,1,8.78700302564539e-06
5729,50040,4,4,1,6.000002031214535e-06
5730,49010,4,3,0,3.083001502091065e-06
5731,21369,4,4,1,5.263998900773004e-06
5732,10514,4,3,0,3.21100014843978e-06
5733,86943,4,4,1,5.607998900813982e-06
5734,42588,4,3,0,3.0670016712974757e-06
5735,50088,4,4,1,5.7729994296096265e-06
5736,21792,4,3,0,2.9139991966076195e-06
5737,33715,4,4,1,5.857000360265374e-06
5738,79472,4,3,0,2.930002665380016e-06
5739,89117,4,2,0,2.8089998522773385e-06
5740,74110,6,3,1,8.825001714285463e-06
5741,58318,4,4,2,1.0113002645084634e-05
5742,78810,6,4,1,7.718001143075526e-06
5743,41957,5,4,1,1.2227999832248315e-05
5744,54246,4,4,1,5.671001417795196e-06
5745,14436,4,3,0,2.7989990485366434e-06
5746,33768,5,4,2,1.10910004877951e-05
5747,41964,5,4,2,1.0925003152806312e-05
5748,61456,5,3,0,3.1410017982125282e-06
5749,38649,6,2,0,7.628001185366884e-06
5750,5102,4,4,1,6.117003067629412e-06
5751,17390,4,4,1,5.728001269744709e-06
5752,62799,4,3,0,2.754000888671726e-06
5753,48554,4,2,0,2.748998667811975e-06
5754,54254,7,4,1,1.0283998562954366e-05
5755,58353,4,4,1,5.264999344944954e-06
5756,79939,4,3,0,2.8329995984677225e-06
5757,35489,4,2,0,2.6950001483783126e-06
5758,77806,7,1,0,3.2130010367836803e-06
5759,23373,4,0,0,2.062999556073919e-06
5760,29689,4,4,1,6.40500002191402e-06
5761,21502,4,4,1,6.0540005506481975e-06
5762,58371,4,4,2,1.1960997653659433e-05
5763,21519,4,4,2,3.887399725499563e-05
5764,58383,4,4,2,1.2438002158887684e-05
5765,42005,4,4,1,7.432998245349154e-06
5766,68833,4,3,0,3.416000254219398e-06
5767,87064,5,4,2,1.0966999980155379e-05
5768,89150,7,3,1,9.999999747378752e-06
5769,2188,8,3,2,1.1743999493774027e-05
5770,76026,5,3,0,5.920999683439732e-06
5771,10596,11,3,1,1.022500146063976e-05
5772,50229,7,3,0,6.69799919705838e-06
5773,66590,4,4,1,6.227000994840637e-06
5774,9256,4,4,1,6.057001883164048e-06
5775,1072,6,4,2,9.879000572254881e-06
5776,9265,4,4,1,5.4989977797959e-06
5777,50238,4,4,2,1.0148000001208857e-05
5778,35186,4,3,1,4.187000740785152e-06
5779,25675,4,4,2,9.90799890132621e-06
5780,83024,10,4,1,1.1583997547859326e-05
5781,46174,4,4,1,6.202997610671446e-06
5782,87136,4,4,1,5.9539997891988605e-06
5783,76218,4,3,0,3.0129995138850063e-06
5784,5219,6,4,2,1.0978001228068024e-05
5785,58468,6,4,1,8.4509993030224e-06
5786,69740,8,3,1,1.1456999345682561e-05
5787,83047,6,4,1,1.2281001545488834e-05
5788,38885,7,3,1,5.776000762125477e-06
5789,21612,5,4,2,1.2853997759521008e-05
5790,62575,4,4,2,1.1153999366797507e-05
5791,42108,5,4,2,8.858998626237735e-06
5792,70784,4,4,2,1.1181997251696885e-05
5793,87170,4,4,2,9.731000318424776e-06
5794,10509,6,3,1,7.736001862213016e-06
5795,1161,5,4,1,6.6259999584872276e-06
5796,58511,4,4,1,5.297999450704083e-06
5797,58517,4,4,1,6.592999852728099e-06
5798,34784,5,3,0,3.7099998735357076e-06
5799,83094,5,4,2,1.1219999578315765e-05
5800,46239,4,4,1,6.137001037131995e-06
5801,66723,8,4,1,1.5118999726837501e-05
5802,43503,4,3,1,4.7819994506426156e-06
5803,58535,4,4,1,6.408001354429871e-06
5804,9386,4,4,1,5.256999429548159e-06
5805,76588,6,3,0,3.914999979315326e-06
5806,30797,4,2,0,2.586999471532181e-06
5807,43451,4,1,0,2.2890017135068774e-06
5808,54447,9,4,1,1.1281001206953079e-05
5809,61373,5,3,1,5.051002517575398e-06
5810,54456,5,4,1,5.983998562442139e-06
5811,54458,5,4,1,6.6879983933176845e-06
5812,68482,4,3,0,3.1840027077123523e-06
5813,36668,4,2,0,2.8550020942930132e-06
5814,70848,5,4,2,9.744002454681322e-06
5815,10979,7,3,0,6.923000910319388e-06
5816,83140,4,4,1,5.806999979540706e-06
5817,59231,4,3,0,2.905999281210825e-06
5818,33992,4,4,2,1.0858999303309247e-05
5819,70877,6,4,2,1.1379001080058515e-05
5820,87276,8,4,1,6.051002856111154e-06
5821,77856,5,3,1,6.091002433095127e-06
5822,87289,5,4,2,8.566999895265326e-06
5823,70910,5,4,2,1.3289001799421385e-05
5824,1293,11,4,1,1.1292999261058867e-05
5825,75027,4,4,1,5.4869997256901115e-06
5826,17689,4,4,2,9.715000487631187e-06
5827,38175,4,4,2,1.1105999874416739e-05
5828,79146,4,4,2,9.854000381892547e-06
5829,30749,4,3,1,4.399000317789614e-06
5830,70956,4,4,1,5.653000698657706e-06
5831,3754,4,3,0,3.0560004233848304e-06
5832,69145,8,3,0,8.405000698985532e-06
5833,35767,12,3,2,8.695002179592848e-06
5834,21805,5,4,1,8.715996955288574e-06
5835,30004,5,4,2,1.0364998161094263e-05
5836,70967,4,4,2,1.0587002179818228e-05
5837,34105,4,4,1,5.8589976106304675e-06
5838,34107,4,4,1,5.875997885596007e-06
5839,75067,5,4,1,6.2159997469279915e-06
5840,42304,5,4,2,1.1454998457338661e-05
5841,75077,4,4,2,1.0014002327807248e-05
5842,30029,4,4,2,1.0863001079997048e-05
5843,73414,9,3,1,1.03069978649728e-05
5844,21837,4,4,1,5.354999302653596e-06
5845,76449,4,3,0,2.8199974622111768e-06
5846,83781,6,3,0,6.321999535430223e-06
5847,34932,6,3,1,8.341998182004318e-06
5848,30038,4,4,1,5.791000148747116e-06
5849,83289,9,4,2,1.2153999705333263e-05
5850,50525,6,4,1,7.534999895142391e-06
5851,67800,4,3,0,2.91700052912347e-06
5852,43408,6,2,0,3.745000867638737e-06
5853,21679,6,3,1,5.751000571763143e-06
5854,58735,4,4,2,1.0275998647557572e-05
5855,59795,7,3,0,6.6780012275557965e-06
5856,48260,7,3,1,6.949001544853672e-06
5857,71028,4,4,2,7.998001819942147e-06
5858,5494,4,4,2,1.1686999641824514e-05
5859,75127,4,4,1,5.788999260403216e-06
5860,63368,4,3,0,2.9430011636577547e-06
5861,83327,8,4,1,3.604499943321571e-05
5862,71061,6,3,2,1.0474999726284295e-05
5863,50564,4,4,1,7.541999366367236e-06
5864,71044,12,4,0,1.017199974739924e-05
5865,59687,5,3,1,9.196002793032676e-06
5866,56418,4,3,2,5.00100213685073e-06
5867,50861,11,3,2,7.870999979786575e-06
5868,83344,4,4,2,9.283001418225467e-06
5869,17809,4,4,1,6.729998858645558e-06
5870,66963,5,4,2,1.1135001841466874e-05
5871,58772,4,4,1,6.4399973780382425e-06
5872,83354,4,4,1,6.9070010795257986e-06
5873,46495,4,4,1,5.04699710290879e-06
5874,64539,5,3,0,3.496999852359295e-06
5875,17833,6,4,0,8.98699727258645e-06
5876,69163,5,3,1,7.639999239472672e-06
5877,9645,5,4,1,1.21000011858996e-05
5878,83391,4,4,1,6.116999429650605e-06
5879,67010,5,4,1,8.078997780103236e-06
5880,31940,8,3,0,8.646999049233273e-06
5881,71121,4,4,1,5.313999281497672e-06
5882,71122,4,4,1,5.624002369586378e-06
5883,42449,8,4,1,7.834998541511595e-06
5884,81760,7,3,2,1.0578001820249483e-05
5885,59470,4,3,2,4.917001206194982e-06
5886,51580,13,3,0,8.534003427485004e-06
5887,21972,4,4,2,1.1109998013125733e-05
5888,38362,5,4,3,8.136001270031556e-06
5889,40636,8,3,1,9.341998520540074e-06
5890,71136,4,4,1,5.232999683357775e-06
5891,71141,4,4,1,5.9109988796990365e-06
5892,45665,5,3,0,3.6000019463244826e-06
5893,80636,6,3,0,4.014000296592712e-06
5894,34280,5,4,1,1.2975000572623685e-05
5895,22011,4,4,1,6.338999810395762e-06
5896,27448,5,3,0,3.6429992178454995e-06
5897,46590,4,4,2,1.1572999937925488e-05
5898,17919,4,4,1,6.536000000778586e-06
5899,34312,9,4,2,1.3109001884004101e-05
5900,1549,4,4,2,8.025002898648381e-06
5901,46606,9,4,1,1.556499773869291e-05
5902,26131,4,4,1,5.731999408453703e-06
5903,26142,7,4,1,9.111001418204978e-06
5904,63012,4,4,1,5.161000444786623e-06
5905,1580,4,4,1,5.941299968981184e-05
5906,67118,5,4,2,1.2977001460967585e-05
5907,1586,5,4,2,1.020800118567422e-05
5908,30280,4,4,1,6.800000846851617e-06
5909,13900,4,4,2,8.048999006859958e-06
5910,38477,4,4,2,1.2190001143608242e-05
5911,30284,6,4,1,9.052000677911565e-06
5912,50768,4,4,1,5.789999704575166e-06
5913,68759,4,3,0,2.974000381072983e-06
5914,68140,4,2,0,2.829998265951872e-06
5915,46682,7,4,1,1.4489000022877008e-05
5916,83554,4,4,1,6.518999725813046e-06
5917,42602,4,4,1,6.004000169923529e-06
5918,46710,4,4,2,1.0697000107029453e-05
5919,46712,4,4,1,6.443999154726043e-06
5920,1660,4,4,1,5.6569988373667e-06
5921,88085,4,3,0,3.0369992600753903e-06
5922,63649,4,2,0,2.9699986043851823e-06
5923,83013,7,3,1,7.511000148952007e-06
5924,38525,4,4,1,5.056001100456342e-06
5925,63100,4,4,1,5.690002581104636e-06
5926,43230,4,3,0,2.910997864091769e-06
5927,76708,6,3,1,6.759997631888837e-06
5928,58073,6,2,0,6.038000719854608e-06
5929,53359,6,1,0,2.9189977794885635e-06
5930,26236,8,4,2,7.826001819921657e-06
5931,59012,4,4,2,9.87599923973903e-06
5932,67215,6,4,1,7.005997758824378e-06
5933,34456,4,4,3,9.070001397049055e-06
5934,5786,9,4,1,1.6235000657616183e-05
5935,79519,4,4,1,5.828998837387189e-06
5936,85275,5,3,0,3.8239995774347335e-06
5937,52110,4,2,0,2.6400011847727e-06
5938,59946,6,3,1,8.793998858891428e-06
5939,1696,5,4,1,9.555998985888436e-06
5940,26294,6,4,3,1.2479998986236751e-05
5941,48969,4,3,2,7.770999218337238e-06
5942,14011,4,4,1,7.461996574420482e-06
5943,87742,4,4,1,6.047001079423353e-06
5944,87747,5,4,2,9.14699921850115e-06
5945,9955,5,4,2,1.103699833038263e-05
5946,46822,4,4,1,5.9689991758205e-06
5947,79601,5,4,1,1.0960000508930534e-05
5948,72687,6,3,0,3.869001375278458e-06
5949,33072,6,3,1,6.322999979602173e-06
5950,42746,6,4,1,7.280999852810055e-06
5951,38655,4,4,2,1.0422001651022583e-05
5952,79615,8,4,3,1.058299676515162e-05
5953,71426,5,4,2,1.0984000255120918e-05
5954,14083,5,4,2,3.895200279657729e-05
5955,79625,4,4,1,7.948001439217478e-06
5956,23583,4,3,0,3.4479999158065766e-06
5957,75532,6,4,2,1.6879999748198316e-05
5958,22286,9,4,2,1.2169999536126852e-05
5959,18191,4,4,1,5.802001396659762e-06
5960,30483,6,4,2,1.0944000678136945e-05
5961,18206,5,4,1,1.1888001608895138e-05
5962,18210,5,4,1,1.1882999388035387e-05
5963,31788,5,3,0,3.135999577352777e-06
5964,30513,4,4,3,9.437000699108467e-06
5965,71477,4,4,1,6.181999196996912e-06
5966,73111,4,3,0,3.078999725403264e-06
5967,79672,5,4,1,6.655998731730506e-06
5968,77092,5,3,0,3.5189987102057785e-06
5969,53132,7,3,0,6.608999683521688e-06
5970,2219,11,2,1,6.279999070102349e-06
5971,26432,4,4,1,6.045000191079453e-06
5972,26440,6,4,1,1.3646000297740102e-05
5973,18256,4,4,2,1.1042000551242381e-05
5974,79704,4,4,1,5.8349978644400835e-06
5975,18270,4,4,3,8.43499947222881e-06
5976,27965,4,3,1,7.225000445032492e-06
5977,42854,4,4,1,6.312999175861478e-06
5978,80766,4,3,0,2.902001142501831e-06
5979,42855,4,4,1,5.893001798540354e-06
5980,42860,4,4,2,7.890997949289158e-06
5981,18297,6,4,1,7.055001333355904e-06
5982,18302,6,3,0,3.5179982660338283e-06
5983,38780,5,4,2,8.189999789465219e-06
5984,79826,5,3,1,6.275000487221405e-06
5985,22401,4,4,1,5.55600126972422e-06
5986,3535,4,3,0,2.987999323522672e-06
5987,26504,5,4,1,6.595000741071999e-06
5988,34704,4,4,2,1.0313000530004501e-05
5989,30609,5,4,2,1.2088999937986955e-05
5990,87955,8,4,1,1.1869000445585698e-05
5991,63389,4,4,2,9.501000022282824e-06
5992,75680,5,4,2,1.2684002285823226e-05
5993,51109,4,4,2,1.0231000487692654e-05
5994,59315,4,4,1,5.740999768022448e-06
5995,30648,6,4,1,6.890000804560259e-06
5996,55229,6,4,1,1.249599881703034e-05
5997,30654,4,4,1,5.055000656284392e-06
5998,87999,7,4,1,1.1550000635907054e-05
5999,80323,6,3,0,7.034999725874513e-06
6000,53266,6,3,2,7.294001989066601e-06
6001,1990,5,4,2,1.2396998499752954e-05
6002,73176,6,3,1,6.066999048925936e-06
6003,6092,4,4,1,5.961999704595655e-06
6004,59347,5,4,2,1.1112999345641583e-05
6005,73405,5,3,1,5.800000508315861e-06
6006,47061,4,4,2,1.081300069927238e-05
6007,67545,6,4,2,1.107600110117346e-05
6008,42972,4,4,1,5.779998900834471e-06
6009,47072,6,4,2,1.089399665943347e-05
6010,42978,4,4,2,1.1279000318609178e-05
6011,14325,4,4,1,5.719997716369107e-06
6012,31286,4,3,0,2.783002855721861e-06
6013,63485,7,4,1,7.619997631991282e-06
6014,3799,7,3,0,4.114001058042049e-06
6015,3628,7,3,1,6.337002560030669e-06
6016,14337,6,4,1,1.10910004877951e-05
6017,79874,4,4,2,8.087001333478838e-06
6018,71688,4,4,2,1.0913001460721716e-05
6019,38935,4,4,2,7.886999810580164e-06
6020,47128,4,4,2,8.586001058574766e-06
6021,79898,4,4,1,6.317000952549279e-06
6022,38942,5,4,1,1.1833999451482669e-05
6023,71712,5,4,3,9.782001143321395e-06
6024,14371,4,4,1,6.004000169923529e-06
6025,23514,4,3,0,3.0750015866942704e-06
6026,76392,4,2,0,2.7839996619150043e-06
6027,84005,4,4,1,6.257003406062722e-06
6028,79912,4,4,1,6.505000783363357e-06
6029,2089,4,4,1,6.075999408494681e-06
6030,71731,4,4,1,6.2830004026182e-06
6031,81264,4,3,0,3.1849995139054954e-06
6032,10336,4,2,0,3.006000042660162e-06
6033,84279,5,2,1,4.80900052934885e-06
6034,18483,6,4,1,1.0507003025850281e-05
6035,6195,5,4,1,6.409998604794964e-06
6036,34872,5,4,2,9.7760021162685e-06
6037,88134,4,4,2,9.666000551078469e-06
6038,75847,5,4,1,1.2950997188454494e-05
6039,30803,4,4,1,5.791000148747116e-06
6040,22626,4,4,1,5.355999746825546e-06
6041,71793,6,4,2,9.611998393666e-06
6042,68204,4,3,1,5.064001015853137e-06
6043,36894,5,3,2,6.595000741071999e-06
6044,55436,8,4,1,8.614999387646094e-06
6045,47254,5,4,2,1.2522999895736575e-05
6046,18595,4,4,1,5.784000677522272e-06
6047,14736,4,3,0,2.8700014809146523e-06
6048,63653,4,4,1,5.24200004292652e-06
6049,63660,4,4,1,6.038000719854608e-06
6050,55482,9,4,2,1.2514003174146637e-05
6051,2256,4,4,1,6.180998752824962e-06
6052,22746,4,4,1,5.392997991293669e-06
6053,80097,4,4,4,2.981699799420312e-05
6054,63715,4,4,2,1.3421999028651044e-05
6055,39140,4,4,1,6.693000614177436e-06
6056,22755,4,4,2,1.1236999853281304e-05
6057,59628,4,4,2,1.6087000403786078e-05
6058,10482,7,4,1,1.3454999134410173e-05
6059,55543,7,4,2,1.1521999113028869e-05
6060,35065,4,4,1,6.2300023273564875e-06
6061,35066,4,4,1,6.87500141793862e-06
6062,84226,4,4,1,5.570000212173909e-06
6063,43265,7,4,1,1.25680016935803e-05
6064,14596,4,4,1,6.594997103093192e-06
6065,26885,4,4,2,1.0214000212727115e-05
6066,2315,6,4,2,1.2484997569117695e-05
6067,51472,4,4,2,1.1788000847445801e-05
6068,10517,4,4,1,1.1449999874457717e-05
6069,51478,4,4,1,6.3349980337079614e-06
6070,71962,4,4,1,5.390000296756625e-06
6071,16040,4,3,0,2.968998160213232e-06
6072,10711,4,2,0,2.6749985408969223e-06
6073,26916,4,4,2,1.1598000128287822e-05
6074,51503,8,4,1,8.879000233719125e-06
6075,2814,4,3,0,2.873002813430503e-06
6076,15875,6,2,0,3.378001565579325e-06
6077,43313,6,4,1,1.383400012855418e-05
6078,22834,5,4,1,7.745999027974904e-06
6079,80195,4,4,1,5.421999958343804e-06
6080,67913,4,4,1,5.24200004292652e-06
6081,67917,5,4,2,1.0186002327827737e-05
6082,35150,5,4,2,1.137200160883367e-05
6083,6477,12,4,1,1.0018997272709385e-05
6084,18771,5,4,1,1.0547999409027398e-05
6085,14675,6,4,1,1.2983997294213623e-05
6086,14677,4,4,2,9.941999451257288e-06
6087,84938,6,3,0,6.080997991375625e-06
6088,11705,5,2,1,4.397999873617664e-06
6089,35162,4,4,1,6.088001100579277e-06
6090,2404,5,4,1,9.436000254936516e-06
6091,43377,7,4,2,1.1932999768760055e-05
6092,31094,4,4,1,5.918998795095831e-06
6093,2960,4,3,0,3.017001290572807e-06
6094,10629,4,4,2,9.45899955695495e-06
6095,67978,6,4,1,7.238999387482181e-06
6096,3971,4,3,3,5.22099799127318e-06
6097,46119,5,3,0,4.186997102806345e-06
6098,80267,5,4,2,1.0825999197550118e-05
6099,80859,4,3,0,2.87799775833264e-06
6100,63447,5,3,1,8.060000254772604e-06
6101,84364,6,4,1,8.099999831756577e-06
6102,14739,4,4,2,1.0056999599328265e-05
6103,22934,4,4,1,6.6490028984844685e-06
6104,81895,4,3,0,2.8079994081053883e-06
6105,14746,4,4,1,6.037000275682658e-06
6106,72901,4,3,0,2.8569993446581066e-06
6107,80286,4,4,2,9.990999387810007e-06
6108,35232,4,4,3,6.931997631909326e-06
6109,22957,4,4,2,5.6490000133635476e-05
6110,84406,5,4,1,8.189999789465219e-06
6111,72139,5,4,1,7.539001671830192e-06
6112,27096,4,4,1,5.7249999372288585e-06
6113,63959,7,4,0,7.094000466167927e-06
6114,68058,6,4,1,6.712001777486876e-06
6115,2533,4,4,3,7.083999662427232e-06
6116,55784,8,4,1,8.90500086825341e-06
6117,14826,4,4,1,5.179001163924113e-06
6118,23021,5,4,2,9.78800017037429e-06
6119,74913,6,3,0,6.180998752824962e-06
6120,29398,6,3,0,5.996000254526734e-06
6121,18931,5,4,2,1.0868003300856799e-05
6122,27127,7,4,1,1.0805997590068728e-05
6123,39422,4,4,2,1.1218002327950671e-05
6124,31237,4,4,1,5.808000423712656e-06
6125,64011,7,4,1,1.0978001228068024e-05
6126,48636,6,3,1,8.450002496829256e-06
6127,88593,4,4,1,5.703001079382375e-06
6128,68125,5,4,2,9.309998858952895e-06
6129,68128,4,4,1,6.1060018197167665e-06
6130,55841,4,4,2,9.798000974114984e-06
6131,18977,4,4,1,6.522001058328897e-06
6132,18980,4,4,1,7.718997949268669e-06
6133,40018,4,3,0,3.224999090889469e-06
6134,14887,7,4,2,1.454499943065457e-05
6135,52702,6,3,0,4.030000127386302e-06
6136,47898,12,2,1,6.85600025462918e-06
6137,30714,10,2,1,6.857997504994273e-06
6138,39471,5,4,1,7.180999091360718e-06
6139,64054,4,4,1,6.046997441444546e-06
6140,35839,5,3,0,3.8950020098127425e-06
6141,59961,4,4,1,5.843998224008828e-06
6142,59965,6,4,2,1.1194002581760287e-05
6143,23109,4,4,3,9.809999028220773e-06
6144,31302,4,4,1,5.571000656345859e-06
6145,31315,4,4,2,4.142800025874749e-05
6146,55896,5,4,2,8.440001693088561e-06
6147,72286,4,4,2,1.1191001249244437e-05
6148,39952,11,3,1,8.386003173654899e-06
6149,31326,4,4,1,6.187998224049807e-06
6150,14944,4,4,1,5.704998329747468e-06
6151,76384,5,4,1,7.523998647229746e-06
6152,88676,4,4,1,6.097001460148022e-06
6153,68202,4,4,2,1.1539999832166359e-05
6154,7661,4,3,0,2.89799936581403e-06
6155,2670,4,4,1,6.234000466065481e-06
6156,68211,6,4,1,6.533002306241542e-06
6157,81802,4,3,0,2.9540024115704e-06
6158,49076,4,2,0,2.6760026230476797e-06
6159,44434,4,1,0,2.388002030784264e-06
6160,60020,4,4,1,5.513000360224396e-06
6161,2678,4,4,1,5.875001079402864e-06
6162,10879,5,4,2,8.973998774308711e-06
6163,60036,4,4,1,6.186997779877856e-06
6164,47754,4,4,2,1.265399987460114e-05
6165,51853,5,4,1,9.605999366613105e-06
6166,80527,4,4,1,6.113001290941611e-06
6167,35498,6,4,2,1.3331999070942402e-05
6168,88771,5,4,2,9.627998224459589e-06
6169,2769,6,4,2,1.2387001333991066e-05
6170,35538,8,4,2,1.3030999980401248e-05
6171,72407,4,4,3,7.511000148952007e-06
6172,77817,7,3,1,9.51300171436742e-06
6173,87077,11,3,1,1.0264997399644926e-05
6174,19159,5,4,1,7.142996764741838e-06
6175,2782,5,4,1,9.190000128000975e-06
6176,2786,6,4,1,7.74000000092201e-06
6177,48571,8,3,1,8.765997336013243e-06
6178,76519,7,4,0,8.781000360613689e-06
6179,23273,4,4,2,1.1467000149423257e-05
6180,2799,4,4,1,6.624999514315277e-06
6181,2800,4,4,1,5.8129990065936e-06
6182,64983,4,3,0,3.1759991543367505e-06
6183,42974,7,3,0,6.6969987528864294e-06
6184,6899,5,4,1,6.1639984778594226e-06
6185,44688,4,3,0,2.9139991966076195e-06
6186,32753,7,2,0,3.94200105802156e-06
6187,79631,6,2,1,5.4490010370500386e-06
6188,65470,6,1,0,2.8140020731370896e-06
6189,68772,10,2,1,6.878999556647614e-06
6190,68340,4,4,1,5.697002052329481e-06
6191,68347,4,4,2,1.022500146063976e-05
6192,68350,4,4,1,5.7390025176573545e-06
6193,56072,5,4,2,9.49500099522993e-06
6194,80657,5,4,3,1.1889998859260231e-05
6195,19235,4,4,1,7.801001629559323e-06
6196,27437,5,4,2,8.578997949371114e-06
6197,47929,6,4,1,8.306000381708145e-06
6198,68420,4,4,3,8.873998012859374e-06
6199,68426,4,4,1,5.940000846749172e-06
6200,15427,4,3,0,2.763001248240471e-06
6201,1914,5,2,0,3.001998265972361e-06
6202,35673,12,4,1,1.6982001397991553e-05
6203,68441,10,4,2,7.553000614279881e-06
6204,15216,6,4,2,9.003000741358846e-06
6205,68466,5,4,1,6.8160006776452065e-06
6206,43903,4,4,1,5.827001587022096e-06
6207,72581,5,4,2,1.1424999684095383e-05
6208,84870,4,4,2,9.559000318404287e-06
6209,2949,5,4,1,7.218997780000791e-06
6210,48016,4,4,2,1.1475000064820051e-05
6211,52113,4,4,1,5.53800055058673e-06
6212,80794,10,4,2,1.1834999895654619e-05
6213,2973,5,4,1,9.032999514602125e-06
6214,52132,6,4,2,1.4203000318957493e-05
6215,56233,4,4,1,5.271002009976655e-06
6216,84906,9,4,1,1.574600173626095e-05
6217,60331,4,4,2,1.2055003026034683e-05
6218,60332,4,4,1,4.887999239144847e-06
6219,76728,4,4,2,8.224000339396298e-06
6220,39864,5,4,1,1.2227999832248315e-05
6221,19394,4,4,1,5.202000465942547e-06
6222,11206,4,4,1,5.717000021832064e-06
6223,35788,5,4,1,1.0836000001290813e-05
6224,68557,4,4,1,5.8129990065936e-06
6225,15318,4,4,1,5.6110002333298326e-06
6226,68567,10,4,1,1.2947002687724307e-05
6227,25929,6,3,0,6.166999810375273e-06
6228,31719,4,4,1,6.013000529492274e-06
6229,61366,4,3,0,2.8619979275390506e-06
6230,31721,4,4,1,5.778998456662521e-06
6231,52202,5,4,1,6.5300009737256914e-06
6232,7152,5,4,1,5.57300154468976e-06
6233,23542,4,4,1,6.068999937269837e-06
6234,39929,4,4,1,5.445002898341045e-06
6235,76813,4,4,1,5.422996764536947e-06
6236,52237,4,4,1,5.154997779754922e-06
6237,39955,4,4,1,5.65799928153865e-06
6238,7188,4,4,1,5.320998752722517e-06
6239,3095,13,4,1,1.4198001736076549e-05
6240,31773,4,4,1,6.426998879760504e-06
6241,64546,4,4,2,8.087998139671981e-06
6242,80941,4,4,1,6.026999471941963e-06
6243,89140,4,4,1,3.3382999390596524e-05
6244,61343,4,3,0,5.431000317912549e-06
6245,23605,5,4,2,1.3742999726673588e-05
6246,48184,4,4,1,6.455000402638689e-06
6247,31803,4,4,2,1.617499947315082e-05
6248,60478,6,4,2,1.2369997421046719e-05
6249,76866,4,4,1,6.196001777425408e-06
6250,31828,4,4,1,6.333000783342868e-06
6251,48213,4,4,1,5.481000698637217e-06
6252,28015,4,3,0,2.9760012694168836e-06
6253,622,7,3,0,7.63900243327953e-06
6254,58012,8,3,1,7.506998372264206e-06
6255,76886,4,4,3,9.765000868355855e-06
6256,15444,8,4,2,1.1808999261120334e-05
6257,27741,7,4,3,1.0862000635825098e-05
6258,64611,10,4,2,1.4254001143854111e-05
6259,76901,8,4,1,1.5182002243818715e-05
6260,56422,6,4,1,6.960999598959461e-06
6261,7914,4,3,0,2.944001607829705e-06
6262,48234,4,4,2,1.008500112220645e-05
6263,11377,7,4,1,7.146998541429639e-06
6264,60530,8,4,2,1.1456999345682561e-05
6265,60630,4,3,1,4.831003025174141e-06
6266,72836,4,4,1,5.395999323809519e-06
6267,23685,8,4,1,1.4768000255571678e-05
6268,21050,13,3,0,5.942998541286215e-06
6269,23689,4,4,2,1.180300023406744e-05
6270,76940,8,4,1,1.4293000276666135e-05
6271,40087,5,4,2,1.1478998203529045e-05
6272,3234,8,4,1,9.745999705046415e-06
6273,23726,5,4,2,1.0479001502972096e-05
6274,68785,4,4,1,6.0159982240293175e-06
6275,65062,6,3,0,3.7909994716756046e-06
6276,85198,4,4,1,5.674002750311047e-06
6277,60623,4,4,1,7.137998181860894e-06
6278,27865,4,4,2,1.164499917649664e-05
6279,60634,6,4,1,8.578001143177971e-06
6280,7398,7,4,3,1.0443000064697117e-05
6281,44267,4,4,1,5.2919967856723815e-06
6282,65459,4,3,0,2.929999027401209e-06
6283,69568,4,2,0,2.763001248240471e-06
6284,10659,8,2,1,4.302800152800046e-05
6285,32135,12,3,1,1.4573000953532755e-05
6286,7408,6,4,2,1.2159001926193014e-05
6287,9812,7,3,2,9.18500154512003e-06
6288,11517,4,4,1,6.973001291044056e-06
6289,36165,4,3,0,3.058998117921874e-06
6290,60670,4,4,1,5.627996870316565e-06
6291,85256,4,4,1,6.742000550730154e-06
6292,11530,4,4,1,5.149999196873978e-06
6293,85260,5,4,3,1.0457999451318756e-05
6294,64783,4,4,2,1.089999932446517e-05
6295,11535,4,4,1,6.459998985519633e-06
6296,11539,4,4,1,7.812999683665112e-06
6297,40212,4,4,2,8.358998456969857e-06
6298,32023,4,4,1,6.26700057182461e-06
6299,85272,6,4,1,7.175000064307824e-06
6300,32027,4,4,1,6.054997356841341e-06
6301,77093,4,4,1,5.093999789096415e-06
6302,7471,11,4,0,9.73799978964962e-06
6303,7472,4,4,1,5.687998054781929e-06
6304,15665,4,4,1,6.40500002191402e-06
6305,15669,6,4,1,6.8110020947642624e-06
6306,49123,4,3,0,2.726003003772348e-06
6307,64830,4,4,1,5.966998287476599e-06
6308,32070,4,4,1,5.5439995776396245e-06
6309,52560,6,4,0,6.889000360388309e-06
6310,77144,4,4,1,5.9679987316485494e-06
6311,48480,4,4,1,5.907997547183186e-06
6312,8017,5,3,0,3.94100061384961e-06
6313,56675,5,4,1,5.640002200379968e-06
6314,68965,4,4,1,6.674999895039946e-06
6315,32323,4,3,0,2.9100010578986257e-06
6316,81257,9,4,2,1.298600182053633e-05
6317,11632,6,4,1,7.236001692945138e-06
6318,77176,5,4,2,1.0297997505404055e-05
6319,11650,7,4,2,9.858998964773491e-06
6320,77200,4,4,3,7.218000973807648e-06
6321,32144,4,4,3,7.390000973828137e-06
6322,32148,4,4,2,8.824998076306656e-06
6323,73110,4,4,1,7.03400291968137e-06
6324,7577,4,4,1,7.493999873986468e-06
6325,73116,6,4,2,8.537001122022048e-06
6326,77213,4,4,2,9.693998435977846e-06
6327,19871,4,4,2,1.0812000255100429e-05
6328,19876,7,4,2,1.1129999620607123e-05
6329,19884,5,4,1,1.2150001566624269e-05
6330,77229,7,4,2,9.536001016385853e-06
6331,64967,6,4,2,1.3038999895798042e-05
6332,44487,8,4,0,8.41599830891937e-06
6333,35836,8,3,0,8.59099964145571e-06
6334,56779,7,4,2,1.8148999515688047e-05
6335,69069,4,4,1,7.602000550832599e-06
6336,32222,4,4,1,1.0972999007208273e-05
6337,36322,4,4,2,1.0543000826146454e-05
6338,24043,4,4,1,6.809998012613505e-06
6339,40622,4,3,0,3.007997293025255e-06
6340,24048,5,4,2,1.0891002602875233e-05
6341,28145,4,4,2,9.831001079874113e-06
6342,81682,4,3,1,5.373996827984229e-06
6343,24052,4,4,1,6.189999112393707e-06
6344,28150,4,4,1,5.737998435506597e-06
6345,81400,5,4,1,6.055000994820148e-06
6346,85967,4,3,0,2.821998350555077e-06
6347,73268,8,3,0,4.7199973778333515e-06
6348,1459,9,2,0,4.4430016714613885e-06
6349,14618,7,2,1,6.1449973145499825e-06
6350,21596,8,2,1,6.08899790677242e-06
6351,69114,9,4,1,1.385300129186362e-05
6352,40444,5,4,2,1.1427000572439283e-05
6353,32253,7,4,2,9.816001693252474e-06
6354,52743,4,4,2,1.022600190481171e-05
6355,52750,4,4,1,5.451001925393939e-06
6356,65041,5,4,1,8.441002137260512e-06
6357,60948,6,4,2,1.3367000065045431e-05
6358,36382,5,4,2,1.2157997844042256e-05
6359,69154,4,4,1,6.4399973780382425e-06
6360,24102,4,4,2,9.483002941124141e-06
6361,81447,4,4,1,6.285998097155243e-06
6362,73257,4,4,2,1.091800004360266e-05
6363,20028,4,4,3,7.693000952713192e-06
6364,24127,5,4,2,1.049899947247468e-05
6365,15936,4,4,2,7.696999091422185e-06
6366,36417,4,4,1,5.714999133488163e-06
6367,77384,10,4,1,9.380000847158954e-06
6368,48717,4,4,1,6.009999196976423e-06
6369,40526,7,4,1,7.97999746282585e-06
6370,7778,4,4,1,5.6919998314697295e-06
6371,7782,5,4,2,1.3323999155545607e-05
6372,52845,4,4,1,6.033998943166807e-06
6373,48761,4,4,1,5.3250005294103175e-06
6374,28286,10,4,1,1.0405998182250187e-05
6375,16006,6,4,2,1.206299930345267e-05
6376,56970,4,4,1,5.646998033626005e-06
6377,65168,5,4,2,1.2870998034486547e-05
6378,52890,4,4,1,5.899000825593248e-06
6379,77467,4,4,1,6.6259999584872276e-06
6380,77474,8,4,1,1.1603999155340716e-05
6381,40618,5,4,3,8.240000170189887e-06
6382,20138,5,4,2,8.956998499343172e-06
6383,32430,5,4,1,8.138002158375457e-06
6384,61123,4,4,2,1.048400008585304e-05
6385,16068,11,4,2,1.6060999769251794e-05
6386,73411,6,4,2,9.985997166950256e-06
6387,3794,4,4,2,1.3563996617449448e-05
6388,65257,4,4,2,9.953997505363077e-06
6389,44782,4,4,1,6.28600173513405e-06
6390,57079,4,4,2,1.0333002137485892e-05
6391,61179,4,4,1,5.9869998949579895e-06
6392,57087,11,4,1,1.076300031854771e-05
6393,77570,5,4,1,8.188999345293269e-06
6394,81894,5,3,1,7.672999345231801e-06
6395,61192,4,4,3,7.537997589679435e-06
6396,85770,8,4,2,9.506999049335718e-06
6397,16143,8,4,2,1.1013999028364196e-05
6398,44816,4,4,2,7.814000127837062e-06
6399,16146,5,4,1,6.483998731710017e-06
6400,81695,4,4,2,1.1833999451482669e-05
6401,57120,4,4,1,6.8070003180764616e-06
6402,32547,4,4,2,9.07800131244585e-06
6403,36649,4,4,1,5.98900078330189e-06
6404,77618,6,4,1,7.383998308796436e-06
6405,77639,5,3,0,3.5949997254647315e-06
6406,66514,8,3,0,8.491999324178323e-06
6407,7989,6,4,1,6.586000381503254e-06
6408,7991,5,4,1,6.704998668283224e-06
6409,16188,4,4,1,6.83799953549169e-06
6410,48957,4,4,2,7.937996997497976e-06
6411,77642,4,4,2,1.093600076274015e-05
6412,53070,4,4,2,9.215000318363309e-06
6413,8014,10,4,1,1.0022002243204042e-05
6414,40785,4,4,2,9.91300112218596e-06
6415,69465,5,4,1,1.1797001207014546e-05
6416,53082,6,4,2,9.920997399603948e-06
6417,55343,6,3,1,8.343999070348218e-06
6418,3934,4,4,2,9.782001143321395e-06
6419,3943,5,4,1,1.341600000159815e-05
6420,61295,5,4,1,8.907998562790453e-06
6421,69496,4,4,1,5.194000550545752e-06
6422,13202,5,3,0,3.3130017982330173e-06
6423,18764,7,3,0,3.807399843935855e-05
6424,41941,7,3,1,1.2268003047211096e-05
6425,52322,8,3,1,8.999999408842996e-06
6426,69503,5,4,2,1.3736000255448744e-05
6427,28545,4,4,1,6.328999006655067e-06
6428,69509,4,4,3,7.831000402802601e-06
6429,57223,5,4,2,9.804000001167879e-06
6430,40840,4,4,2,1.2322001566644758e-05
6431,12166,5,4,1,6.841000868007541e-06
6432,57228,5,4,2,9.60000033956021e-06
6433,53137,5,4,2,1.076099943020381e-05
6434,20374,14,4,4,1.6489997506141663e-05
6435,49053,9,4,1,1.2268999853404239e-05
6436,24479,6,4,1,7.306000043172389e-06
6437,61352,4,4,1,5.39699976798147e-06
6438,61386,4,4,1,6.479000148829073e-06
6439,20432,5,4,2,1.0689000191632658e-05
6440,20434,4,4,2,1.1609001376200467e-05
6441,16341,4,4,2,8.065002475632355e-06
6442,77785,4,4,2,8.12199868960306e-06
6443,65504,5,4,1,6.85600025462918e-06
6444,49120,11,4,1,9.61700061452575e-06
6445,79268,8,3,0,4.976001946488395e-06
6446,81890,4,4,2,8.303002687171102e-06
6447,24551,4,4,1,6.420003046514466e-06
6448,53224,4,4,1,5.954996595392004e-06
6449,45033,7,4,1,1.2938002328155562e-05
6450,45038,6,4,2,1.3154000043869019e-05
6451,16383,4,4,2,8.211998647311702e-06
6452,24633,6,4,1,6.594000296900049e-06
6453,14542,5,3,0,3.350996848894283e-06
6454,82445,6,2,0,3.4629993024282157e-06
6455,7977,8,3,0,7.693997758906335e-06
6456,8276,7,4,1,1.0055999155156314e-05
6457,45187,6,4,2,9.258001227863133e-06
6458,139,6,4,1,1.2419997801771387e-05
6459,69800,8,4,0,8.656003046780825e-06
6460,86219,6,4,2,9.894996765069664e-06
6461,32976,5,4,2,9.575000149197876e-06
6462,8450,5,4,1,6.556001608259976e-06
6463,9696,7,3,0,3.997000021627173e-06
6464,69908,6,4,1,8.420000085607171e-06
6465,363,6,4,2,1.006499951472506e-05
6466,61803,5,4,1,5.601999873761088e-06
6467,33134,8,4,1,1.1823998647741973e-05
6468,53641,7,4,1,7.003000064287335e-06
6469,12690,5,4,1,6.600999768124893e-06
6470,78257,9,4,2,1.1152998922625557e-05
6471,25030,8,4,1,1.0284999007126316e-05
6472,12778,7,4,0,8.164999599102885e-06
6473,70126,6,4,0,7.4880008469335735e-06
6474,45559,8,4,1,9.63300044531934e-06
6475,49656,6,4,0,1.152800177806057e-05
6476,16914,5,4,2,9.841998689807951e-06
6477,82460,10,4,0,1.1168001947226003e-05
6478,74291,5,4,1,1.1436000932008028e-05
6479,78418,6,4,1,7.68599784350954e-06
6480,45654,7,4,1,7.298000127775595e-06
6481,25187,7,4,2,8.687999070389196e-06
6482,57980,5,4,1,1.1475000064820051e-05
6483,4752,7,4,1,1.4590001228498295e-05
6484,49853,7,4,1,1.310600055148825e-05
6485,78550,6,4,3,9.219998901244253e-06
6486,735,5,4,2,5.131001671543345e-06
6487,33548,5,4,1,7.224000000860542e-06
6488,33561,6,4,0,9.370000043418258e-06
6489,74550,5,4,1,9.170998964691535e-06
6490,86889,8,4,1,1.2440999853424728e-05
6491,66426,8,4,1,7.598002412123606e-06
6492,5004,5,4,1,1.2340002285782248e-05
6493,33718,6,4,1,1.0817999282153323e-05
6494,21510,5,4,2,1.154500205302611e-05
6495,66573,11,4,2,1.1166997865075245e-05
6496,62493,5,4,1,7.5120005931239575e-06
6497,33834,8,4,2,9.841001883614808e-06
6498,58428,10,4,2,8.343002264155075e-06
6499,1098,8,4,1,8.14200029708445e-06
6500,78947,11,4,1,1.4138000551611185e-05
6501,17508,9,4,2,1.131499811890535e-05
6502,1142,7,4,1,1.0177998774452135e-05
6503,62642,6,4,1,6.3870029407553375e-06
6504,50355,10,4,1,1.5387002349598333e-05
6505,87229,11,4,1,1.8957998690893874e-05
6506,13587,8,4,1,9.112998668570071e-06
6507,83302,8,3,1,7.212998752947897e-06
6508,66849,9,4,2,1.0120002116309479e-05
6509,75063,7,4,1,9.332001354778185e-06
6510,5484,9,4,1,1.1825999536085874e-05
6511,43247,8,3,0,4.05899845645763e-06
6512,83315,5,4,1,5.881000106455758e-06
6513,46459,6,4,2,1.1304997315164655e-05
6514,75136,6,4,1,1.0887997632380575e-05
6515,42372,5,4,3,1.036700268741697e-05
6516,79270,5,4,1,7.412996637867764e-06
6517,9658,7,4,1,1.0499003110453486e-05
6518,79300,6,4,1,8.143000741256401e-06
6519,71120,9,4,1,1.2682001397479326e-05
6520,34267,6,4,1,1.2000000424450263e-05
6521,58865,7,4,2,1.1529999028425664e-05
6522,26103,5,4,1,8.487000741297379e-06
6523,54779,6,4,2,1.0312000085832551e-05
6524,67111,10,4,1,1.3083001249469817e-05
6525,83496,6,4,0,8.290000550914556e-06
6526,1578,8,4,2,9.742998372530565e-06
6527,79440,7,4,0,1.208300091093406e-05
6528,43327,6,3,0,6.214002496562898e-06
6529,56226,7,2,0,3.6240016925148666e-06
6530,54202,7,3,2,7.213999197119847e-06
6531,71269,7,4,0,9.171999408863485e-06
6532,79467,11,4,3,1.1789001291617751e-05
6533,79526,6,4,1,9.246999979950488e-06
6534,22187,7,4,1,9.172999853035435e-06
6535,46887,6,4,2,9.035000402946025e-06
6536,46894,6,4,0,8.820999937597662e-06
6537,79685,9,4,1,1.2404998415149748e-05
6538,52670,5,3,1,6.409998604794964e-06
6539,10091,8,4,1,7.353002729360014e-06
6540,87927,9,4,2,1.3961001968709752e-05
6541,83835,8,4,0,1.0259998816763982e-05
6542,30626,13,4,2,1.3410000974545255e-05
6543,47039,5,4,1,6.2590006564278156e-06
6544,63440,5,4,1,1.2232001608936116e-05
6545,38903,6,4,0,1.119399894378148e-05
6546,6156,8,4,0,8.077000529738143e-06
6547,6185,6,4,1,8.042999979807064e-06
6548,55376,5,4,1,9.583000064594671e-06
6549,10369,6,4,1,9.531999239698052e-06
6550,63644,6,4,1,1.109000004362315e-05
6551,18654,9,4,1,1.1281001206953079e-05
6552,63771,5,4,2,9.785999282030389e-06
6553,10567,9,4,0,9.04400076251477e-06
6554,22874,9,4,1,8.790000720182434e-06
6555,27026,5,4,1,7.079001079546288e-06
6556,35217,6,4,0,7.294001989066601e-06
6557,43454,6,3,0,6.596001185243949e-06
6558,80301,7,4,1,8.854000043356791e-06
6559,27144,7,4,0,9.667000995250419e-06
6560,27179,13,4,1,1.0664000001270324e-05
6561,14921,6,4,2,7.326998456846923e-06
6562,23210,5,4,1,7.493999873986468e-06
6563,47808,8,4,0,8.721999620320275e-06
6564,47838,8,4,1,8.108003385132179e-06
6565,19254,10,4,1,1.1218999134143814e-05
6566,68411,10,4,1,8.569000783609226e-06
6567,72562,5,4,1,9.405001037521288e-06
6568,72667,5,4,2,7.3260016506537795e-06
6569,23585,8,4,0,8.041999535635114e-06
6570,27749,7,4,1,1.1397998605389148e-05
6571,72819,6,4,1,1.0570001904852688e-05
6572,7357,5,4,1,6.492999091278762e-06
6573,60678,8,4,2,1.038100162986666e-05
6574,40208,5,4,1,5.483998393174261e-06
6575,44305,9,4,1,7.2069997258950025e-06
6576,23883,5,4,2,8.835999324219301e-06
6577,73056,5,4,1,6.556001608259976e-06
6578,32407,7,4,2,1.2245000107213855e-05
6579,40651,5,4,2,1.2107000657124445e-05
6580,61137,6,4,1,7.596998329972848e-06
6581,28449,8,4,1,1.3164000847609714e-05
6582,32592,7,4,1,8.642000466352329e-06
6583,49138,8,4,1,1.1850999726448208e-05
6584,37004,5,4,1,7.698999979766086e-06
6585,28892,8,4,2,3.9933001971803606e-05
6586,49415,14,4,1,1.9120001525152475e-05
6587,28940,7,4,1,1.4496999938273802e-05
6588,20909,13,4,0,1.1332002031849697e-05
6589,4605,8,4,3,1.0304000170435756e-05
6590,58025,8,4,1,1.2919001164846122e-05
6591,45944,7,4,2,1.0240997653454542e-05
6592,29581,6,4,0,8.87100031832233e-06
6593,46020,7,4,2,1.1147996701765805e-05
6594,29735,7,4,0,7.498998456867412e-06
6595,46197,9,4,2,1.298400093219243e-05
6596,1151,6,4,1,1.0394000128144398e-05
6597,22019,9,4,1,1.0217001545242965e-05
6598,26249,7,4,1,7.65099684940651e-06
6599,40079,10,3,0,4.9199989007320255e-06
6600,5535,5,3,1,8.302999049192294e-06
6601,37393,11,3,1,8.506001904606819e-06
6602,34782,5,4,1,8.683000487508252e-06
6603,51341,10,4,1,1.4413999451790005e-05
6604,6626,9,4,1,1.093399987439625e-05
6605,68852,8,4,3,1.0406001820228994e-05
6606,52567,8,4,1,1.0110998118761927e-05
6607,28440,9,4,2,9.119001333601773e-06
6608,37064,9,4,1,1.1717998859239742e-05
6609,26846,9,4,2,1.2266002158867195e-05
6610,32388,7,4,1,1.04669998108875e-05
6611,50609,5,4,2,1.4691002434119582e-05
6612,14320,7,4,1,9.949999366654083e-06
6613,20484,11,5,0,1.192299896501936e-05
6614,57358,11,5,2,1.81359973794315e-05
6615,32794,10,5,1,1.5057001292007044e-05
6616,59538,7,4,3,1.0939998901449144e-05
6617,65242,13,4,1,4.892399738309905e-05
6618,26018,8,4,1,1.3016000593779609e-05
6619,3927,6,4,2,1.0728002962423488e-05
6620,27,9,5,2,1.4901997928973287e-05
6621,71704,7,4,1,1.3857999874744564e-05
6622,73762,5,5,3,1.3561002560891211e-05
6623,41050,5,5,2,9.986000804929063e-06
6624,2542,8,4,0,7.798000297043473e-06
6625,73927,6,4,2,6.005000614095479e-06
6626,61535,5,5,3,1.2010998034384102e-05
6627,61540,5,5,2,1.493999661761336e-05
6628,81160,5,4,1,1.1261003237450495e-05
6629,327,10,4,1,8.118000550894067e-06
6630,65678,6,5,1,9.073999535758048e-06
6631,2894,5,4,0,3.7080026231706142e-06
6632,7615,5,3,0,3.2470015867147595e-06
6633,148,5,5,1,7.604998245369643e-06
6634,33579,5,4,0,3.974000719608739e-06
6635,49970,5,3,0,3.421999281272292e-06
6636,29888,7,3,0,4.641999112209305e-06
6637,49986,8,3,1,7.775997801218182e-06
6638,4256,5,5,1,8.778999472269788e-06
6639,10500,5,4,0,3.46999877365306e-06
6640,52260,5,3,0,3.1810013751965016e-06
6641,24737,5,5,2,1.2622000213013962e-05
6642,848,5,4,1,8.008999429875985e-06
6643,61602,7,5,2,1.3995999324833974e-05
6644,45216,5,5,2,1.6990001313388348e-05
6645,86609,6,4,1,7.650000043213367e-06
6646,8361,5,5,2,1.0177998774452135e-05
6647,24746,5,5,1,8.394999895244837e-06
6648,57997,6,4,0,4.383000486996025e-06
6649,185,5,5,1,6.99399970471859e-06
6650,37050,5,5,1,7.332997483899817e-06
6651,2534,5,4,0,3.7419995351228863e-06
6652,19990,5,3,0,3.0520022846758366e-06
6653,55882,5,2,0,3.1669987947680056e-06
6654,55884,5,1,0,2.7560017770156264e-06
6655,46158,11,2,2,7.647999154869467e-06
6656,24761,7,5,1,1.6991001757560298e-05
6657,78016,7,5,1,8.647999493405223e-06
6658,77148,5,4,0,3.8529979065060616e-06
6659,76916,7,4,1,7.562997780041769e-06
6660,86220,5,5,1,7.675000233575702e-06
6661,83414,7,4,0,4.699999408330768e-06
6662,43543,5,3,0,3.429999196669087e-06
6663,44074,5,2,0,3.154000296490267e-06
6664,40017,8,3,1,3.518199810059741e-05
6665,24781,14,5,2,2.063499778159894e-05
6666,78028,10,5,2,1.928100027726032e-05
6667,86225,6,5,2,1.3111002772348002e-05
6668,221,5,5,2,1.4942001143936068e-05
6669,224,5,5,1,8.58999919728376e-06
6670,80772,5,4,0,4.099998477613553e-06
6671,53477,5,5,2,1.586600046721287e-05
6672,59184,5,4,0,3.510998794808984e-06
6673,69068,7,4,1,9.191000572172925e-06
6674,53481,5,5,1,7.662998541491106e-06
6675,69868,5,5,3,1.354000050923787e-05
6676,82162,13,5,3,1.4712000847794116e-05
6677,21982,6,4,2,1.2430999049684033e-05
6678,65781,5,5,2,1.3452998246066272e-05
6679,74488,6,4,0,6.842001312179491e-06
6680,37110,8,5,0,1.1488002201076597e-05
6681,28917,11,5,3,1.8525999621488154e-05
6682,73985,9,5,4,1.2419000995578244e-05
6683,72776,6,4,3,1.049899947247468e-05
6684,33301,9,4,2,8.676997822476551e-06
6685,28935,5,5,1,7.737002306384966e-06
6686,50615,5,4,0,4.012999852420762e-06
6687,78103,6,5,2,1.34170004457701e-05
6688,86306,10,5,3,1.2267999409232289e-05
6689,54184,9,4,1,1.5019999409560114e-05
6690,86309,7,5,0,1.527600034023635e-05
6691,64440,7,4,0,3.909000952262431e-06
6692,54198,9,4,2,1.1590000212891027e-05
6693,303,10,5,1,1.5490000805584714e-05
6694,72246,9,4,1,1.1773998267017305e-05
6695,16688,6,5,2,1.4903002011124045e-05
6696,61767,8,5,2,1.2464999599615112e-05
6697,82256,7,5,1,9.123999916482717e-06
6698,49129,7,4,0,4.5190026867203414e-06
6699,43083,5,3,0,3.2700008887331933e-06
6700,14233,8,2,0,4.361001629149541e-06
6701,79827,5,1,0,2.721000782912597e-06
6702,48872,8,1,0,3.6959972931072116e-06
6703,82268,6,5,1,1.6637000953778625e-05
6704,14949,6,4,0,3.553999704308808e-06
6705,359,8,5,1,1.5024001186247915e-05
6706,57713,8,5,2,1.5376001101685688e-05
6707,15402,6,4,1,7.87899989518337e-06
6708,53620,5,5,3,1.2913998943986371e-05
6709,65908,5,5,1,7.873000868130475e-06
6710,52888,5,4,0,4.0669983718544245e-06
6711,60092,5,3,0,3.5989978641737252e-06
6712,1905,5,2,0,3.159999323543161e-06
6713,71321,5,1,0,2.700999175431207e-06
6714,62889,13,3,1,9.63099955697544e-06
6715,8575,5,5,1,8.510996849508956e-06
6716,8105,5,4,0,3.6620003811549395e-06
6717,41357,6,5,1,1.312300082645379e-05
6718,37261,11,5,2,1.562300167279318e-05
6719,81031,7,4,1,9.479997970629483e-06
6720,53647,8,5,3,1.3315999240148813e-05
6721,20888,5,5,2,1.6134999896166846e-05
6722,85469,7,4,0,9.668001439422369e-06
6723,43096,6,4,1,9.293999028159305e-06
6724,31122,6,3,0,3.3709984563756734e-06
6725,37273,7,5,1,8.995000825962052e-06
6726,52313,6,4,0,4.019999323645607e-06
6727,57045,6,3,0,3.798002580879256e-06
6728,25206,6,2,0,3.2700008887331933e-06
6729,426,5,5,1,8.57399936649017e-06
6730,77041,5,4,0,3.6719975469168276e-06
6731,37295,5,5,3,1.5526999050052837e-05
6732,1835,8,4,0,7.86400050856173e-06
6733,12724,5,5,3,1.0693998774513602e-05
6734,16887,5,4,1,6.7689979914575815e-06
6735,445,11,5,1,1.4941000699764118e-05
6736,33223,8,5,2,1.5371999324997887e-05
6737,33596,7,4,0,7.693000952713192e-06
6738,61905,6,5,2,1.2520002201199532e-05
6739,86484,5,5,1,8.300998160848394e-06
6740,41884,5,4,0,3.7199970392975956e-06
6741,35268,5,3,0,3.1620002118870616e-06
6742,51807,5,2,0,2.8379981813486665e-06
6743,57307,9,4,0,3.8398997276090086e-05
6744,49626,6,5,2,1.7310001567238942e-05
6745,66012,7,5,1,2.0947001758031547e-05
6746,43383,5,4,1,5.780002538813278e-06
6747,33245,6,5,3,1.190499824588187e-05
6748,25054,5,5,2,1.3313998351804912e-05
6749,70110,5,5,1,7.775000995025039e-06
6750,72884,5,4,0,3.5279990697745234e-06
6751,82409,5,5,1,8.328999683726579e-06
6752,61363,5,4,0,3.454999387031421e-06
6753,87377,6,4,1,6.531998224090785e-06
6754,70138,9,5,1,1.2543998309411108e-05
6755,37376,7,5,3,1.2128999514970928e-05
6756,82436,6,5,2,1.6797999705886468e-05
6757,25096,5,5,1,7.60500188334845e-06
6758,76609,5,4,0,4.025001544505358e-06
6759,52516,5,3,0,3.3139986044261605e-06
6760,72909,5,2,0,3.1199997465591878e-06
6761,49566,10,3,0,9.069000952877104e-06
6762,21009,5,5,1,1.111100209527649e-05
6763,60438,5,4,0,3.6769997677765787e-06
6764,1542,5,3,0,3.3510004868730903e-06
6765,81898,5,2,0,2.9519978852476925e-06
6766,23695,5,1,0,2.5650006136856973e-06
6767,68858,5,0,0,2.4220025807153434e-06
6768,29218,5,5,1,8.512000931659713e-06
6769,15410,5,4,0,3.36800076183863e-06
6770,17927,5,3,0,3.101999027421698e-06
6771,61991,5,5,1,7.272003131220117e-06
6772,30259,5,4,0,3.5759985621552914e-06
6773,36688,6,4,1,7.177997758844867e-06
6774,66307,12,4,0,1.312300082645379e-05
6775,29230,5,5,2,1.4273999113356695e-05
6776,70862,5,4,1,8.78600258147344e-06
6777,82483,5,5,1,8.029001037357375e-06
6778,41533,5,5,1,8.00199995865114e-06
6779,62013,11,5,3,1.546700150356628e-05
6780,86597,9,5,2,1.4917997759766877e-05
6781,8780,8,5,2,1.6220998077187687e-05
6782,57962,5,5,1,8.455997885903344e-06
6783,64250,5,4,0,3.396999090909958e-06
6784,46274,10,3,0,5.723999493056908e-06
6785,7607,5,2,0,3.1150011636782438e-06
6786,20052,7,3,1,8.137001714203507e-06
6787,16197,8,4,1,8.768998668529093e-06
6788,78471,9,5,3,1.3771001249551773e-05
6789,35476,10,4,2,9.878996934276074e-06
6790,21145,5,5,1,7.4460003816057e-06
6791,21147,5,5,1,6.591999408556148e-06
6792,53924,5,5,2,6.156200106488541e-05
6793,4781,5,5,1,8.087001333478838e-06
6794,37551,14,5,3,1.3772001693723723e-05
6795,12976,9,5,1,1.01509976957459e-05
6796,696,5,5,2,1.5004003216745332e-05
6797,45755,5,5,3,1.2641998182516545e-05
6798,68682,10,4,0,1.1150001228088513e-05
6799,88991,9,4,0,9.663002856541425e-06
6800,41683,6,5,3,1.3043998478678986e-05
6801,53978,8,5,3,1.608999809832312e-05
6802,53998,5,5,3,1.34839974634815e-05
6803,17138,5,5,1,8.144001185428351e-06
6804,4871,5,5,1,8.136001270031556e-06
6805,68146,5,4,0,3.573000867618248e-06
6806,37640,6,5,3,1.1846001143567264e-05
6807,49934,9,5,3,1.6933998267631978e-05
6808,77016,6,4,0,8.500999683747068e-06
6809,78621,10,5,2,1.199500184156932e-05
6810,33566,5,5,1,8.199000149033964e-06
6811,79702,5,4,0,3.5630000638775527e-06
6812,86353,9,4,0,8.653998520458117e-06
6813,62239,5,5,1,7.5550015026237816e-06
6814,48178,5,4,0,3.4620024962350726e-06
6815,68231,6,4,1,6.377002137014642e-06
6816,58160,5,5,3,1.3625998690258712e-05
6817,21319,5,5,1,7.433998689521104e-06
6818,63177,5,4,0,3.673998435260728e-06
6819,30771,5,3,0,3.206001565558836e-06
6820,14608,7,3,1,7.500999345211312e-06
6821,13140,9,5,2,1.822199919843115e-05
6822,48143,7,4,1,1.2196000170661137e-05
6823,855,8,5,2,5.217700163484551e-05
6824,46975,9,4,1,9.48000160860829e-06
6825,14825,6,4,1,1.3478998880600557e-05
6826,21337,5,5,1,9.417999535799026e-06
6827,61131,5,4,0,3.934997948817909e-06
6828,38954,5,3,0,3.425997419981286e-06
6829,45916,14,5,2,1.911000072141178e-05
6830,63784,10,4,0,7.868999091442674e-06
6831,16073,7,3,0,4.425000952323899e-06
6832,65906,13,3,1,9.79200194706209e-06
6833,29533,5,5,1,1.1816999176517129e-05
6834,25447,6,5,1,8.799001079751179e-06
6835,83290,5,4,0,3.873999958159402e-06
6836,85225,8,4,1,8.210001396946609e-06
6837,60650,10,3,0,5.598001735052094e-06
6838,29615,9,4,2,1.1737996828742325e-05
6839,9339,9,4,1,1.339699883828871e-05
6840,50035,11,5,2,2.1061998268123716e-05
6841,17830,9,4,0,7.734997780062258e-06
6842,81652,6,3,0,6.0489983297884464e-06
6843,45949,5,5,1,7.393999112537131e-06
6844,33695,5,5,1,8.323997462866828e-06
6845,35551,5,4,0,3.4059994504787028e-06
6846,62724,5,3,0,3.2269999792333692e-06
6847,40530,6,2,0,3.5760022001340985e-06
6848,86962,7,5,4,1.2124000932089984e-05
6849,5048,13,5,0,2.0468000002438203e-05
6850,30584,11,4,0,5.328998668119311e-06
6851,80011,11,3,0,4.936999175697565e-06
6852,13250,8,5,3,1.32589993881993e-05
6853,13265,10,5,1,1.6127996786963195e-05
6854,21459,5,5,2,1.6516998584847897e-05
6855,62420,5,5,1,7.366001227637753e-06
6856,55345,5,4,0,3.607001417549327e-06
6857,89075,5,3,0,3.3200012694578618e-06
6858,25943,5,2,0,3.0240007617976516e-06
6859,42636,5,1,0,2.644999767653644e-06
6860,50155,6,5,1,1.6205998690566048e-05
6861,25586,8,5,2,1.9938001059927046e-05
6862,50169,11,5,1,1.572299879626371e-05
6863,5120,8,5,2,1.1751999409170821e-05
6864,50176,11,5,1,1.755100311129354e-05
6865,62467,5,5,1,8.76600097399205e-06
6866,68950,5,4,0,3.76499883714132e-06
6867,62484,5,5,2,1.4930999896023422e-05
6868,27429,8,4,0,5.023000994697213e-06
6869,13333,6,5,3,1.6162997781066224e-05
6870,42041,12,5,1,1.5486999473068863e-05
6871,34644,7,4,1,1.17859999591019e-05
6872,1085,5,5,1,7.4590025178622454e-06
6873,84928,5,4,0,3.4710028558038175e-06
6874,81156,5,3,0,3.1529998523183167e-06
6875,28582,5,2,0,2.8800022846553475e-06
6876,56791,7,2,0,3.877998096868396e-06
6877,49845,7,1,0,3.19199898513034e-06
6878,29762,9,5,2,2.0957999367965385e-05
6879,9288,5,5,1,7.869999535614625e-06
6880,38990,7,4,0,4.5050001062918454e-06
6881,43306,5,3,0,3.354001819388941e-06
6882,31287,5,2,0,2.91700052912347e-06
6883,42060,10,5,3,1.6825000784592703e-05
6884,1126,5,5,2,1.3132997992215678e-05
6885,13420,5,5,1,8.167000487446785e-06
6886,36234,5,4,0,3.711000317707658e-06
6887,58499,8,5,1,9.448001947021112e-06
6888,54418,10,5,1,1.4732999261468649e-05
6889,58524,8,5,2,1.1174000974278897e-05
6890,21670,9,5,2,1.6096000763354823e-05
6891,81154,6,4,2,7.544997060904279e-06
6892,62650,7,5,3,1.1677999282255769e-05
6893,13500,5,5,1,7.904996891738847e-06
6894,21813,5,4,0,3.654000465758145e-06
6895,22848,5,3,0,3.2660027500241995e-06
6896,17604,6,5,2,1.7540001863380894e-05
6897,83269,8,4,1,1.0699000995373353e-05
6898,37442,7,4,0,6.950998795218766e-06
6899,58582,6,5,1,8.214999979827553e-06
6900,18688,5,4,0,3.5819975892081857e-06
6901,23829,5,3,0,3.206998371751979e-06
6902,77044,7,2,0,3.6759993236046284e-06
6903,4201,7,1,0,3.2150019251275808e-06
6904,37287,10,3,2,9.59899989538826e-06
6905,54487,5,5,1,7.3640003392938524e-06
6906,36650,5,4,0,3.588000254239887e-06
6907,38526,5,3,0,7.334001566050574e-06
6908,5364,5,5,1,1.042999792844057e-05
6909,70976,8,4,0,5.514997610589489e-06
6910,18623,8,4,0,1.5205998352030292e-05
6911,84584,10,4,1,1.0551000741543248e-05
6912,79992,9,4,1,1.3843000488122925e-05
6913,5371,5,5,1,7.644997822353616e-06
6914,40790,5,4,0,3.469001967459917e-06
6915,18261,8,4,0,7.88500256021507e-06
6916,29951,6,5,4,1.341600000159815e-05
6917,73699,5,4,2,1.2330001482041553e-05
6918,38625,7,4,1,1.109400182031095e-05
6919,70811,7,4,2,1.063899981090799e-05
6920,42243,10,5,2,1.4001998351886868e-05
6921,75015,8,5,1,1.0978001228068024e-05
6922,54545,5,5,3,1.5956997231114656e-05
6923,42554,5,4,2,1.2958000297658145e-05
6924,21778,5,5,1,7.470000127796084e-06
6925,42260,10,5,2,1.3336000847630203e-05
6926,50459,7,5,3,1.3285000022733584e-05
6927,75042,6,5,2,1.3241002307040617e-05
6928,73588,5,4,1,7.816001016180962e-06
6929,83239,10,5,2,1.416700251866132e-05
6930,39644,10,4,0,8.628998330095783e-06
6931,30018,10,4,1,1.1770000128308311e-05
6932,77275,9,4,2,1.3054999726591632e-05
6933,40059,7,4,2,1.169900133390911e-05
6934,83252,6,5,1,8.76400008564815e-06
6935,83261,5,5,3,1.2126998626627028e-05
6936,46799,6,4,1,7.421000191243365e-06
6937,30025,7,5,2,1.4676999853691086e-05
6938,30031,7,5,1,9.57599695539102e-06
6939,70992,5,5,1,4.2843999835895374e-05
6940,21844,6,5,3,2.0575000235112384e-05
6941,66913,6,5,3,1.1285999789834023e-05
6942,66918,6,5,2,1.282700031879358e-05
6943,9595,9,5,2,1.7081998521462083e-05
6944,83350,5,5,1,8.794999303063378e-06
6945,55660,5,4,0,3.7799982237629592e-06
6946,1692,5,3,0,3.384000592632219e-06
6947,5527,8,5,3,1.2088999937986955e-05
6948,9689,5,4,2,1.1849002476083115e-05
6949,17816,5,5,2,1.4364999515237287e-05
6950,38313,5,5,1,7.924001693027094e-06
6951,1463,5,5,1,8.094000804703683e-06
6952,11061,5,4,0,3.7819991121068597e-06
6953,72980,5,3,0,3.5199991543777287e-06
6954,14539,10,3,0,8.977000106824562e-06
6955,79288,6,5,2,1.90050013770815e-05
6956,17855,5,5,1,7.589998858748004e-06
6957,54721,6,5,2,1.3946002582088113e-05
6958,60326,10,4,3,8.975999662652612e-06
6959,5590,6,5,3,1.123000038205646e-05
6960,54747,5,5,1,1.0439998732181266e-05
6961,31858,7,4,0,4.854999133385718e-06
6962,4137,7,4,1,9.518000297248363e-06
6963,41370,9,3,0,5.3250005294103175e-06
6964,77655,12,4,1,9.347997547592968e-06
6965,34271,8,5,0,1.1113999789813533e-05
6966,13796,6,5,1,8.954000804806128e-06
6967,34278,5,5,1,7.398000889224932e-06
6968,62951,6,5,2,1.645700103836134e-05
6969,54761,7,5,2,1.5688001440139487e-05
6970,30186,7,5,2,2.9736998840235174e-05
6971,18252,5,4,1,5.139998393133283e-06
6972,60237,8,3,0,4.6149980335030705e-06
6973,86950,8,4,1,1.209900074172765e-05
6974,26099,9,5,2,1.0789000953081995e-05
6975,54775,7,5,1,1.6204998246394098e-05
6976,1533,5,5,1,1.3793000107398257e-05
6977,67069,9,5,2,2.5543999072397128e-05
6978,9730,7,5,2,1.794299896573648e-05
6979,71173,6,5,2,1.8447000911692157e-05
6980,71174,5,5,1,7.693000952713192e-06
6981,14224,5,4,0,3.889999788952991e-06
6982,44526,5,3,0,3.4040022001136094e-06
6983,31641,6,3,1,5.83200016990304e-06
6984,63382,12,4,1,1.166600122814998e-05
6985,38957,9,3,0,7.750000804662704e-06
6986,8248,9,3,0,5.593999958364293e-06
6987,1547,5,5,2,1.4245000784285367e-05
6988,71184,6,5,2,1.655499727348797e-05
6989,67091,7,5,2,1.4192999515216798e-05
6990,15514,6,4,2,1.2434000382199883e-05
6991,77183,8,4,1,7.70800033933483e-06
6992,67096,5,5,3,1.3468001270666718e-05
6993,54813,6,5,2,1.3048000255366787e-05
6994,63005,10,5,2,1.570899985381402e-05
6995,1567,5,5,1,7.795002602506429e-06
6996,53146,5,4,0,3.591998392948881e-06
6997,58962,6,5,2,1.3876000593882054e-05
6998,71263,5,5,1,7.402999472105876e-06
6999,9830,7,5,3,9.712999599287286e-06
7000,42627,6,5,2,1.1239997547818348e-05
7001,59018,10,5,2,1.994500053115189e-05
7002,42640,6,5,1,7.893999281805009e-06
7003,71314,5,5,2,1.135300044552423e-05
7004,63133,8,5,2,1.3406002835836262e-05
7005,40505,16,4,2,1.6063997463788837e-05
7006,13987,7,5,1,1.1766001989599317e-05
7007,71334,5,5,4,1.1637999705271795e-05
7008,67261,6,5,3,1.3196997315390036e-05
7009,87743,5,5,1,8.031998731894419e-06
7010,63175,7,5,2,1.5442001313203946e-05
7011,1739,6,5,1,9.47599983192049e-06
7012,59090,5,5,2,1.326200072071515e-05
7013,26348,5,5,1,8.496997907059267e-06
7014,23515,5,4,0,3.7860008887946606e-06
7015,79597,7,5,3,1.2741002137772739e-05
7016,71405,8,5,3,1.4436001947615296e-05
7017,71415,6,5,2,1.780399907147512e-05
7018,75516,5,5,1,8.631999662611634e-06
7019,79644,8,5,2,1.461600186303258e-05
7020,63275,11,5,1,1.1224001355003566e-05
7021,14126,6,5,3,1.2247997801750898e-05
7022,79667,7,5,4,1.3036002201260999e-05
7023,30520,6,5,2,1.598900053068064e-05
7024,89111,6,4,2,1.485800021328032e-05
7025,23748,10,4,1,1.1113999789813533e-05
7026,51749,20,4,1,1.381499896524474e-05
7027,83773,6,5,1,8.827999408822507e-06
7028,46944,9,5,0,1.3328000932233408e-05
7029,59237,5,5,2,1.571200118632987e-05
7030,26479,7,5,2,1.369700112263672e-05
7031,1903,8,5,2,1.7195001419167966e-05
7032,75639,5,5,1,7.56800000090152e-06
7033,75642,5,5,1,7.102997187757865e-06
7034,20020,5,4,0,3.5909979487769306e-06
7035,51515,5,3,0,3.224999090889469e-06
7036,73600,12,4,0,1.0559000656940043e-05
7037,6010,6,5,1,8.072998753050342e-06
7038,7282,5,4,0,3.6769997677765787e-06
7039,49029,11,4,0,1.4138000551611185e-05
7040,63591,9,3,0,4.2149986256845295e-06
7041,46353,12,4,0,1.169900133390911e-05
7042,34684,10,5,0,1.2263997632544488e-05
7043,79742,6,5,2,1.1877000360982493e-05
7044,26511,7,5,2,1.8841998098650947e-05
7045,47633,15,4,1,1.3060001947451383e-05
7046,4888,14,4,1,2.0231000235071406e-05
7047,10130,5,5,2,1.1156000255141407e-05
7048,1957,9,5,2,1.515199983259663e-05
7049,44614,6,4,2,1.2551998224807903e-05
7050,34727,5,5,2,2.3075001081451774e-05
7051,55207,6,5,2,9.598099859431386e-05
7052,83883,5,5,1,1.002999852062203e-05
7053,87980,5,5,2,1.639999754843302e-05
7054,4033,5,4,0,3.5339980968274176e-06
7055,74271,7,4,2,1.2041000445606187e-05
7056,59310,6,5,2,1.948699718923308e-05
7057,72095,6,4,1,1.5088997315615416e-05
7058,52076,5,4,1,1.4831999578746036e-05
7059,52014,9,4,1,7.231999916257337e-06
7060,55227,7,4,2,1.2170999980298802e-05
7061,87985,8,5,0,1.7745001969160512e-05
7062,87986,5,5,1,8.604998583905399e-06
7063,35223,5,4,0,3.913999535143375e-06
7064,84680,7,4,1,7.108999852789566e-06
7065,76213,8,4,0,9.069000952877104e-06
7066,79832,5,5,1,8.2970000221394e-06
7067,67546,5,5,1,7.607999577885494e-06
7068,27571,5,4,0,3.5009979910682887e-06
7069,39971,13,4,0,1.3648001186084002e-05
7070,39354,11,4,1,1.4465000276686624e-05
7071,34788,5,5,1,8.925999281927943e-06
7072,14315,5,5,2,1.5806999726919457e-05
7073,59375,5,5,3,1.5063000319059938e-05
7074,34811,7,5,1,1.477400292060338e-05
7075,47120,7,5,2,1.470099959988147e-05
7076,18457,5,5,2,1.8225000530947e-05
7077,43048,11,5,1,2.0321000192780048e-05
7078,71721,7,5,1,9.45899955695495e-06
7079,6540,5,4,0,4.0000013541430235e-06
7080,88105,8,5,1,9.801002306630835e-06
7081,2798,6,4,0,3.918998118024319e-06
7082,88140,6,5,1,9.815001249080524e-06
7083,84690,5,4,0,3.550001565599814e-06
7084,43092,9,5,1,1.0870997357415035e-05
7085,10345,6,5,2,1.4700002793688327e-05
7086,48210,5,4,3,9.207997209159657e-06
7087,31425,12,4,2,1.3038999895798042e-05
7088,59503,9,5,2,1.4945999282645062e-05
7089,2160,9,5,0,9.14699921850115e-06
7090,16564,10,4,0,9.32100010686554e-06
7091,36407,7,4,2,1.3093998859403655e-05
7092,79985,6,5,1,1.8528000509832054e-05
7093,51328,6,5,1,1.2608998076757416e-05
7094,51331,5,5,1,7.970000297063962e-06
7095,10389,7,5,2,1.840100230765529e-05
7096,80022,7,5,2,1.780700040399097e-05
7097,88891,10,4,1,4.938300116918981e-05
7098,63646,5,5,1,1.0233001376036555e-05
7099,60351,5,4,0,8.967999747255817e-06
7100,36723,5,3,0,3.4670010791160166e-06
7101,34982,13,5,2,1.9598999642767012e-05
7102,49898,20,4,1,1.8924998585134745e-05
7103,15727,9,4,1,1.3255001249490306e-05
7104,55469,10,5,1,1.2006003089481965e-05
7105,10414,5,5,1,8.364000677829608e-06
7106,10413,8,5,3,1.4909001038176939e-05
7107,18612,15,5,2,1.753100150381215e-05
7108,43210,14,5,3,1.7219997971551493e-05
7109,2259,6,5,1,1.2328000593697652e-05
7110,67797,8,5,1,1.2725999113172293e-05
7111,14550,5,5,1,8.327002433361486e-06
7112,43231,5,5,1,8.383998647332191e-06
7113,59617,5,5,3,1.2011998478556052e-05
7114,80101,5,5,1,8.185998012777418e-06
7115,22762,7,5,0,1.0687002941267565e-05
7116,84214,6,5,3,1.2753000191878527e-05
7117,32157,6,4,0,7.556998752988875e-06
7118,14588,14,5,1,1.5437999536516145e-05
7119,68798,12,4,3,1.3355998817132786e-05
7120,69493,8,4,0,5.889000021852553e-06
7121,80127,5,5,3,1.2486998457461596e-05
7122,2307,8,5,2,1.2209002306917682e-05
7123,2343,6,5,2,1.9289000192657113e-05
7124,62391,7,4,1,7.123999239411205e-06
7125,47406,9,5,1,1.58099974214565e-05
7126,59695,5,5,3,1.1345000530127436e-05
7127,31030,5,5,1,8.568000339437276e-06
7128,15262,9,4,0,6.023998139426112e-06
7129,48359,5,3,0,3.283999831182882e-06
7130,43320,6,5,1,1.1389998689992353e-05
7131,48247,6,4,2,1.140600215876475e-05
7132,10553,9,5,4,1.3730998034588993e-05
7133,84289,6,5,2,1.3918001059209928e-05
7134,26971,10,5,3,1.7504000425105914e-05
7135,63855,9,5,1,1.4905002899467945e-05
7136,55679,6,5,2,1.4715002180309966e-05
7137,56644,6,4,1,8.94000186235644e-06
7138,67982,8,5,1,9.404000593349338e-06
7139,11638,8,4,0,5.57300154468976e-06
7140,68615,8,3,0,4.385001375339925e-06
7141,44286,6,2,0,3.6380006349645555e-06
7142,21166,7,1,0,3.377997927600518e-06
7143,72625,7,0,0,2.935998054454103e-06
7144,22927,8,5,2,1.7107999155996367e-05
7145,32331,7,4,2,1.1363001249264926e-05
7146,72086,11,5,1,1.7867001588456333e-05
7147,72105,5,5,1,7.960999937495217e-06
7148,35242,8,5,2,1.3706001482205465e-05
7149,36330,12,4,0,1.4224999176803976e-05
7150,2839,9,4,1,6.723003025399521e-06
7151,72107,5,5,1,5.581001460086554e-06
7152,39926,7,4,0,4.516998160397634e-06
7153,31153,8,5,1,1.0047002433566377e-05
7154,22978,5,5,1,7.606999133713543e-06
7155,31764,5,4,0,3.6800011002924293e-06
7156,44849,5,3,0,3.135999577352777e-06
7157,48839,5,2,0,3.0390001484192908e-06
7158,84930,5,1,0,2.7669993869494647e-06
7159,22985,8,5,1,1.095200059353374e-05
7160,18895,5,5,1,7.414000720018521e-06
7161,31623,5,4,0,3.520999598549679e-06
7162,22991,6,5,2,1.763800173648633e-05
7163,27094,11,5,4,1.4026998542249203e-05
7164,59871,6,5,1,1.3067001418676227e-05
7165,60686,10,4,0,5.554997187573463e-06
7166,72171,10,5,1,1.2316999345785007e-05
7167,88557,6,5,1,1.869200059445575e-05
7168,88560,5,5,3,2.1933999960310757e-05
7169,6653,8,5,0,1.0792002285597846e-05
7170,65171,8,4,0,1.4880999515298754e-05
7171,18946,14,5,1,1.4667999494122341e-05
7172,75024,8,4,3,1.0671999916667119e-05
7173,59908,5,5,1,8.491999324178323e-06
7174,10760,6,5,1,1.917699773912318e-05
7175,55817,8,5,2,1.3929999113315716e-05
7176,75748,11,4,2,1.1621999874478206e-05
7177,59924,6,5,2,1.4334000297822058e-05
7178,23715,8,4,0,9.59599856287241e-06
7179,35932,7,4,0,6.360998668242246e-06
7180,47651,6,5,2,1.221699858433567e-05
7181,39460,10,5,1,1.4465997082879767e-05
7182,51761,12,5,2,1.176799923996441e-05
7183,47672,8,5,2,1.768900256138295e-05
7184,80446,12,5,2,1.6845999198267236e-05
7185,31295,9,5,1,1.062400042428635e-05
7186,80463,5,5,1,8.428000001003966e-06
7187,57069,5,4,0,3.6049968912266195e-06
7188,68179,5,5,1,7.339000148931518e-06
7189,6747,8,5,3,2.0592000510077924e-05
7190,31324,6,5,3,1.3812001270707697e-05
7191,10847,10,5,1,1.195900040329434e-05
7192,10848,5,5,1,8.027996955206618e-06
7193,44213,7,4,0,4.628996975952759e-06
7194,6753,5,5,2,1.2508997315308079e-05
7195,60005,11,5,3,1.7454000044381246e-05
7196,35432,6,5,2,5.090600097901188e-05
7197,14955,5,5,1,1.1313000868540257e-05
7198,2669,6,5,2,1.669399716774933e-05
7199,88688,7,5,1,1.5879002603469416e-05
7200,47739,7,5,2,1.4358000044012442e-05
7201,43649,8,5,1,1.0239000403089449e-05
7202,6792,12,5,2,1.2766002328135073e-05
7203,80525,5,5,1,8.161998266587034e-06
7204,68251,6,5,1,1.6253001376753673e-05
7205,23230,5,5,4,1.5238998457789421e-05
7206,72384,6,5,1,1.8490998627385125e-05
7207,60122,6,5,2,1.3132001186022535e-05
7208,27364,5,5,2,1.456400059396401e-05
7209,64234,6,5,1,7.609000022057444e-06
7210,48648,6,4,0,4.207999154459685e-06
7211,61646,9,3,0,5.180001608096063e-06
7212,60503,6,2,0,3.3420001273043454e-06
7213,19201,11,5,0,1.1802996596088633e-05
7214,72469,5,5,1,7.832000846974552e-06
7215,16125,5,4,0,3.621997166192159e-06
7216,73613,6,3,0,3.7610006984323263e-06
7217,27423,11,5,1,1.501500082667917e-05
7218,56122,7,5,1,1.3305998436408117e-05
7219,47935,6,5,3,1.3766999472863972e-05
7220,13215,8,4,1,8.914001227822155e-06
7221,24261,6,4,1,1.049899947247468e-05
7222,28346,8,4,2,1.0454001312609762e-05
7223,2906,7,5,2,1.4271998225012794e-05
7224,88925,5,5,1,8.047001756494865e-06
7225,72541,13,5,2,1.6443998902104795e-05
7226,81107,11,4,1,1.1673000699374825e-05
7227,15202,8,5,1,1.2639997294172645e-05
7228,52088,6,5,3,1.452599826734513e-05
7229,11128,14,5,1,1.386700023431331e-05
7230,39806,6,5,2,2.4787997972453013e-05
7231,19342,12,5,1,2.3723001504549757e-05
7232,64432,6,5,1,9.970997780328616e-06
7233,60344,8,5,1,9.465002221986651e-06
7234,7100,15,5,3,2.0106999727431685e-05
7235,60350,5,5,3,1.2555003195302561e-05
7236,19390,8,5,1,1.2129999959142879e-05
7237,11203,5,5,3,1.266699837287888e-05
7238,11210,5,5,2,1.5672001609345898e-05
7239,89039,13,5,3,2.0145002054050565e-05
7240,31704,6,5,4,1.2459000572562218e-05
7241,44015,5,5,2,1.4805998944211751e-05
7242,48145,6,5,1,5.623998731607571e-06
7243,31763,6,5,2,1.8577000446384773e-05
7244,19480,9,5,3,1.3297998521011323e-05
7245,60453,6,5,3,1.3195000065024942e-05
7246,31792,5,5,2,1.6087000403786078e-05
7247,15409,9,5,2,1.298400093219243e-05
7248,31825,8,5,2,1.0806001228047535e-05
7249,68712,6,5,1,9.023002348840237e-06
7250,72809,5,5,1,7.40999894333072e-06
7251,40066,5,5,1,8.099999831756577e-06
7252,15505,7,5,3,1.3404998753685504e-05
7253,64658,5,5,1,8.254999556811526e-06
7254,52706,5,4,0,3.4709992178250104e-06
7255,68612,7,4,1,7.201000698842108e-06
7256,15533,6,5,3,1.3201999536249787e-05
7257,56502,5,5,2,1.3150001905160025e-05
7258,7352,6,5,1,1.6082001820905134e-05
7259,31943,6,5,1,1.2987999070901424e-05
7260,64738,6,5,3,1.1758998880395666e-05
7261,77040,7,5,2,1.68370024766773e-05
7262,23797,6,5,1,1.0093997843796387e-05
7263,81145,5,5,2,1.5785000869072974e-05
7264,11528,5,5,1,8.374998287763447e-06
7265,7456,8,5,1,1.4761000784346834e-05
7266,40249,6,5,1,8.62900196807459e-06
7267,61353,5,4,0,3.5750017559621483e-06
7268,15680,8,5,2,1.2008000339847058e-05
7269,85707,8,4,1,9.791998309083283e-06
7270,52545,9,5,3,1.6737998521421105e-05
7271,81224,12,5,4,1.5159999747993425e-05
7272,64851,8,5,1,1.7645001207711175e-05
7273,81240,9,5,1,2.0895000488962978e-05
7274,60765,9,5,1,1.4073000784264877e-05
7275,73060,5,5,2,1.5408000763272867e-05
7276,52584,7,5,1,1.6080997738754377e-05
7277,26818,7,4,1,7.4929994298145175e-06
7278,19484,7,4,1,5.57300154468976e-06
7279,45703,8,3,0,4.285997420083731e-06
7280,68984,9,5,1,1.3205000868765637e-05
7281,52611,9,5,0,1.0510997526580468e-05
7282,11659,6,5,3,1.0806001228047535e-05
7283,60814,13,5,2,2.0168001356069e-05
7284,19856,11,5,2,1.483699816162698e-05
7285,19863,7,5,1,1.3657001545652747e-05
7286,23968,15,5,1,1.4287998055806383e-05
7287,11415,23,4,0,1.629599864827469e-05
7288,28080,5,5,2,1.2897002306999639e-05
7289,40370,7,5,1,1.0771000233944505e-05
7290,28094,11,5,3,5.301200144458562e-05
7291,11714,13,5,1,1.9828999938908964e-05
7292,24010,6,5,1,1.840200275182724e-05
7293,28107,7,5,1,1.3965000107418746e-05
7294,40400,5,5,3,1.4258999726735055e-05
7295,64978,6,5,2,1.6951002180576324e-05
7296,85472,5,5,3,1.0493997251614928e-05
7297,44525,9,5,2,1.702499866951257e-05
7298,24072,9,5,2,1.164700006484054e-05
7299,60959,8,5,3,1.424899892299436e-05
7300,65060,12,5,1,1.6961999790510163e-05
7301,36394,11,5,3,1.6096000763354823e-05
7302,69177,10,5,1,1.704199894447811e-05
7303,3649,15,5,1,1.5508001524722204e-05
7304,3661,5,5,3,1.409199830959551e-05
7305,20045,11,5,1,1.4725999790243804e-05
7306,85587,10,5,1,1.3113000022713095e-05
7307,69228,5,5,1,7.973001629579812e-06
7308,28291,5,5,2,1.8089998775394633e-05
7309,85635,6,5,2,1.369500023429282e-05
7310,56971,5,5,1,8.479000825900584e-06
7311,36533,5,5,1,7.657999958610162e-06
7312,57013,8,5,2,1.2487002095440403e-05
7313,85724,9,4,2,9.535997378407046e-06
7314,61115,8,5,2,1.572900146129541e-05
7315,52930,5,5,1,1.1765001545427367e-05
7316,57041,5,5,2,1.2890999641967937e-05
7317,77780,12,4,0,1.0774001566460356e-05
7318,87349,13,4,1,1.2968997907591984e-05
7319,7915,5,5,1,7.873997674323618e-06
7320,85739,9,5,2,1.151000105892308e-05
7321,61175,5,5,1,7.886999810580164e-06
7322,32523,7,5,4,1.3030999980401248e-05
7323,32529,6,5,2,1.29449981614016e-05
7324,81692,9,5,1,1.6218000382650644e-05
7325,16167,7,5,2,1.790999885997735e-05
7326,36666,5,5,1,8.178998541552573e-06
7327,65342,10,5,3,1.8732996977632865e-05
7328,77631,6,5,2,1.146899739978835e-05
7329,69438,12,5,3,1.615799919818528e-05
7330,28486,5,5,2,1.5196997992461547e-05
7331,12105,10,5,3,1.4486999134533107e-05
7332,38581,9,4,1,1.0022999049397185e-05
7333,16208,6,5,3,1.528999928268604e-05
7334,53084,5,5,1,8.008999429875985e-06
7335,53088,5,5,2,1.5257999621098861e-05
7336,8032,6,5,2,1.1087002349086106e-05
7337,81771,5,5,2,1.0277002729708329e-05
7338,61293,7,5,2,1.0809999366756529e-05
7339,16266,5,5,2,1.4944998838473111e-05
7340,8076,8,5,0,8.801001968095079e-06
7341,77712,5,5,1,7.793998520355672e-06
7342,8102,5,5,2,1.629599864827469e-05
7343,4014,8,5,2,1.9325998437125236e-05
7344,24515,6,5,2,1.591700129210949e-05
7345,12228,8,5,2,1.3708002370549366e-05
7346,69576,5,5,1,8.656999852973968e-06
7347,49101,6,5,2,1.9546998373698443e-05
7348,4066,6,5,2,5.066100129624829e-05
7349,45070,6,5,2,2.5463003112236038e-05
7350,53297,10,5,1,1.4801000361330807e-05
7351,29425,8,4,0,4.804998752661049e-06
7352,41025,10,5,3,1.5009001799626276e-05
7353,50046,8,4,0,6.362999556586146e-06
7354,41045,11,5,1,1.5371999324997887e-05
7355,61529,10,5,3,1.4867997379042208e-05
7356,28770,11,5,1,1.777299985405989e-05
7357,120,7,5,1,1.0577998182270676e-05
7358,45177,6,5,1,1.2592998245963827e-05
7359,65725,8,5,1,1.5522000467171893e-05
7360,65766,9,5,1,1.0042997018899769e-05
7361,53547,7,5,3,1.077799970516935e-05
7362,82288,7,5,2,1.5936999261612073e-05
7363,16849,7,5,1,1.3122997188474983e-05
7364,75425,13,4,2,1.190499824588187e-05
7365,71597,11,4,1,1.0722000297391787e-05
7366,49686,9,5,3,1.3998000213177875e-05
7367,41574,11,5,0,1.111200253944844e-05
7368,628,6,5,1,1.5082998288562521e-05
7369,70266,6,5,2,1.6703001165296882e-05
7370,660,11,5,3,1.560400050948374e-05
7371,21142,7,5,0,1.4252000255510211e-05
7372,33452,6,5,1,7.991999154910445e-06
7373,41647,12,5,1,1.4622000890085474e-05
7374,78676,16,4,1,1.72829968505539e-05
7375,12986,9,5,2,1.353799962089397e-05
7376,21182,9,5,1,1.0019997716881335e-05
7377,58082,10,5,2,1.9046998204430565e-05
7378,70472,7,4,1,1.208200046676211e-05
7379,84264,10,4,1,9.630002750782296e-06
7380,76720,7,3,1,9.175000741379336e-06
7381,62416,10,3,1,9.569001122144982e-06
7382,4897,11,5,1,1.5957000869093463e-05
7383,86865,6,5,2,1.2593998690135777e-05
7384,62368,9,5,1,1.0020998161053285e-05
7385,83149,9,4,0,5.284000508254394e-06
7386,38907,6,3,0,3.516997821861878e-06
7387,64048,10,4,0,8.947001333581284e-06
7388,25568,18,3,1,1.1676998838083819e-05
7389,54248,6,5,1,8.033999620238319e-06
7390,1039,9,5,2,1.525599873275496e-05
7391,46124,8,5,2,1.2852000509155914e-05
7392,70764,6,5,1,1.9004000932909548e-05
7393,42127,14,5,2,1.7483998817624524e-05
7394,33998,10,5,0,1.6214999050134793e-05
7395,62706,14,5,2,1.8169001123169437e-05
7396,70902,16,5,2,1.8938997527584434e-05
7397,58623,6,5,1,1.093199898605235e-05
7398,66930,6,5,1,1.5576999430777505e-05
7399,38291,11,5,3,1.540799712529406e-05
7400,58789,6,5,1,1.2803000572603196e-05
7401,62901,11,5,0,1.2372001947369426e-05
7402,9663,8,5,2,1.0912001016549766e-05
7403,38336,11,5,3,1.4983001165091991e-05
7404,58889,6,5,2,1.3003998901695013e-05
7405,87657,8,5,1,1.4974000805523247e-05
7406,87696,7,5,1,3.93170012102928e-05
7407,38546,9,5,3,2.1256000763969496e-05
7408,50839,7,5,2,1.727200287859887e-05
7409,67237,7,5,1,1.0167001164518297e-05
7410,9932,8,5,2,1.5518999134656042e-05
7411,71391,14,5,1,1.7316000594291836e-05
7412,67348,10,5,0,1.1148000339744613e-05
7413,2015,9,5,3,1.513700044597499e-05
7414,6231,8,5,1,1.4583998563466594e-05
7415,88158,19,5,1,2.058199970633723e-05
7416,51883,6,4,1,1.0004998330259696e-05
7417,62867,21,4,1,1.397199957864359e-05
7418,43226,9,5,2,1.3842000043950975e-05
7419,14602,7,5,3,1.3327000488061458e-05
7420,43297,6,5,2,1.4853001630399376e-05
7421,6500,7,5,3,1.1510997865116224e-05
7422,14724,11,5,2,1.44219993671868e-05
7423,76172,10,5,3,1.4239998563425615e-05
7424,51605,6,5,3,9.972001862479374e-06
7425,10703,17,5,0,1.577900184202008e-05
7426,27133,6,5,1,1.4743000065209344e-05
7427,6660,8,5,1,1.1538002581801265e-05
7428,72264,9,5,2,1.839900141931139e-05
7429,6737,16,5,1,1.8700000509852543e-05
7430,39533,15,5,1,1.270600114366971e-05
7431,23196,6,5,1,5.53680001758039e-05
7432,84688,6,5,1,1.9585997506510466e-05
7433,68447,11,5,1,1.7534999642521143e-05
7434,56252,13,5,1,1.9777999114012346e-05
7435,68585,8,5,2,1.255100141861476e-05
7436,23838,8,5,3,1.1926000297535211e-05
7437,18675,12,4,2,1.2722997780656442e-05
7438,64868,7,5,3,1.220099875354208e-05
7439,15798,8,5,1,9.379000402987003e-06
7440,65048,10,5,3,1.5145000361371785e-05
7441,73342,26,5,0,2.006599970627576e-05
7442,77560,9,5,2,1.9014998542843387e-05
7443,57170,9,5,0,1.1708001693477854e-05
7444,59785,12,4,1,9.16499993763864e-06
7445,61000,12,4,0,1.5016998077044263e-05
7446,34103,10,4,1,9.976000001188368e-06
7447,32674,10,5,4,1.1629999789875e-05
7448,24695,10,5,1,8.15800012787804e-06
7449,24881,9,5,4,1.554799746372737e-05
7450,20786,16,5,0,1.1981999705312774e-05
7451,29169,18,5,0,1.5304001863114536e-05
7452,78385,9,5,2,1.8529000954004005e-05
7453,58144,13,5,2,1.9875998987117782e-05
7454,66482,17,5,3,1.5875000826781616e-05
7455,21690,16,5,0,1.3509001291822642e-05
7456,54478,8,5,0,1.0015999578172341e-05
7457,52175,8,4,1,8.331997378263623e-06
7458,75007,9,5,2,4.737599738291465e-05
7459,1864,10,5,1,7.812599869794212e-05
7460,75605,13,5,2,1.824100036174059e-05
7461,1985,16,5,1,1.494199750595726e-05
7462,79850,12,5,1,1.4844001270830631e-05
7463,72061,9,5,3,1.2504999176599085e-05
7464,47970,9,5,4,1.3475000741891563e-05
7465,11171,10,5,3,1.5306002751458436e-05
7466,48230,11,5,2,8.194998372346163e-06
7467,60562,13,5,3,1.4512002962874249e-05
7468,7322,15,5,0,1.8926999473478645e-05
7469,77335,13,4,0,5.163998139323667e-06
7470,52762,10,5,0,1.428600080544129e-05
7471,73865,14,5,2,1.9497998437145725e-05
7472,21991,9,5,2,1.727000199025497e-05
7473,85066,19,5,1,2.037599915638566e-05
7474,18636,9,5,1,1.5174999134615064e-05
7475,16506,11,5,2,1.67459984368179e-05
7476,4774,7,5,1,8.62900196807459e-06
7477,88067,6,6,1,1.093399987439625e-05
7478,39157,6,5,0,4.466000973479822e-06
7479,27559,9,4,0,6.152000423753634e-06
7480,35819,6,3,0,3.7570025597233325e-06
7481,5,6,6,3,1.54289991769474e-05
7482,34821,7,6,2,1.705699833109975e-05
7483,32345,9,5,1,1.284300014958717e-05
7484,70656,24,5,0,2.259599932585843e-05
7485,46653,10,5,2,5.5761000112397596e-05
7486,51209,6,6,1,1.5165998775046319e-05
7487,23185,6,5,0,5.630998202832416e-06
7488,76692,6,4,0,4.248999175615609e-06
7489,30737,6,6,1,1.1123000149382278e-05
7490,9387,6,5,0,4.503999662119895e-06
7491,26642,9,6,2,2.358900019316934e-05
7492,79897,11,6,1,1.7176000255858526e-05
7493,16411,8,6,2,2.4761000531725585e-05
7494,49524,9,5,0,5.860001692781225e-06
7495,25043,7,4,1,7.614002242917195e-06
7496,6179,11,6,2,1.9672999769682065e-05
7497,6183,6,6,1,1.0510000720387325e-05
7498,80128,6,5,0,4.719000571640208e-06
7499,19129,6,4,0,4.287998308427632e-06
7500,89207,6,3,0,3.659999492811039e-06
7501,56788,7,2,0,3.818000550381839e-06
7502,84013,6,6,3,1.9154998881276697e-05
7503,63533,6,6,1,1.1069001629948616e-05
7504,53151,6,5,0,4.125999112147838e-06
7505,45498,6,4,0,3.635999746620655e-06
7506,25192,6,3,0,3.7439967854879797e-06
7507,83882,6,2,0,3.236000338802114e-06
7508,8240,6,6,1,9.35700154514052e-06
7509,24701,6,5,0,4.2480023694224656e-06
7510,37433,6,4,0,3.7569989217445254e-06
7511,74348,6,3,0,3.569999535102397e-06
7512,37556,6,2,0,3.253997419960797e-06
7513,88980,6,1,0,2.7149981178808957e-06
7514,9895,6,0,0,2.610999217722565e-06
7515,55348,6,6,1,1.0756000847322866e-05
7516,87692,6,5,0,4.6860004658810794e-06
7517,80193,6,4,0,3.990000550402328e-06
7518,7937,6,3,0,3.477998689049855e-06
7519,75611,8,3,0,8.221002644859254e-06
7520,5265,8,2,0,3.860001015709713e-06
7521,79925,6,6,1,1.1495998478494585e-05
7522,29813,6,5,0,4.19999923906289e-06
7523,22589,6,6,1,0.00011883900151588023
7524,10772,8,5,0,1.3532997400034219e-05
7525,84861,7,4,0,5.619000148726627e-06
7526,77481,6,3,0,4.366000212030485e-06
7527,24335,7,2,0,4.225999873597175e-06
7528,74338,6,1,0,3.7050012906547636e-06
7529,77482,6,0,0,3.2899988582357764e-06
7530,69696,6,6,1,1.2108001101296395e-05
7531,64033,6,5,0,5.115998646942899e-06
7532,23662,6,4,0,4.4720000005327165e-06
7533,28818,6,3,0,3.659999492811039e-06
7534,29596,6,2,0,3.6620003811549395e-06
7535,40384,6,1,0,3.350996848894283e-06
7536,79922,11,4,1,1.6883001080714166e-05
7537,75843,7,6,2,2.3736000002827495e-05
7538,62872,9,5,2,2.2655000066151842e-05
7539,29432,6,5,2,1.6581998352194205e-05
7540,14413,6,6,2,1.8650000129127875e-05
7541,8272,6,6,1,1.0947998816845939e-05
7542,82249,8,5,0,5.6870012485887855e-06
7543,62635,17,5,1,3.237199780414812e-05
7544,12481,18,5,1,1.8783997802529484e-05
7545,27992,10,5,1,9.212999430019408e-06
7546,32856,8,6,3,1.9659000827232376e-05
7547,13649,8,5,2,1.702599911368452e-05
7548,79961,11,6,3,2.4215998564613983e-05
7549,3012,14,5,0,1.5665998944314197e-05
7550,16474,6,6,1,1.1203999747522175e-05
7551,53339,22,6,1,3.305200152681209e-05
7552,9095,8,5,1,1.4533001376548782e-05
7553,47200,8,6,3,1.7890000890474766e-05
7554,22088,14,5,2,1.7596001271158457e-05
7555,79973,10,6,2,1.6936002793954685e-05
7556,7931,14,5,1,1.2906999472761527e-05
7557,16490,6,6,2,1.96959990717005e-05
7558,18549,9,6,1,2.561499786679633e-05
7559,67910,10,5,0,9.109000529861078e-06
7560,77950,14,6,2,2.3792999854777008e-05
7561,28527,15,5,1,1.8664999515749514e-05
7562,29773,6,4,1,1.0094998287968338e-05
7563,33763,6,5,3,1.5571997209917754e-05
7564,83828,8,5,3,1.3896999007556587e-05
7565,84093,10,6,3,1.5038000128697604e-05
7566,36991,10,6,2,2.2324999008560553e-05
7567,34949,8,6,1,1.269100175704807e-05
7568,11199,8,5,0,4.984998668078333e-06
7569,4198,8,5,0,1.3074000889901072e-05
7570,77737,9,5,1,1.889899795060046e-05
7571,14475,6,6,1,1.0394996934337541e-05
7572,74272,6,5,0,4.800000169780105e-06
7573,58519,6,4,0,4.075998731423169e-06
7574,14741,6,3,0,3.7238998629618436e-05
7575,67284,6,2,0,6.496000423794612e-06
7576,68232,6,1,0,3.7489990063477308e-06
7577,51873,6,0,0,8.461000106763095e-06
7578,16530,16,6,1,2.8799000574508682e-05
7579,16540,14,5,0,6.4300002122763544e-06
7580,8042,15,5,0,1.3466997188515961e-05
7581,65684,13,6,4,2.127799962181598e-05
7582,30872,6,6,4,1.8462000298313797e-05
7583,14505,10,6,2,1.978699947358109e-05
7584,16555,7,6,1,1.614299981156364e-05
7585,20659,12,6,2,2.6522997359279543e-05
7586,63668,8,6,3,2.270199911436066e-05
7587,18613,6,6,1,1.1823998647741973e-05
7588,10126,6,5,0,4.427998646860942e-06
7589,20683,8,6,2,2.2446998627856374e-05
7590,28880,6,6,3,1.8505998014006764e-05
7591,78035,9,6,2,2.027200025622733e-05
7592,39124,8,6,2,2.41069974435959e-05
7593,14549,6,6,1,1.06209990917705e-05
7594,14270,12,5,0,6.951002433197573e-06
7595,1910,6,4,0,3.844001184916124e-06
7596,536,6,3,0,3.4469994716346264e-06
7597,76154,10,3,0,7.90100239100866e-06
7598,11505,9,2,0,1.1763000657083467e-05
7599,22174,14,5,1,1.933599924086593e-05
7600,52699,12,5,1,1.962899841601029e-05
7601,10453,6,6,1,1.2283002433832735e-05
7602,61655,6,6,1,1.0453997674630955e-05
7603,12749,6,5,0,4.7000030463095754e-06
7604,12752,6,4,0,4.208999598631635e-06
7605,88131,7,4,1,6.5069980337284505e-06
7606,51104,6,5,1,7.714999810559675e-06
7607,86232,8,6,1,1.056699693435803e-05
7608,51369,8,5,0,5.215999408392236e-06
7609,31713,10,4,0,5.603000317933038e-06
7610,11897,6,3,0,3.725002898136154e-06
7611,45175,17,2,0,7.221999112516642e-06
7612,87163,19,2,0,7.378999725915492e-06
7613,84519,22,1,0,7.208996976260096e-06
7614,57573,6,6,1,1.2555003195302561e-05
7615,31958,6,5,0,4.503999662119895e-06
7616,51436,8,6,1,1.2970001989742741e-05
7617,36529,7,5,0,4.574998456519097e-06
7618,31668,8,4,0,4.548997821984813e-06
7619,33005,6,6,1,9.487001079833135e-06
7620,73966,14,6,3,2.431399843771942e-05
7621,37111,6,6,1,1.1590000212891027e-05
7622,12565,6,5,0,4.399997123982757e-06
7623,17443,6,4,0,4.125999112147838e-06
7624,59070,6,3,0,3.402998117962852e-06
7625,26574,6,2,0,3.206998371751979e-06
7626,8110,7,2,1,5.357000190997496e-06
7627,53498,6,6,1,1.1104002624051645e-05
7628,78077,7,6,3,1.7272999684792012e-05
7629,88322,6,6,4,1.6542999219382182e-05
7630,78086,7,6,3,1.738900027703494e-05
7631,63751,9,6,0,1.4051998732611537e-05
7632,88328,10,6,1,1.3577999197877944e-05
7633,44879,11,5,0,1.1650998203549534e-05
7634,18697,7,6,4,1.864099976955913e-05
7635,15932,7,5,0,4.128000000491738e-06
7636,11620,7,5,2,1.3681998098036274e-05
7637,35081,8,6,1,1.687099938862957e-05
7638,86290,11,6,3,1.6085999959614128e-05
7639,2577,12,5,0,1.1729000107152387e-05
7640,15492,17,5,2,5.0617996748769656e-05
7641,45331,11,6,2,2.507699900888838e-05
7642,57620,6,6,1,1.2612999853445217e-05
7643,19988,6,5,0,4.535999323707074e-06
7644,2008,6,4,0,3.8569996831938624e-06
7645,19425,6,3,0,3.4999975468963385e-06
7646,22795,8,3,0,7.810998795321211e-06
7647,55826,13,4,1,1.264799720956944e-05
7648,2339,6,6,2,1.9045000954065472e-05
7649,6607,10,5,1,1.6350997611880302e-05
7650,56770,6,5,1,7.644997822353616e-06
7651,1666,7,5,0,7.912000000942498e-06
7652,75663,6,5,2,1.0110001312568784e-05
7653,20790,6,6,4,2.2225998691283166e-05
7654,49471,6,6,1,1.1184998584212735e-05
7655,49561,6,5,0,4.3379986891523e-06
7656,74310,6,4,0,3.998000465799123e-06
7657,75314,8,3,0,5.097997927805409e-06
7658,8512,6,6,1,1.0718002158682793e-05
7659,50772,6,5,0,4.23500023316592e-06
7660,36302,7,5,1,5.769001290900633e-06
7661,81125,9,5,0,1.1002997780451551e-05
7662,82252,6,6,1,1.8136001017410308e-05
7663,32497,6,5,0,4.737001290777698e-06
7664,50038,6,4,0,4.088000423507765e-06
7665,5181,8,4,0,9.982999472413212e-06
7666,76494,8,3,0,4.358000296633691e-06
7667,83349,8,2,0,3.6999990697950125e-06
7668,40514,15,3,1,1.0797997674671933e-05
7669,24908,7,6,1,2.2328000341076404e-05
7670,4434,7,6,1,1.5476998669328168e-05
7671,67131,6,5,1,8.965998858911917e-06
7672,65882,8,6,4,1.7638998542679474e-05
7673,71026,18,5,1,3.011499939020723e-05
7674,60888,17,5,2,1.8389000615570694e-05
7675,65890,8,6,3,1.8582999473437667e-05
7676,46168,6,5,1,8.274000720120966e-06
7677,4456,6,6,1,1.1281998013146222e-05
7678,45420,6,6,4,1.6824000340420753e-05
7679,85841,7,5,2,1.4142999134492129e-05
7680,55664,8,6,1,1.4763998478883877e-05
7681,59764,6,6,4,1.3443997886497527e-05
7682,61812,6,6,1,1.1249998351559043e-05
7683,57719,16,6,2,2.096800017170608e-05
7684,23351,21,5,0,1.7798000044422224e-05
7685,29060,6,6,3,1.1781001376220956e-05
7686,63878,7,6,1,1.304999750573188e-05
7687,394,8,6,3,1.5510002413066104e-05
7688,20884,13,6,1,1.8352999177295715e-05
7689,39337,16,6,2,1.940700167324394e-05
7690,43450,7,6,4,1.6352998500224203e-05
7691,22972,7,6,3,1.1297001037746668e-05
7692,56493,10,5,1,1.2108997907489538e-05
7693,6612,6,6,2,1.9813996914308518e-05
7694,469,6,6,1,1.0261999705107883e-05
7695,50902,7,5,0,4.780999006470665e-06
7696,88033,9,4,0,5.845002306159586e-06
7697,48204,6,3,0,3.5279990697745234e-06
7698,23718,7,2,0,3.6620003811549395e-06
7699,12018,9,3,0,9.993000276153907e-06
7700,2764,12,5,2,4.613399869413115e-05
7701,33265,6,5,2,1.539799995953217e-05
7702,23004,13,6,3,1.8045000615529716e-05
7703,14821,13,6,2,2.3774002329446375e-05
7704,2535,6,6,1,1.2449996575014666e-05
7705,4628,6,5,0,4.594003257807344e-06
7706,11480,6,4,0,4.169996827840805e-06
7707,63226,6,3,0,3.829001798294485e-06
7708,30515,6,2,0,3.3659998734947294e-06
7709,33261,9,6,3,1.7750000552041456e-05
7710,494,6,6,3,1.5145000361371785e-05
7711,86517,6,6,1,1.1624000762822106e-05
7712,80375,7,6,4,1.561899989610538e-05
7713,20994,6,6,2,2.1477000700542703e-05
7714,16901,6,6,1,1.268800042453222e-05
7715,16905,6,6,1,9.405001037521288e-06
7716,80396,9,6,1,1.8699996871873736e-05
7717,59003,17,5,1,2.3207998310681432e-05
7718,25105,6,6,1,1.1346000974299386e-05
7719,29209,9,6,3,1.749299917719327e-05
7720,72219,6,6,1,9.882998710963875e-06
7721,86563,17,6,3,2.1479001588886604e-05
7722,549,6,6,2,1.6361998859792948e-05
7723,29227,8,6,2,1.8316000932827592e-05
7724,71493,13,5,1,1.7366997781209648e-05
7725,59959,6,6,2,2.447299993946217e-05
7726,1823,9,5,0,9.990999387810007e-06
7727,72251,6,6,3,2.082599894492887e-05
7728,5974,9,5,1,2.029000097536482e-05
7729,57982,6,5,1,1.3108001439832151e-05
7730,78408,7,6,4,1.5540997992502525e-05
7731,21065,6,6,2,1.4514000213239342e-05
7732,31319,7,6,2,1.8613998690852895e-05
7733,25617,10,5,2,1.740599691402167e-05
7734,80473,8,6,1,1.2776999938068911e-05
7735,83228,6,5,0,4.475001333048567e-06
7736,77749,8,4,0,4.921999789075926e-06
7737,33407,19,4,1,1.6244001017184928e-05
7738,39245,9,3,0,8.254002750618383e-06
7739,39850,11,2,0,4.5000015234109014e-06
7740,33442,21,2,0,1.1299998732283711e-05
7741,74331,7,6,4,1.5945999621180817e-05
7742,12898,8,6,2,1.997599974856712e-05
7743,23153,14,5,1,1.485900065745227e-05
7744,8803,9,6,4,1.8809001630870625e-05
7745,35428,8,6,0,1.0145002306671813e-05
7746,52577,7,5,1,1.164900095318444e-05
7747,58043,8,4,0,4.606001311913133e-06
7748,49755,18,5,0,1.4610999642172828e-05
7749,88678,7,6,1,1.5128000086406246e-05
7750,76391,6,6,2,1.551599780214019e-05
7751,47722,6,6,1,1.0566000128164887e-05
7752,49783,7,6,3,1.9972001609858125e-05
7753,23163,7,6,1,1.0736999684013426e-05
7754,4756,6,5,0,4.355002602096647e-06
7755,79201,6,4,0,3.7299978430382907e-06
7756,76698,6,3,0,3.4460026654414833e-06
7757,46697,7,2,0,4.002002242486924e-06
7758,2419,10,3,1,4.0465998608851805e-05
7759,24973,13,3,2,1.3659002433996648e-05
7760,36677,7,5,3,1.5123998309718445e-05
7761,88702,7,6,1,1.2962002074345946e-05
7762,47749,6,6,3,1.8938997527584434e-05
7763,10897,7,6,2,2.1097999706398696e-05
7764,27310,8,6,2,1.9530998542904854e-05
7765,40200,6,5,1,1.3246000889921561e-05
7766,8881,15,6,3,2.7000998670700938e-05
7767,81389,16,5,0,7.82599818194285e-06
7768,65885,7,4,0,4.722001904156059e-06
7769,6769,14,5,0,1.1255997378611937e-05
7770,14580,10,5,1,1.86910001502838e-05
7771,66856,7,5,1,1.473500014981255e-05
7772,59005,6,5,1,1.2864999007433653e-05
7773,47794,13,6,3,2.002900146180764e-05
7774,72524,17,5,2,1.4569999621016905e-05
7775,83411,15,5,2,1.9461000192677602e-05
7776,64179,19,6,1,1.9033999706152827e-05
7777,34174,12,5,0,8.333998266607523e-06
7778,11192,9,5,1,9.79000105871819e-06
7779,88767,8,6,2,2.1810999896842986e-05
7780,60119,8,6,3,1.8445000023348257e-05
7781,19178,8,6,3,2.1032999939052388e-05
7782,6226,11,5,1,1.1338001058902591e-05
7783,80985,9,5,1,8.253999112639576e-06
7784,78572,8,6,2,2.2062999050831422e-05
7785,21231,13,6,1,1.7406000552000478e-05
7786,80628,7,6,2,2.0806000975426286e-05
7787,17149,7,6,2,1.5049998182803392e-05
7788,62224,9,6,2,2.3041000531520694e-05
7789,21306,8,6,4,2.013300036196597e-05
7790,12221,9,5,0,1.2044001778122038e-05
7791,15720,15,5,0,1.8785998690873384e-05
7792,78654,10,6,3,2.320299972780049e-05
7793,26882,10,5,0,9.638999472372234e-06
7794,58510,8,5,1,1.5020999853732064e-05
7795,71256,10,5,0,1.0781997843878344e-05
7796,68746,10,4,0,8.047998562688008e-06
7797,19275,6,6,4,2.2796000848757103e-05
7798,29519,16,6,2,2.5298999389633536e-05
7799,74575,10,6,3,1.8522998288972303e-05
7800,24357,13,5,2,1.8972998077515513e-05
7801,29523,8,6,2,1.763700129231438e-05
7802,85281,6,5,1,1.208100002259016e-05
7803,88917,14,6,2,2.1700998331652954e-05
7804,68460,8,6,3,1.6971000150078908e-05
7805,21363,11,6,0,1.823899947339669e-05
7806,33651,8,6,2,5.441599932964891e-05
7807,63457,7,5,1,2.5552999431965873e-05
7808,70090,9,5,2,1.537899879622273e-05
7809,48838,6,5,2,1.0650001058820635e-05
7810,80765,23,6,2,2.8716000088024884e-05
7811,58393,13,5,2,1.7123002180596814e-05
7812,35048,12,5,3,1.4473000192083418e-05
7813,58239,9,6,1,2.5892000849125907e-05
7814,7541,9,5,0,6.083999323891476e-06
7815,30978,16,5,0,1.133099794969894e-05
7816,23423,12,6,2,1.6485002561239526e-05
7817,9089,13,6,1,1.7501999536762014e-05
7818,9090,6,6,1,1.190699913422577e-05
7819,41874,12,6,1,2.2681000700686127e-05
7820,31636,8,6,3,1.751200034050271e-05
7821,86938,13,6,0,1.8042002920992672e-05
7822,31646,6,6,1,1.0992996976710856e-05
7823,38194,6,5,0,4.377001459943131e-06
7824,33699,6,6,2,1.6656002117088065e-05
7825,15275,9,6,2,1.4176002878230065e-05
7826,81888,6,5,3,1.1873002222273499e-05
7827,33713,6,6,1,9.834002412389964e-06
7828,68804,6,5,0,4.39500217908062e-06
7829,40389,7,5,1,7.889000698924065e-06
7830,33618,12,4,0,6.6879983933176845e-06
7831,5830,7,3,0,3.797002136707306e-06
7832,5837,8,2,0,3.903001925209537e-06
7833,80206,11,1,0,3.819997800746933e-06
7834,39876,7,6,3,1.9887000235030428e-05
7835,26009,8,5,3,1.5336998330894858e-05
7836,62418,8,6,2,3.0182996852090582e-05
7837,54244,16,6,2,2.1809002646477893e-05
7838,64483,7,6,4,1.673700171522796e-05
7839,84965,14,6,1,1.9574999896576628e-05
7840,78824,9,6,3,1.8147999071516097e-05
7841,19434,9,6,2,1.849999898695387e-05
7842,28355,15,5,0,1.1554999218787998e-05
7843,74642,7,5,1,9.257000783691183e-06
7844,75146,7,4,0,4.639001417672262e-06
7845,37872,8,6,2,1.74409979081247e-05
7846,68597,13,6,1,1.59659975906834e-05
7847,10077,6,5,0,4.263998562237248e-06
7848,80964,7,4,0,4.478999471757561e-06
7849,3612,6,3,0,3.463999746600166e-06
7850,18890,8,3,1,6.888996722409502e-06
7851,68864,9,3,1,8.709001122042537e-06
7852,88566,17,5,0,9.465002221986651e-06
7853,58359,6,6,1,1.266899926122278e-05
7854,24476,6,5,0,4.266003088559955e-06
7855,52215,9,6,2,1.8890998035203665e-05
7856,5757,8,5,1,1.0266001481795684e-05
7857,80911,8,6,3,1.9497001630952582e-05
7858,69429,15,5,1,1.371500184177421e-05
7859,36734,8,5,1,1.5838002582313493e-05
7860,87057,10,6,2,2.183099786634557e-05
7861,55006,8,5,1,1.6385998605983332e-05
7862,79508,8,5,0,1.0078001650981605e-05
7863,64536,7,6,1,4.930000068270601e-05
7864,39963,6,6,3,2.575799953774549e-05
7865,70689,6,6,1,1.2335000064922497e-05
7866,32065,6,5,0,4.634999640984461e-06
7867,36314,6,4,0,3.866000042762607e-06
7868,28162,6,3,0,3.654000465758145e-06
7869,77454,6,2,0,3.2720017770770937e-06
7870,30240,6,1,0,3.0529990908689797e-06
7871,46117,12,6,3,1.922499723150395e-05
7872,52273,6,6,3,2.2173000616021454e-05
7873,1073,6,6,1,1.1380998330423608e-05
7874,76850,11,5,0,7.239999831654131e-06
7875,56370,6,6,1,1.2263997632544488e-05
7876,30027,6,5,0,4.616002115653828e-06
7877,80945,7,6,2,1.1476000508992001e-05
7878,68661,9,6,1,1.7272999684792012e-05
7879,50233,6,6,1,1.0775002010632306e-05
7880,11328,6,6,1,1.0177998774452135e-05
7881,75241,6,5,0,4.535999323707074e-06
7882,21756,6,4,0,4.143999831285328e-06
7883,79721,6,3,0,3.420998837100342e-06
7884,22757,8,3,0,8.456998330075294e-06
7885,61117,8,2,0,3.959998139180243e-06
7886,54336,11,6,3,2.5710000045364723e-05
7887,35915,6,6,1,1.235899981111288e-05
7888,69070,6,5,0,4.839999746764079e-06
7889,28528,6,4,0,5.754998710472137e-06
7890,60047,7,4,1,6.40600046608597e-06
7891,48558,10,3,0,8.945000445237383e-06
7892,72781,11,6,2,1.6658003005431965e-05
7893,54358,6,6,2,2.2462998458649963e-05
7894,81002,7,6,3,1.99290007003583e-05
7895,56444,7,6,4,6.49110006634146e-05
7896,56453,10,6,1,2.0890001906082034e-05
7897,81034,6,6,1,1.298600182053633e-05
7898,64827,6,5,0,4.369998350739479e-06
7899,3215,8,6,3,1.9117000192636624e-05
7900,40092,9,6,1,2.115800089086406e-05
7901,68764,6,6,1,1.2331001926213503e-05
7902,1184,11,6,4,1.679900015005842e-05
7903,13473,8,6,4,1.6928999684751034e-05
7904,3268,6,6,3,2.1269999706419185e-05
7905,54490,9,6,1,1.3623997801914811e-05
7906,69572,7,5,0,5.042002158006653e-06
7907,38111,9,6,1,1.2075000995537266e-05
7908,21755,7,6,1,1.0337997082388029e-05
7909,9924,12,5,0,6.58200224279426e-06
7910,73420,6,4,0,4.051998985232785e-06
7911,73426,6,3,0,3.436001861700788e-06
7912,51979,9,3,0,8.983999578049406e-06
7913,77720,9,2,0,4.110999725526199e-06
7914,11527,7,6,3,2.36550004046876e-05
7915,44298,8,6,2,1.8250000721309334e-05
7916,54550,6,6,1,1.1794003512477502e-05
7917,1845,6,5,0,4.418001481099054e-06
7918,42283,6,6,4,1.424799847882241e-05
7919,73004,9,6,4,1.7092999769374728e-05
7920,23853,6,6,3,1.9344999600434676e-05
7921,52527,15,6,1,2.3544998839497566e-05
7922,68925,11,6,2,4.9358000978827477e-05
7923,21822,6,6,2,3.501000173855573e-05
7924,9546,18,6,3,2.2052998247090727e-05
7925,23885,6,6,3,1.9250997866038233e-05
7926,11602,6,6,3,1.978799991775304e-05
7927,25941,13,6,2,1.9434002751950175e-05
7928,39236,13,5,2,1.8958999135065824e-05
7929,77173,7,6,1,1.60570016305428e-05
7930,44408,6,6,3,1.997399886022322e-05
7931,23931,18,6,2,2.4892997316783294e-05
7932,64893,10,6,2,1.9391998648643494e-05
7933,38273,6,6,1,1.122799949371256e-05
7934,14103,7,5,0,4.745998012367636e-06
7935,19842,8,6,1,1.644799704081379e-05
7936,79245,7,6,3,1.4201999874785542e-05
7937,28048,8,6,1,1.048299964168109e-05
7938,54267,13,5,0,2.074100120807998e-05
7939,1843,9,5,3,1.2774002243531868e-05
7940,69564,13,5,1,1.4278997696237639e-05
7941,46500,6,6,2,2.0608000340871513e-05
7942,50603,7,6,5,1.7676997231319547e-05
7943,50611,6,6,2,1.9466999219730496e-05
7944,34770,7,5,0,1.6840000171214342e-05
7945,75187,7,6,1,9.306000720243901e-06
7946,71094,8,6,3,1.726899790810421e-05
7947,19895,12,6,3,1.9292998331366107e-05
7948,42976,7,5,1,1.3914999726694077e-05
7949,17854,6,6,2,1.3969001884106547e-05
7950,54724,8,6,2,9.103998309001327e-06
7951,60871,6,6,2,2.3303000489249825e-05
7952,81351,9,6,3,1.919799979077652e-05
7953,77262,10,6,2,2.227100048912689e-05
7954,54738,14,6,2,2.158000279450789e-05
7955,20180,13,5,0,1.6168000001925975e-05
7956,42480,7,6,2,1.4531000488204882e-05
7957,79352,7,6,3,1.8211998394690454e-05
7958,83452,11,6,3,2.209599915659055e-05
7959,17921,6,6,1,1.1395000910852104e-05
7960,83944,6,5,0,4.527002602117136e-06
7961,52739,13,6,1,1.7688002117211e-05
7962,77319,7,6,3,1.4584999007638544e-05
7963,5651,9,6,1,1.9556999177439138e-05
7964,17943,13,6,3,1.8253998860018328e-05
7965,44572,14,6,0,2.466500154696405e-05
7966,11360,23,5,1,2.124499951605685e-05
7967,11808,10,6,3,2.1015002857893705e-05
7968,20016,23,6,1,6.289599696174264e-05
7969,60980,6,6,1,1.2330001482041553e-05
7970,36654,6,5,0,4.6099994506221265e-06
7971,26260,6,4,0,4.030000127386302e-06
7972,67128,7,6,3,2.1264997485559434e-05
7973,15934,6,6,2,2.299799962202087e-05
7974,30275,6,6,1,1.1247000657022e-05
7975,75333,10,6,3,2.15519976336509e-05
7976,42576,7,6,3,1.730199801386334e-05
7977,46695,8,6,3,2.2105999960331246e-05
7978,12682,9,5,1,9.00599843589589e-06
7979,1640,6,6,1,1.0430001566419378e-05
7980,48746,11,6,5,1.6081998182926327e-05
7981,34430,15,6,2,2.563800080679357e-05
7982,42629,6,6,2,1.7080998077290133e-05
7983,85640,6,6,2,1.9555998733267188e-05
7984,79498,6,6,1,1.1814001481980085e-05
7985,28298,11,6,2,1.891699866973795e-05
7986,41376,10,5,0,1.4946999726817012e-05
7987,27168,8,5,1,8.910003089113161e-06
7988,67212,7,6,1,2.0736999431392178e-05
7989,79820,7,5,0,4.53200118499808e-06
7990,1677,7,6,2,1.4048997400095686e-05
7991,36496,22,6,1,2.4747001589275897e-05
7992,54932,20,6,0,1.7850998119683936e-05
7993,1943,10,5,2,1.719899955787696e-05
7994,67234,6,6,1,1.0667998139979318e-05
7995,8063,6,5,0,4.190002073301002e-06
7996,61609,7,5,1,9.923001925926656e-06
7997,85704,7,4,0,4.47599813924171e-06
7998,36515,13,6,1,1.2122000043746084e-05
7999,74397,28,5,0,2.3975000658538193e-05
8000,59056,11,6,2,1.5749999874969944e-05
8001,85801,13,5,1,1.3493998267222196e-05
8002,24252,11,6,2,2.523900184314698e-05
8003,20162,9,6,1,1.762200190569274e-05
8004,81794,13,5,2,1.7775997548596933e-05
8005,88049,15,5,2,1.6734997188905254e-05
8006,40654,6,6,1,1.2739998055621982e-05
8007,81615,9,6,1,2.188600046792999e-05
8008,54993,9,6,2,1.8569000530987978e-05
8009,73095,11,5,0,1.0884999937843531e-05
8010,55023,12,5,2,1.7948997992789373e-05
8011,38617,6,6,4,1.6625002899672836e-05
8012,75491,20,6,2,2.4842000129865482e-05
8013,26341,6,6,5,1.9999999494757503e-05
8014,42727,18,6,0,1.5010002243798226e-05
8015,77546,12,6,1,1.5772002370795235e-05
8016,1795,8,6,1,1.5670000721001998e-05
8017,12037,8,6,3,4.8623998736729845e-05
8018,55094,12,5,2,2.3873002646723762e-05
8019,16163,11,6,3,1.7431000742362812e-05
8020,48942,9,6,2,1.669799894443713e-05
8021,16175,8,6,2,1.9743001757888123e-05
8022,36699,9,6,2,1.3726999895879999e-05
8023,20318,13,6,2,1.7956001101993024e-05
8024,1892,14,6,1,2.034399949479848e-05
8025,83833,6,6,2,2.1555002604145557e-05
8026,1932,11,6,1,1.704600072116591e-05
8027,79761,12,6,2,1.968300057342276e-05
8028,55967,20,5,0,1.6672998754074797e-05
8029,24469,8,6,3,1.438599792891182e-05
8030,84927,12,5,2,1.1160002031829208e-05
8031,18326,6,6,3,1.7832000594353303e-05
8032,73631,8,6,2,1.8329003069084138e-05
8033,42924,12,6,5,1.3444998330669478e-05
8034,79789,7,6,2,1.9914001313736662e-05
8035,75696,10,6,4,1.5958001313265413e-05
8036,65458,6,6,2,2.212699837400578e-05
8037,30645,6,6,1,1.1149000783916563e-05
8038,55222,11,6,2,2.6778001483762637e-05
8039,61381,8,6,2,1.620799957890995e-05
8040,20470,10,5,2,9.157000022241846e-06
8041,16337,10,6,1,1.7820999346440658e-05
8042,14311,6,5,4,1.452599826734513e-05
8043,16350,6,6,3,1.5503999748034403e-05
8044,67560,7,6,3,1.8776001525111496e-05
8045,59389,6,6,4,2.1652998839272186e-05
8046,26627,14,6,3,2.1600000764010474e-05
8047,51206,11,6,2,2.0265000785002485e-05
8048,45246,9,6,1,1.6087000403786078e-05
8049,86261,7,6,1,2.2467000235337764e-05
8050,37114,7,6,2,1.4601999282604083e-05
8051,80223,9,6,2,1.4189001376507804e-05
8052,76134,10,6,3,2.2134998289402574e-05
8053,25216,9,5,1,8.59099964145571e-06
8054,23193,11,5,0,1.1039999662898481e-05
8055,53496,8,4,2,1.1353997251717374e-05
8056,72259,8,5,1,1.0836000001290813e-05
8057,75319,7,5,2,1.608900129212998e-05
8058,4531,8,6,2,2.3871001758379862e-05
8059,44492,8,5,1,7.784001354593784e-06
8060,6580,20,6,3,2.521900023566559e-05
8061,33206,15,6,1,1.9750001229112968e-05
8062,64921,13,5,2,1.558599979034625e-05
8063,33236,9,6,0,4.7895999159663916e-05
8064,4576,9,6,4,2.4912998924264684e-05
8065,10727,16,6,1,2.6598998374538496e-05
8066,51719,19,6,1,2.4106000637402758e-05
8067,39448,16,6,0,2.114100061589852e-05
8068,70179,17,6,1,2.129499989678152e-05
8069,19024,29,6,2,3.0103998142294586e-05
8070,21215,14,5,1,1.6769998183008283e-05
8071,78504,9,6,1,1.5698999050073326e-05
8072,80556,7,6,2,2.160800067940727e-05
8073,51926,12,6,2,2.0282001059968024e-05
8074,72619,13,5,0,1.1696000001393259e-05
8075,50443,12,5,0,7.895003363955766e-06
8076,12771,9,5,0,1.020900162984617e-05
8077,75734,24,5,0,2.3173997760750353e-05
8078,20941,20,5,1,2.10859980143141e-05
8079,691,14,5,1,1.6130001313285902e-05
8080,19532,25,5,0,1.9153001630911604e-05
8081,27382,8,6,4,1.3671000488102436e-05
8082,78604,8,6,2,5.674000203725882e-05
8083,41756,14,6,4,2.4952998501248658e-05
8084,39738,8,6,2,2.1856998500879854e-05
8085,86880,10,6,4,1.9791998056462035e-05
8086,882,18,6,2,2.8209000447532162e-05
8087,2959,7,6,2,1.8923998140962794e-05
8088,84909,8,6,1,1.3569999282481149e-05
8089,972,7,6,3,1.864600199041888e-05
8090,31693,8,6,2,1.532900205347687e-05
8091,54227,11,6,5,1.945900294231251e-05
8092,82906,19,6,2,2.4397999368375167e-05
8093,13298,9,6,2,1.779000012902543e-05
8094,82953,8,6,1,1.1432002793299034e-05
8095,42020,8,6,0,1.315700137638487e-05
8096,78895,9,6,1,2.313599907211028e-05
8097,54391,8,6,3,1.8945000192616135e-05
8098,68817,16,6,1,2.692500129342079e-05
8099,81120,10,6,2,1.815699943108484e-05
8100,62722,10,6,2,2.171099913539365e-05
8101,69866,29,5,1,5.930800034548156e-05
8102,3387,14,6,2,3.552999987732619e-05
8103,87369,10,6,3,2.3173997760750353e-05
8104,7574,7,6,3,1.6393001715186983e-05
8105,67058,10,6,1,2.2975000320002437e-05
8106,1561,9,6,3,1.855200025602244e-05
8107,48797,9,6,1,2.0780000340892002e-05
8108,26677,9,5,0,5.734000296797603e-06
8109,8067,9,5,0,1.0285999451298267e-05
8110,21384,11,5,1,1.6119000065373257e-05
8111,46874,9,5,3,1.442700158804655e-05
8112,79658,16,6,1,2.310299896635115e-05
8113,10070,9,6,2,2.1924999600742012e-05
8114,67543,11,6,3,1.888600309030153e-05
8115,77983,13,6,3,1.987600262509659e-05
8116,51535,11,6,0,1.6758000128902495e-05
8117,29052,8,6,3,1.3172000763006508e-05
8118,49538,11,6,3,1.843399877543561e-05
8119,88458,13,6,2,2.4921002477640286e-05
8120,55768,15,6,3,2.4515000404790044e-05
8121,68187,8,6,2,1.9291997887194157e-05
8122,47826,13,6,2,1.9621998944785446e-05
8123,78595,8,6,1,1.689000055193901e-05
8124,49968,14,6,3,2.0195002434775233e-05
8125,33805,14,6,0,2.3944001441122964e-05
8126,75784,15,6,2,2.4696000764379278e-05
8127,4118,8,7,2,2.0190000213915482e-05
8128,16415,7,7,3,7.613400157424621e-05
8129,64030,7,6,2,1.7122998542618006e-05
8130,32433,12,6,0,1.1735999578377232e-05
8131,45281,8,5,1,6.061000021873042e-06
8132,81954,18,7,2,2.1640000340994447e-05
8133,54912,9,6,2,1.355499989585951e-05
8134,65955,18,6,0,1.879299816209823e-05
8135,51235,7,7,1,1.5460002032341436e-05
8136,36900,8,7,3,2.3144002625485882e-05
8137,14375,7,7,1,1.1715997970895842e-05
8138,27512,7,6,0,5.460002284962684e-06
8139,1562,7,5,0,4.488996637519449e-06
8140,50252,14,6,1,3.26510016748216e-05
8141,65718,13,5,0,7.120997906895354e-06
8142,59816,14,5,1,1.6530997527297586e-05
8143,77418,23,4,0,4.2790998122654855e-05
8144,25993,14,5,3,2.742700235103257e-05
8145,1767,27,5,0,2.329600101802498e-05
8146,70991,14,6,2,1.9487000827211887e-05
8147,71211,23,6,1,2.2052998247090727e-05
8148,18537,16,6,3,2.2379001165973023e-05
8149,846,11,6,1,1.967999924090691e-05
8150,63031,13,6,2,2.226399737992324e-05
8151,38953,11,7,0,1.635000080568716e-05
8152,28787,19,6,1,2.6475998311070725e-05
8153,55344,7,7,1,1.397099913447164e-05
8154,58127,7,6,0,5.563997547142208e-06
8155,2103,17,7,1,2.6009998691733927e-05
8156,79816,10,6,2,1.518800127087161e-05
8157,71908,11,6,1,2.6720997993834317e-05
8158,75867,29,7,1,2.714299989747815e-05
8159,75161,14,6,3,1.9676001102197915e-05
8160,35133,10,6,2,1.9570001313695684e-05
8161,77032,10,6,3,1.8038997950498015e-05
8162,39599,13,6,2,2.2375999833457172e-05
8163,73825,8,7,1,1.3790002412861213e-05
8164,89115,7,6,0,5.199999577598646e-06
8165,40065,7,5,0,4.65199991595e-06
8166,52901,8,4,0,4.902001819573343e-06
8167,36545,11,3,0,5.109999619890004e-06
8168,63093,8,2,0,3.921002644347027e-06
8169,73287,7,1,0,3.016997652594e-06
8170,21625,13,1,0,4.755998816108331e-06
8171,34918,17,7,0,1.515199983259663e-05
8172,65663,7,7,1,1.497799894423224e-05
8173,71145,7,6,0,5.592999514192343e-06
8174,35086,8,5,0,5.376001354306936e-06
8175,84102,8,7,3,2.8366001060931012e-05
8176,49295,9,7,5,3.07059999613557e-05
8177,80024,8,7,1,2.0579998817993328e-05
8178,32140,8,6,1,8.90299997990951e-06
8179,26707,8,6,1,9.26699794945307e-06
8180,49820,12,5,0,1.1160002031829208e-05
8181,14490,9,7,2,2.4558001314289868e-05
8182,41954,9,6,0,1.1532003554748371e-05
8183,30875,7,7,1,1.2143998901592568e-05
8184,58365,7,6,0,5.619000148726627e-06
8185,33722,7,5,0,4.608999006450176e-06
8186,54467,9,4,0,5.077999958302826e-06
8187,23231,7,3,0,3.850000211969018e-06
8188,23271,7,2,0,3.52500137523748e-06
8189,52530,7,1,0,3.169003321090713e-06
8190,57403,13,2,0,5.8059995353687555e-06
8191,37020,10,7,3,2.192199826822616e-05
8192,7639,7,6,1,1.042799704009667e-05
8193,29829,8,6,1,7.201000698842108e-06
8194,51359,7,7,1,1.3439999747788534e-05
8195,17667,7,6,0,5.770001735072583e-06
8196,25046,7,5,0,4.813999112229794e-06
8197,10210,9,6,1,2.4431003112113103e-05
8198,51062,9,6,0,5.590599903371185e-05
8199,26258,12,6,0,2.027300070039928e-05
8200,30890,7,7,1,1.6461999621242285e-05
8201,65707,7,7,2,2.2111002181190997e-05
8202,26796,11,7,2,2.521799979149364e-05
8203,8367,7,7,2,2.2702002752339467e-05
8204,33984,8,6,1,2.140300057362765e-05
8205,8372,7,7,1,1.2481999874580652e-05
8206,59927,7,6,0,5.621001037070528e-06
8207,82496,7,5,0,4.6869972720742226e-06
8208,35691,7,4,0,4.196001100353897e-06
8209,18173,11,6,1,1.2427997717168182e-05
8210,61599,11,5,0,5.816000339109451e-06
8211,58315,13,6,1,1.2756001524394378e-05
8212,86215,12,7,3,2.5794997782213613e-05
8213,30924,7,7,2,1.6598998627159745e-05
8214,82124,10,7,3,2.6732999685918912e-05
8215,73198,13,6,2,2.766099714790471e-05
8216,55503,10,7,5,2.9537000955315307e-05
8217,8406,7,7,2,2.7768001018557698e-05
8218,43229,7,7,1,1.1116000678157434e-05
8219,45322,8,6,0,6.083002517698333e-06
8220,31808,8,5,0,4.8670008254703134e-06
8221,18678,7,7,1,1.090099976863712e-05
8222,43541,7,6,0,5.49999822396785e-06
8223,72879,7,5,0,4.543999239103869e-06
8224,69405,7,4,0,4.0190025174524635e-06
8225,47859,7,3,0,3.6710007407236844e-06
8226,78496,7,2,0,3.5049997677560896e-06
8227,21367,7,1,0,3.0810006137471646e-06
8228,26871,12,7,2,2.2471998818218708e-05
8229,18687,11,7,2,1.950199657585472e-05
8230,31360,10,6,4,1.805300053092651e-05
8231,76042,13,7,1,2.471900006639771e-05
8232,51482,11,7,1,1.664099909248762e-05
8233,49828,7,6,0,5.522000719793141e-06
8234,12578,9,7,0,1.9798000721493736e-05
8235,16681,11,7,4,2.3076998331816867e-05
8236,88389,8,7,2,1.6427002265118062e-05
8237,25961,16,6,3,2.0080002286704257e-05
8238,43349,18,7,1,3.0507999326800928e-05
8239,18780,11,7,3,2.5334000383736566e-05
8240,24925,9,7,5,2.1667001419700682e-05
8241,16186,7,6,1,6.4539999584667385e-06
8242,50581,9,6,2,1.8207003449788317e-05
8243,58920,8,5,1,9.508999937679619e-06
8244,53609,7,7,1,1.1128999176435173e-05
8245,7890,7,6,0,5.603000317933038e-06
8246,38908,7,5,0,4.567998985294253e-06
8247,8006,7,4,0,3.977998858317733e-06
8248,15425,7,3,0,3.758999810088426e-06
8249,6547,7,2,0,3.4810000215657055e-06
8250,76217,7,1,0,3.2380012271460146e-06
8251,51975,7,0,0,2.878001396311447e-06
8252,43369,11,7,2,2.1670999558409676e-05
8253,26999,8,7,3,2.174499968532473e-05
8254,41343,9,7,1,6.727800064254552e-05
8255,67283,9,6,0,6.345999281620607e-06
8256,53074,14,5,0,2.1283998648868874e-05
8257,43352,10,6,1,2.4306998966494575e-05
8258,60436,9,6,2,1.745899862726219e-05
8259,1817,11,5,1,7.714999810559675e-06
8260,56066,14,5,0,1.1512998753460124e-05
8261,11045,18,6,2,1.6242000128841028e-05
8262,65920,13,7,4,2.329500057385303e-05
8263,22918,7,7,3,2.1027000911999494e-05
8264,87432,9,7,4,2.487500023562461e-05
8265,72394,7,6,3,1.8757000361802056e-05
8266,2443,8,7,1,1.5263998648151755e-05
8267,48029,7,6,0,5.7019969972316176e-06
8268,11551,8,5,0,4.975001502316445e-06
8269,71163,7,4,0,4.182998964097351e-06
8270,2444,7,3,0,3.929999365936965e-06
8271,14234,7,2,0,3.735000063898042e-06
8272,71135,12,2,0,1.0153999028261751e-05
8273,14732,7,7,1,1.1407999409129843e-05
8274,7081,7,6,0,5.478999810293317e-06
8275,20037,7,5,0,4.7819994506426156e-06
8276,22134,7,4,0,4.331999662099406e-06
8277,13643,7,3,0,3.755998477572575e-06
8278,58530,7,2,0,3.4059994504787028e-06
8279,50616,7,1,0,3.2480020308867097e-06
8280,83218,11,1,0,4.5000015234109014e-06
8281,35214,13,7,4,2.421200042590499e-05
8282,86418,7,7,1,1.1326003004796803e-05
8283,80916,9,6,0,6.685997504973784e-06
8284,35227,7,5,0,4.364999767858535e-06
8285,68532,9,5,1,6.36549993942026e-05
8286,49550,12,4,0,9.538001904729754e-06
8287,58226,13,5,0,1.2540000170702115e-05
8288,76968,24,6,1,3.084000127273612e-05
8289,2241,17,6,2,1.9807997887255624e-05
8290,2734,11,5,3,1.7277998267672956e-05
8291,12923,16,6,2,2.0911000319756567e-05
8292,10643,12,7,5,2.5802000891417265e-05
8293,23570,15,6,1,1.9450999388936907e-05
8294,49556,7,7,1,1.1897001968463883e-05
8295,66702,7,6,0,5.508001777343452e-06
8296,2802,7,5,0,4.591998731484637e-06
8297,79276,7,4,0,4.208999598631635e-06
8298,9684,11,3,0,5.451998731587082e-06
8299,42597,7,2,0,3.32999843521975e-06
8300,14113,16,5,1,1.8535996787250042e-05
8301,42387,7,7,1,1.1653999536065385e-05
8302,42195,8,6,0,5.580997822107747e-06
8303,79706,7,5,0,4.378001904115081e-06
8304,1579,7,4,0,3.8620019040536135e-06
8305,20152,8,3,0,4.026998794870451e-06
8306,78897,8,2,0,3.693003236548975e-06
8307,24074,8,1,0,3.402001311769709e-06
8308,42462,10,3,2,1.0405998182250187e-05
8309,40340,7,7,1,1.213600262417458e-05
8310,28452,7,6,0,5.67600000067614e-06
8311,4093,7,5,0,4.5720007619820535e-06
8312,51899,14,6,1,2.511600177967921e-05
8313,6557,11,7,3,2.8425001801224425e-05
8314,42403,7,7,1,1.31070009956602e-05
8315,79395,7,6,0,5.652997060678899e-06
8316,24267,8,6,1,9.069000952877104e-06
8317,46969,10,5,0,2.4732002202654257e-05
8318,55836,8,4,0,1.001299824565649e-05
8319,20444,11,3,0,5.254001735011116e-06
8320,22951,8,7,2,3.3454998629167676e-05
8321,52124,7,6,0,5.319001502357423e-06
8322,47532,8,7,2,2.8785001632058993e-05
8323,34221,9,7,3,2.3990996851352975e-05
8324,44467,12,7,4,2.1021998691139743e-05
8325,34297,7,6,3,1.7170998034998775e-05
8326,20918,11,7,1,1.9513998267939314e-05
8327,34231,12,7,1,1.3793000107398257e-05
8328,460,10,7,3,2.610500087030232e-05
8329,68049,7,7,2,2.1726002159994096e-05
8330,33234,8,7,2,1.672999860602431e-05
8331,465,13,7,1,2.0572999346768484e-05
8332,65330,11,6,0,1.1544998415047303e-05
8333,71952,8,6,1,1.9635001081041992e-05
8334,56235,8,5,0,4.561999958241358e-06
8335,56437,8,5,0,9.978000889532268e-06
8336,13675,26,6,1,2.838999716914259e-05
8337,36310,8,7,4,2.258700260426849e-05
8338,17387,14,6,1,2.0600000425474718e-05
8339,21582,10,6,3,2.1900999854551628e-05
8340,71126,12,7,0,1.3910001143813133e-05
8341,30183,9,7,4,2.266699812025763e-05
8342,23869,9,6,2,1.6980000509647653e-05
8343,32371,13,6,1,1.996200080611743e-05
8344,18921,9,7,1,1.4363999071065336e-05
8345,63393,7,6,0,5.561996658798307e-06
8346,85496,7,5,0,4.369998350739479e-06
8347,54171,7,4,0,4.175002686679363e-06
8348,13410,8,3,0,4.2909996409434825e-06
8349,21834,14,3,1,8.13999940874055e-06
8350,4615,12,2,1,6.97699942975305e-06
8351,68556,24,6,1,2.6866000553127378e-05
8352,49645,15,7,5,2.6191002689301968e-05
8353,1521,13,7,5,1.953899845830165e-05
8354,10744,9,7,3,2.1151001419639215e-05
8355,57849,9,7,2,3.155000013066456e-05
8356,1115,8,6,1,1.107099888031371e-05
8357,65152,9,5,0,5.509999027708545e-06
8358,50895,15,5,1,1.603900091140531e-05
8359,67072,7,7,1,1.2157001037849113e-05
8360,60968,7,6,0,5.854999471921474e-06
8361,75640,7,5,0,4.756002454087138e-06
8362,58364,7,4,0,4.256999091012403e-06
8363,83000,7,3,0,3.845998435281217e-06
8364,70188,7,2,0,3.6910023482050747e-06
8365,19463,7,1,0,3.031000233022496e-06
8366,7857,10,2,0,5.7249999372288585e-06
8367,56840,9,7,1,1.4804998500039801e-05
8368,1872,7,6,0,5.570000212173909e-06
8369,6665,8,7,2,6.1578000895679e-05
8370,85522,12,7,3,2.252899867016822e-05
8371,69139,9,7,2,2.2349999198922887e-05
8372,2643,14,6,1,2.2334003006108105e-05
8373,532,10,7,2,1.133399928221479e-05
8374,3610,20,7,3,2.925899752881378e-05
8375,61152,9,6,1,1.690499993856065e-05
8376,63341,9,6,1,1.5477999113500118e-05
8377,73462,12,6,2,2.0262999896658584e-05
8378,51079,14,6,2,2.3009000869933516e-05
8379,4090,7,6,3,1.5813999198144302e-05
8380,58908,8,7,4,1.7541002307552844e-05
8381,46622,7,7,6,1.3180000678403303e-05
8382,85536,11,7,2,2.172599852201529e-05
8383,41509,14,7,2,2.3106997105060145e-05
8384,71368,18,6,2,1.9933999283239245e-05
8385,87594,10,7,4,1.9266997696831822e-05
8386,75311,12,7,2,2.1723997633671388e-05
8387,46644,9,7,4,2.768299964373e-05
8388,87609,14,7,2,3.090699829044752e-05
8389,32316,14,7,3,2.2723001166014e-05
8390,82495,8,7,3,1.936899934662506e-05
8391,65088,20,7,3,3.221400038455613e-05
8392,56899,10,7,2,2.3402000806527212e-05
8393,39500,17,7,5,2.5171997549477965e-05
8394,84569,15,7,1,1.8648999684955925e-05
8395,37057,9,6,0,6.727001164108515e-06
8396,46026,15,6,0,1.150900061475113e-05
8397,5195,17,5,0,1.1897998774657026e-05
8398,46104,15,6,1,1.4861998351989314e-05
8399,45011,12,6,2,1.7488997400505468e-05
8400,42585,7,7,1,1.4310000551631674e-05
8401,66535,7,6,0,5.825997504871339e-06
8402,59245,7,5,0,5.20499816047959e-06
8403,15543,7,4,0,4.3670006562024355e-06
8404,64095,7,7,1,1.2362001143628731e-05
8405,42043,7,6,0,5.456000508274883e-06
8406,21235,7,5,0,4.620000254362822e-06
8407,57961,12,7,2,2.4065000616246834e-05
8408,36458,18,7,3,2.0474999473663047e-05
8409,71444,10,6,2,1.2301999959163368e-05
8410,71080,9,6,3,1.3419001334114e-05
8411,24170,10,7,4,2.0848998246947303e-05
8412,76400,9,7,3,1.9347000488778576e-05
8413,87916,18,6,1,5.747999966843054e-05
8414,841,12,6,4,2.428199877613224e-05
8415,46258,9,6,2,1.4435001503443345e-05
8416,18556,12,6,0,1.2019001587759703e-05
8417,70710,8,6,2,1.861799682956189e-05
8418,22133,17,7,1,2.0416999177541584e-05
8419,7829,12,6,4,1.9344002794241533e-05
8420,85626,10,7,2,1.716399856377393e-05
8421,71293,8,7,3,2.096499883919023e-05
8422,82561,9,7,2,2.277300154673867e-05
8423,45698,23,7,2,2.9969000024721026e-05
8424,40595,8,7,3,1.718800194794312e-05
8425,39579,18,7,2,2.432799738016911e-05
8426,79869,10,6,2,2.197299909312278e-05
8427,88651,17,6,2,2.55150007433258e-05
8428,46754,11,7,2,2.7877998945768923e-05
8429,72830,9,6,3,1.7679001757642254e-05
8430,87717,7,7,3,2.0752999262185767e-05
8431,38569,10,7,3,1.949400029843673e-05
8432,71343,8,7,2,1.9728999177459627e-05
8433,60163,7,6,2,1.5518999134656042e-05
8434,84657,29,7,2,2.7817000955110416e-05
8435,67250,13,7,2,3.328899765620008e-05
8436,16053,15,7,3,2.6664998586056754e-05
8437,46955,10,6,2,1.6235000657616183e-05
8438,3767,12,7,2,2.026999936788343e-05
8439,11966,15,7,3,2.771599974948913e-05
8440,8900,17,7,1,2.302100256201811e-05
8441,26597,13,6,1,1.513399911345914e-05
8442,46790,11,7,3,1.827599771786481e-05
8443,23469,17,6,2,2.1842999558430165e-05
8444,80585,12,7,2,2.2636999347014353e-05
8445,27704,11,6,3,1.949400029843673e-05
8446,87268,12,6,1,1.8296999769518152e-05
8447,57034,13,7,3,2.4428001779597253e-05
8448,59084,9,7,3,2.8340000426396728e-05
8449,47849,9,6,1,2.2602998797083274e-05
8450,21721,21,6,0,1.645299926167354e-05
8451,44283,15,5,0,4.7917001211317256e-05
8452,58497,14,5,0,2.6272999093635008e-05
8453,34399,21,4,0,9.17999932426028e-06
8454,18417,17,6,2,2.164299803553149e-05
8455,3790,11,7,4,2.0036997739225626e-05
8456,39681,11,6,2,1.7525999282952398e-05
8457,7889,13,7,4,2.1617001038976014e-05
8458,76501,9,7,4,2.6297999283997342e-05
8459,76507,7,7,3,2.407200008747168e-05
8460,26537,10,6,2,2.055000004475005e-05
8461,63223,16,7,4,2.8319002012722194e-05
8462,60157,8,7,3,2.2595002519665286e-05
8463,17151,8,7,1,1.7551999917486683e-05
8464,48907,12,7,2,1.9429997337283567e-05
8465,51998,14,7,1,3.2343999919248745e-05
8466,40735,8,7,4,1.8478000129107386e-05
8467,29473,10,7,4,1.925100150401704e-05
8468,31522,11,7,3,6.85459999658633e-05
8469,22309,11,7,0,2.199600203312002e-05
8470,34755,15,6,3,2.0562001736834645e-05
8471,81706,7,7,1,1.5528999938396737e-05
8472,87097,7,6,0,5.117999535286799e-06
8473,40629,11,6,0,9.998002497013658e-06
8474,16203,9,6,1,1.2680000509135425e-05
8475,74539,13,7,2,3.500399907352403e-05
8476,59186,7,7,1,1.4353998267324641e-05
8477,76599,9,7,1,1.8428003386361524e-05
8478,21308,11,7,0,1.86059987754561e-05
8479,17671,10,6,1,1.7192000086652115e-05
8480,73541,10,7,2,2.6001998776337132e-05
8481,49993,8,7,4,2.3609998606843874e-05
8482,25418,11,7,3,2.8387003112584352e-05
8483,36693,11,7,4,2.967899854411371e-05
8484,42853,21,7,2,2.603699977044016e-05
8485,79720,10,7,1,2.17119995795656e-05
8486,26474,10,7,1,1.6480000340379775e-05
8487,34162,16,6,1,1.6152000171132386e-05
8488,51055,8,7,2,3.932200343115255e-05
8489,3959,8,7,4,1.9062998035224155e-05
8490,42881,16,7,3,3.2182997529162094e-05
8491,88966,12,7,1,2.8747999749612063e-05
8492,75184,22,6,0,2.2879998141434044e-05
8493,28560,16,7,2,3.3559001167304814e-05
8494,88979,10,7,1,1.9166000129189342e-05
8495,83442,14,6,0,1.6445999790448695e-05
8496,86758,11,6,1,2.020299871219322e-05
8497,8088,11,7,2,2.0890001906082034e-05
8498,48027,7,7,1,1.1942996934521943e-05
8499,80879,9,6,0,6.598998879780993e-06
8500,3996,13,7,2,3.015000038431026e-05
8501,54506,13,6,1,1.7589001799933612e-05
8502,57493,14,6,1,1.499700010754168e-05
8503,87030,9,6,3,1.6621001122985035e-05
8504,59304,12,7,4,2.1618001483147964e-05
8505,32687,12,7,1,2.00789982045535e-05
8506,65456,31,7,1,3.841400030069053e-05
8507,33712,19,7,1,2.4777000362519175e-05
8508,32708,11,7,3,1.9774997781496495e-05
8509,54212,15,7,4,2.4373999622184783e-05
8510,62658,15,6,1,1.2227999832248315e-05
8511,17753,16,5,1,1.772099858499132e-05
8512,4129,17,5,0,9.195999155053869e-06
8513,10399,12,5,0,9.470000804867595e-06
8514,28075,10,4,0,5.050998879596591e-06
8515,1024,19,4,2,1.8947001080960035e-05
8516,52168,7,7,2,2.7754998882301152e-05
8517,79694,19,6,1,2.2209002054296434e-05
8518,63507,12,6,1,2.1362000552471727e-05
8519,74257,15,5,0,7.718997949268669e-06
8520,82429,11,6,1,2.3095002688933164e-05
8521,7556,13,6,3,2.7266996767139062e-05
8522,26573,10,7,4,2.8676997317234054e-05
8523,977,11,7,2,2.877899896702729e-05
8524,36820,19,7,3,3.0816998332738876e-05
8525,38870,19,7,2,5.243399937171489e-05
8526,3035,25,7,3,4.785700002685189e-05
8527,45027,9,7,5,2.4707002012291923e-05
8528,50151,29,7,2,4.049800190841779e-05
8529,84970,8,7,1,1.3254000805318356e-05
8530,44842,22,6,1,2.5646000722190365e-05
8531,1007,8,7,4,1.8437000107951462e-05
8532,64526,21,7,2,3.767499947571196e-05
8533,10261,20,7,4,2.5871999241644517e-05
8534,33975,23,6,3,2.183900141972117e-05
8535,66587,7,7,4,2.0305000361986458e-05
8536,36180,12,6,2,2.145200051018037e-05
8537,77924,11,6,2,1.9211001927033067e-05
8538,58396,7,7,1,1.4935001672711223e-05
8539,5149,7,7,2,2.4840999685693532e-05
8540,23581,11,7,3,2.319000122952275e-05
8541,9253,10,7,3,2.2208998416317627e-05
8542,75818,10,7,2,2.022500120801851e-05
8543,79143,12,6,0,1.2635002349270508e-05
8544,83313,13,5,0,9.89099862636067e-06
8545,70259,17,6,2,1.8214999727206305e-05
8546,70799,18,6,1,2.3268999939318746e-05
8547,7218,24,7,1,3.392000144231133e-05
8548,74814,16,7,2,2.5315999664599076e-05
8549,43082,12,7,3,2.34159997489769e-05
8550,7271,13,7,2,3.2156000088434666e-05
8551,11373,11,7,4,2.5150002329610288e-05
8552,84081,26,7,1,2.2681000700686127e-05
8553,57166,14,6,2,2.389699875493534e-05
8554,1350,21,6,1,2.2750002244720235e-05
8555,30239,8,5,1,6.464000762207434e-06
8556,82035,15,7,3,2.288799805683084e-05
8557,21627,8,7,2,2.27270029427018e-05
8558,17546,15,7,3,2.667700027814135e-05
8559,10382,12,7,0,1.8687002011574805e-05
8560,21648,8,7,1,4.429299951880239e-05
8561,53404,16,7,0,2.8014997951686382e-05
8562,65191,14,6,0,1.384899951517582e-05
8563,73515,14,5,0,1.5614001313224435e-05
8564,61607,8,7,2,2.006499926210381e-05
8565,59578,8,7,1,1.1899002856807783e-05
8566,8394,14,7,1,2.685000072233379e-05
8567,16586,12,7,3,2.128000051015988e-05
8568,87258,19,7,4,3.355200169607997e-05
8569,11483,7,7,1,1.4712000847794116e-05
8570,34086,7,6,0,5.308997060637921e-06
8571,13534,8,7,2,1.6932997823460028e-05
8572,21748,16,7,3,2.4293000024044886e-05
8573,55126,19,6,1,1.89179991139099e-05
8574,82393,12,6,2,1.541199890198186e-05
8575,47348,17,7,1,2.5797999114729464e-05
8576,35064,21,7,2,3.410399949643761e-05
8577,34044,27,7,0,2.4811000912450254e-05
8578,62805,9,6,3,2.364000101806596e-05
8579,27927,7,7,3,2.087800021399744e-05
8580,15663,9,7,2,1.5317000361392274e-05
8581,35121,8,7,3,2.5753000954864547e-05
8582,82239,12,7,3,1.997499930439517e-05
8583,81216,11,7,3,2.44189977820497e-05
8584,7492,8,7,4,2.0383999071782455e-05
8585,11598,24,7,3,3.3085998438764364e-05
8586,1363,10,7,3,2.0575000235112384e-05
8587,88409,14,7,3,2.339899947401136e-05
8588,14699,9,7,4,2.2014999558450654e-05
8589,19824,11,7,5,2.2675998479826376e-05
8590,77170,8,7,5,1.5087996871443465e-05
8591,17799,17,7,2,2.2816999262431636e-05
8592,26211,9,6,3,1.8250000721309334e-05
8593,71310,16,6,1,1.933199746417813e-05
8594,48295,19,6,1,1.7022000974975526e-05
8595,80271,11,7,0,2.016900180024095e-05
8596,78224,16,7,1,2.9028000426478684e-05
8597,4495,22,7,2,6.651399962720461e-05
8598,82349,23,7,4,3.0295002943603322e-05
8599,87475,9,7,1,1.6682999557815492e-05
8600,55748,12,7,3,2.2060998162487522e-05
8601,83552,11,6,0,1.2047999916831031e-05
8602,82377,13,7,2,2.3764998331898823e-05
8603,79333,21,7,2,2.7116999262943864e-05
8604,88550,18,7,2,2.2332002117764205e-05
8605,35341,18,7,3,2.502699862816371e-05
8606,43537,10,7,1,2.1546999050769955e-05
8607,14874,26,7,3,2.6080000679939985e-05
8608,5660,11,7,2,2.6890000299317762e-05
8609,77353,25,7,2,3.305400241515599e-05
8610,83508,15,7,2,3.067999932682142e-05
8611,35387,16,7,2,2.6317000447306782e-05
8612,58958,16,7,1,5.5705000704620034e-05
8613,44659,18,7,2,2.2786000045016408e-05
8614,20614,13,6,1,1.484200038248673e-05
8615,59229,19,6,1,2.3462001990992576e-05
8616,64129,15,7,2,2.1664996893377975e-05
8617,21123,14,7,2,2.4150998797267675e-05
8618,6389,18,6,1,3.48190005752258e-05
8619,63148,14,6,1,1.4752000424778089e-05
8620,61084,17,7,4,3.742300032172352e-05
8621,32422,14,7,2,1.850500120781362e-05
8622,55463,15,6,1,2.233700070064515e-05
8623,2751,12,7,5,1.772199902916327e-05
8624,38596,9,7,5,2.211199898738414e-05
8625,88786,14,7,1,2.2751002688892186e-05
8626,7256,22,6,1,2.5589000870240852e-05
8627,46821,14,7,4,2.5304001610493287e-05
8628,22266,25,7,2,2.709099862840958e-05
8629,2830,11,7,2,4.7962999815354124e-05
8630,59174,15,7,2,2.8263999411137775e-05
8631,61237,19,7,1,2.8129001293564215e-05
8632,45888,20,7,3,2.6927998987957835e-05
8633,60228,11,7,2,2.492299972800538e-05
8634,12687,12,6,0,9.36000287765637e-06
8635,45957,8,5,1,1.269000131287612e-05
8636,40780,22,7,1,2.5277000531787053e-05
8637,38788,13,7,1,2.8328999178484082e-05
8638,64418,15,7,1,2.4564000341342762e-05
8639,2978,11,7,2,2.3040000087348744e-05
8640,19405,14,6,3,1.8695998733164743e-05
8641,81042,11,6,2,2.272400161018595e-05
8642,14366,29,6,1,2.853900150512345e-05
8643,82873,31,7,1,2.3355998564511538e-05
8644,73665,15,7,3,2.549099735915661e-05
8645,60428,18,7,6,2.7115998818771914e-05
8646,3682,13,6,1,1.4745000953553244e-05
8647,28708,21,7,4,2.6735000574262813e-05
8648,29187,10,6,3,2.1742998796980828e-05
8649,79007,32,7,0,2.8226997528690845e-05
8650,61642,12,7,6,2.4999000743264332e-05
8651,57556,18,7,1,2.127599873347208e-05
8652,59645,15,7,3,2.6929999876301736e-05
8653,69970,10,7,2,2.0627998310374096e-05
8654,68949,15,7,5,2.044400025624782e-05
8655,26984,13,7,2,2.126500112353824e-05
8656,67947,22,7,1,2.1530999219976366e-05
8657,42428,10,7,1,1.7083999409805983e-05
8658,70102,15,7,5,2.2520001948578283e-05
8659,77296,15,7,2,1.8357000953983516e-05
8660,44545,14,7,2,2.299799962202087e-05
8661,88591,14,7,2,2.024000059464015e-05
8662,13895,24,7,2,2.7311998564982787e-05
8663,51847,20,7,3,2.3248998331837356e-05
8664,39560,22,7,2,4.222700226819143e-05
8665,2725,15,7,3,2.270400000270456e-05
8666,55999,31,7,0,4.083299791091122e-05
8667,65267,14,7,2,2.4496999685652554e-05
8668,79624,9,7,3,2.2757998522138223e-05
8669,30554,18,7,3,2.5077002646867186e-05
8670,64372,24,7,2,2.9196999093983322e-05
8671,85013,17,6,4,2.315500023541972e-05
8672,55170,28,7,1,1.7728998500388116e-05
8673,41262,27,6,2,2.5487002858426422e-05
8674,11184,10,7,4,2.1883002773392946e-05
8675,69554,18,7,2,2.0685001800302416e-05
8676,22517,15,7,3,2.363900057389401e-05
8677,44262,10,6,2,1.850400076364167e-05
8678,69896,10,5,0,1.4138000551611185e-05
8679,78854,22,7,5,2.8976999601582065e-05
8680,75808,14,7,3,2.5784000172279775e-05
8681,5179,13,7,2,2.1809999452671036e-05
8682,8307,20,7,0,2.8469999961089343e-05
8683,46370,15,6,1,2.1043000742793083e-05
8684,49999,9,6,2,2.0309998944867402e-05
8685,68519,18,6,1,2.9980998078826815e-05
8686,76017,20,7,3,3.2460997317684814e-05
8687,78166,27,7,2,2.4732002202654257e-05
8688,70004,12,7,2,2.1064999600639567e-05
8689,68021,11,7,2,2.2349999198922887e-05
8690,17988,26,7,1,2.2168998839333653e-05
8691,65208,14,7,2,2.6142999558942392e-05
8692,63249,25,7,2,2.7654998120851815e-05
8693,19752,20,6,3,2.5002002075780183e-05
8694,52032,15,7,2,2.231899998150766e-05
8695,39759,14,7,2,1.4547000318998471e-05
8696,5289,18,6,2,5.0902002840302885e-05
8697,29265,25,6,1,2.8032998670823872e-05
8698,82063,20,7,2,2.268699972773902e-05
8699,53693,19,7,2,2.950799898826517e-05
8700,64642,23,7,4,2.7665002562571317e-05
8701,31621,27,7,1,2.4494998797308654e-05
8702,77841,16,8,2,2.44189977820497e-05
8703,43642,13,7,2,2.258300082758069e-05
8704,63530,8,8,3,2.6238001737510785e-05
8705,36936,10,8,4,2.4724002287257463e-05
8706,81992,23,8,3,3.502500112517737e-05
8707,39411,12,7,2,1.645600059418939e-05
8708,73805,9,8,5,2.217899964307435e-05
8709,59479,8,8,1,1.4496999938273802e-05
8710,54289,10,7,0,8.371996955247596e-06
8711,64591,8,6,0,6.059999577701092e-06
8712,31915,12,5,0,7.342001481447369e-06
8713,57471,26,7,1,2.3431002773577347e-05
8714,58197,24,6,1,2.1650997950928286e-05
8715,73830,8,8,1,1.413100108038634e-05
8716,21673,8,7,0,6.399997801054269e-06
8717,7342,8,6,0,5.738998879678547e-06
8718,20181,8,5,0,5.1440001698210835e-06
8719,68121,8,4,0,4.503999662119895e-06
8720,28941,8,3,0,4.050001734867692e-06
8721,19833,12,3,0,5.6539975048508495e-06
8722,41532,13,3,1,8.096001693047583e-06
8723,82994,19,2,0,7.954000466270372e-06
8724,4207,12,8,4,2.95429999823682e-05
8725,32886,13,8,1,1.9228002201998606e-05
8726,2320,9,7,0,6.948997906874865e-06
8727,77952,9,6,0,6.170997949084267e-06
8728,23296,10,6,1,1.1769003322115168e-05
8729,39842,13,5,0,7.042002835078165e-06
8730,81020,9,4,1,7.758000720059499e-06
8731,76997,16,4,1,1.4830999134574085e-05
8732,121,8,8,1,1.5166999219218269e-05
8733,54586,8,7,0,6.352998752845451e-06
8734,46591,8,6,0,5.197001883061603e-06
8735,34785,8,5,0,4.7530011215712875e-06
8736,6637,8,4,0,4.382000042824075e-06
8737,6506,12,5,1,1.1150001228088513e-05
8738,65670,8,8,1,1.308599894400686e-05
8739,83361,8,7,0,6.317000952549279e-06
8740,57080,8,6,0,5.546000465983525e-06
8741,85179,9,5,0,5.191999662201852e-06
8742,33719,8,4,0,4.49499930255115e-06
8743,26566,8,3,0,3.907000063918531e-06
8744,21547,8,2,0,3.601999196689576e-06
8745,70768,8,1,0,3.135999577352777e-06
8746,68758,9,1,1,5.075002263765782e-06
8747,67725,10,8,1,2.073899668175727e-05
8748,22089,8,7,0,6.3259976741392165e-06
8749,79794,8,6,0,5.758000042987987e-06
8750,86159,17,8,3,1.746500129229389e-05
8751,29294,15,7,3,2.9619997803820297e-05
8752,45232,10,8,5,2.508000034140423e-05
8753,86199,10,8,1,7.403299969155341e-05
8754,196,9,8,4,2.6281999453203753e-05
8755,32965,8,8,1,1.6434001736342907e-05
8756,59235,8,7,0,6.898000719957054e-06
8757,16363,8,6,0,6.059999577701092e-06
8758,79469,8,5,0,5.018999218009412e-06
8759,28898,8,8,1,1.6811001842143014e-05
8760,69616,9,7,0,7.68999962019734e-06
8761,424,8,6,0,6.400998245226219e-06
8762,42619,8,5,0,5.074001819593832e-06
8763,14952,12,4,0,6.3640000007580966e-06
8764,55131,11,4,0,9.268998837796971e-06
8765,10687,11,3,0,5.7489996834192425e-06
8766,51048,17,3,0,1.7397000192431733e-05
8767,22789,28,3,0,1.5319001249736175e-05
8768,65772,8,8,1,1.4509001630358398e-05
8769,8447,9,8,2,2.6355999580118805e-05
8770,39175,16,8,4,2.700800177990459e-05
8771,74706,10,7,3,1.7727998056216165e-05
8772,14633,10,8,1,2.4763001420069486e-05
8773,45357,10,8,4,2.8009999368805438e-05
8774,43324,8,8,1,1.633300053072162e-05
8775,44068,8,7,0,6.005000614095479e-06
8776,43353,8,8,1,5.298499672790058e-05
8777,454,8,7,0,9.195999155053869e-06
8778,11188,8,6,0,5.797999619971961e-06
8779,43359,8,8,1,1.622800118639134e-05
8780,56964,8,7,0,6.872000085422769e-06
8781,55658,12,8,4,2.7011999918613583e-05
8782,27510,18,7,3,2.8872000257251784e-05
8783,24157,14,7,2,2.6965000870404765e-05
8784,1729,13,7,4,1.8735001503955573e-05
8785,33140,10,8,1,2.2955999156692997e-05
8786,63881,8,8,3,3.142100104014389e-05
8787,55689,9,8,1,2.5436998839722946e-05
8788,53166,14,7,0,2.2760999854654074e-05
8789,30292,13,7,0,1.4331999409478158e-05
8790,72367,14,6,1,2.1113999537192285e-05
8791,15735,15,6,0,1.067800258169882e-05
8792,14176,13,6,1,1.976999919861555e-05
8793,44404,16,6,2,2.1667998225893825e-05
8794,73924,19,6,0,1.680100103840232e-05
8795,55711,13,8,3,2.4118002329487354e-05
8796,46077,27,7,2,2.809999932651408e-05
8797,55737,22,7,3,4.109899964532815e-05
8798,58771,17,7,3,2.7002999559044838e-05
8799,52359,30,7,2,3.367600220371969e-05
8800,7080,33,7,2,4.246000025887042e-05
8801,14802,18,8,3,8.702699778950773e-05
8802,34452,17,7,3,3.199800266884267e-05
8803,30460,18,7,2,2.0226001652190462e-05
8804,2529,10,8,2,2.5671997718745843e-05
8805,86503,15,8,4,2.04619973374065e-05
8806,35307,29,8,4,3.4756998502416536e-05
8807,21422,13,7,0,1.3210999895818532e-05
8808,9157,23,7,2,2.268599928356707e-05
8809,68706,15,6,0,2.060100086964667e-05
8810,58656,15,5,1,1.275399699807167e-05
8811,71826,18,5,1,1.898600021377206e-05
8812,10802,19,4,1,1.0391999239800498e-05
8813,44342,22,7,3,2.7268997655482963e-05
8814,16897,14,8,1,1.9449998944764957e-05
8815,52839,8,7,0,6.613998266402632e-06
8816,33928,8,6,0,5.955997039563954e-06
8817,7992,8,5,0,4.8149995564017445e-06
8818,20435,8,4,0,4.595000064000487e-06
8819,72217,15,4,1,1.199600228574127e-05
8820,48373,17,6,1,2.065800072159618e-05
8821,27160,13,8,2,3.2828000257723033e-05
8822,546,9,8,5,2.813199898810126e-05
8823,70195,9,8,6,2.8041002224199474e-05
8824,45648,30,8,3,3.426300099818036e-05
8825,86625,12,8,2,1.7570000636624172e-05
8826,40246,19,7,4,2.043000131379813e-05
8827,43618,13,8,5,1.9013998098671436e-05
8828,11104,18,7,2,2.3713997507002205e-05
8829,60042,13,8,0,2.299499828950502e-05
8830,12956,14,8,5,5.49870019312948e-05
8831,76539,16,7,3,3.165900125168264e-05
8832,53936,12,8,3,2.327900074305944e-05
8833,19124,15,8,5,3.372200080775656e-05
8834,76508,8,8,1,1.4882996765663847e-05
8835,22464,8,7,0,6.592999852728099e-06
8836,1658,8,6,0,5.951002094661817e-06
8837,33851,8,5,0,8.544000593246892e-06
8838,3258,8,4,0,4.394998541101813e-06
8839,64249,11,8,0,1.5809000615263358e-05
8840,967,13,7,1,2.282299828948453e-05
8841,73527,12,6,0,9.89600084722042e-06
8842,6645,14,6,0,1.4929002645658329e-05
8843,33558,15,7,0,1.883200093288906e-05
8844,79581,45,7,0,4.712900044978596e-05
8845,45824,15,8,4,2.7035999664803967e-05
8846,35590,19,8,3,2.968199987662956e-05
8847,49003,16,7,1,1.4396999176824465e-05
8848,7451,35,6,0,2.199500158894807e-05
8849,78063,16,6,1,2.8539998311316594e-05
8850,70688,28,5,0,1.518700082669966e-05
8851,33690,21,6,1,2.2240001271711662e-05
8852,66796,35,5,1,2.0715997379738837e-05
8853,77525,22,7,3,2.8160000510979444e-05
8854,34533,23,7,1,2.2904001525603235e-05
8855,64093,16,7,5,2.4411001504631713e-05
8856,64778,13,8,3,2.4510998628102243e-05
8857,81163,8,8,1,1.7657999705988914e-05
8858,79632,8,7,0,6.383001164067537e-06
8859,87315,11,8,4,2.476900044712238e-05
8860,5909,18,8,4,2.594699981273152e-05
8861,25481,23,7,5,2.3276003048522398e-05
8862,24543,13,7,3,2.097300239256583e-05
8863,72211,25,7,2,2.7574998966883868e-05
8864,78636,18,7,5,2.3421998776029795e-05
8865,57114,20,8,4,3.22519990731962e-05
8866,32540,17,8,2,3.0228999094106257e-05
8867,61217,13,8,1,7.173400081228465e-05
8868,22827,25,8,1,3.0435003282036632e-05
8869,26338,22,7,2,2.323999797226861e-05
8870,60366,14,7,3,2.120899807778187e-05
8871,73045,15,7,3,2.3428001441061497e-05
8872,15831,10,7,4,2.041200059466064e-05
8873,29500,18,7,1,3.0377999792108312e-05
8874,84809,16,7,2,2.3229997168527916e-05
8875,13401,12,7,3,2.2932999854674563e-05
8876,64812,16,8,6,3.047599966521375e-05
8877,83390,18,7,1,2.346800101804547e-05
8878,56718,20,7,2,3.377900065970607e-05
8879,31690,14,7,3,2.0945000869687647e-05
8880,85299,15,7,2,2.530699930503033e-05
8881,87814,30,6,3,2.5834000553004444e-05
8882,75564,8,8,6,2.6585999876260757e-05
8883,42296,8,8,2,3.9911999920150265e-05
8884,81723,23,8,2,3.3209998946404085e-05
8885,61974,34,7,2,3.092900078627281e-05
8886,79698,10,8,1,3.3587002690183e-05
8887,23892,9,8,2,2.553100057411939e-05
8888,15281,10,7,2,2.4693999876035377e-05
8889,78193,16,8,2,2.9966999136377126e-05
8890,71633,16,7,4,2.6005996915046126e-05
8891,5622,11,7,5,2.1027000911999494e-05
8892,42356,18,8,5,2.282499917782843e-05
8893,79437,23,7,2,2.9481001547537744e-05
8894,72018,24,7,2,2.3387001419905573e-05
8895,20992,19,7,3,2.2411997633753344e-05
8896,35425,21,7,0,2.4811000912450254e-05
8897,32403,14,7,4,5.307099854690023e-05
8898,44114,17,6,3,2.186900019296445e-05
8899,74685,24,7,2,3.129300239379518e-05
8900,71050,8,8,3,3.328599996166304e-05
8901,81135,10,7,2,2.5122000806732103e-05
8902,18180,8,7,2,2.3005999537417665e-05
8903,15243,8,8,2,2.3403001250699162e-05
8904,64394,17,8,5,2.9832001018803567e-05
8905,15793,29,7,1,3.2326999644283205e-05
8906,37591,27,7,2,3.31089977407828e-05
8907,63437,19,7,2,2.759700146270916e-05
8908,72941,32,7,1,3.076799839618616e-05
8909,31086,23,7,1,2.7566999051487073e-05
8910,1426,12,8,0,6.0891998145962134e-05
8911,1656,14,7,3,2.803000097628683e-05
8912,8595,14,8,3,2.355600008741021e-05
8913,36759,15,8,4,3.401399953872897e-05
8914,9625,15,8,4,3.110000034212135e-05
8915,53662,20,8,1,2.5001998437801376e-05
8916,61348,15,8,1,2.430300082778558e-05
8917,46038,15,7,0,2.1018997358623892e-05
8918,28580,15,8,1,3.6438999813981354e-05
8919,50281,17,7,2,2.331300129299052e-05
8920,69227,10,7,3,2.1676001779269427e-05
8921,39482,13,7,2,2.1785999706480652e-05
8922,28082,8,8,1,1.3672000932274386e-05
8923,75303,8,7,0,6.390000635292381e-06
8924,71097,11,8,1,4.836899825022556e-05
8925,36879,20,7,1,2.8284001018619165e-05
8926,5319,16,6,1,5.564199818763882e-05
8927,56762,15,8,5,3.3927000913536176e-05
8928,28097,8,8,1,1.6653000784572214e-05
8929,57290,15,8,3,3.00779975077603e-05
8930,4049,18,8,5,3.219800055376254e-05
8931,30674,12,8,3,2.5974997697630897e-05
8932,14291,14,8,1,2.7636000595521182e-05
8933,32727,9,8,6,3.291799657745287e-05
8934,74790,9,7,3,2.3158998374128714e-05
8935,12252,24,8,4,3.6076999094802886e-05
8936,46047,9,8,4,2.233700070064515e-05
8937,32743,13,8,2,2.930300252046436e-05
8938,38512,15,7,5,2.3505999706685543e-05
8939,44009,25,8,2,3.0884999432601035e-05
8940,23536,15,8,1,3.355599983478896e-05
8941,32241,14,8,2,2.7279998903395608e-05
8942,47090,21,8,1,2.3611999495187774e-05
8943,4593,11,8,3,2.8926999220857397e-05
8944,26101,9,8,3,2.9693001124542207e-05
8945,3575,14,8,4,3.936799839721061e-05
8946,51190,25,8,4,4.855999941355549e-05
8947,83461,14,8,2,2.9782000638078898e-05
8948,45575,16,8,3,3.1614999898010865e-05
8949,24586,20,8,2,3.086099968641065e-05
8950,26130,14,8,5,3.3519998396513984e-05
8951,11837,15,8,1,2.5841000024229288e-05
8952,14474,13,7,2,1.979000080609694e-05
8953,52802,23,8,3,3.154099977109581e-05
8954,73283,9,8,2,7.330999869736843e-05
8955,14917,20,8,4,3.1752999348100275e-05
8956,25671,8,8,1,1.6415000573033467e-05
8957,14014,8,7,0,6.231999577721581e-06
8958,32842,19,8,3,2.9373997676884755e-05
8959,50256,8,8,1,1.3311000657267869e-05
8960,31873,8,7,0,6.371999916154891e-06
8961,43750,18,7,1,2.0229002984706312e-05
8962,59476,9,8,2,2.3345997760770842e-05
8963,67669,9,7,0,5.894002242712304e-06
8964,78935,16,8,3,2.9769998945994303e-05
8965,75442,19,7,2,2.5458000891376287e-05
8966,24320,11,6,2,1.778799924068153e-05
8967,45155,20,8,1,2.7334001060808077e-05
8968,1637,18,8,3,3.105200084974058e-05
8969,51306,18,8,1,2.448799932608381e-05
8970,81643,23,7,4,3.792499774135649e-05
8971,20098,9,8,3,2.602000313345343e-05
8972,80514,24,8,1,3.825800013146363e-05
8973,44204,26,7,1,3.313799970783293e-05
8974,17954,15,7,0,1.4383000234374776e-05
8975,68229,24,8,2,3.719300002558157e-05
8976,30424,48,7,1,3.9023998397169635e-05
8977,85921,29,7,3,3.126600131508894e-05
8978,63762,17,7,2,1.537800199002959e-05
8979,62089,19,8,2,2.4496999685652554e-05
8980,45708,9,8,1,1.4329001714941114e-05
8981,63637,10,8,1,2.6621000870363787e-05
8982,83098,9,8,1,1.4213997928891331e-05
8983,11945,17,8,4,3.0008002795511857e-05
8984,31920,8,8,2,3.461099913693033e-05
8985,42675,12,8,3,3.018300049006939e-05
8986,73400,22,8,1,6.648599810432643e-05
8987,85177,36,8,1,3.499099693726748e-05
8988,27844,12,8,5,2.0272997062420473e-05
8989,81094,13,7,3,1.9045997760258615e-05
8990,38614,20,8,2,3.1444000342162326e-05
8991,29415,12,8,4,2.314100129297003e-05
8992,50436,20,8,4,3.3049997000489384e-05
8993,26079,36,7,2,3.474700133665465e-05
8994,17686,24,8,0,3.399399793124758e-05
8995,33368,18,7,2,1.937500201165676e-05
8996,46096,25,6,0,1.0994001058861613e-05
8997,78905,15,5,0,1.2683001841651276e-05
8998,88382,24,7,1,2.7553000109037384e-05
8999,26904,12,8,5,3.5455002944217995e-05
9000,75044,9,8,1,1.544800034025684e-05
9001,17745,14,8,3,2.3394000891130418e-05
9002,43040,18,7,3,2.018499799305573e-05
9003,54319,24,7,2,3.283099795226008e-05
9004,30225,17,6,4,2.1553001715801656e-05
9005,17893,41,7,2,3.731800097739324e-05
9006,9880,22,7,2,2.446000144118443e-05
9007,71532,16,8,1,2.5598001229809597e-05
9008,19318,20,8,3,3.546500010997988e-05
9009,29572,22,8,3,2.4797998776193708e-05
9010,62360,21,8,1,2.2069001715863124e-05
9011,81316,28,8,1,3.6679997720057145e-05
9012,62408,13,8,1,2.38819993683137e-05
9013,8659,34,8,3,5.57530001970008e-05
9014,81877,30,7,1,1.6935999155975878e-05
9015,36376,28,8,2,7.582200123579241e-05
9016,23658,31,7,1,3.573700087144971e-05
9017,53822,30,8,2,3.60509984602686e-05
9018,31301,15,8,1,3.0507002520607784e-05
9019,75359,18,8,2,3.208899943274446e-05
9020,73477,17,7,0,1.6192996554309502e-05
9021,31569,29,7,1,3.051800013054162e-05
9022,32120,26,7,0,2.7177000447409227e-05
9023,9371,15,8,5,3.197499972884543e-05
9024,58574,22,8,2,3.663000097731128e-05
9025,20216,21,8,3,3.209499845979735e-05
9026,39731,33,8,2,8.417400022153743e-05
9027,75588,19,8,4,3.894099791068584e-05
9028,80733,39,8,4,4.0229002479463816e-05
9029,41168,26,7,2,2.544699964346364e-05
9030,80192,31,7,3,2.984999809996225e-05
9031,14402,26,7,3,2.553200101829134e-05
9032,19302,17,8,4,2.480400144122541e-05
9033,44940,22,8,2,2.8859001758974046e-05
9034,39376,21,7,2,2.4501998268533498e-05
9035,46989,17,8,2,2.606799898785539e-05
9036,9020,59,7,4,4.3731000914704055e-05
9037,69024,27,8,1,3.031000233022496e-05
9038,50216,25,8,1,2.5998000637628138e-05
9039,72768,33,8,3,4.260499918018468e-05
9040,60033,11,8,4,3.0237999453675002e-05
9041,17025,17,8,1,1.5106998034752905e-05
9042,65747,15,8,4,2.6837999030249193e-05
9043,2292,20,8,5,2.9884002287872136e-05
9044,45317,30,8,2,3.133100108243525e-05
9045,4925,20,8,6,3.1460000172955915e-05
9046,35715,25,8,3,3.3940999855985865e-05
9047,62885,10,8,5,2.8039001335855573e-05
9048,7630,12,8,2,4.044800152769312e-05
9049,72149,19,8,2,3.0938001145841554e-05
9050,19983,28,8,3,3.604299854487181e-05
9051,2664,15,8,0,1.655499727348797e-05
9052,28337,22,8,2,3.3231000998057425e-05
9053,37048,23,8,3,3.029400249943137e-05
9054,64230,40,8,0,3.416099934838712e-05
9055,83796,18,8,0,4.114100011065602e-05
9056,13282,17,7,1,1.3333999959286302e-05
9057,25442,18,8,4,2.7850001060869545e-05
9058,89009,23,8,3,3.274899790994823e-05
9059,50642,18,8,2,2.6464000256964937e-05
9060,68083,13,8,2,2.224999843747355e-05
9061,29875,33,8,2,3.809700137935579e-05
9062,24306,16,8,2,3.31880000885576e-05
9063,18250,21,8,6,3.5298002330819145e-05
9064,86918,16,8,1,2.4797001970000565e-05
9065,51684,22,8,3,6.402999861165881e-05
9066,88356,18,8,3,2.648299778229557e-05
9067,72359,19,8,3,2.4632998247398064e-05
9068,53251,26,9,2,3.839499913738109e-05
9069,59408,15,9,2,3.649599966593087e-05
9070,82603,9,8,1,2.7492002118378878e-05
9071,70275,11,7,0,7.998001819942147e-06
9072,48913,9,6,0,5.802001396659762e-06
9073,37648,12,5,0,6.587000825675204e-06
9074,5145,16,7,4,2.2087999241193756e-05
9075,81937,11,9,5,3.123900023638271e-05
9076,58991,14,8,2,2.4712000595172867e-05
9077,47619,28,8,2,3.9741000364301726e-05
9078,71569,29,8,3,4.65279990748968e-05
9079,89072,14,8,3,2.6809000701177865e-05
9080,84016,9,9,1,1.671299833105877e-05
9081,85071,14,8,0,9.449999197386205e-06
9082,28100,9,7,0,6.588998076040298e-06
9083,84670,19,7,0,3.263800317654386e-05
9084,51346,11,6,0,6.719998054904863e-06
9085,5826,11,5,0,5.734000296797603e-06
9086,33850,28,5,0,1.769100344972685e-05
9087,86068,26,9,2,3.722700057551265e-05
9088,87677,17,8,1,2.893599958042614e-05
9089,46775,26,8,4,3.4654000046430156e-05
9090,10755,15,8,3,3.262999962316826e-05
9091,24679,22,9,7,3.3407002774765715e-05
9092,67707,19,9,3,3.532499977154657e-05
9093,28801,9,9,1,1.7227001080755144e-05
9094,18112,11,8,0,8.353999874088913e-06
9095,47256,9,9,1,1.4539000403601676e-05
9096,88298,9,8,0,7.15200076228939e-06
9097,70476,9,7,0,6.6829998104367405e-06
9098,12667,9,6,0,6.1350001487880945e-06
9099,58433,9,5,0,5.875001079402864e-06
9100,20036,9,4,0,5.190002411836758e-06
9101,89077,9,3,0,4.544999683275819e-06
9102,89157,9,2,0,4.110999725526199e-06
9103,50558,9,1,0,3.326000296510756e-06
9104,42456,9,0,0,3.1729978218209e-06
9105,59562,14,9,7,5.848699947819114e-05
9106,40709,29,8,1,4.1890998545568436e-05
9107,75972,9,9,1,1.7084999853977934e-05
9108,10554,9,8,0,6.6350003180559725e-06
9109,41875,9,7,0,6.359998224070296e-06
9110,78481,9,6,0,6.133999704616144e-06
9111,74998,9,5,0,5.290999979479238e-06
9112,22739,9,4,0,4.78999936603941e-06
9113,67958,9,3,0,4.315999831305817e-06
9114,49135,17,5,0,1.7010002920869738e-05
9115,63702,24,9,6,3.991399717051536e-05
9116,71897,22,9,2,2.563299858593382e-05
9117,59611,27,9,4,4.070599970873445e-05
9118,28913,10,9,4,0.00012819000039598905
9119,41244,16,9,4,4.320500011090189e-05
9120,23010,13,8,0,1.4491000911220908e-05
9121,66182,13,8,4,0.00011901600009878166
9122,26925,10,9,1,1.921700095408596e-05
9123,5498,10,8,0,7.5880016083829105e-06
9124,23484,10,7,0,6.663001840934157e-06
9125,5221,10,6,0,6.938000296941027e-06
9126,88006,10,5,0,6.332997145364061e-06
9127,3517,26,8,1,3.61339989467524e-05
9128,70337,20,8,1,2.0297000446589664e-05
9129,65299,32,7,2,3.82250000257045e-05
9130,69614,21,8,4,3.5122000554110855e-05
9131,49466,17,9,2,4.654000076698139e-05
9132,66898,11,8,0,7.677001121919602e-06
9133,2966,12,7,0,7.390000973828137e-06
9134,82264,15,7,0,1.1607000487856567e-05
9135,47306,30,8,8,3.8959002267802134e-05
9136,14650,13,8,3,8.614100079284981e-05
9137,20300,19,8,2,4.895699748885818e-05
9138,63819,30,9,1,4.026799797429703e-05
9139,11319,18,8,6,3.58219986082986e-05
9140,11011,15,7,3,2.0571998902596533e-05
9141,53579,20,9,3,3.4617998608155176e-05
9142,65873,34,9,3,4.9266000132774934e-05
9143,51802,28,8,1,1.789499947335571e-05
9144,8542,13,9,2,2.9191000066930428e-05
9145,84355,30,9,0,3.044700133614242e-05
9146,51032,27,8,3,8.038700252654962e-05
9147,33225,9,9,1,2.058600148302503e-05
9148,15456,9,8,0,7.220001862151548e-06
9149,57815,9,9,1,1.7438000213587657e-05
9150,31191,13,9,4,3.368199759279378e-05
9151,45589,14,9,5,3.2378000469179824e-05
9152,28647,23,8,5,3.581400233088061e-05
9153,50498,39,8,1,3.856600233120844e-05
9154,66454,23,8,2,3.593500150600448e-05
9155,83537,24,8,1,3.432900120969862e-05
9156,76337,12,9,2,2.1611998818116263e-05
9157,62040,26,9,0,3.5398999898461625e-05
9158,60108,18,8,3,3.252600072300993e-05
9159,48420,23,7,0,2.8746999305440113e-05
9160,9758,31,7,1,5.262400009087287e-05
9161,51467,32,8,0,2.9445000109262764e-05
9162,59724,21,8,4,3.431500226724893e-05
9163,8834,13,9,7,3.159200059599243e-05
9164,19146,11,9,3,2.377599957981147e-05
9165,32064,20,8,4,3.121000190731138e-05
9166,81676,14,8,3,2.4966000637505203e-05
9167,53971,18,9,3,3.228300192859024e-05
9168,15068,21,9,1,3.1023999326862395e-05
9169,70615,24,8,5,3.4481003240216523e-05
9170,43774,27,9,4,4.524899850366637e-05
9171,75556,23,8,3,3.292799738119356e-05
9172,60387,16,8,1,3.737299994099885e-05
9173,28596,18,8,2,4.073700256412849e-05
9174,31381,15,8,1,1.475800308980979e-05
9175,23398,22,8,2,3.363900032127276e-05
9176,56837,26,7,1,2.2784999600844458e-05
9177,778,13,9,3,2.581000080681406e-05
9178,19233,15,9,4,3.459900108282454e-05
9179,62459,25,8,3,5.165299808140844e-05
9180,86861,14,9,2,2.8860002203145996e-05
9181,21348,11,9,3,3.58260003849864e-05
9182,76731,14,9,1,2.069300171569921e-05
9183,86998,19,9,1,5.412500104284845e-05
9184,41997,18,9,7,8.246500146924518e-05
9185,64588,17,9,5,3.9622002077521756e-05
9186,48203,17,9,4,4.018199979327619e-05
9187,40046,13,8,2,2.9184000595705584e-05
9188,17494,25,9,2,3.7324000004446134e-05
9189,5209,12,9,2,4.4757001887774095e-05
9190,48331,15,9,2,3.624500095611438e-05
9191,60144,15,8,5,2.8369999199640006e-05
9192,6003,19,8,3,3.181499778293073e-05
9193,11575,14,9,3,3.054800254176371e-05
9194,5456,20,9,5,4.0832001104718074e-05
9195,34598,33,8,2,3.8280999433482066e-05
9196,34187,12,9,4,3.638300040620379e-05
9197,87457,22,9,4,3.6686000385088846e-05
9198,11848,10,8,5,2.592799864942208e-05
9199,73560,15,8,2,1.770399831002578e-05
9200,7601,18,9,4,3.0553997930837795e-05
9201,69056,18,9,3,3.329399987705983e-05
9202,32221,15,9,5,3.137499879812822e-05
9203,65008,12,9,5,3.186300091329031e-05
9204,15863,13,9,7,3.339300019433722e-05
9205,13834,20,9,5,3.5725999623537064e-05
9206,34372,15,9,4,4.5622000470757484e-05
9207,46662,11,9,1,6.15659992035944e-05
9208,63071,20,9,4,4.828900273423642e-05
9209,22647,26,8,1,3.514299896778539e-05
9210,15992,16,9,2,4.142499892623164e-05
9211,40597,9,9,1,1.86910001502838e-05
9212,63326,37,9,4,6.119499812484719e-05
9213,34722,19,9,2,3.348700192873366e-05
9214,85966,12,9,3,3.7103000067872927e-05
9215,59367,12,9,3,3.645299875643104e-05
9216,81913,11,9,6,2.8853999538114294e-05
9217,47141,17,9,2,3.1196999771054834e-05
9218,24622,18,9,2,3.374800144229084e-05
9219,6451,19,8,1,2.7004000003216788e-05
9220,87876,28,7,1,3.356099841766991e-05
9221,61761,31,8,0,3.0069000786170363e-05
9222,56223,44,7,0,2.6562000130070373e-05
9223,4529,15,7,1,2.0417999621713534e-05
9224,59858,22,8,2,2.8978000045754015e-05
9225,75836,18,8,4,3.882500095642172e-05
9226,6206,14,9,4,3.198400008841418e-05
9227,41084,25,8,4,3.4632997994776815e-05
9228,2148,28,9,4,4.1234001400880516e-05
9229,75945,12,9,0,1.5714998880866915e-05
9230,51495,14,9,4,4.455900125321932e-05
9231,20870,28,9,4,7.437000022036955e-05
9232,78246,13,9,6,4.091200025868602e-05
9233,61888,29,9,2,4.40359981439542e-05
9234,53729,24,9,5,4.635900040739216e-05
9235,819,29,9,6,4.0481998439645395e-05
9236,72504,15,9,4,4.3751002522185445e-05
9237,27555,19,9,4,4.132200047024526e-05
9238,62941,23,9,2,4.1219002014258876e-05
9239,24511,24,9,2,2.4510998628102243e-05
9240,4938,14,9,4,3.726499926415272e-05
9241,52232,16,10,6,5.618499926640652e-05
9242,27660,21,10,4,5.09550009155646e-05
9243,61944,24,9,2,3.9842998376116157e-05
9244,70366,25,9,3,3.611499778344296e-05
9245,76204,14,9,5,3.936700159101747e-05
9246,26643,10,10,1,1.8317001376999542e-05
9247,72290,10,9,0,7.514001481467858e-06
9248,78112,10,8,0,7.083999662427232e-06
9249,52155,14,7,0,8.627997885923833e-06
9250,30009,10,6,0,6.314003258012235e-06
9251,31133,12,5,0,5.683999916072935e-06
9252,31794,10,4,0,5.074001819593832e-06
9253,86533,17,4,0,1.9972001609858125e-05
9254,41934,17,3,0,9.771996701601893e-06
9255,68523,16,3,0,2.223499905085191e-05
9256,53126,29,2,0,1.4909001038176939e-05
9257,73758,10,10,1,2.3676999262534082e-05
9258,72221,10,9,0,6.7969995143357664e-06
9259,82913,12,9,0,2.150699947378598e-05
9260,51248,11,10,3,8.869700104696676e-05
9261,23601,15,10,3,5.635900015477091e-05
9262,16464,20,10,6,5.3870000556344166e-05
9263,3291,19,9,1,2.8161997761344537e-05
9264,36953,10,10,1,1.7555001250002533e-05
9265,66899,10,9,0,7.258000550791621e-06
9266,36981,10,8,0,6.749000021954998e-06
9267,5261,10,7,0,6.769001629436389e-06
9268,8379,11,6,0,6.763002602383494e-06
9269,56011,10,5,0,5.650999810313806e-06
9270,60584,10,4,0,5.208999937167391e-06
9271,11482,10,3,0,4.5819979277439415e-06
9272,2088,11,3,1,6.867001502541825e-06
9273,38803,16,3,0,1.237399919773452e-05
9274,72801,15,10,6,3.715999991982244e-05
9275,60930,44,9,3,5.675200009136461e-05
9276,7266,11,10,8,3.593400106183253e-05
9277,80996,10,10,1,1.8773000192595646e-05
9278,77733,10,9,0,7.697999535594136e-06
9279,12977,10,8,0,6.750000466126949e-06
9280,54482,17,7,0,1.1961998097831383e-05
9281,31095,10,6,0,6.039001164026558e-06
9282,49921,10,5,0,5.751000571763143e-06
9283,75502,12,5,1,1.1643001926131546e-05
9284,22281,23,4,0,1.0973999451380223e-05
9285,52166,21,3,0,1.3184002455091104e-05
9286,60497,26,6,0,2.586200207588263e-05
9287,61542,10,10,1,1.7615002434467897e-05
9288,8175,10,9,0,7.182003173511475e-06
9289,75494,10,8,0,6.842998118372634e-06
9290,33336,10,7,0,6.4449995988979936e-06
9291,34944,10,6,0,6.3449988374486566e-06
9292,76824,11,6,1,1.1219999578315765e-05
9293,65656,22,10,5,4.721000004792586e-05
9294,55416,22,10,5,4.218300091451965e-05
9295,84244,13,9,6,4.172799890511669e-05
9296,181,24,10,6,3.92440015275497e-05
9297,25798,12,10,4,4.898299812339246e-05
9298,35020,25,10,3,8.373200034839101e-05
9299,24809,18,10,9,4.6383996959775686e-05
9300,84206,23,10,4,4.2635998397599906e-05
9301,43583,18,9,5,3.738699888344854e-05
9302,45746,23,8,1,3.262399695813656e-05
9303,87632,13,9,7,3.066799763473682e-05
9304,62514,14,9,2,3.4684999263845384e-05
9305,33004,32,10,2,7.609800013597123e-05
9306,23817,18,10,3,3.507600195007399e-05
9307,37151,26,10,2,3.950900281779468e-05
9308,40006,14,9,5,2.4048997147474438e-05
9309,22588,39,9,4,4.39670002378989e-05
9310,48934,15,9,6,3.512799958116375e-05
9311,20769,20,10,3,4.488299964577891e-05
9312,52515,10,10,1,2.3496999347116798e-05
9313,77701,13,9,0,9.875002433545887e-06
9314,33501,10,8,0,6.960999598959461e-06
9315,26183,10,7,0,7.137001375667751e-06
9316,69161,10,6,0,6.14700184087269e-06
9317,1920,11,5,0,6.203001248650253e-06
9318,65927,11,4,0,5.387002602219582e-06
9319,21140,10,3,0,4.572997568175197e-06
9320,4969,11,2,0,4.773999535245821e-06
9321,66416,11,1,0,3.936998837161809e-06
9322,58229,11,0,0,3.474000550340861e-06
9323,15651,11,10,2,3.292699693702161e-05
9324,10076,10,9,1,1.280499782296829e-05
9325,47397,25,10,4,4.4492997403722256e-05
9326,32292,33,9,2,4.6434997784672305e-05
9327,73582,21,9,4,6.891100201755762e-05
9328,15307,23,9,3,5.804800093756057e-05
9329,32202,31,9,3,4.1530001908540726e-05
9330,88758,29,8,2,3.2292999094352126e-05
9331,45067,16,8,3,3.0798000807408243e-05
9332,34614,20,8,3,3.502700201352127e-05
9333,46745,25,9,2,3.198800186510198e-05
9334,46000,27,8,1,3.15529978252016e-05
9335,32492,28,9,2,3.435000326135196e-05
9336,85757,21,9,4,2.8145001124357805e-05
9337,35114,20,10,5,3.34270007442683e-05
9338,60744,21,9,2,3.565400038496591e-05
9339,86364,15,10,1,2.2107000404503196e-05
9340,38473,10,9,0,8.282000635517761e-06
9341,39857,10,8,0,7.383998308796436e-06
9342,72289,11,7,0,8.269998943433166e-06
9343,77645,10,6,0,6.526999641209841e-06
9344,23356,10,5,0,5.770998541265726e-06
9345,49560,10,4,0,5.075999069958925e-06
9346,58013,10,3,0,4.422003257786855e-06
9347,49939,11,2,0,4.858997272094712e-06
9348,68461,10,1,0,3.740999090950936e-06
9349,86516,24,0,0,7.294998795259744e-06
9350,44390,22,10,3,4.860400076722726e-05
9351,8556,10,10,1,2.317300095455721e-05
9352,42581,10,9,0,7.185000868048519e-06
9353,8574,10,10,1,1.8069997167913243e-05
9354,39314,48,10,4,6.30389986326918e-05
9355,13734,32,10,2,4.551000165520236e-05
9356,60860,39,10,0,3.975300205638632e-05
9357,14789,23,10,3,3.293799818493426e-05
9358,9680,10,10,1,2.3055999918142334e-05
9359,34489,10,9,0,3.7841997254872695e-05
9360,86483,43,10,4,6.998000026214868e-05
9361,8687,18,10,1,4.80759990750812e-05
9362,69105,33,10,1,3.917499998351559e-05
9363,8702,15,10,1,3.311800173833035e-05
9364,67723,11,9,0,8.377999620279297e-06
9365,23993,13,9,1,3.252799797337502e-05
9366,38406,12,10,5,3.362200004630722e-05
9367,85990,14,9,3,3.414199818507768e-05
9368,78373,19,10,2,4.811300095752813e-05
9369,49775,13,10,5,8.100500053842552e-05
9370,68243,15,10,1,3.025499972864054e-05
9371,82599,18,10,1,3.7276000512065366e-05
9372,8939,30,9,3,4.309499854571186e-05
9373,16251,17,9,4,2.6342000637669116e-05
9374,47055,14,9,4,3.581899727578275e-05
9375,58041,12,10,1,1.6547000996069983e-05
9376,85700,11,10,5,2.8120997740188614e-05
9377,74469,27,10,4,4.5033000787952915e-05
9378,70407,17,10,7,5.3001000196672976e-05
9379,41737,16,10,3,4.423100108397193e-05
9380,77598,14,10,3,2.2018000890966505e-05
9381,12081,12,10,5,6.0303998907329515e-05
9382,43900,28,9,7,6.27289991825819e-05
9383,74782,17,9,3,4.581599932862446e-05
9384,79729,17,9,2,3.587399987736717e-05
9385,19309,10,10,1,1.677999898674898e-05
9386,86947,13,10,8,6.365399895003065e-05
9387,42959,17,10,3,4.561199966701679e-05
9388,56285,22,10,4,3.7988000258337706e-05
9389,13049,20,9,3,3.7847999919904396e-05
9390,13376,20,9,5,3.696600106195547e-05
9391,66549,19,10,5,3.063599797314964e-05
9392,67597,22,10,3,3.142900095554069e-05
9393,69692,31,10,1,4.120399898965843e-05
9394,47194,22,10,6,4.012199860881083e-05
9395,26954,26,9,1,3.9005000871839e-05
9396,3195,30,10,4,3.8852998841321096e-05
9397,45004,38,10,3,4.9428002967033535e-05
9398,6273,20,10,7,4.840800102101639e-05
9399,71844,20,10,6,3.997000021627173e-05
9400,4288,31,10,4,5.227899964665994e-05
9401,21812,31,9,0,7.256599928950891e-05
9402,51395,25,10,1,5.80830019316636e-05
9403,57693,22,10,3,4.232100036460906e-05
9404,45545,26,10,4,4.63619981019292e-05
9405,48834,23,10,7,4.743899989989586e-05
9406,86730,39,10,3,4.8886999138630927e-05
9407,44771,35,10,4,5.1022001571254805e-05
9408,25379,33,10,3,4.5602999307448044e-05
9409,8444,22,9,2,4.824699863092974e-05
9410,22351,24,9,1,2.5328998162876815e-05
9411,17628,15,9,1,2.4313001631526276e-05
9412,17198,19,10,5,3.33440002577845e-05
9413,67660,22,10,5,4.908300252282061e-05
9414,37350,39,10,3,4.375099888420664e-05
9415,45781,24,10,5,4.1805000364547595e-05
9416,33640,18,10,5,3.806500171776861e-05
9417,40572,19,10,3,4.08689993491862e-05
9418,62465,11,11,1,1.940199945238419e-05
9419,51850,11,10,0,8.578001143177971e-06
9420,49102,11,9,0,7.366998033830896e-06
9421,17388,11,8,0,6.842998118372634e-06
9422,29439,11,7,0,6.343001587083563e-06
9423,36890,11,6,0,6.164998922031373e-06
9424,39156,11,5,0,5.654001142829657e-06
9425,23111,11,4,0,5.1770002755802125e-06
9426,74230,16,5,0,1.3029999536229298e-05
9427,8217,11,11,1,2.1206000383244827e-05
9428,77480,11,10,0,8.048002200666815e-06
9429,38886,11,9,0,3.712800025823526e-05
9430,64049,11,8,0,9.71499684965238e-06
9431,87990,11,7,0,1.3136999768903479e-05
9432,71915,11,6,0,7.368002115981653e-06
9433,87000,11,5,0,5.86900205234997e-06
9434,33065,11,4,0,5.183999746805057e-06
9435,1162,11,3,0,4.520999937085435e-06
9436,88034,11,2,0,4.3479994928929955e-06
9437,82257,11,1,0,4.074998287251219e-06
9438,58420,11,11,1,3.298299998277798e-05
9439,25422,11,10,0,9.037998097483069e-06
9440,18657,11,9,0,8.27599797048606e-06
9441,29189,11,8,0,7.647999154869467e-06
9442,9557,13,8,1,1.5041998267406598e-05
9443,45131,59,11,5,6.944300184841268e-05
9444,65627,12,11,1,3.7480000173673034e-05
9445,10207,16,10,0,1.0252999345539138e-05
9446,48869,23,9,4,5.449499803944491e-05
9447,51413,17,10,1,7.04119993315544e-05
9448,72028,14,9,0,1.5184999938355759e-05
9449,66988,17,8,0,1.1498999811010435e-05
9450,67105,18,7,0,1.5336998330894858e-05
9451,62148,16,6,0,2.349799979128875e-05
9452,59491,19,6,0,1.3775999832432717e-05
9453,44452,22,8,1,2.8767000912921503e-05
9454,61545,11,11,1,2.2480999177787453e-05
9455,75016,11,10,0,8.078997780103236e-06
9456,74304,11,9,0,7.318001735256985e-06
9457,22518,11,8,0,6.909998774062842e-06
9458,17121,11,7,0,6.8199988163542e-06
9459,27556,11,6,0,6.455000402638689e-06
9460,19835,18,6,1,2.1061998268123716e-05
9461,68718,11,11,1,2.3722001060377806e-05
9462,26772,11,11,1,2.0737999875564128e-05
9463,2384,11,10,0,8.359002094948664e-06
9464,27205,28,9,0,1.8604001525091007e-05
9465,47310,15,8,0,1.0474999726284295e-05
9466,41774,11,7,0,8.02100112196058e-06
9467,13811,11,6,0,6.999001925578341e-06
9468,43663,21,6,0,1.5632002032361925e-05
9469,75924,18,11,6,0.00011129700214951299
9470,6323,39,11,1,0.00010016400119639002
9471,54806,20,10,3,4.652099960367195e-05
9472,38095,31,11,5,5.6576001952635124e-05
9473,85202,11,11,1,2.4255001335404813e-05
9474,64437,12,10,0,8.708000677870587e-06
9475,31705,11,9,0,6.918002327438444e-06
9476,79249,12,8,0,7.179001840995625e-06
9477,65792,11,11,1,2.2397998691303656e-05
9478,2778,11,10,0,7.962000381667167e-06
9479,19777,12,10,1,1.5126999642234296e-05
9480,83830,15,10,3,3.029899744433351e-05
9481,60681,11,11,1,2.3836997570469975e-05
9482,12564,29,11,2,6.19750026089605e-05
9483,39215,24,11,2,0.0001242079997609835
9484,74064,44,11,4,5.459100066218525e-05
9485,5959,33,10,4,4.362899926491082e-05
9486,30036,13,11,1,2.1197996829869226e-05
9487,30638,16,10,0,1.1841999366879463e-05
9488,69976,14,11,3,4.422399797476828e-05
9489,82296,19,11,1,2.4901000870158896e-05
9490,66532,13,10,0,9.346000297227874e-06
9491,75302,15,9,0,1.006700040306896e-05
9492,42647,15,8,0,9.193998266709968e-06
9493,25445,13,7,0,7.919999916339293e-06
9494,27018,18,11,4,6.538400339195505e-05
9495,6544,14,11,2,8.162800077116117e-05
9496,47529,29,11,7,6.707400098093785e-05
9497,64299,26,10,5,3.955099964514375e-05
9498,13781,30,11,3,6.688899884466082e-05
9499,31226,26,11,3,6.0862999816890806e-05
9500,84520,11,11,1,2.5656998332124203e-05
9501,23199,11,10,0,7.785998604958877e-06
9502,730,11,9,0,7.286998879862949e-06
9503,88675,17,11,5,5.240700193098746e-05
9504,17010,25,11,7,5.1369002903811634e-05
9505,56946,21,11,3,4.2982999730156735e-05
9506,11751,52,10,2,6.080999810365029e-05
9507,4748,13,11,5,5.75359990762081e-05
9508,61105,11,11,1,1.648699981160462e-05
9509,24289,22,11,4,6.162999852676876e-05
9510,28430,39,10,0,3.0467999749816954e-05
9511,42732,13,11,2,7.396000000881031e-05
9512,57137,15,11,1,1.987199721042998e-05
9513,38760,14,10,0,1.0212999768555164e-05
9514,61330,57,11,4,6.941200263099745e-05
9515,19377,27,11,3,5.8691999583970755e-05
9516,10199,59,11,6,6.862400186946616e-05
9517,74758,28,11,3,6.681100057903677e-05
9518,64714,37,11,5,5.7845001720124856e-05
9519,67832,29,11,9,6.695299816783518e-05
9520,76049,21,11,0,7.967200144776143e-05
9521,64003,20,11,5,4.937999983667396e-05
9522,62313,26,11,1,8.349000199814327e-05
9523,50185,15,11,0,3.868299972964451e-05
9524,25670,42,11,0,3.898300201399252e-05
9525,60605,21,10,1,3.453699901001528e-05
9526,70317,36,10,0,5.12710030307062e-05
9527,64477,40,9,0,2.5408000510651618e-05
9528,31855,36,8,0,1.5765999705763534e-05
9529,70447,35,10,1,4.4235002860659733e-05
9530,62466,12,12,1,2.223199771833606e-05
9531,17495,12,11,0,8.532999345334247e-06
9532,9600,16,10,0,1.0977000783896074e-05
9533,18069,12,9,0,3.587999890442006e-05
9534,19183,16,8,0,1.1895997886313125e-05
9535,65590,15,8,0,1.5403998986585066e-05
9536,55354,23,8,0,1.8144000932807103e-05
9537,45837,30,9,0,6.225299875950441e-05
9538,19308,28,8,0,1.2036998668918386e-05
9539,10820,35,8,2,4.086199987796135e-05
9540,80884,24,11,2,6.851899888715707e-05
9541,8572,18,11,1,7.34309978724923e-05
9542,31310,28,11,0,3.434799873502925e-05
9543,14065,24,10,1,4.315699698054232e-05
9544,56110,31,9,0,2.309899718966335e-05
9545,37026,23,8,0,4.9666999984765425e-05
9546,26692,20,8,0,2.926500019384548e-05
9547,22101,29,7,0,2.0689996745204553e-05
9548,65965,38,7,0,2.650199894560501e-05
9549,45509,19,10,2,3.664200266939588e-05
9550,59196,13,11,2,5.437399886432104e-05
9551,75786,12,12,1,2.158999996026978e-05
9552,25420,12,11,0,8.779003110248595e-06
9553,85454,20,10,0,1.5077999705681577e-05
9554,68399,20,9,0,1.365799835184589e-05
9555,21615,12,8,0,7.577000360470265e-06
9556,58914,16,7,0,1.0544001270318404e-05
9557,47830,12,6,0,7.639999239472672e-06
9558,42202,12,5,0,6.426998879760504e-06
9559,37290,16,4,0,7.085000106599182e-06
9560,1916,12,3,0,4.92899926030077e-06
9561,7974,12,2,0,4.607998562278226e-06
9562,50090,12,1,0,4.118999640922993e-06
9563,4677,12,0,0,3.6199999158270657e-06
9564,48705,26,12,4,6.159999975352548e-05
9565,41554,17,12,3,0.00012719799997285008
9566,12883,15,12,1,2.8481001209001988e-05
9567,35675,12,11,0,8.639999578008428e-06
9568,11513,12,10,0,8.151000656653196e-06
9569,17849,22,9,0,1.6250000044237822e-05
9570,26279,23,11,1,3.8682002923451364e-05
9571,67205,24,11,4,6.197800030349754e-05
9572,23943,15,11,3,5.217500074650161e-05
9573,54868,35,12,9,7.784100307617337e-05
9574,42601,12,12,2,7.5913001637673e-05
9575,5247,25,12,2,7.799000013619661e-05
9576,62599,12,12,1,2.828899960150011e-05
9577,63180,12,11,0,9.207000402966514e-06
9578,20445,12,10,0,7.74100044509396e-06
9579,43233,12,9,0,7.874001312302426e-06
9580,58518,12,8,0,7.1070026024244726e-06
9581,17440,29,11,3,8.112499926937744e-05
9582,23184,18,12,2,8.014500053832307e-05
9583,18591,23,12,6,5.6520999351050705e-05
9584,38059,42,12,1,0.00010439700054121204
9585,54716,45,11,2,6.867800038889982e-05
9586,58033,12,12,1,2.695600051083602e-05
9587,76999,12,12,2,7.486599861294962e-05
9588,6346,12,11,1,1.7520000255899504e-05
9589,69368,39,12,5,5.631899693980813e-05
9590,51974,25,12,4,8.301699926960282e-05
9591,50080,30,11,4,6.533199848490767e-05
9592,56631,23,12,7,7.43630007491447e-05
9593,37187,23,12,11,6.137000309536234e-05
9594,24904,28,12,4,5.773100201622583e-05
9595,15192,28,12,7,5.930499901296571e-05
9596,40339,45,11,3,6.50449983368162e-05
9597,21880,24,12,2,6.84790029481519e-05
9598,3546,17,11,2,8.315599916386418e-05
9599,50055,12,12,1,3.375400046934374e-05
9600,78736,32,12,3,5.715199949918315e-05
9601,33175,12,12,1,2.0285999198677018e-05
9602,61358,13,11,0,9.054001566255465e-06
9603,18857,47,12,7,7.501900108763948e-05
9604,64963,14,12,1,2.0342002244433388e-05
9605,51214,14,11,0,9.573999705025926e-06
9606,68761,14,10,0,9.095998393604532e-06
9607,2393,14,9,0,8.47100091050379e-06
9608,82578,14,8,0,8.126000466290861e-06
9609,7784,14,7,0,8.15800012787804e-06
9610,48335,14,6,0,1.0976000339724123e-05
9611,24932,14,5,0,7.1340000431519e-06
9612,82438,14,4,0,6.222999218152836e-06
9613,65894,14,3,0,5.4919983085710555e-06
9614,44789,14,3,0,9.848001354839653e-06
9615,55255,27,2,0,1.1475000064820051e-05
9616,18157,35,2,0,1.643900031922385e-05
9617,40900,25,12,4,6.129800021881238e-05
9618,70105,13,12,3,7.941900184960105e-05
9619,58332,12,12,1,2.22550006583333e-05
9620,87129,17,11,0,1.1718999303411692e-05
9621,6634,14,12,1,2.680200122995302e-05
9622,63467,19,11,0,1.424899892299436e-05
9623,25099,13,12,1,4.3126001401105896e-05
9624,73898,13,11,0,9.191000572172925e-06
9625,9507,13,10,0,8.664999768370762e-06
9626,21322,13,9,0,8.243998308898881e-06
9627,11798,36,12,4,5.2321000111987814e-05
9628,21544,13,12,1,8.319100015796721e-05
9629,54372,15,12,2,4.222699863021262e-05
9630,62207,23,11,1,7.508900307584554e-05
9631,48894,20,12,4,3.869100328302011e-05
9632,50990,30,12,3,7.628499952261336e-05
9633,86343,24,11,2,6.100800237618387e-05
9634,74103,31,11,4,8.099900151137263e-05
9635,6023,20,12,2,5.730399789172225e-05
9636,9574,35,12,0,3.7306999729480594e-05
9637,85523,13,13,1,2.5246998120564967e-05
9638,73592,13,12,0,1.0015999578172341e-05
9639,22935,13,11,0,8.863000402925536e-06
9640,67120,13,10,0,8.568000339437276e-06
9641,29747,16,9,0,1.050300124916248e-05
9642,24403,13,8,0,7.915998139651492e-06
9643,7802,13,7,0,7.280999852810055e-06
9644,30471,20,7,0,1.721900116535835e-05
9645,42287,14,6,1,1.0211002518190071e-05
9646,84408,16,5,0,1.1235999409109354e-05
9647,85422,30,5,0,2.7598998713074252e-05
9648,34255,23,4,2,1.6200996469706297e-05
9649,73205,28,6,3,3.0013998184585944e-05
9650,27348,25,12,6,7.031499990262091e-05
9651,21525,13,13,1,2.243999915663153e-05
9652,6393,18,12,0,1.2706997949862853e-05
9653,64053,13,11,0,9.371000487590209e-06
9654,20022,13,10,0,8.21200228529051e-06
9655,70716,13,9,0,7.702001312281936e-06
9656,22398,13,8,0,7.061997166601941e-06
9657,22466,13,7,0,7.643997378181666e-06
9658,50936,13,6,0,7.148999429773539e-06
9659,50253,13,5,0,6.4350024331361055e-06
9660,6439,13,4,0,5.4060001275502145e-06
9661,14927,13,3,0,4.8080000851769e-06
9662,15424,13,2,0,4.5529995986726135e-06
9663,83139,13,1,0,4.0810009522829205e-06
9664,34000,13,0,0,3.6320016079116613e-06
9665,65580,13,13,1,2.594900070107542e-05
9666,55347,16,12,0,3.7030000385129824e-05
9667,42130,22,12,0,3.12550000671763e-05
9668,52505,29,12,0,2.9489998269127682e-05
9669,77881,28,11,1,3.3576998248463497e-05
9670,58828,19,10,2,3.301400283817202e-05
9671,57884,30,9,1,2.751200008788146e-05
9672,35818,28,10,2,2.898800084949471e-05
9673,13932,30,10,3,4.879300104221329e-05
9674,6974,39,9,0,3.122199996141717e-05
9675,23482,22,8,2,2.472799678798765e-05
9676,15392,39,11,3,6.965900320210494e-05
9677,23513,24,12,7,0.00010028900214820169
9678,67170,24,12,6,5.503799911821261e-05
9679,1581,13,13,1,2.3988002794794738e-05
9680,32939,13,12,0,9.73499845713377e-06
9681,11543,13,11,0,8.327999239554629e-06
9682,15264,13,10,0,8.617000275989994e-06
9683,56767,13,9,0,7.591999747091904e-06
9684,52707,13,8,0,7.793998520355672e-06
9685,10825,13,7,0,7.751998055027798e-06
9686,63469,17,7,0,2.5384997570654377e-05
9687,33153,17,6,0,8.405000698985532e-06
9688,5509,24,6,0,1.835000148275867e-05
9689,6276,23,5,0,9.556999430060387e-06
9690,47569,33,6,0,3.1593997846357524e-05
9691,16961,31,13,6,7.902200013631955e-05
9692,67144,24,13,1,8.655300189275295e-05
9693,77389,13,13,1,3.4635999327292666e-05
9694,55493,13,12,0,1.0966003173962235e-05
9695,77087,13,11,0,8.80200241226703e-06
9696,1122,13,10,0,8.741000783629715e-06
9697,40343,13,9,0,7.89800105849281e-06
9698,88805,13,8,0,8.222999895224348e-06
9699,53232,22,7,0,1.2481999874580652e-05
9700,68264,13,6,0,7.432998245349154e-06
9701,35938,13,5,0,6.657999620074406e-06
9702,77048,13,4,0,5.8779987739399076e-06
9703,49525,13,3,0,5.216003046371043e-06
9704,9894,13,2,0,4.866000381298363e-06
9705,44780,13,1,0,1.4500001270789653e-05
9706,4183,29,13,5,7.812299736542627e-05
9707,87641,16,13,2,0.00010661300257197581
9708,65121,28,13,8,8.689599781064317e-05
9709,71162,19,13,1,4.7767996875336394e-05
9710,3751,13,13,1,2.78410007013008e-05
9711,69899,13,12,0,9.782997949514538e-06
9712,81265,13,11,0,8.872000762494281e-06
9713,58799,13,10,0,8.173003152478486e-06
9714,3041,13,9,0,9.011000656755641e-06
9715,21507,15,9,0,1.3610999303637072e-05
9716,79495,26,11,4,4.3092000851174816e-05
9717,26816,22,10,3,2.3176999093266204e-05
9718,89099,26,9,0,5.795700053567998e-05
9719,58583,13,13,1,3.1462001061299816e-05
9720,40667,15,13,4,8.607900235801935e-05
9721,67313,37,13,4,0.00011277800149400719
9722,26420,44,12,3,5.777699698228389e-05
9723,67444,34,12,4,6.325000140350312e-05
9724,85373,38,12,3,4.9538997700437903e-05
9725,54521,15,13,0,8.891899778973311e-05
9726,28482,26,13,1,3.7016001442680135e-05
9727,74639,32,12,0,2.390100053162314e-05
9728,11106,13,11,0,1.010500272968784e-05
9729,70459,42,12,0,3.8466998375952244e-05
9730,60221,42,11,0,3.8292997487587854e-05
9731,8477,40,11,2,8.633000106783584e-05
9732,68,43,12,3,4.196499867248349e-05
9733,68376,33,12,3,4.677899778471328e-05
9734,10058,34,13,9,8.10349993116688e-05
9735,69463,30,13,1,4.190100298728794e-05
9736,88436,30,13,10,0.00010571100210654549
9737,70083,69,13,4,0.00013280599887366407
9738,27079,17,13,9,7.113500032573938e-05
9739,30696,36,13,3,8.386599802179262e-05
9740,48135,14,14,1,2.8038000891683623e-05
9741,3615,14,13,0,1.1723001080099493e-05
9742,76594,14,12,0,1.0121999366674572e-05
9743,41361,15,11,0,9.610001143300906e-06
9744,58527,15,10,0,1.0292998922523111e-05
9745,5008,14,9,0,9.139999747276306e-06
9746,1157,14,8,0,8.753999281907454e-06
9747,30802,14,7,0,8.659000741317868e-06
9748,88795,14,6,0,8.058999810600653e-06
9749,3935,14,5,0,6.8970002757851034e-06
9750,16834,15,4,0,6.410999048966914e-06
9751,39744,18,3,0,8.225000783568248e-06
9752,38712,30,3,0,1.7065998690668494e-05
9753,5576,23,9,0,2.55839986493811e-05
9754,88598,15,14,1,2.3751999833621085e-05
9755,57417,15,13,0,1.0982999810948968e-05
9756,85822,15,12,0,1.0388001101091504e-05
9757,15870,15,11,0,9.626000974094495e-06
9758,14018,18,10,0,1.3147000572644174e-05
9759,50153,15,9,0,9.519000741420314e-06
9760,14718,14,8,0,8.01799978944473e-06
9761,13252,15,7,0,8.887996955309063e-06
9762,83041,22,7,1,2.8591999580385163e-05
9763,12214,17,7,1,1.7127000319305807e-05
9764,72900,39,8,0,4.5325999963097274e-05
9765,57397,22,14,3,7.656800153199583e-05
9766,61281,18,13,10,5.4281998018268496e-05
9767,36419,14,14,2,0.0001391320001857821
9768,77889,17,14,2,0.00010347300121793523
9769,22624,30,14,1,6.821799979661591e-05
9770,14281,16,13,1,1.844899816205725e-05
9771,25093,26,12,0,2.33450009545777e-05
9772,25403,31,12,0,3.014499816345051e-05
9773,13574,37,13,4,4.514700049185194e-05
9774,17715,31,12,3,9.706299897516146e-05
9775,12393,37,14,11,8.474100104649551e-05
9776,62695,17,13,11,5.352600055630319e-05
9777,20602,61,14,2,0.00014303799980552867
9778,26563,27,13,1,3.3071999496314675e-05
9779,22726,45,14,5,0.0001632899984542746
9780,85197,14,14,1,3.488700167508796e-05
9781,56569,14,13,0,1.0856998414965346e-05
9782,29940,22,14,9,9.729299927130342e-05
9783,33539,49,14,6,8.635700214654207e-05
9784,73164,47,13,3,8.742900172364898e-05
9785,50540,22,14,2,0.00012034100291202776
9786,16817,24,14,2,4.674199954024516e-05
9787,2489,30,14,7,7.821299732313491e-05
9788,56541,29,13,0,4.0102000639308244e-05
9789,70517,27,12,2,3.413299782550894e-05
9790,29012,33,13,3,6.705600026180036e-05
9791,76785,34,14,5,7.246400127769448e-05
9792,52896,16,14,2,0.00012433899973984808
9793,6344,24,14,1,3.212299998267554e-05
9794,77007,21,14,1,2.3967000743141398e-05
9795,68119,31,13,0,2.2661002731183544e-05
9796,79909,22,12,0,1.5200999769149348e-05
9797,15924,16,11,0,1.0758001735666767e-05
9798,16485,22,10,0,1.3143999240128323e-05
9799,26688,22,9,0,1.3015000149607658e-05
9800,42635,17,8,0,1.0253999789711088e-05
9801,30785,28,7,0,1.8125996575690806e-05
9802,16090,25,6,0,1.3109001884004101e-05
9803,6349,16,5,0,7.998001819942147e-06
9804,85254,32,5,0,3.612300133681856e-05
9805,7681,31,4,0,1.0273000953020528e-05
9806,30511,52,4,1,3.329100218252279e-05
9807,74899,53,9,3,5.889599924557842e-05
9808,81444,20,15,11,6.113400013418868e-05
9809,11051,17,15,1,5.753699952038005e-05
9810,32944,18,15,4,9.757299994817004e-05
9811,12857,33,15,8,8.094499935396016e-05
9812,4666,43,15,6,0.0001279400021303445
9813,42970,26,14,5,0.00012442499792086892
9814,21575,20,15,1,4.902599903289229e-05
9815,55769,15,14,0,1.3135999324731529e-05
9816,55636,24,15,7,8.409700240008533e-05
9817,46432,44,15,6,0.00011138699846924283
9818,16736,35,15,8,9.183800284517929e-05
9819,30952,32,15,7,7.122399983927608e-05
9820,30080,38,14,7,8.578400229453109e-05
9821,10653,19,15,2,3.122499765595421e-05
9822,61009,19,15,2,6.65259976813104e-05
9823,80516,17,16,1,3.919100345228799e-05
9824,36825,17,15,0,1.3082000805297866e-05
9825,36033,16,14,0,1.3493001461029053e-05
9826,2199,16,13,0,1.1757001630030572e-05
9827,79647,16,12,0,1.0556002962403e-05
9828,86359,22,12,0,2.395600313320756e-05
9829,58009,36,13,0,9.12649993551895e-05
9830,78857,16,16,1,4.8484998842468485e-05
9831,50450,16,16,1,4.504100070334971e-05
9832,37624,16,15,0,1.253300069947727e-05
9833,83306,18,15,1,2.7640002372208983e-05
9834,23981,20,16,5,0.00012877600238425657
9835,87738,29,16,4,0.00021475299945450388
9836,67899,21,16,1,0.00013975999900139868
9837,30916,23,16,2,6.11750001553446e-05
9838,78796,36,16,5,0.00010222600030829199
9839,1506,22,16,8,0.00011677700240397826
9840,66411,64,16,11,0.00013628899978357367
9841,58733,33,16,9,0.00010993600153597072
9842,68333,40,16,10,9.793199933483265e-05
9843,48505,16,16,1,3.571599881979637e-05
9844,83084,26,16,1,5.2911000238964334e-05
9845,57614,28,16,1,2.96990001515951e-05
9846,64004,17,17,1,4.281599831301719e-05
9847,26907,17,16,0,1.3183998817112297e-05
9848,2189,17,15,0,1.2603002687683329e-05
9849,18884,17,14,0,1.2103999324608594e-05
9850,18896,17,13,0,1.1085998266935349e-05
9851,24553,17,12,0,1.111100209527649e-05
9852,32800,18,11,0,1.2120999599574134e-05
9853,68144,18,11,1,1.7167996702482924e-05
9854,14002,25,11,2,2.3323002096731216e-05
9855,29147,44,16,11,0.00010757299969554879
9856,12859,17,17,1,3.569999898900278e-05
9857,66026,17,16,0,1.398699896526523e-05
9858,52111,17,15,0,1.229100234922953e-05
9859,69832,17,14,0,1.176499790744856e-05
9860,70103,17,13,0,4.5970002247486264e-05
9861,21133,17,12,0,1.926500044646673e-05
9862,46276,19,11,0,1.3642998965224251e-05
9863,71318,17,10,0,1.089699799194932e-05
9864,72096,17,9,0,1.1041000107070431e-05
9865,23839,17,8,0,9.372000931762159e-06
9866,82176,17,7,0,1.053600135492161e-05
9867,28459,20,7,1,2.445499922032468e-05
9868,66219,17,17,1,4.1686002077767625e-05
9869,76697,17,16,0,1.2970001989742741e-05
9870,74344,19,16,1,6.837200271547772e-05
9871,20148,24,16,1,6.059900260879658e-05
9872,756,17,17,1,3.742400076589547e-05
9873,11691,17,16,0,1.383199924021028e-05
9874,61729,41,17,4,0.00013610600217361934
9875,78117,19,17,1,3.5100998502457514e-05
9876,34645,17,17,1,2.627600042615086e-05
9877,36183,17,17,1,4.69959995825775e-05
9878,41321,30,17,6,0.00012938699728692882
9879,37241,26,17,2,0.0001810590001696255
9880,37244,17,17,1,3.4529999538790435e-05
9881,48510,19,17,0,9.13399999262765e-05
9882,57536,19,16,0,1.5576999430777505e-05
9883,8690,21,16,1,1.8989998352481052e-05
9884,71947,46,15,0,4.07150000683032e-05
9885,10281,23,15,0,1.692200021352619e-05
9886,2252,25,14,0,1.7243000911548734e-05
9887,19420,25,13,0,1.6764002793934196e-05
9888,42190,32,12,0,2.2767999325878918e-05
9889,57568,30,11,0,1.824500213842839e-05
9890,33499,48,10,0,2.5976998585974798e-05
9891,35953,31,9,0,1.678500120760873e-05
9892,87299,31,8,0,1.5854999219300225e-05
9893,80958,34,7,0,1.6932997823460028e-05
9894,54365,23,6,0,1.1325002560624853e-05
9895,44469,25,6,0,1.7120000848080963e-05
9896,33467,30,5,0,1.909200000227429e-05
9897,23289,36,4,0,1.7557998944539577e-05
9898,29794,41,5,0,2.7296002372168005e-05
9899,59370,19,17,1,3.136899977107532e-05
9900,13577,18,18,1,5.3178002417553216e-05
9901,14745,21,17,0,1.86019969987683e-05
9902,30361,19,17,1,2.20949987124186e-05
9903,8208,18,18,1,4.356500357971527e-05
9904,9066,18,17,0,1.4575001841876656e-05
9905,43653,18,16,0,1.4055000065127388e-05
9906,37353,18,15,0,1.3164000847609714e-05
9907,16149,18,18,1,4.325700137997046e-05
9908,51477,25,17,0,2.2707998141413555e-05
9909,41853,23,17,1,0.00012161899940110743
9910,22458,30,16,1,8.922099732444622e-05
9911,15338,27,15,1,4.567400173982605e-05
9912,7973,27,15,2,5.7463003031443805e-05
9913,40609,28,16,1,7.031600034679286e-05
9914,54158,46,16,1,0.0001380079993396066
9915,15711,40,17,5,7.373400148935616e-05
9916,32021,40,18,2,7.492599979741499e-05
9917,56435,25,17,4,7.774600089760497e-05
9918,42664,27,17,6,0.00014440699669648893
9919,16612,33,16,5,0.00012694000179180875
9920,44916,42,16,1,9.029300053953193e-05
9921,62844,33,15,6,8.533900108886883e-05
9922,69913,20,18,1,4.687599721364677e-05
9923,3259,18,17,0,1.4692999684484676e-05
9924,53880,18,16,0,1.296600021305494e-05
9925,10366,20,15,0,1.4995002857176587e-05
9926,31374,18,14,0,1.2480999430408701e-05
9927,59868,21,13,0,1.5303001418942586e-05
9928,52513,21,12,0,1.5473997336812317e-05
9929,59732,18,11,0,1.176699879579246e-05
9930,71724,24,10,0,1.6095997125376016e-05
9931,74181,24,9,0,1.5854999219300225e-05
9932,38987,36,8,0,2.2618998627876863e-05
9933,75937,20,7,0,1.1552001524250954e-05
9934,68178,29,6,0,1.636800152482465e-05
9935,68481,25,5,0,1.2570999388117343e-05
9936,8207,24,5,1,1.4753000868950039e-05
9937,82080,29,4,0,1.9349001377122477e-05
9938,46701,25,3,0,1.619500108063221e-05
9939,41214,22,3,0,1.6898000467335805e-05
9940,50767,63,3,0,3.548099994077347e-05
9941,1564,18,18,1,3.543799903127365e-05
9942,5263,18,17,0,1.4725999790243804e-05
9943,28071,20,17,1,2.8285001462791115e-05
9944,84410,19,16,0,1.4133998774923384e-05
9945,1084,24,16,0,1.8410002667224035e-05
9946,63874,24,15,0,1.7284000932704657e-05
9947,49109,24,14,0,1.5419002011185512e-05
9948,14332,24,13,0,1.4053999620955437e-05
9949,63283,24,12,0,1.4263998309616e-05
9950,1434,24,11,0,1.3765999028692022e-05
9951,5773,29,10,0,4.443400030140765e-05
9952,22806,24,9,0,2.072200004477054e-05
9953,2990,24,8,0,1.2721000530291349e-05
9954,77249,24,7,0,1.2903998140245676e-05
9955,44066,27,6,0,1.5477002307306975e-05
9956,60938,24,5,0,1.0907999239861965e-05
9957,27397,37,5,0,2.5378998543601483e-05
9958,20350,28,5,1,1.7504997231299058e-05
9959,4452,18,18,1,4.540800000540912e-05
9960,83884,18,17,0,1.540999801363796e-05
9961,14589,18,16,0,1.353900006506592e-05
9962,68762,18,15,0,1.3237000530352816e-05
9963,85210,18,14,0,1.1612999514909461e-05
9964,49336,18,13,0,1.1429001460783184e-05
9965,33736,49,13,0,4.062200241605751e-05
9966,37234,38,13,1,3.952499901060946e-05
9967,32580,45,17,5,0.0001355380009044893
9968,16264,31,18,9,0.00015842400171095505
9969,76681,65,18,2,8.442299804301001e-05
9970,16269,24,18,2,0.00011504800204420462
9971,19927,22,17,3,0.00013743900126428343
9972,73252,44,17,4,8.383000022149645e-05
9973,54745,22,17,1,4.197199814370833e-05
9974,2967,18,18,1,4.4200001866556704e-05
9975,16880,18,17,0,1.4261000615078956e-05
9976,49664,19,19,1,4.275399987818673e-05
9977,11417,19,18,0,1.640399932512082e-05
9978,82548,19,17,0,1.4197998098097742e-05
9979,61441,19,16,0,1.4739998732693493e-05
9980,9691,19,15,0,1.3503999070962891e-05
9981,6438,19,14,0,1.3208999007474631e-05
9982,81796,19,13,0,1.3274002412799746e-05
9983,4421,19,12,0,1.2544998753583059e-05
9984,81322,19,11,0,1.1865002306876704e-05
9985,24909,19,10,0,1.1477000953163952e-05
9986,75239,19,9,0,1.1571999493753538e-05
9987,23699,19,8,0,1.0543997632339597e-05
9988,82378,19,7,0,1.0787000064738095e-05
9989,62600,19,6,0,1.0002000635722652e-05
9990,20505,25,5,0,1.326200072071515e-05
9991,17602,19,4,0,7.888000254752114e-06
9992,10826,19,3,0,7.042999641271308e-06
9993,71571,19,2,0,6.572001439053565e-06
9994,88937,19,1,0,5.7960023696068674e-06
9995,48909,19,0,0,5.330999556463212e-06
9996,6145,39,19,6,0.00016056999811553396
9997,74261,25,19,1,5.2724000852322206e-05
9998,3743,23,18,0,1.894899833132513e-05
9999,76472,19,17,0,1.4394998288480565e-05
10000,43667,19,16,0,1.3801000022795051e-05
10001,4185,19,15,0,1.4477998774964362e-05
10002,65966,19,14,0,4.061900108354166e-05
10003,63963,19,13,0,1.4965000445954502e-05
10004,29399,19,12,0,1.1978998372796923e-05
10005,85818,31,11,0,2.0056999346707016e-05
10006,85232,19,10,0,1.1424999684095383e-05
10007,217,19,9,0,1.0409999958937988e-05
10008,9238,19,19,1,5.834300100104883e-05
10009,14558,19,18,0,1.7062997358152643e-05
10010,21824,19,17,0,1.5199999324977398e-05
10011,65346,19,16,0,1.405599687132053e-05
10012,23437,22,16,0,2.4221000785473734e-05
10013,41835,25,15,1,3.070499951718375e-05
10014,49141,22,14,0,1.5530000382568687e-05
10015,41133,30,15,3,7.245999950100668e-05
10016,66953,29,15,1,4.04009988415055e-05
10017,80156,27,17,9,0.00013412800035439432
10018,60007,19,19,1,4.295899998396635e-05
10019,69392,19,18,0,1.6795998817542568e-05
10020,10401,19,17,0,1.5625999367330223e-05
10021,49557,19,16,0,1.3985998521093279e-05
10022,4970,19,15,0,1.3864999345969409e-05
10023,59071,19,14,0,1.2624997907551005e-05
10024,68716,19,13,0,1.2679000064963475e-05
10025,79708,19,12,0,1.1615000403253362e-05
10026,10403,19,11,0,1.241300196852535e-05
10027,79509,19,10,0,1.0956999176414683e-05
10028,14714,38,9,0,2.471900006639771e-05
10029,82278,19,8,0,1.0976000339724123e-05
10030,4749,19,7,0,1.0089999705087394e-05
10031,1447,37,6,0,1.72869986272417e-05
10032,80268,19,5,0,8.886003342922777e-06
10033,64826,32,5,0,1.839600008679554e-05
10034,46859,55,4,0,5.711899939342402e-05
10035,82626,33,3,0,1.1965999874519184e-05
10036,49406,65,4,0,3.374399966560304e-05
10037,14053,36,5,0,2.493799911462702e-05
10038,85643,27,19,2,0.0001118139989557676
10039,77500,33,19,6,0.00015961399913066998
10040,54177,26,19,6,0.0001959410001290962
10041,38407,20,20,1,5.5553002312080935e-05
10042,13735,20,19,0,1.9099999917671084e-05
10043,61248,20,18,0,1.6656998923281208e-05
10044,25058,20,17,0,1.489300120738335e-05
10045,79703,20,16,0,1.352199979010038e-05
10046,31372,20,15,0,1.3787997886538506e-05
10047,44101,20,14,0,1.355299900751561e-05
10048,66163,21,13,0,1.3699998817173764e-05
10049,11621,20,12,0,1.2587999663082883e-05
10050,77171,20,11,0,1.1806998372776434e-05
10051,75335,20,10,0,1.184100256068632e-05
10052,74237,20,9,0,1.0306001058779657e-05
10053,70537,20,8,0,1.0822001058841124e-05
10054,34490,20,7,0,9.75399962044321e-06
10055,65462,20,6,0,8.820999937597662e-06
10056,16820,20,5,0,8.581999281886965e-06
10057,70771,20,4,0,7.205999281723052e-06
10058,24045,21,4,1,1.0120998922502622e-05
10059,76821,44,4,1,4.709100176114589e-05
10060,11148,41,4,1,2.5798999558901414e-05
10061,81940,20,20,1,5.864099875907414e-05
10062,58852,20,19,0,1.9341998267918825e-05
10063,30279,20,18,0,1.734100078465417e-05
10064,42598,20,17,0,1.5375000657513738e-05
10065,67224,20,16,0,1.4508001186186448e-05
10066,56592,20,15,0,1.4234999980544671e-05
10067,13799,20,14,0,1.381699985358864e-05
10068,20603,20,13,0,1.2833002983825281e-05
10069,31628,21,12,0,1.3543001841753721e-05
10070,32346,20,11,0,1.2050000805174932e-05
10071,73938,20,10,0,1.1713000276358798e-05
10072,75967,20,9,0,1.3926000974606723e-05
10073,26847,20,8,0,1.0544998076511547e-05
10074,70461,20,7,0,9.727998985908926e-06
10075,43261,20,6,0,9.013998351292685e-06
10076,1000,20,5,0,9.070001397049055e-06
10077,56556,20,4,0,7.398000889224932e-06
10078,50230,20,3,0,7.118000212358311e-06
10079,56965,20,2,0,6.516998837469146e-06
10080,60014,20,1,0,6.357000529533252e-06
10081,36535,20,0,0,5.228997906669974e-06
10082,88092,20,20,1,6.496599962702021e-05
10083,21933,20,19,0,1.857100141933188e-05
10084,37715,20,18,0,1.7333000869257376e-05
10085,50559,20,17,0,1.4574998203897849e-05
10086,14238,20,16,0,1.3724999007536098e-05
10087,10706,20,15,0,1.3651999324792996e-05
10088,30920,20,14,0,1.3984001270728186e-05
10089,75009,21,13,0,1.4351997378980741e-05
10090,21939,38,12,0,2.385100015089847e-05
10091,83770,20,11,0,1.1866999557241797e-05
10092,83862,20,10,0,1.1233998520765454e-05
10093,52619,20,9,0,1.1363001249264926e-05
10094,20021,20,8,0,1.0496001777937636e-05
10095,80654,22,8,0,1.5817000530660152e-05
10096,79474,23,7,0,1.6380003216909245e-05
10097,42936,32,13,1,6.861200017738156e-05
10098,29729,20,20,1,5.7076002121903e-05
10099,85233,20,19,0,1.847100065788254e-05
10100,48757,20,18,0,4.505800097831525e-05
10101,1613,23,17,0,2.60540000454057e-05
10102,727,34,16,0,2.924900036305189e-05
10103,31368,26,17,1,0.00010216400187346153
10104,9065,27,16,2,0.0002230220015917439
10105,9237,35,16,2,0.00018013000226346776
10106,76444,55,18,1,0.00018065299809677526
10107,75839,20,20,1,6.158099859021604e-05
10108,59515,20,19,0,1.841400080593303e-05
10109,17831,20,18,0,1.7682999896351248e-05
10110,89153,24,17,0,1.9728002371266484e-05
10111,44316,20,16,0,1.4059001841815189e-05
10112,16741,20,15,0,4.123899998376146e-05
10113,24747,20,14,0,2.098199911415577e-05
10114,88870,27,15,1,0.000122282999654999
10115,5359,27,14,0,1.848399915616028e-05
10116,68606,22,13,2,7.242900028359145e-05
10117,2263,27,12,0,1.6690999473212287e-05
10118,37000,24,11,0,2.292700082762167e-05
10119,52325,20,20,1,5.608500214293599e-05
10120,21635,20,19,0,1.884800076368265e-05
10121,10092,20,18,0,1.6884001524886116e-05
10122,26505,20,17,0,5.331799911800772e-05
10123,66926,44,17,0,4.173599882051349e-05
10124,61050,31,20,4,0.00017298599777859636
10125,84791,35,20,1,8.724800136405975e-05
10126,71583,20,19,0,2.113000300596468e-05
10127,50372,31,20,3,0.000168223003129242
10128,35903,32,20,0,3.4549000702099875e-05
10129,46582,41,20,2,8.183099998859689e-05
10130,16902,21,21,1,6.955100252525881e-05
10131,34825,23,20,0,2.6895999326370656e-05
10132,26931,23,19,0,2.1171999833313748e-05
10133,75636,21,18,0,1.8368999008089304e-05
10134,81808,21,17,0,1.5820001863176003e-05
10135,80734,21,16,0,1.4294000720838085e-05
10136,6395,22,15,0,1.454599987482652e-05
10137,29235,21,14,0,1.3469001714838669e-05
10138,52745,21,13,0,1.3368000509217381e-05
10139,67714,21,12,0,1.2997999874642119e-05
10140,10486,24,11,0,1.4707002264913172e-05
10141,4596,21,10,0,1.152600088971667e-05
10142,76471,21,9,0,1.0547002602834255e-05
10143,34273,25,10,1,3.6113000533077866e-05
10144,52192,33,15,10,0.00011302799975965172
10145,939,63,20,9,0.00015321899991249666
10146,86027,52,21,5,0.00020126800154685043
10147,9497,68,20,10,0.00016296300236717798
10148,64547,21,21,1,6.768700040993281e-05
10149,6433,26,20,0,3.0192997655831277e-05
10150,41527,25,19,0,2.052999843726866e-05
10151,73601,21,18,0,1.8130998796550557e-05
10152,30484,21,17,0,1.5836998500162736e-05
10153,47658,21,16,0,1.5248999261530116e-05
10154,85487,21,15,0,1.5367997548310086e-05
10155,40596,21,14,0,1.3842000043950975e-05
10156,51259,21,13,0,1.3372002285905182e-05
10157,70536,24,12,0,1.715100006549619e-05
10158,304,21,11,0,1.315700137638487e-05
10159,84399,24,10,0,1.4588000340154395e-05
10160,44530,21,9,0,1.1651998647721484e-05
10161,76688,21,8,0,1.1271000403212383e-05
10162,41839,21,7,0,1.0691997886169702e-05
10163,83255,21,6,0,1.0562001989455894e-05
10164,30247,21,21,1,6.185899837873876e-05
10165,7938,21,20,0,2.4152999685611576e-05
10166,34864,21,19,0,1.90739992831368e-05
10167,41613,21,18,0,1.6505997336935252e-05
10168,87317,21,17,0,1.471599898650311e-05
10169,29427,21,16,0,1.4086002920521423e-05
10170,7354,21,15,0,1.3599998055724427e-05
10171,62909,22,14,0,1.3356002455111593e-05
10172,11348,21,13,0,1.2584998330567032e-05
10173,18893,21,12,0,1.2483997124945745e-05
10174,14943,21,11,0,1.1601001460803673e-05
10175,48126,21,10,0,1.0705000022426248e-05
10176,15459,21,9,0,1.1582000297494233e-05
10177,4000,21,8,0,1.0702999134082347e-05
10178,33486,21,7,0,1.0730000212788582e-05
10179,65316,21,6,0,1.0024003131547943e-05
10180,42050,28,6,0,1.90780010598246e-05
10181,77135,25,7,2,6.452700108638965e-05
10182,87080,21,21,1,6.874899918329902e-05
10183,71935,24,20,0,2.9075999918859452e-05
10184,88703,21,19,0,1.897400215966627e-05
10185,86744,24,18,0,2.1304997062543407e-05
10186,63710,21,17,0,1.6702997527318075e-05
10187,17013,21,16,0,1.5237998013617471e-05
10188,30082,23,15,0,1.7990001651924103e-05
10189,86176,28,14,0,2.090000270982273e-05
10190,41576,34,13,0,2.367600245634094e-05
10191,47584,21,12,0,1.4353001461131498e-05
10192,46825,22,11,0,1.4327000826597214e-05
10193,72137,21,10,0,1.242800135514699e-05
10194,88555,24,10,0,1.9189999875379726e-05
10195,85598,25,10,0,2.302799839526415e-05
10196,12197,50,10,1,6.103200212237425e-05
10197,86833,58,10,1,9.908900028676726e-05
10198,87420,40,10,2,3.475400080787949e-05
10199,43973,69,9,2,7.627400191267952e-05
10200,88537,76,13,3,8.369100032723509e-05
10201,58417,40,21,11,0.00029284300035214983
10202,20143,56,20,6,0.00018949100194731727
10203,74309,33,21,14,0.000313579999783542
10204,38276,21,21,1,0.00015901999722700566
10205,70569,36,21,15,0.0003026240010512993
10206,47861,27,21,1,5.8780002291314304e-05
10207,21846,27,20,0,2.7106001653010026e-05
10208,47719,30,20,1,6.2340001022676e-05
10209,34127,34,19,1,6.262600072659552e-05
10210,69220,42,20,4,0.00011852399984491058
10211,37619,29,20,5,0.00016381900059059262
10212,54349,31,19,5,0.0001988989970413968
10213,19774,44,21,6,0.0003132540005026385
10214,37690,44,21,7,0.00013244900037534535
10215,31755,23,22,1,8.922399865696207e-05
10216,23895,22,22,1,6.516800203826278e-05
10217,2907,22,21,0,2.4048997147474438e-05
10218,18327,22,20,0,2.3494001652579755e-05
10219,10358,45,22,10,0.0002517809989512898
10220,21629,22,22,1,0.00012084899935871363
10221,15347,22,21,0,2.7230002160649747e-05
10222,10463,24,20,0,2.6751000405056402e-05
10223,6854,22,19,0,2.0626001060009003e-05
10224,2701,22,18,0,2.006700015044771e-05
10225,65498,34,20,1,7.34269997337833e-05
10226,61085,22,22,1,7.415399886667728e-05
10227,15030,35,22,11,0.00019827800133498386
10228,37867,88,22,5,0.00022399299996322952
10229,56841,23,23,1,6.494199988082983e-05
10230,23660,23,22,0,2.6014000468421727e-05
10231,88051,23,21,0,2.3833999875932932e-05
10232,69403,26,20,0,2.586400296422653e-05
10233,4422,23,19,0,5.430999954114668e-05
10234,83026,23,18,0,2.634399788803421e-05
10235,11362,23,17,0,1.7103000573115423e-05
10236,25404,23,16,0,1.5256999176926911e-05
10237,86344,23,15,0,1.5960002201609313e-05
10238,71462,23,14,0,1.50520027091261e-05
10239,510,23,13,0,1.4443998225033283e-05
10240,2151,26,12,0,1.579700256115757e-05
10241,23316,23,11,0,1.3708002370549366e-05
10242,48222,23,10,0,1.3095999747747555e-05
10243,60745,23,9,0,1.2731998140225187e-05
10244,24818,26,8,0,1.4060002285987139e-05
10245,82314,23,7,0,1.1751999409170821e-05
10246,37005,23,6,0,1.0806001228047535e-05
10247,68244,23,5,0,9.82700294116512e-06
10248,62361,23,4,0,8.73099997988902e-06
10249,68245,23,3,0,7.438997272402048e-06
10250,61393,29,3,0,1.7458001821069047e-05
10251,88862,33,2,0,1.8732996977632865e-05
10252,83977,47,23,1,0.00015478900240850635
10253,89073,23,22,0,2.8841001039836556e-05
10254,55367,37,21,0,3.920599920093082e-05
10255,20130,39,20,0,3.9529000787297264e-05
10256,49545,27,19,0,2.499299807823263e-05
10257,76375,46,18,0,3.914700209861621e-05
10258,48035,28,17,0,2.275700171594508e-05
10259,42624,29,16,0,2.10899997910019e-05
10260,8784,24,15,0,1.7230002413270995e-05
10261,31346,36,14,0,2.3128999600885436e-05
10262,18521,39,13,0,2.6599998818710446e-05
10263,74419,50,12,0,3.229599678888917e-05
10264,65464,23,11,0,1.4086999726714566e-05
10265,40069,32,10,0,4.5048000174574554e-05
10266,5468,41,9,0,3.0128001526463777e-05
10267,29942,23,8,0,1.3332999515114352e-05
10268,75205,44,8,0,3.419199856580235e-05
10269,29276,28,7,0,1.4707999071106315e-05
10270,24729,38,6,0,1.6229998436756432e-05
10271,7534,62,5,0,2.4119999579852447e-05
10272,70804,45,4,0,2.4084998585749418e-05
10273,70246,50,4,0,3.0972998501965776e-05
10274,4870,76,5,0,3.638800262706354e-05
10275,27302,85,4,0,4.3145002564415336e-05
10276,83982,28,23,1,6.905900227138773e-05
10277,23545,28,22,0,2.8856000426458195e-05
10278,50313,28,21,0,2.89979980152566e-05
10279,21672,23,20,0,2.412699905107729e-05
10280,50447,23,19,0,2.038000093307346e-05
10281,21144,28,18,0,2.1809999452671036e-05
10282,9261,23,17,0,1.675100065767765e-05
10283,67269,30,16,0,2.1258001652313396e-05
10284,11154,28,15,0,1.867299943114631e-05
10285,49689,23,14,0,1.5714998880866915e-05
10286,53085,23,13,0,1.4193999959388748e-05
10287,68826,28,12,0,1.6099998902063817e-05
10288,7102,28,11,0,1.534100010758266e-05
10289,44489,28,10,0,1.530699955765158e-05
10290,11152,23,9,0,1.310199877480045e-05
10291,71479,28,8,0,1.428600080544129e-05
10292,11422,23,7,0,1.1377000191714615e-05
10293,30960,28,6,0,1.3029002730036154e-05
10294,9889,30,5,0,1.3264998415252194e-05
10295,11487,23,4,0,8.55699909152463e-06
10296,63867,28,3,0,8.881997928256169e-06
10297,73785,28,2,0,8.093000360531732e-06
10298,41264,28,1,0,7.513001037295908e-06
10299,42926,28,0,0,6.556001608259976e-06
10300,34400,23,23,1,0.00010229599865851924
10301,2416,28,23,1,0.00011792100121965632
10302,50338,41,23,1,7.615799768245779e-05
10303,71421,25,22,0,2.7195001166546717e-05
10304,33987,26,21,0,2.9640999855473638e-05
10305,87988,25,20,0,2.6574998628348112e-05
10306,73968,25,19,0,2.1485000615939498e-05
10307,44313,41,18,0,2.843000038410537e-05
10308,55100,25,17,0,1.7905000277096406e-05
10309,84173,25,16,0,1.7145001038443297e-05
10310,29731,25,15,0,1.7613001546123996e-05
10311,11327,25,14,0,1.5287001588148996e-05
10312,79137,96,17,0,9.353999848826788e-05
10313,85733,29,23,1,8.179900032700971e-05
10314,4500,25,23,1,0.00012077700012014247
10315,61585,30,24,3,0.00019543500093277544
10316,39797,44,23,5,0.00022490399715024978
10317,45467,24,24,1,7.615799768245779e-05
10318,63098,26,23,0,3.0054001399548724e-05
10319,51999,24,22,0,2.7825997676700354e-05
10320,32074,24,21,0,2.6652000087779015e-05
10321,15423,24,20,0,2.5588000426068902e-05
10322,4451,24,19,0,2.1390998881543055e-05
10323,34853,30,18,0,2.712800051085651e-05
10324,50239,24,17,0,1.7881997337099165e-05
10325,31333,24,16,0,1.687500116531737e-05
10326,364,24,15,0,1.6269998013740405e-05
10327,1099,24,14,0,1.553399852127768e-05
10328,38781,24,13,0,1.4352997823152691e-05
10329,43698,49,13,0,3.884100078721531e-05
10330,40180,50,13,1,4.399799945531413e-05
10331,85959,51,24,18,0.0005312059984134976
10332,74247,25,25,1,8.34500024211593e-05
10333,77897,25,24,0,6.62219972582534e-05
10334,61342,62,23,0,6.331800250336528e-05
10335,81729,25,22,0,2.983599915751256e-05
10336,26448,28,21,0,3.212899900972843e-05
10337,58198,25,20,0,2.6759000320453197e-05
10338,30633,25,19,0,2.2241998522076756e-05
10339,33324,29,18,0,2.4185999791370705e-05
10340,38875,25,17,0,2.067700188490562e-05
10341,63540,27,16,0,2.0329000108176842e-05
10342,38386,25,15,0,1.789499947335571e-05
10343,69399,27,14,0,1.803700070013292e-05
10344,23989,31,13,0,2.0032999600516632e-05
10345,62494,25,12,0,1.5019999409560114e-05
10346,11512,27,11,0,3.190600182279013e-05
10347,81725,25,10,0,1.426699964213185e-05
10348,65323,37,19,1,8.060899926931597e-05
10349,74589,39,18,0,3.093100167461671e-05
10350,36885,25,25,1,7.500900028389879e-05
10351,40652,25,24,0,2.9865001124562696e-05
10352,7854,25,23,0,2.852000034181401e-05
10353,32964,25,22,0,2.7051999495597556e-05
10354,30034,25,21,0,2.631399911479093e-05
10355,83735,25,20,0,2.594699981273152e-05
10356,26989,26,19,0,2.199099981226027e-05
10357,17391,25,18,0,2.0438998035388067e-05
10358,61555,25,17,0,1.8003996956394985e-05
10359,52261,25,16,0,1.7702001059660688e-05
10360,21752,25,15,0,1.7089998436858878e-05
10361,4095,25,14,0,1.5173998690443113e-05
10362,79762,25,13,0,1.5528999938396737e-05
10363,19411,25,12,0,1.4502998965326697e-05
10364,23588,32,12,0,2.7251997380517423e-05
10365,82648,35,12,1,7.912300134194084e-05
10366,27163,28,25,1,6.600900087505579e-05
10367,72910,25,24,0,2.9152000934118405e-05
10368,24241,32,23,0,3.415499668335542e-05
10369,58128,25,22,0,2.8354999813018367e-05
10370,216,32,21,0,3.112199919996783e-05
10371,88923,32,20,0,3.069300146307796e-05
10372,45713,25,19,0,2.2697000531479716e-05
10373,28060,29,18,0,2.3087999579729512e-05
10374,69795,25,17,0,1.7901002138387412e-05
10375,29797,25,16,0,1.6845999198267236e-05
10376,56124,25,15,0,4.130700108362362e-05
10377,20804,29,14,0,2.568600029917434e-05
10378,32351,32,13,0,1.952299862750806e-05
10379,82405,47,12,0,2.7239999326411635e-05
10380,83256,25,11,0,1.4197001291904598e-05
10381,14702,29,10,0,1.5865996829234064e-05
10382,29744,32,9,0,1.683599839452654e-05
10383,71242,59,9,0,3.757399827009067e-05
10384,56879,47,9,1,3.2605999876977876e-05
10385,52858,66,9,0,3.362700226716697e-05
10386,14101,57,8,0,2.745799793046899e-05
10387,9502,64,7,0,2.5127999833784997e-05
10388,51613,69,6,0,2.4413002392975613e-05
10389,9,62,5,0,2.198999936808832e-05
10390,32963,62,4,0,1.8964998162118718e-05
10391,52887,74,5,0,3.455900150584057e-05
10392,30774,25,25,1,0.00010075099999085069
10393,50545,25,24,0,2.9737999284407124e-05
10394,27742,25,23,0,2.9335998988244683e-05
10395,59741,25,22,0,2.887100345105864e-05
10396,83304,25,21,0,2.65199996647425e-05
10397,32630,29,20,0,2.8942002245457843e-05
10398,31622,25,19,0,2.325899913557805e-05
10399,59455,33,20,3,0.00019838200023514219
10400,85992,35,22,8,0.0003260259982198477
10401,78524,35,21,0,3.269800072303042e-05
10402,67521,59,22,6,0.00021291300072334707
10403,42734,25,25,1,0.00010339399887016043
10404,13104,25,25,1,8.020400127861649e-05
10405,27446,25,24,0,3.0733001040061936e-05
10406,78172,25,23,0,2.8475998988142237e-05
10407,8007,25,22,0,2.9005997930653393e-05
10408,79257,25,21,0,5.9789002989418805e-05
10409,14237,25,20,0,3.6334997275844216e-05
10410,69241,29,21,2,6.833999941591173e-05
10411,54585,40,22,4,0.00017713700071908534
10412,13117,36,21,3,6.799599941587076e-05
10413,63659,34,21,3,0.00013411499821813777
10414,60793,50,24,6,0.00021301599917933345
10415,51156,44,23,8,0.00016941000285441987
10416,83516,49,22,1,0.00021858700347365811
10417,76791,44,23,5,0.0002326909998373594
10418,13642,37,25,4,0.00021757899958174676
10419,53222,56,24,3,0.00021412800197140314
10420,1691,43,24,2,0.00014403199747903273
10421,17373,53,23,4,0.00020305300131440163
10422,86397,45,23,14,0.00024609299725852907
10423,56482,42,23,4,0.00012869800048065372
10424,3422,49,25,17,0.0002933890027634334
10425,21288,55,24,8,0.0002806880002026446
10426,55185,25,25,1,9.230499927070923e-05
10427,54749,25,24,0,2.9340000764932483e-05
10428,65696,30,24,1,0.00011486399671412073
10429,52573,28,23,1,6.76160016155336e-05
10430,59520,27,23,2,0.00011505899965413846
10431,47920,36,23,3,0.00019195099957869388
10432,87562,54,25,25,0.00035355799991521053
10433,15919,41,25,25,0.0003397839973331429
10434,12164,62,26,10,0.0004829439967579674
10435,79185,69,25,6,0.00033105200054706074
10436,50182,26,26,1,7.834099960746244e-05
10437,88918,26,25,0,3.169000046909787e-05
10438,61663,26,24,0,2.9393999284366146e-05
10439,18897,26,23,0,2.7694000891642645e-05
10440,32524,26,22,0,2.9309001547517255e-05
10441,75565,26,21,0,2.7835001674247906e-05
10442,14368,26,20,0,2.7190999389858916e-05
10443,51980,26,19,0,2.2990003344602883e-05
10444,77599,26,18,0,2.0833998860325664e-05
10445,75568,26,17,0,1.8204002117272466e-05
10446,31373,26,16,0,1.6742000298108906e-05
10447,35071,26,15,0,1.6354999388568103e-05
10448,19877,26,14,0,1.6362999303964898e-05
10449,39141,26,13,0,1.5453999367309734e-05
10450,2935,26,12,0,1.8525999621488154e-05
10451,85396,26,11,0,1.966800118680112e-05
10452,48751,26,10,0,1.3904002116760239e-05
10453,80532,26,9,0,1.31050001073163e-05
10454,85746,32,8,0,1.8817998352460563e-05
10455,42965,26,7,0,1.2358003004919738e-05
10456,14370,29,7,0,2.067099921987392e-05
10457,12280,51,11,4,6.206800026120618e-05
10458,16667,50,26,7,0.00031175100230029784
10459,58418,26,26,1,8.058900129981339e-05
10460,63343,26,25,0,3.0713999876752496e-05
10461,52529,28,26,1,6.26639994152356e-05
10462,63399,28,25,0,3.233600000385195e-05
10463,66725,28,24,0,3.176399695803411e-05
10464,29017,26,23,0,2.8000999009236693e-05
10465,70702,28,22,0,2.9340000764932483e-05
10466,63342,26,21,0,2.6712998078437522e-05
10467,69153,28,20,0,2.9060000088065863e-05
10468,60044,28,19,0,5.279399920254946e-05
10469,10805,28,18,0,2.5107001420110464e-05
10470,30277,28,17,0,2.087900065816939e-05
10471,23697,28,16,0,2.0109997421968728e-05
10472,49688,28,15,0,1.8840000848285854e-05
10473,58358,28,14,0,1.7476002540206537e-05
10474,29719,28,13,0,1.7358997865812853e-05
10475,39966,41,13,0,0.0001404469985573087
10476,40448,42,12,0,2.4278000637423247e-05
10477,47211,51,11,0,3.213899981346913e-05
10478,2398,58,10,0,3.358299727551639e-05
10479,34403,41,9,0,2.1481999283423647e-05
10480,45891,41,8,0,2.07009979931172e-05
10481,707,58,7,0,2.4206001398852095e-05
10482,5260,62,6,0,2.5543999072397128e-05
10483,26852,43,5,0,1.661700298427604e-05
10484,10604,42,4,0,1.3805001799482852e-05
10485,85380,58,3,0,1.6670997865730897e-05
10486,85495,33,5,3,3.34979995386675e-05
10487,80075,49,26,13,0.0004094279975106474
10488,2793,37,26,1,0.0004484960008994676
10489,258,31,27,1,9.002599836094305e-05
10490,10094,30,26,0,3.370099875610322e-05
10491,40381,30,25,0,3.3456999517511576e-05
10492,8711,30,24,0,3.3004998840624467e-05
10493,58339,27,23,0,3.054300032090396e-05
10494,5840,30,22,0,3.115599974989891e-05
10495,23856,27,21,0,2.890100222430192e-05
10496,40099,30,20,0,3.0846997105982155e-05
10497,9939,30,19,0,5.275799776427448e-05
10498,58678,30,18,0,3.2313000701833516e-05
10499,73831,27,17,0,2.0453997422009706e-05
10500,18199,27,16,0,1.831500048865564e-05
10501,68748,30,15,0,2.013300036196597e-05
10502,5532,27,14,0,1.7252998077310622e-05
10503,7935,27,13,0,1.6096997569547966e-05
10504,72065,30,12,0,1.8123999325325713e-05
10505,72877,30,11,0,1.6804999177111313e-05
10506,18213,30,10,0,1.634699947317131e-05
10507,81457,30,9,0,1.5093999536475167e-05
10508,71670,31,8,0,1.5187997632892802e-05
10509,40342,30,7,0,1.428399991709739e-05
10510,26240,31,6,0,1.4616998669225723e-05
10511,81730,27,5,0,1.1985001037828624e-05
10512,72063,30,4,0,1.034800152410753e-05
10513,81917,27,3,0,8.440001693088561e-06
10514,16963,30,2,0,8.688999514561146e-06
10515,33604,37,2,0,1.3035001757089049e-05
10516,73033,43,1,0,1.2951000826433301e-05
10517,29955,27,27,1,0.00010626400035107508
10518,53499,27,26,0,3.266500061727129e-05
10519,32709,27,25,0,3.2312000257661566e-05
10520,19147,27,24,0,3.0449999030679464e-05
10521,17836,27,23,0,3.027200000360608e-05
10522,79200,33,22,0,3.5836001188727096e-05
10523,59457,27,21,0,2.969399793073535e-05
10524,67471,56,27,10,0.00036652799826697446
10525,28933,32,28,1,0.00011239100058446638
10526,7860,28,27,0,3.630499850260094e-05
10527,13377,28,26,0,3.3661999623291194e-05
10528,18418,28,25,0,3.1168001441983506e-05
10529,13323,28,24,0,3.284299964434467e-05
10530,68022,28,23,0,3.115300205536187e-05
10531,51312,34,22,0,3.914199987775646e-05
10532,27142,28,21,0,3.2411997381132096e-05
10533,60019,28,20,0,2.9307997465366498e-05
10534,57117,28,19,0,2.5415996788069606e-05
10535,9799,28,18,0,2.376200063736178e-05
10536,17051,42,21,1,0.00025236799774575047
10537,29171,42,20,0,3.717299841810018e-05
10538,39150,38,21,5,0.0001806109976314474
10539,5129,28,28,1,8.346699905814603e-05
10540,10958,28,27,0,3.467799979262054e-05
10541,63367,28,26,0,3.3196000003954396e-05
10542,43538,28,25,0,3.09429997287225e-05
10543,14990,28,24,0,2.961400241474621e-05
10544,58431,28,23,0,2.8581001970451325e-05
10545,66226,28,22,0,2.800200309138745e-05
10546,53299,28,21,0,2.7699003112502396e-05
10547,15412,28,20,0,2.7158999728271738e-05
10548,30753,28,19,0,2.3513002815889195e-05
10549,41493,28,18,0,2.0805000531254336e-05
10550,3686,28,17,0,1.8654001905815676e-05
10551,57976,28,16,0,1.770500239217654e-05
10552,58069,28,15,0,1.7474001651862636e-05
10553,77477,28,14,0,1.7086000298149884e-05
10554,33858,30,13,0,1.8603001080919057e-05
10555,20950,28,12,0,1.5729998267488554e-05
10556,15993,28,11,0,1.5056000847835094e-05
10557,43302,28,10,0,1.5139998140512034e-05
10558,71511,28,9,0,1.4391000149771571e-05
10559,18458,28,8,0,1.3741999282501638e-05
10560,9626,28,7,0,1.2915999832330272e-05
10561,51111,28,6,0,1.3038999895798042e-05
10562,37352,28,5,0,1.1465999705251306e-05
10563,51690,32,4,0,1.2685002729995176e-05
10564,66729,29,3,0,9.705003321869299e-06
10565,76027,28,2,0,8.220002200687304e-06
10566,35136,46,5,0,3.3665000955807045e-05
10567,81685,28,28,1,0.00015101300232345238
10568,4119,28,27,0,4.0080998587654904e-05
10569,49300,28,26,0,3.5990000469610095e-05
10570,41287,39,28,2,0.00023585500093759038
10571,31160,45,27,1,0.00020670300000347197
10572,23790,66,28,9,0.00037270900065777823
10573,73783,29,29,1,0.00012234499808982946
10574,36652,29,28,0,3.822199869318865e-05
10575,78176,29,27,0,3.587299943319522e-05
10576,21597,29,29,1,8.94029981282074e-05
10577,74552,29,28,0,3.421700239414349e-05
10578,33249,29,27,0,3.254100010963157e-05
10579,81170,29,26,0,3.202199877705425e-05
10580,67172,29,25,0,3.0780000088270754e-05
10581,849,29,24,0,2.995799877680838e-05
10582,9344,29,23,0,3.092399856541306e-05
10583,73666,29,22,0,2.971800131490454e-05
10584,82627,29,21,0,2.8617003408726305e-05
10585,43644,43,20,0,3.9444999856641516e-05
10586,741,29,19,0,2.414299888187088e-05
10587,74070,29,18,0,2.143500023521483e-05
10588,62794,29,17,0,1.9253999198554084e-05
10589,78490,29,16,0,1.8160997569793835e-05
10590,40344,29,15,0,1.7537000530865043e-05
10591,86310,29,14,0,1.763399995979853e-05
10592,15559,29,13,0,1.7147001926787198e-05
10593,44391,29,12,0,1.6063000657595694e-05
10594,9345,29,11,0,1.5709996660007164e-05
10595,72108,29,10,0,1.5808000171091408e-05
10596,43275,29,9,0,1.4604000170947984e-05
10597,62795,29,8,0,1.4003999240230769e-05
10598,59725,29,7,0,1.850600165198557e-05
10599,40082,29,6,0,1.9045997760258615e-05
10600,40083,29,5,0,1.2156000593677163e-05
10601,8018,29,4,0,9.849998605204746e-06
10602,56968,30,4,1,1.6705002053640783e-05
10603,87702,37,6,1,3.1766998290549964e-05
10604,56670,55,15,0,5.8743000408867374e-05
10605,28042,42,29,10,0.0005307030005496927
10606,58890,31,31,1,0.0001013469991448801
10607,55680,31,30,0,3.969400131609291e-05
10608,31756,31,29,0,3.7461999454535544e-05
10609,33338,31,28,0,6.921699969097972e-05
10610,26019,31,27,0,3.69139997928869e-05
10611,11416,31,26,0,3.5987999581266195e-05
10612,16507,31,25,0,3.3954998798435554e-05
10613,83357,31,24,0,3.420600114623085e-05
10614,14597,31,23,0,3.348100290168077e-05
10615,50500,31,22,0,3.217700214008801e-05
10616,56773,31,21,0,3.072099934797734e-05
10617,69961,36,20,0,3.7120000342838466e-05
10618,60327,31,19,0,2.6971003535436466e-05
10619,26455,31,18,0,2.3108997993404046e-05
10620,1100,31,17,0,2.1219999325694516e-05
10621,68066,31,16,0,2.0764997316291556e-05
10622,39139,31,15,0,2.0814997697016224e-05
10623,27663,31,14,0,1.8865001038648188e-05
10624,56786,37,13,0,2.5608998839743435e-05
10625,8697,31,12,0,1.848600004450418e-05
10626,45318,31,11,0,1.7990998458117247e-05
10627,60592,58,10,0,3.450800068094395e-05
10628,38064,35,9,0,2.110900095431134e-05
10629,63856,31,8,0,1.5787001757416874e-05
10630,37716,31,7,0,1.485699976910837e-05
10631,20475,31,6,0,1.4078003005124629e-05
10632,49748,31,5,0,1.284500103793107e-05
10633,21604,51,4,0,2.1254003513604403e-05
10634,58621,31,3,0,9.59699900704436e-06
10635,23166,31,2,0,8.633000106783584e-06
10636,55827,31,31,1,0.00011751099737011828
10637,43665,32,30,0,7.428499884554185e-05
10638,8219,31,29,0,4.000899934908375e-05
10639,9372,31,28,0,3.627600017352961e-05
10640,58532,34,27,0,3.963000199291855e-05
10641,53789,31,26,0,3.738799932762049e-05
10642,5822,31,25,0,3.5518998629413545e-05
10643,43423,38,24,0,4.41209995187819e-05
10644,4139,31,23,0,3.4843000321416184e-05
10645,9667,31,22,0,3.347999881953001e-05
10646,33870,31,21,0,3.2670999644324183e-05
10647,54740,31,20,0,7.151099998736754e-05
10648,68534,31,19,0,3.0504001188091934e-05
10649,14679,31,18,0,2.522100112400949e-05
10650,51928,31,17,0,2.1480998839251697e-05
10651,12006,31,16,0,2.0419000065885484e-05
10652,22467,31,15,0,2.1132000256329775e-05
10653,15671,31,14,0,1.906000034068711e-05
10654,46584,34,13,0,2.2778000129619613e-05
10655,81601,31,12,0,1.864300065790303e-05
10656,73670,32,12,1,5.116700049256906e-05
10657,27599,43,11,1,3.910400118911639e-05
10658,18451,44,10,0,2.6960999093716964e-05
10659,12120,35,9,1,4.4884996896144e-05
10660,7138,45,8,1,3.285600178060122e-05
10661,63514,35,31,1,0.00012081500244676135
10662,20889,31,30,0,4.026399983558804e-05
10663,21403,56,29,0,6.711799869663082e-05
10664,49567,31,28,0,3.610600106185302e-05
10665,43175,31,27,0,3.523499981383793e-05
10666,62497,35,26,0,3.8281999877654016e-05
10667,32067,42,25,0,4.329799776314758e-05
10668,49444,31,24,0,3.458100036368705e-05
10669,8364,42,23,0,4.086999979335815e-05
10670,24911,31,22,0,3.194099917891435e-05
10671,68054,31,21,0,3.219700010959059e-05
10672,55513,31,20,0,3.146699964418076e-05
10673,69881,31,19,0,2.6761001208797097e-05
10674,6397,42,18,0,3.0186998628778383e-05
10675,50788,56,17,0,4.461300341063179e-05
10676,50089,31,16,0,2.1670999558409676e-05
10677,13798,31,15,0,2.02369992621243e-05
10678,8318,49,14,0,3.0048999178688973e-05
10679,31228,31,13,0,1.8505998014006764e-05
10680,67210,31,12,0,1.8427999748382717e-05
10681,64784,31,11,0,1.8071998056257144e-05
10682,8061,39,10,0,2.220000169472769e-05
10683,59566,42,9,0,4.755599729833193e-05
10684,23823,31,8,0,2.214499909314327e-05
10685,61374,31,7,0,1.4527999155689031e-05
10686,71794,31,6,0,1.3386998034548014e-05
10687,14708,31,5,0,1.2701999366981909e-05
10688,7795,42,4,0,1.4391000149771571e-05
10689,32754,31,3,0,9.660998330218717e-06
10690,370,42,2,0,1.1445001291576773e-05
10691,33935,47,2,0,1.836299998103641e-05
10692,52752,33,2,1,1.5504996554227546e-05
10693,63515,31,31,1,9.511100142844953e-05
10694,53916,31,30,0,3.966499934904277e-05
10695,60960,31,29,0,3.632900188677013e-05
10696,61052,31,28,0,3.404899689485319e-05
10697,9262,31,27,0,3.37269993906375e-05
10698,27438,31,26,0,3.3200001780642197e-05
10699,46664,31,25,0,3.311800173833035e-05
10700,5356,31,24,0,3.2227002520812675e-05
10701,53552,31,23,0,3.1880001188255847e-05
10702,49040,35,22,0,3.526299769873731e-05
10703,43358,31,21,0,3.052700049011037e-05
10704,85473,31,20,0,2.9830000130459666e-05
10705,35896,31,19,0,2.6034002075903118e-05
10706,29725,31,18,0,2.3303000489249825e-05
10707,15413,31,17,0,2.1168998500797898e-05
10708,38195,31,16,0,1.9414001144468784e-05
10709,4999,31,15,0,1.9653998606372625e-05
10710,82998,31,14,0,1.9022001652047038e-05
10711,11321,31,13,0,1.8035996617982164e-05
10712,332,31,12,0,1.8177997844759375e-05
10713,26835,43,11,0,4.9100002797786146e-05
10714,60961,31,10,0,2.3995999072212726e-05
10715,14740,31,9,0,1.688799966359511e-05
10716,47829,31,8,0,1.534100010758266e-05
10717,3768,31,7,0,1.472200165153481e-05
10718,16511,33,6,0,1.5575998986605555e-05
10719,73986,31,5,0,1.3340002624318004e-05
10720,49472,31,4,0,1.1043000995414332e-05
10721,83001,31,3,0,9.35500065679662e-06
10722,70780,31,2,0,8.92200114321895e-06
10723,71481,31,1,0,8.269998943433166e-06
10724,63366,31,0,0,7.15400165063329e-06
10725,14662,62,31,11,0.0005115419990033843
10726,25529,53,30,12,0.00037128700205357745
10727,79194,54,29,9,0.0006461529992520809
10728,36526,58,31,10,0.0005647750003845431
10729,65302,32,32,1,0.000151755000842968
10730,10532,35,31,0,5.981399954180233e-05
10731,54717,32,30,0,5.356700057745911e-05
10732,40845,32,29,0,5.4455998906632885e-05
10733,1067,34,28,0,5.511899871635251e-05
10734,20115,41,27,0,6.389200279954821e-05
10735,87468,32,26,0,5.122100264998153e-05
10736,34245,35,26,0,8.833399988361634e-05
10737,84778,43,27,1,8.393000098294578e-05
10738,66529,38,26,1,7.485999958589673e-05
10739,63746,49,25,3,0.0002983490012411494
10740,83994,39,25,4,0.00023322600100073032
10741,32424,58,24,0,0.00010575800115475431
10742,84841,45,23,1,5.884100028197281e-05
10743,83652,99,23,1,0.00015067799904500134
10744,70970,44,23,6,0.00014470899986918084
10745,78441,54,23,7,0.0003575329974410124
10746,42799,47,22,2,0.0003114889987045899
10747,38171,86,23,8,0.00021467300030053593
10748,65619,60,22,4,0.00020959199900971726
10749,8024,45,23,3,0.00025630800155340694
10750,24091,64,24,3,0.0003965799987781793
10751,36032,90,31,29,0.0008714780014997814
10752,36128,51,32,1,0.00016075600069598295
10753,50398,57,31,0,6.593399666598998e-05
10754,11382,35,30,0,4.227499812259339e-05
10755,17808,35,29,0,4.246800017426722e-05
10756,36162,51,30,3,0.00015495100160478614
10757,15104,50,30,4,0.00022250300025916658
10758,64959,57,29,2,0.000213183000596473
10759,9311,42,29,2,0.00012046600022586063
10760,32444,39,28,7,0.00016951300131040625
10761,13615,50,27,5,0.00037615199835272506
10762,43170,53,26,2,8.17300024209544e-05
10763,20400,46,26,4,0.00014530299813486636
10764,14995,53,26,3,0.00046460399971692823
10765,42992,57,26,1,7.464199734386057e-05
10766,53872,72,28,2,0.00013348100037546828
10767,52484,89,27,8,0.0003306680009700358
10768,18759,74,28,9,0.00020650800070143305
10769,12500,62,31,18,0.0007401869988825638
10770,76109,63,32,10,0.0007328809988393914
10771,14172,53,31,6,0.0007704510026087519
10772,41773,80,32,5,0.0006548259989358485
10773,51848,33,33,1,0.00020965499788871966
10774,2381,33,32,0,4.7130997700151056e-05
10775,50546,33,31,0,4.283799717086367e-05
10776,731,33,30,0,4.068399721290916e-05
10777,78442,33,29,0,3.925499913748354e-05
10778,8695,33,28,0,3.880700023728423e-05
10779,75107,36,29,2,0.0003930060011043679
10780,35569,42,30,5,0.0004869229996984359
10781,2818,34,34,1,0.0001171710027847439
10782,13407,34,33,0,4.157600051257759e-05
10783,70408,34,34,1,0.00011394400280551054
10784,46713,34,33,0,5.07869990542531e-05
10785,8021,34,32,0,4.0524002542952076e-05
10786,8668,34,31,0,4.041899956064299e-05
10787,30906,34,30,0,3.956000000471249e-05
10788,84828,34,29,0,4.124100087210536e-05
10789,24713,38,34,1,0.00034683000194490887
10790,75400,48,34,19,0.0005942399984633084
10791,2373,65,34,7,0.0009333519992651418
10792,67790,71,34,14,0.0005333199987944681
10793,74224,58,34,18,0.0007092729974829126
10794,69877,77,33,12,0.0007427119999192655
10795,16218,67,33,2,0.0002495780026947614
10796,8508,56,35,33,0.0009457779997319449
10797,70781,35,35,1,0.00012559899914776906
10798,14022,38,36,1,0.00012097799844923429
10799,28160,46,37,1,0.0001131289973272942
10800,21131,46,36,0,9.870000212686136e-05
10801,2817,44,35,0,5.968600089545362e-05
10802,51697,40,34,0,4.999699740437791e-05
10803,78434,40,33,0,4.798599911737256e-05
10804,68955,46,32,0,5.380500078899786e-05
10805,48129,40,31,0,4.878799882135354e-05
10806,50365,46,30,0,5.281400081003085e-05
10807,87134,40,29,0,4.622599954018369e-05
10808,17608,46,28,0,8.912200064514764e-05
10809,13843,48,27,0,5.6819000747054815e-05
10810,27029,44,26,0,4.799100133823231e-05
10811,65306,46,25,0,4.88519981445279e-05
10812,83360,40,24,0,4.283800080884248e-05
10813,81626,46,23,0,4.528499994194135e-05
10814,86041,46,22,0,4.656000237446278e-05
10815,33123,46,21,0,4.214200089336373e-05
10816,76712,46,20,0,6.759100142517127e-05
10817,82173,46,19,0,4.356499994173646e-05
10818,34863,46,18,0,3.254799958085641e-05
10819,14005,57,17,0,4.646500019589439e-05
10820,10293,46,16,0,2.8503000066848472e-05
10821,2891,46,15,0,2.7744998078560457e-05
10822,46657,46,14,0,2.66820024990011e-05
10823,83138,40,13,0,2.3130000045057386e-05
10824,21069,46,12,0,2.452300032018684e-05
10825,84786,46,11,0,2.4274002498714253e-05
10826,48946,46,10,0,2.3249998776009306e-05
10827,16825,40,9,0,1.968400101759471e-05
10828,51267,46,8,0,2.1517000277526677e-05
10829,85711,46,7,0,2.0873998437309638e-05
10830,10547,49,6,0,2.292600038344972e-05
10831,19410,44,5,0,1.7311998817604035e-05
10832,75541,52,5,0,2.584700268926099e-05
10833,37970,90,7,0,8.345599781023338e-05
10834,67849,54,37,1,0.00019538299966370687
10835,50582,37,36,0,5.205799971008673e-05
10836,53730,37,35,0,8.265899668913335e-05
10837,55357,37,34,0,4.811100006918423e-05
10838,62598,40,34,0,0.00012289799997233786
10839,66224,39,33,0,4.8314002924598753e-05
10840,60978,44,33,1,7.515700053772889e-05
10841,82534,76,32,2,0.00037508600144064985
10842,82481,44,32,4,0.0006633949997194577
10843,54405,66,32,6,0.0007526240005972795
10844,15644,89,33,4,0.0007853389979572967
10845,34828,40,38,1,0.00014897599976393394
10846,53388,38,37,0,5.276400042930618e-05
10847,40097,38,36,0,5.00189999002032e-05
10848,9636,41,35,0,4.962000093655661e-05
10849,72071,41,34,0,5.069699909654446e-05
10850,43173,42,33,0,5.1123999583069235e-05
10851,30600,53,32,0,6.704999759676866e-05
10852,30248,38,31,0,4.5754000893794e-05
10853,59456,38,30,0,4.368500231066719e-05
10854,36707,38,29,0,4.278900087228976e-05
10855,80652,40,28,0,4.4234999222680926e-05
10856,29991,53,27,0,6.153800131869502e-05
10857,19547,61,26,0,6.99379997968208e-05
10858,66860,65,25,0,9.345199941890314e-05
10859,9831,38,24,0,4.289500066079199e-05
10860,26080,38,23,0,3.875800030073151e-05
10861,11514,38,22,0,3.739000021596439e-05
10862,27882,41,21,0,3.9859998651081696e-05
10863,67121,38,20,0,3.7590001738863066e-05
10864,2943,38,19,0,3.175200254190713e-05
10865,69814,46,18,0,3.787099922192283e-05
10866,379,44,17,0,3.07059999613557e-05
10867,7932,38,16,0,2.5730998459039256e-05
10868,22799,42,15,0,2.926099841715768e-05
10869,11651,38,14,0,2.3516000510426238e-05
10870,74307,38,13,0,2.2047999664209783e-05
10871,85074,61,12,0,2.929699985543266e-05
10872,23539,38,11,0,2.037599915638566e-05
10873,72566,38,10,0,1.8884002201957628e-05
10874,3709,49,9,0,2.5751000066520646e-05
10875,26696,38,8,0,1.83810007001739e-05
10876,18259,38,7,0,1.738900027703494e-05
10877,8786,42,6,0,1.782900289981626e-05
10878,58965,42,5,0,1.7927002772921696e-05
10879,35895,74,5,0,4.192300184513442e-05
10880,3484,66,4,0,3.0625000363215804e-05
10881,77453,65,3,0,3.159200059599243e-05
10882,41672,56,3,1,3.6844001442659646e-05
10883,51239,38,38,1,0.00014740400001755916
10884,5401,38,37,0,5.345599856809713e-05
10885,6437,38,36,0,4.934000025968999e-05
10886,5035,38,35,0,4.7307999921031296e-05
10887,5511,38,34,0,4.7059998905751854e-05
10888,87982,38,33,0,4.59809998574201e-05
10889,25421,38,32,0,4.472399814403616e-05
10890,53298,38,31,0,4.5243003114592284e-05
10891,4423,38,30,0,4.309499854571186e-05
10892,68966,38,29,0,4.200100011075847e-05
10893,87983,38,28,0,4.266099858796224e-05
10894,66483,38,27,0,4.099599755136296e-05
10895,75133,38,26,0,3.994699727627449e-05
10896,59697,38,25,0,3.925800046999939e-05
10897,75240,38,24,0,3.8975002098595724e-05
10898,11105,38,23,0,3.964700226788409e-05
10899,16189,38,22,0,3.8957001379458234e-05
10900,23661,38,21,0,6.371900235535577e-05
10901,2777,38,20,0,4.373299816506915e-05
10902,52612,38,19,0,3.3871998311951756e-05
10903,85854,54,18,0,4.674700176110491e-05
10904,21751,38,17,0,2.666500222403556e-05
10905,7934,38,16,0,2.391700036241673e-05
10906,4208,38,15,0,2.3772998247295618e-05
10907,65671,38,14,0,2.3736000002827495e-05
10908,4193,38,13,0,2.2624000848736614e-05
10909,12899,38,12,0,2.1580999600701034e-05
10910,72563,38,11,0,2.01720031327568e-05
10911,24938,38,10,0,1.9776001863647252e-05
10912,54516,44,10,0,3.4198998037027195e-05
10913,46147,71,9,0,6.38819983578287e-05
10914,23012,41,9,0,5.137699918122962e-05
10915,14937,66,13,1,0.00011304200234008022
10916,69300,124,23,4,0.0003043709984922316
10917,86900,71,25,2,0.00020028200015076436
10918,71508,84,38,17,0.0007872689966461621
10919,57809,80,38,8,0.0007278920020326041
10920,76882,57,38,7,0.0008790409992798232
10921,57534,58,37,7,0.0008017430009203963
10922,52838,43,36,9,0.0006072719988878816
10923,49335,86,37,7,0.0008214830013457686
10924,49744,83,37,4,0.00023027299903333187
10925,131,61,38,24,0.0007292450027307495
10926,70528,39,39,1,0.00020940299873473123
10927,78005,39,38,0,5.764000161434524e-05
10928,58835,39,37,0,5.3587998991133645e-05
10929,58295,39,36,0,5.28009986737743e-05
10930,82212,39,35,0,5.295600203680806e-05
10931,57924,109,39,7,0.001103676997445291
10932,57931,61,39,10,0.0013887680033803917
10933,11987,44,38,8,0.0004435439986991696
10934,12665,91,39,69,0.0012760710014845245
10935,61651,59,40,27,0.001979775002837414
10936,75792,41,41,1,0.00019958200209657662
10937,19543,41,40,0,5.8412999351276085e-05
10938,35392,42,39,0,5.5880998843349516e-05
10939,25879,81,38,0,0.00010312200174666941
10940,75735,41,37,0,5.416999920271337e-05
10941,25882,41,36,0,5.3431998821906745e-05
10942,48553,81,35,0,0.00010189999738940969
10943,62793,80,34,0,7.66849989304319e-05
10944,50612,41,33,0,5.1087998144794255e-05
10945,29646,41,32,0,4.8032998165581375e-05
10946,6739,41,31,0,4.8046997108031064e-05
10947,2770,41,30,0,4.682600047090091e-05
10948,57190,46,29,0,8.33509984659031e-05
10949,65347,41,28,0,5.3031999414088205e-05
10950,66500,41,27,0,4.503699892666191e-05
10951,29659,44,26,0,4.665400047088042e-05
10952,73590,41,25,0,4.257600085111335e-05
10953,75819,41,24,0,4.317799903219566e-05
10954,55902,44,23,0,4.6179000491974875e-05
10955,53602,43,22,0,4.2946998291881755e-05
10956,28529,41,21,0,3.9760001527611166e-05
10957,18459,41,20,0,4.106300184503198e-05
10958,51347,41,19,0,3.734499841812067e-05
10959,62435,45,18,0,3.344799915794283e-05
10960,51351,41,17,0,2.7302998205414042e-05
10961,68260,45,16,0,3.052399915759452e-05
10962,35190,41,15,0,2.5713998184073716e-05
10963,84397,61,14,0,3.7461999454535544e-05
10964,53788,57,13,0,3.792799907387234e-05
10965,5533,41,12,0,2.291400232934393e-05
10966,40355,46,12,1,4.307799827074632e-05
10967,34085,58,11,0,4.035900201415643e-05
10968,27817,42,10,1,2.5593002646928653e-05
10969,43571,61,9,1,7.366499994532205e-05
10970,56740,52,9,0,3.186599860782735e-05
10971,69951,77,9,3,6.91840032231994e-05
10972,7644,47,9,1,3.887900311383419e-05
10973,9211,70,10,4,7.63970019761473e-05
10974,44045,63,10,0,9.010899884742685e-05
10975,2079,87,11,0,9.921699893311597e-05
10976,12712,66,41,23,0.0013797059982607607
10977,65988,69,41,43,0.0018152170014218427
10978,63494,42,42,1,0.0002459210008964874
10979,25095,42,41,0,6.730700260959566e-05
10980,34673,48,42,3,0.0010997169993061107
10981,69494,42,42,1,0.00020234199837432243
10982,72090,42,41,0,6.445799954235554e-05
10983,11481,42,40,0,6.021499939379282e-05
10984,996,42,39,0,5.721400157199241e-05
10985,24487,42,38,0,5.786700057797134e-05
10986,38631,42,37,0,5.517400131793693e-05
10987,59042,42,36,0,5.530500129680149e-05
10988,76219,42,35,0,5.365299875847995e-05
10989,24056,46,34,0,8.668099690112285e-05
10990,71104,42,33,0,6.064700210117735e-05
10991,23546,42,32,0,5.139199856785126e-05
10992,12172,67,33,1,0.00011792100121965632
10993,60500,45,33,3,0.000521617999766022
10994,83953,53,32,4,0.0005710930017812643
10995,28503,78,33,8,0.0008561489994463045
10996,79513,64,32,0,8.444100240012631e-05
10997,52533,66,31,0,0.00011350099885021336
10998,65623,61,32,4,0.0009472399979131296
10999,83839,61,31,0,7.937699774629436e-05
11000,83852,65,30,0,7.741100125713274e-05
11001,83728,61,29,0,6.982400009292178e-05
11002,83732,70,30,2,0.0003460139996604994
11003,4023,79,37,7,0.0007632779997948091
11004,12011,93,40,28,0.0014145630011626054
11005,88896,43,43,1,0.0002725769991229754
11006,80773,43,42,0,6.946000212337822e-05
11007,59326,49,41,0,7.202499909908511e-05
11008,37625,43,40,0,6.177599789225496e-05
11009,31978,47,39,0,7.865999941714108e-05
11010,85072,43,38,0,8.663999687996693e-05
11011,14527,47,37,0,6.628399933106266e-05
11012,9936,43,36,0,5.5952001275727525e-05
11013,85728,52,35,0,6.618899715249427e-05
11014,37008,43,34,0,5.6553999456809834e-05
11015,65794,43,33,0,5.7008001022040844e-05
11016,8480,47,32,0,5.763300214312039e-05
11017,19918,61,32,1,0.00023104600040824153
11018,5109,45,31,1,7.609900058014318e-05
11019,64766,63,30,1,8.437100041192025e-05
11020,41465,109,31,2,0.0006147420026536565
11021,70942,65,31,4,0.0002493350002623629
11022,66161,58,31,6,0.0004579310007102322
11023,83734,69,33,15,0.0010231630003545433
11024,21566,65,37,15,0.001861764998466242
11025,19732,185,43,36,0.0016175370001292322
11026,71434,45,45,1,0.00022701100169797428
11027,60962,45,44,0,7.062700024107471e-05
11028,2982,50,43,0,7.183300112956204e-05
11029,5290,45,42,0,6.324000059976242e-05
11030,74688,45,41,0,0.00010077100159833208
11031,87421,45,40,0,6.247600322240032e-05
11032,38385,45,39,0,5.701299960492179e-05
11033,10324,45,38,0,5.6609998864587396e-05
11034,59176,45,37,0,5.866499850526452e-05
11035,85203,45,36,0,5.547500040847808e-05
11036,65353,45,35,0,5.5011998483678326e-05
11037,81728,74,34,0,0.00011268899834249169
11038,68392,45,33,0,6.305200076894835e-05
11039,59343,60,32,0,7.555499905720353e-05
11040,83679,49,31,0,5.892499757464975e-05
11041,23521,68,30,0,8.356600301340222e-05
11042,79913,45,29,0,5.237200093688443e-05
11043,24394,45,28,0,5.1421000534901395e-05
11044,36700,45,27,0,4.8417001380585134e-05
11045,53596,57,26,0,6.471099914051592e-05
11046,75567,50,25,0,5.342599979485385e-05
11047,39502,68,24,0,5.9055000747321174e-05
11048,80100,106,23,0,9.114899876294658e-05
11049,9576,68,22,0,5.4957999964244664e-05
11050,56562,45,21,0,4.364599953987636e-05
11051,79196,47,20,0,5.496199810295366e-05
11052,48182,45,19,0,3.9935002860147506e-05
11053,83889,53,18,0,4.125700070289895e-05
11054,85301,45,17,0,2.9882001399528235e-05
11055,42582,45,16,0,2.855700222426094e-05
11056,33340,45,15,0,2.721599958022125e-05
11057,11840,46,14,0,2.8449998353607953e-05
11058,9604,61,14,0,6.865099931019358e-05
11059,44031,52,13,0,4.089299909537658e-05
11060,14373,61,12,0,3.330299659864977e-05
11061,53371,63,11,0,3.315299909445457e-05
11062,10960,61,10,0,2.942500213976018e-05
11063,44207,61,9,0,2.7673999284161255e-05
11064,60249,66,8,0,3.067299985559657e-05
11065,43739,75,7,0,5.164100002730265e-05
11066,50335,69,7,0,3.855400063912384e-05
11067,24085,113,6,0,8.311900091939606e-05
11068,30174,91,7,3,0.00012992199845029972
11069,83675,149,10,2,0.00019210699974792078
11070,1403,102,45,71,0.002901146999647608
11071,16038,85,45,31,0.0009413150000909809
11072,31053,87,44,35,0.001620781000383431
11073,19458,46,46,1,0.0002376949996687472
11074,25007,46,45,0,7.085099787218496e-05
11075,44239,46,44,0,6.438499985961244e-05
11076,53549,46,43,0,6.259099973249249e-05
11077,27311,46,42,0,6.0595997638301924e-05
11078,6608,46,41,0,5.983800292597152e-05
11079,12417,46,40,0,6.32860028417781e-05
11080,40450,46,39,0,6.171900167828426e-05
11081,9320,46,38,0,5.804299871670082e-05
11082,87739,46,37,0,5.722299829358235e-05
11083,26773,46,36,0,5.685799987986684e-05
11084,56844,47,35,0,5.8431000070413575e-05
11085,43650,46,34,0,5.623299875878729e-05
11086,26431,46,33,0,7.600399840157479e-05
11087,44253,46,32,0,6.0049002058804035e-05
11088,65775,46,31,0,5.2719999075634405e-05
11089,27557,46,30,0,5.2579998737201095e-05
11090,18922,46,29,0,5.0268998165847734e-05
11091,52703,46,28,0,4.945000182488002e-05
11092,33032,46,27,0,5.247100125416182e-05
11093,88224,46,26,0,4.998800068278797e-05
11094,18624,46,25,0,4.812699989997782e-05
11095,30226,46,24,0,4.722599987871945e-05
11096,46957,46,23,0,4.48989994765725e-05
11097,71682,46,22,0,4.584099951898679e-05
11098,43666,46,21,0,4.4098000216763467e-05
11099,7324,52,20,0,4.886500028078444e-05
11100,11108,46,19,0,3.83769984182436e-05
11101,78920,46,18,0,3.376600216142833e-05
11102,13974,46,17,0,2.972799848066643e-05
11103,7852,53,17,1,5.1301001803949475e-05
11104,11473,47,16,1,7.97969987615943e-05
11105,48349,50,16,2,0.00011207100033061579
11106,67341,50,15,2,0.00015831400014576502
11107,8353,66,18,4,0.0001695040009508375
11108,79943,88,29,5,0.0007822449988452718
11109,60470,117,38,17,0.001430368000001181
11110,69794,58,46,2,0.0007734780010650866
11111,10864,54,46,3,0.0014203549981175456
11112,80454,58,47,6,0.0016115419966808986
11113,18472,88,47,8,0.001381099998980062
11114,18068,117,48,83,0.0025879249988065567
11115,44059,53,48,8,0.0021438269977807067
11116,5355,66,47,27,0.002248983997560572
11117,58122,49,49,1,0.00028855200071120635
11118,51362,49,48,0,7.900600030552596e-05
11119,58161,49,47,0,7.468200055882335e-05
11120,66220,49,46,0,7.165100032580085e-05
11121,17332,61,45,0,8.758900003158487e-05
11122,30033,49,44,0,7.07869985490106e-05
11123,89141,49,43,0,0.0001059179994626902
11124,83134,49,42,0,6.927499998710118e-05
11125,29654,49,41,0,6.508600199595094e-05
11126,50187,49,40,0,6.712300091749057e-05
11127,31288,49,39,0,6.405900057870895e-05
11128,47704,49,38,0,6.2036000599619e-05
11129,73917,51,37,0,6.6001000959659e-05
11130,55514,49,36,0,6.122999911895022e-05
11131,65269,49,35,0,6.042200038791634e-05
11132,60091,85,35,0,0.00012418400001479313
11133,52868,53,34,1,0.00016225400031544268
11134,53884,51,33,1,0.00014352800280903466
11135,61519,77,33,1,0.00013230900003691204
11136,24858,58,32,2,0.0008797330010565929
11137,9260,51,31,2,0.0007566429994767532
11138,24944,62,32,4,0.0008469870008411817
11139,30736,59,31,5,0.00045086099999025464
11140,70124,59,32,4,0.0008607349991507363
11141,72970,73,36,12,0.0010903829970629886
11142,64324,90,37,15,0.0008299430010083597
11143,17337,65,37,43,0.0019571880002331454
11144,8522,82,45,21,0.002065263000986306
11145,27848,74,48,25,0.0023714419985481072
11146,57626,64,49,9,0.0019057819990848657
11147,2007,69,48,10,0.0013198779997765087
11148,23222,72,50,7,0.0014041120011825114
11149,5128,52,51,1,0.00020992000281694345
11150,53143,51,50,0,7.913200170150958e-05
11151,27164,51,49,0,7.550100053776987e-05
11152,11545,51,48,0,7.447499956469983e-05
11153,77624,51,47,0,7.19700001354795e-05
11154,22189,52,46,0,7.239700062200427e-05
11155,78410,52,45,0,0.00010862000272027217
11156,83028,52,44,0,7.121199814719148e-05
11157,24643,52,43,0,6.890400254633278e-05
11158,6596,51,42,0,6.525000208057463e-05
11159,21976,56,41,0,6.981199840083718e-05
11160,66575,52,40,0,6.869600110803731e-05
11161,26694,52,39,0,6.573499922524206e-05
11162,52889,51,38,0,6.393500007106923e-05
11163,26565,52,37,0,6.312500045169145e-05
11164,20491,52,36,0,6.502500036731362e-05
11165,16253,51,35,0,5.980100104352459e-05
11166,35723,51,34,0,6.189899795572273e-05
11167,66705,52,33,0,6.24310014245566e-05
11168,7981,52,32,0,8.555699969292618e-05
11169,79910,51,31,0,6.105399734224193e-05
11170,10407,52,30,0,5.948399848421104e-05
11171,16147,51,29,0,5.69969997741282e-05
11172,20219,52,28,0,5.643999975291081e-05
11173,51350,52,27,0,5.644100019708276e-05
11174,13217,52,26,0,5.491800038726069e-05
11175,63617,52,25,0,5.350900028133765e-05
11176,58777,51,24,0,5.1005001296289265e-05
11177,32757,52,23,0,5.018500087317079e-05
11178,62874,52,22,0,4.899600025964901e-05
11179,16543,52,21,0,4.846600131713785e-05
11180,4579,52,20,0,4.7928999265423045e-05
11181,26695,51,19,0,4.24190002377145e-05
11182,25060,51,18,0,3.450399890425615e-05
11183,24811,52,17,0,3.324899807921611e-05
11184,48221,52,16,0,3.104499774053693e-05
11185,52561,51,15,0,5.007700019632466e-05
11186,16093,56,14,0,3.7240999517962337e-05
11187,58791,52,13,0,2.9771999834338203e-05
11188,64232,52,12,0,2.782199953799136e-05
11189,18539,52,11,0,2.5721001293277368e-05
11190,65579,52,10,0,2.4842000129865482e-05
11191,17200,52,9,0,2.3716998839518055e-05
11192,59254,56,8,0,2.4666998797329143e-05
11193,63791,52,7,0,2.2388001525541767e-05
11194,15995,52,6,0,2.0921997929690406e-05
11195,16376,51,5,0,1.898900154628791e-05
11196,53995,52,4,0,1.789800080587156e-05
11197,27313,52,3,0,1.3916000170866027e-05
11198,70782,51,2,0,1.252899892278947e-05
11199,74176,111,2,0,9.829900227487087e-05
11200,48059,102,51,41,0.0038402210011554416
11201,16822,83,52,13,0.0026694179978221655
11202,19163,69,53,6,0.0025002340007631574
11203,77967,74,53,3,0.0017174570020870306
11204,36720,73,52,0,0.00014873899999656714
11205,36058,96,52,2,0.0006617039980483241
11206,83769,96,51,31,0.0035136900005454663
11207,53914,101,51,20,0.002008021001529414
11208,57647,100,50,7,0.002203787000325974
11209,20117,83,50,12,0.0023435179973603226
11210,46491,151,52,51,0.002743373999692267
11211,33484,97,52,3,0.0022305380007310305
11212,5496,54,54,1,0.00029544499921030365
11213,71433,57,53,0,0.00012892399900010787
11214,72912,54,52,0,9.126000077230856e-05
11215,68263,54,51,0,8.687000081408769e-05
11216,14229,57,50,0,8.950499977800064e-05
11217,50000,54,49,0,8.337799954460934e-05
11218,61010,54,48,0,0.00012168999819550663
11219,73810,57,47,0,8.476399671053514e-05
11220,82618,66,46,0,9.79470023594331e-05
11221,24680,54,45,0,7.999100125744008e-05
11222,67547,54,44,0,7.721599831711501e-05
11223,35023,54,43,0,0.00010547399870119989
11224,80863,54,42,0,7.543099854956381e-05
11225,740,54,41,0,7.144499977584928e-05
11226,42772,62,40,0,8.57519989949651e-05
11227,34685,54,39,0,7.202699998742901e-05
11228,59583,55,38,0,7.195099897217005e-05
11229,56295,57,37,0,7.702999937464483e-05
11230,45332,54,36,0,6.836099782958627e-05
11231,20999,54,35,0,6.835400199634023e-05
11232,13589,57,34,0,6.94110021868255e-05
11233,88296,54,33,0,6.485099947894923e-05
11234,62474,54,32,0,6.426199979614466e-05
11235,39416,54,31,0,9.257200144929811e-05
11236,75126,60,31,1,8.047099981922656e-05
11237,2441,67,31,3,0.0007962380004755687
11238,80826,72,30,2,0.00013657799718203023
11239,22897,72,29,1,8.597700070822611e-05
11240,49009,60,28,1,0.0006633579978370108
11241,73345,60,27,0,6.445600229199044e-05
11242,16787,79,27,2,0.00014307200035545975
11243,10323,64,26,2,0.0006702790014969651
11244,52948,66,26,3,0.00034023599801003
11245,24956,84,25,6,0.0006314639977063052
11246,43487,108,30,16,0.0012374189973343164
11247,29724,96,30,7,0.001031107000017073
11248,27869,100,32,7,0.00031154300086200237
11249,65577,119,31,4,0.0009515460005786736
11250,6999,96,30,10,0.0007577500000479631
11251,7613,136,32,5,0.0012275629997020587
11252,42276,92,52,42,0.003198215999873355
11253,23259,97,53,4,0.0009249469985661563
11254,78341,124,53,27,0.0015402470016852021
11255,84491,149,53,83,0.004411750000144821
11256,83726,138,53,23,0.0021246840005915146
11257,57068,88,54,58,0.003063764001126401
11258,29478,136,55,26,0.003959181998652639
11259,53535,127,56,66,0.003151583998260321
11260,43654,58,58,1,0.0003569000000425149
11261,30661,63,57,0,0.00011251600153627805
11262,65192,58,56,0,0.00010123099855263717
11263,21054,61,55,0,0.00014479599849437363
11264,9715,58,54,0,9.83220015768893e-05
11265,55188,58,53,0,9.670600047684275e-05
11266,6698,76,52,0,0.00013210200268076733
11267,55486,58,51,0,9.478200081503019e-05
11268,50555,58,50,0,9.15849996090401e-05
11269,58046,60,49,0,9.060199954546988e-05
11270,10985,62,49,1,0.00011730799815268256
11271,9286,75,50,3,0.0004970099980710074
11272,16113,70,49,2,0.0008374329991056584
11273,14934,64,48,1,0.00012110500028938986
11274,53983,73,49,11,0.0020554740003717598
11275,15997,77,49,15,0.0020962819980923086
11276,49619,120,48,4,0.0016130970034282655
11277,68037,69,50,10,0.0023319689971685875
11278,62571,104,50,6,0.001492061997851124
11279,25275,126,49,12,0.00245342400012305
11280,21501,101,48,3,0.00045342199882725254
11281,17034,89,55,14,0.003989036998973461
11282,2705,89,54,0,0.00019530000281520188
11283,39852,89,53,0,0.00015064800027175806
11284,6521,89,52,0,0.0001417399980709888
11285,24927,89,51,0,0.0001394300015817862
11286,24589,58,58,1,0.00039939300040714443
11287,14540,58,57,0,0.00010062999717774801
11288,17517,59,56,0,9.5623003289802e-05
11289,5112,58,55,0,9.225099711329676e-05
11290,68917,68,54,0,9.829799819272012e-05
11291,78264,58,53,0,8.958599937614053e-05
11292,16190,58,52,0,8.719499965081923e-05
11293,55507,58,51,0,0.00012302300092414953
11294,10707,58,50,0,8.712899943930097e-05
11295,82800,99,52,4,0.0006138770004326943
11296,48313,77,55,6,0.0014244449994293973
11297,70700,97,58,19,0.004124431001400808
11298,51849,63,63,1,0.0003942340008507017
11299,75970,63,62,0,0.0001591969994478859
11300,59285,75,61,0,0.00014117699902271852
11301,88935,63,60,0,0.00011702199844876304
11302,72875,75,59,0,0.00013109000065014698
11303,33073,63,58,0,0.000110270000732271
11304,73756,65,57,0,0.0001097189997381065
11305,80051,73,56,0,0.00012055499973939732
11306,20474,63,55,0,0.00010527600170462392
11307,4982,72,54,0,0.00012936900020577013
11308,79240,68,54,1,0.0001569279993418604
11309,20421,71,53,1,0.00019045299995923415
11310,66837,74,52,0,0.00014074800128582865
11311,68651,79,51,0,0.00013539499923354015
11312,47881,78,51,2,0.0004142150028201286
11313,1106,82,51,3,0.00034562599830678664
11314,55321,79,51,4,0.0005441659995994996
11315,35647,80,50,3,0.0023237360001076013
11316,76863,84,49,0,0.00017475300046498887
11317,63615,90,49,0,0.00016157999925781041
11318,36617,98,48,3,0.0010643970017554238
11319,30356,76,47,11,0.0025260470029024873
11320,40436,87,46,1,0.00021128099979250692
11321,50218,80,46,3,0.0008659740014991257
11322,41868,87,45,8,0.0011373980014468543
11323,84543,79,44,1,0.00034665100247366354
11324,61777,78,43,0,0.00011762799840653315
11325,11334,97,42,3,0.0007504450004489627
11326,22208,80,42,2,0.0002276479972351808
11327,18378,94,42,4,0.0004485319986997638
11328,74997,101,41,4,0.000925520002056146
11329,63583,86,40,13,0.000863682998897275
11330,11466,84,40,7,0.0004371210015960969
11331,49252,108,41,7,0.0011463470000308007
11332,36980,103,41,17,0.001006472000881331
11333,76326,122,41,13,0.00129393699899083
11334,3885,118,40,13,0.00116265500037116
11335,80619,147,42,2,0.0010984429973177612
11336,25005,114,41,20,0.0009258999998564832
11337,22061,121,43,27,0.003098171997407917
11338,32628,163,44,11,0.0007308940002985764
11339,17132,131,45,31,0.002257482999993954
11340,28143,122,44,26,0.0031759720004629344
11341,2932,131,43,0,0.0002470799990987871
11342,3737,149,47,43,0.003293342000688426
11343,83943,188,46,53,0.0032259590007015504
11344,42093,178,49,15,0.0026137839995499235
11345,36648,161,50,32,0.003905221001332393
11346,58620,160,60,117,0.008129043999360874
11347,60622,172,61,19,0.005287563002639217
11348,42232,158,61,49,0.005436733001261018
11349,72445,164,60,8,0.003540366997185629
11350,18110,164,61,86,0.006409440000425093
11351,13198,185,61,41,0.005139752000104636
11352,88221,214,64,35,0.00329998999950476
11353,29954,125,65,1,0.000521346002642531
11354,55442,65,64,0,0.00012906600022688508
11355,40969,89,63,0,0.000143978999403771
11356,50307,66,62,0,0.0001194079995912034
11357,52245,67,61,0,0.00011998199988738634
11358,9886,65,60,0,0.0001513110000814777
11359,23691,65,59,0,0.00011384500248823315
11360,63285,65,58,0,0.00010773499889182858
11361,6434,65,57,0,0.0001873440014605876
11362,36886,65,56,0,0.0007286700019903947
11363,81033,65,55,0,0.00017371099966112524
11364,75787,65,54,0,0.00010846399891306646
11365,7495,75,53,0,0.0001129890006268397
11366,41494,65,52,0,0.00010067500261357054
11367,11548,70,51,0,0.00010788900181069039
11368,71948,65,50,0,0.0001403640017088037
11369,67957,73,49,0,0.00012898200293420814
11370,1063,68,48,0,0.00010548099817242473
11371,71846,67,47,0,9.810600022319704e-05
11372,38383,65,46,0,9.388700345880352e-05
11373,16117,66,45,0,0.00010148000001208857
11374,77047,93,44,0,0.00012535499990917742
11375,14715,65,43,0,0.0002524699993955437
11376,20120,65,42,0,0.00010189900058321655
11377,9905,69,41,0,9.300999954575673e-05
11378,88898,81,40,0,0.00010527899939916097
11379,21671,65,39,0,8.828100180835463e-05
11380,35273,65,38,0,8.05020026746206e-05
11381,30954,65,37,0,7.84639996709302e-05
11382,34858,85,36,0,0.00010740600191638805
11383,64330,66,35,0,7.999599984032102e-05
11384,76474,67,34,0,0.00011509300020406954
11385,55659,65,33,0,7.714599996688776e-05
11386,11346,72,32,0,8.157899719662964e-05
11387,56012,65,31,0,7.369599916273728e-05
11388,21338,65,30,0,7.393000123556703e-05
11389,10957,65,29,0,0.0001129060001403559
11390,19277,65,28,0,6.975199721637182e-05
11391,62421,65,27,0,6.747699808329344e-05
11392,26462,65,26,0,6.327299706754275e-05
11393,58854,65,25,0,6.170200140331872e-05
11394,22311,68,25,0,0.00019785699987551197
11395,87464,73,24,0,7.408799865515903e-05
11396,84738,103,23,1,0.0001366989999951329
11397,24393,87,22,1,9.90129992715083e-05
11398,38192,83,21,0,8.019399683689699e-05
11399,81902,85,20,0,7.388999802060425e-05
11400,53065,80,19,0,6.768399907741696e-05
11401,72651,82,18,0,6.163099897094071e-05
11402,50321,76,17,0,5.370299913920462e-05
11403,7813,73,17,2,6.289799785008654e-05
11404,63849,75,16,1,0.00010455300071043894
11405,75149,98,17,2,0.00020083699928363785
11406,29696,116,16,0,6.430199937312864e-05
11407,1813,112,16,1,0.00026324799910071306
11408,59506,77,15,1,0.00011794100282713771
11409,66211,95,15,4,0.00011748499673558399
11410,36849,106,14,1,0.0001180299987026956
11411,70201,108,15,2,0.0001888919978227932
11412,36300,183,14,4,0.0002497829991625622
11413,54104,137,13,1,0.00018645799718797207
11414,10623,111,13,0,0.00021479499991983175
11415,47249,131,12,3,0.00018730800002231263
11416,4420,146,20,12,0.000394374001189135
11417,3362,228,61,52,0.006404658997780643
11418,87817,69,69,1,0.0004463929981284309
11419,64032,69,68,0,0.00012811900160158984
11420,86083,69,67,0,0.00016831699758768082
11421,62796,69,66,0,0.00013256700185593218
11422,12005,73,65,0,0.00013006800145376474
11423,23720,69,64,0,0.0001578919982421212
11424,68015,69,63,0,0.00013186899741413072
11425,68918,69,62,0,0.00011687900041579269
11426,78263,69,61,0,0.00011300199912511744
11427,70715,69,60,0,0.000146266000228934
11428,45247,69,59,0,0.0001130599994212389
11429,44237,97,58,0,0.0001628620011615567
11430,85077,69,57,0,0.00011332700159982778
11431,44245,69,56,0,0.00010885899973800406
11432,10840,74,55,0,0.00011279299724265002
11433,14178,69,54,0,0.00010557199857430533
11434,16881,69,53,0,0.00010489100168342702
11435,52054,85,53,1,0.00016922299982979894
11436,21103,79,53,0,0.000254857000982156
11437,37424,81,52,0,0.00013861499974154867
11438,24964,84,51,0,0.0005390430014813319
11439,21928,74,50,1,0.0001326790006714873
11440,72177,84,49,0,0.00011725900185410865
11441,3836,85,49,1,0.00024197699895012192
11442,49811,86,48,1,0.00027466100073070265
11443,13973,86,48,1,0.0001473600023018662
11444,9797,96,48,2,0.000171086001500953
11445,32905,89,51,3,0.0036707139988720883
11446,29741,89,50,0,0.00018208700203103945
11447,74242,91,49,0,0.0001432110002497211
11448,24645,89,48,0,0.00014305000149761327
11449,58797,89,47,0,0.00013218599997344427
11450,3580,89,46,0,0.00012406099995132536
11451,74107,89,45,0,0.00015899900245130993
11452,67713,89,44,0,0.00012509199950727634
11453,24322,89,43,0,0.0001183280000986997
11454,15395,91,42,0,0.00011730899859685451
11455,54450,89,41,0,0.00011531499694683589
11456,56143,93,40,0,0.0001161559994216077
11457,40367,89,39,0,0.00010875899897655472
11458,38992,89,38,0,0.00014495700088446029
11459,42604,89,37,0,0.00010808400111272931
11460,24814,89,36,0,0.00010187999941990711
11461,40202,89,35,0,0.00010750799992820248
11462,8511,89,34,0,0.00010263699732604437
11463,50828,90,33,0,0.0001013389992294833
11464,28563,89,32,0,0.00010022299829870462
11465,82319,89,31,0,9.869299901765771e-05
11466,23517,89,30,0,0.0001302089985983912
11467,75609,90,29,0,0.00010165999992750585
11468,66577,89,28,0,9.520599996903911e-05
11469,13785,89,27,0,8.59949977893848e-05
11470,71975,93,26,0,9.215699901687913e-05
11471,20019,89,25,0,8.286299998871982e-05
11472,54463,89,24,0,7.873499998822808e-05
11473,4630,89,23,0,8.027600051718764e-05
11474,66881,89,22,0,7.239499973366037e-05
11475,19734,89,21,0,7.041700155241415e-05
11476,33772,91,21,1,0.00011986699973931536
11477,19204,93,20,1,9.1740999778267e-05
11478,4114,98,19,1,8.756500028539449e-05
11479,56364,95,19,3,0.00011950999760301784
11480,34935,116,19,6,0.00025642599939601496
11481,11998,161,20,6,0.0006219429997145198
11482,56131,105,23,5,0.0003527569970174227
11483,44073,139,28,9,0.0007762640016153455
11484,40835,129,40,17,0.0014784819977649022
11485,10450,149,39,18,0.0013803530018776655
11486,74244,77,77,1,0.0005777890000899788
11487,12416,77,76,0,0.00018375299987383187
11488,48014,83,75,0,0.00017692599794827402
11489,662,77,74,0,0.00015963100304361433
11490,50583,77,73,0,0.0001533639988338109
11491,11544,77,72,0,0.00019987099949503317
11492,42052,90,71,0,0.00018155399811803363
11493,26820,77,70,0,0.00014690699754282832
11494,67661,77,69,0,0.00014557699978468008
11495,51271,77,68,0,0.0001425909977115225
11496,69155,77,67,0,0.00014187799752107821
11497,74915,77,66,0,0.0001809860004868824
11498,19236,77,65,0,0.00014488399756373838
11499,17201,77,64,0,0.0001373209997836966
11500,27314,77,63,0,0.00018060799993691035
11501,12735,77,62,0,0.00013754600149695762
11502,9935,77,61,0,0.000132764002046315
11503,85842,77,60,0,0.00016562899691052735
11504,47827,77,59,0,0.0001343969997833483
11505,73171,77,58,0,0.00012799800242646597
11506,18262,77,57,0,0.0001249310007551685
11507,27095,77,56,0,0.00012582199997268617
11508,57977,77,55,0,0.00014800399731029756
11509,73828,81,54,0,0.0001280960022995714
11510,82289,77,53,0,0.00015964400154189207
11511,13797,77,52,0,0.00012176300151622854
11512,73179,77,51,0,0.00036366100175655447
11513,8371,77,50,0,0.00015597899982822128
11514,82269,77,49,0,0.00011472600090201013
11515,26986,77,48,0,0.00016229200264206156
11516,11187,78,47,0,0.00012460000289138407
11517,68715,77,46,0,0.00010931899669230916
11518,50556,77,45,0,0.00010671400013961829
11519,62902,77,44,0,0.00010783100151456892
11520,58847,77,43,0,0.00010425800064695068
11521,17376,77,42,0,0.00010063900117529556
11522,42739,77,41,0,0.00010136600030818954
11523,61804,77,40,0,0.0001356879984086845
11524,41844,77,39,0,9.799600229598582e-05
11525,23158,77,38,0,9.611299901735038e-05
11526,73886,91,38,0,0.00012691400115727447
11527,59508,84,37,1,0.00017381300131091848
11528,59445,164,37,0,0.00024190900148823857
11529,58121,90,36,1,0.0011407620004320052
11530,65387,110,36,3,0.0014427799978875555
11531,75966,94,35,4,0.001194573997054249
11532,77695,90,34,4,0.0004640279985324014
11533,85115,95,33,3,0.0010869930010812823
11534,595,97,33,2,0.0010400430001027416
11535,37280,148,33,3,0.0008850730009726249
11536,75981,181,33,2,0.0005005149978387635
11537,5574,122,33,12,0.0011743409995688125
11538,14431,143,34,5,0.0016349399993487168
11539,5732,194,34,7,0.001324135999311693
11540,36228,146,33,9,0.0015129580024222378
11541,38297,114,32,6,0.001294580000831047
11542,44038,121,32,4,0.0013854169992555398
11543,77063,124,32,11,0.0012943250003445428
11544,9381,169,32,10,0.0015487749988096766
11545,85552,178,31,10,0.0014896020002197474
11546,23106,204,32,6,0.000950467998336535
11547,66001,167,35,5,0.0016333610001311172
11548,5101,211,36,4,0.0017710859974613413
11549,6090,254,38,18,0.0015832540011615492
11550,3070,170,44,11,0.0034153989981859922
11551,48470,333,71,28,0.005674092000845121
11552,82949,100,90,1,0.00102984600016498
11553,72972,92,89,0,0.0003612220025388524
11554,63621,126,88,0,0.00036344800173537806
11555,49286,110,87,0,0.0003306840008008294
11556,1927,90,86,0,0.0003239799989387393
11557,78475,91,85,0,0.000327839999954449
11558,84875,90,84,0,0.0002770930004771799
11559,73869,93,83,0,0.0003194820019416511
11560,41492,109,82,0,0.0003063139993173536
11561,11542,126,81,0,0.0003167530012433417
11562,44822,90,80,0,0.0003162219982186798
11563,48152,90,79,0,0.0002656340002431534
11564,12579,90,78,0,0.0002545989991631359
11565,88871,90,77,0,0.00025301200003013946
11566,72234,90,76,0,0.00021638400357915089
11567,42386,90,75,0,0.00019560500004445203
11568,48187,90,74,0,0.00018943599934573285
11569,10392,90,73,0,0.0001842660021793563
11570,81726,90,72,0,0.00022098499903222546
11571,44100,103,71,0,0.00021350799943320453
11572,11344,90,70,0,0.000227525997615885
11573,47700,90,69,0,0.00018051300139632076
11574,41407,91,68,0,0.00017900400052894838
11575,61100,90,67,0,0.000207807999686338
11576,62636,90,66,0,0.0001674150007602293
11577,76208,90,65,0,0.0001614599968888797
11578,56438,90,64,0,0.00016329899881384335
11579,51063,90,63,0,0.00016022799900383689
11580,59843,90,62,0,0.00019282799985376187
11581,59091,90,61,0,0.00016363499889848754
11582,74131,90,60,0,0.00015615400116075762
11583,86230,90,59,0,0.00015224199887597933
11584,42454,104,58,0,0.00016560299991397187
11585,86999,90,57,0,0.00015525100025115535
11586,34459,90,56,0,0.00015792399790370837
11587,87196,90,55,0,0.00014883599942550063
11588,21150,90,54,0,0.00014420700244954787
11589,64442,90,53,0,0.00013947799743618816
11590,36551,90,52,0,0.000139251998916734
11591,63392,90,51,0,0.0001511429982201662
11592,75968,90,50,0,0.0001702800000202842
11593,7843,95,49,0,0.00015196599997580051
11594,80110,90,48,0,0.00013272900105221197
11595,59862,90,47,0,0.0001393450002069585
11596,34929,90,46,0,0.00013011099872528575
11597,28541,90,45,0,0.00014244400153984316
11598,23399,90,44,0,0.00015882699881331064
11599,3555,90,43,0,0.00012728000001516193
11600,3044,106,42,0,0.0001454720004403498
11601,19455,134,41,0,0.0001959670007636305
11602,5495,90,40,0,0.00012151599730714224
11603,63865,92,39,0,0.00012344900096650235
11604,17610,126,38,0,0.00019224399875383824
11605,75130,90,37,0,0.00022415499915950932
11606,24031,101,36,0,0.00018134199854102917
11607,76490,95,35,0,0.00012083800174877979
11608,38384,90,34,0,0.00014875899796606973
11609,85976,94,33,0,0.00011870000162161887
11610,29530,90,32,0,0.00010326700066798367
11611,45406,173,32,1,0.0002346319997741375
11612,47030,107,31,1,0.0001388220007356722
11613,40102,93,30,1,0.00011860299855470657
11614,16879,190,29,0,0.00031923400092637166
11615,73085,108,28,1,0.00013560799925471656
11616,80384,101,27,1,0.0001694940001470968
11617,38472,102,26,0,0.00011370900028850883
11618,8772,107,25,1,0.00011945000005653128
11619,21967,108,24,1,0.00016079399938462302
11620,20740,109,23,1,0.00012316100037423894
11621,5030,101,22,0,9.598099859431386e-05
11622,10123,115,21,1,0.00012644299931707792
11623,27801,118,21,1,0.00012302699906285852
11624,56358,129,20,0,9.528900045552291e-05
11625,2885,107,19,2,9.541599865769967e-05
11626,77137,104,18,3,0.0003149469994241372
11627,57672,103,17,3,0.00020596700051100925
11628,56041,111,17,2,0.0002146580009139143
11629,78004,112,16,3,0.00021327799913706258
11630,56582,152,15,2,0.00034132899963879026
11631,19764,140,14,2,0.00022051400083000772
11632,45462,112,14,2,0.00019167299979017116
11633,10338,111,13,1,0.0002827320022333879
11634,43863,160,12,2,0.0002174319997720886
11635,83490,179,14,3,0.00039791800008970313
11636,54976,170,13,3,0.00036330199873191305
11637,29688,134,15,4,0.0003037169990420807
11638,42715,161,22,1,0.000580873998842435
11639,46234,149,29,3,0.0008336159989994485
11640,66068,266,46,1,0.0011531519994605333
11641,49407,92,92,1,0.0010249619990645442
11642,47040,92,91,0,0.0003113070015388075
11643,52615,92,90,0,0.0003412730002310127
11644,20494,93,89,0,0.00032163899959414266
11645,86537,92,88,0,0.00029950899988762103
11646,48908,92,87,0,0.0003471429990895558
11647,82320,92,86,0,0.0003013139976246748
11648,14737,92,85,0,0.0002883560009649955
11649,35021,92,84,0,0.00029068399817333557
11650,85455,92,83,0,0.00030531200172845274
11651,31765,92,82,0,0.0003421709989197552
11652,57375,95,81,0,0.0003469680013949983
11653,76328,92,80,0,0.00029388300026766956
11654,51514,92,79,0,0.0002771910003502853
11655,24635,92,78,0,0.0002807499986374751
11656,48964,92,77,0,0.0002554910024628043
11657,19269,99,76,0,0.00023152300127549097
11658,20119,93,75,0,0.00020584800222422928
11659,84825,97,74,0,0.0002565869981481228
11660,73117,92,73,0,0.00021471999934874475
11661,37722,94,72,0,0.00019815799896605313
11662,3424,93,71,0,0.00019003499983227812
11663,15223,97,70,0,0.0001907540026877541
11664,46203,92,69,0,0.00023961499755387194
11665,28561,92,68,0,0.00018956900021294132
11666,32942,92,67,0,0.000231300997256767
11667,47041,92,66,0,0.00018937500135507435
11668,47828,92,65,0,0.00044424799853004515
11669,68055,92,64,0,0.00023039799998514354
11670,29156,96,63,0,0.00019094899835181423
11671,22179,92,62,0,0.0001771969982655719
11672,32493,92,61,0,0.0002248010023322422
11673,85486,95,60,0,0.000181538998731412
11674,14321,92,59,0,0.00016576499911025167
11675,28927,92,58,0,0.00015853899822104722
11676,18419,92,57,0,0.00015688899657106958
11677,72224,181,57,1,0.00048140699800569564
11678,63948,117,56,1,0.0005361200019251555
11679,80002,96,55,1,0.0002551139987190254
11680,18188,95,54,1,0.00028909100001328625
11681,69783,128,54,2,0.0031234240013873205
11682,30574,96,53,3,0.003387958000530489
11683,49282,149,53,3,0.003292215998953907
11684,57260,118,52,3,0.0032607950015517417
11685,34241,122,51,4,0.0038093049988674466
11686,62300,137,51,1,0.0031527880018984433
11687,19805,132,50,5,0.004034575002151541
11688,67339,105,49,5,0.003495032997307135
11689,89193,137,48,0,0.00028272300187381916
11690,38270,145,48,3,0.003199473998392932
11691,10683,130,49,9,0.0036099660028412472
11692,81600,186,50,6,0.0021135490023880266
11693,72297,151,54,8,0.004490733997954521
11694,38846,136,53,3,0.00416534100077115
11695,3946,138,52,3,0.004050298000947805
11696,62141,162,54,1,0.004360373997769784
11697,253,173,53,0,0.0003672759994515218
11698,19085,172,53,18,0.004615509002178442
11699,21169,143,52,2,0.0042092879994015675
11700,10266,149,51,0,0.0003072479994443711
11701,28761,145,50,3,0.003757843001949368
11702,59681,178,51,1,0.004248932997143129
11703,27581,186,51,3,0.003707296997163212
11704,83206,169,52,1,0.004180870000709547
11705,4249,192,53,3,0.004512113002419937
11706,5873,210,52,2,0.004402779002703028
11707,18291,212,57,4,0.003050458002689993
11708,10956,202,58,1,0.0036123979989497457
11709,61440,249,69,4,0.0034938880016852636
11710,55881,247,68,0,0.0006287110008997843
11711,44034,98,98,1,0.001134625003032852
11712,40577,101,97,0,0.0008258710004156455
11713,16007,98,96,0,0.0005751280004915316
11714,65300,98,95,0,0.0004429079999681562
11715,85276,98,94,0,0.00042134499744861387
11716,79389,118,93,0,0.000452109998150263
11717,77086,117,92,0,0.0003848350024782121
11718,87071,100,91,0,0.00040005200207815506
11719,70943,98,90,0,0.0003409330020076595
11720,71713,98,89,0,0.00033812900073826313
11721,53548,98,88,0,0.00037248000080580823
11722,63788,98,87,0,0.0003311990003567189
11723,63136,103,86,0,0.0003717219988175202
11724,35490,98,85,0,0.0003734560013981536
11725,87694,98,84,0,0.00033057200198527426
11726,66261,120,83,0,0.00040943100248114206
11727,64300,98,82,0,0.00032070899760583416
11728,68662,98,81,0,0.00035298299917485565
11729,34617,102,80,0,0.0003242959974159021
11730,70727,98,79,0,0.00030896300086169504
11731,39242,98,78,0,0.0003564709986676462
11732,85078,98,77,0,0.00027484499878482893
11733,10329,100,76,0,0.0002467949998390395
11734,77732,105,75,0,0.00024813499840092845
11735,9319,139,74,0,0.00033617400185903534
11736,70824,98,73,0,0.0002831719975802116
11737,83303,98,72,0,0.00023661299928789958
11738,68970,98,71,0,0.000263098998402711
11739,70773,98,70,0,0.0002180420015065465
11740,29301,103,69,0,0.00021750799714936875
11741,21372,98,68,0,0.00020505800057435408
11742,55798,98,67,0,0.000243649999902118
11743,13510,103,66,0,0.00020977200256311335
11744,23800,98,65,0,0.0003812750001088716
11745,47582,122,64,0,0.0003436740007600747
11746,80109,99,63,0,0.00022200999956112355
11747,54185,98,62,0,0.0001936350017786026
11748,63161,103,61,0,0.0001954100007424131
11749,38651,98,60,0,0.00023564399816677906
11750,81032,98,59,0,0.0001984410009754356
11751,23723,99,58,0,0.00023366299865301698
11752,10970,110,57,0,0.00020918399968650192
11753,13449,105,56,0,0.0002529459998186212
11754,87239,98,55,0,0.00018894900131272152
11755,41611,121,54,0,0.00021210200065979734
11756,88973,104,54,1,0.0003523859995766543
11757,20545,118,53,1,0.0004256190004525706
11758,75635,105,52,1,0.00032287700014421716
11759,83809,113,51,1,0.0003611690008256119
11760,44664,124,50,1,0.00037142699875403196
11761,26499,107,49,1,0.0003139079999527894
11762,71662,150,52,2,0.004905313002382172
11763,60278,117,51,1,0.004428059997735545
11764,21634,143,50,0,0.00030312399758258834
11765,10288,127,50,2,0.0044814940010837745
11766,42179,168,49,0,0.0003205009998055175
11767,66700,251,62,2,0.004476010999496793
11768,39913,193,62,1,0.0007823710002412554
11769,13313,266,238,1,0.006337046997941798
11770,59907,254,237,0,0.002010364998568548
11771,50181,297,236,0,0.002248753000458237
11772,40966,310,235,0,0.002561252000305103
11773,51208,238,234,0,0.0019363360006536823
11774,7181,375,233,0,0.002823622999130748
11775,11279,325,232,0,0.0025972379989980254
11776,62998,336,231,0,0.002377443997829687
11777,73754,400,230,0,0.00262135899902205
11778,33818,263,229,0,0.0022491839990834706
11779,18976,294,228,0,0.0021137389994692057
11780,34337,299,227,0,0.0021422979989438318
11781,75297,440,226,0,0.002970841000205837
11782,62499,282,225,0,0.002079180998407537
11783,6182,239,224,0,0.0018493640018277802
11784,71719,239,223,0,0.0018454220007697586
11785,66087,287,222,0,0.0020144629997957963
11786,67624,275,221,0,0.002044791002845159
11787,67625,238,220,0,0.001816347001295071
11788,78891,260,219,0,0.0019117820011160802
11789,84525,297,218,0,0.0021338810001907405
11790,24623,238,217,0,0.0018270809996465687
11791,25135,312,216,0,0.002316047000931576
11792,30769,244,215,0,0.0018514450021029916
11793,1077,241,214,0,0.0017809930031944532
11794,15419,238,213,0,0.0018281849988852628
11795,31284,331,212,0,0.0023198489980131853
11796,42548,313,211,0,0.002211188002547715
11797,84544,238,210,0,0.0017951720001292415
11798,10306,249,209,0,0.001962467998964712
11799,27716,308,208,0,0.002214321000792552
11800,75845,238,207,0,0.0017126179991464596
11801,30791,296,206,0,0.002018674997088965
11802,8265,238,205,0,0.0016578309987380635
11803,35913,244,204,0,0.0017915819989866577
11804,9290,238,203,0,0.001696357001492288
11805,30796,306,202,0,0.001923916999658104
11806,58949,345,201,0,0.0020923160009260755
11807,1610,332,200,0,0.0021741749987995718
11808,56396,240,199,0,0.00170825699751731
11809,63568,359,198,0,0.0023862729976826813
11810,10326,238,197,0,0.0016188110021175817
11811,61530,238,196,0,0.0017080010002246127
11812,47202,308,195,0,0.0020426029986992944
11813,7770,321,194,0,0.0020727090013679117
11814,66142,425,193,0,0.002351477996853646
11815,52834,264,192,0,0.0019551300028979313
11816,11363,238,191,0,0.001630585000384599
11817,39017,343,190,0,0.002025982001214288
11818,611,243,189,0,0.0015896770019026008
11819,71788,491,188,0,0.0028493059980974067
11820,84581,246,187,0,0.001631918999919435
11821,11879,294,186,0,0.0018916699991677888
11822,28271,371,185,0,0.002017687998886686
11823,15986,346,184,0,0.002226283002528362
11824,4725,305,183,0,0.0017860719999589492
11825,34937,308,182,0,0.001915177002956625
11826,73854,314,181,0,0.001830195997172268
11827,20087,269,180,0,0.001699292999546742
11828,6777,241,179,0,0.0015602150015183724
11829,34942,298,178,0,0.0018764239976007957
11830,6782,245,177,0,0.0015030959984869696
11831,44158,374,176,0,0.0021307800016074907
11832,25730,372,175,0,0.001960756999324076
11833,33923,322,174,0,0.0017809170021791942
11834,70276,238,173,0,0.0015164379983616527
11835,22664,342,172,0,0.001873208999313647
11836,50822,380,171,0,0.0020086280019313563
11837,30856,394,170,0,0.002113768998242449
11838,26762,348,169,0,0.0018164829998568166
11839,30344,424,168,0,0.0027035700004489627
11840,51342,238,167,0,0.002083606999804033
11841,46240,238,166,0,0.0017552540011820383
11842,14989,317,165,0,0.00171168800079613
11843,37531,328,164,0,0.001716341997962445
11844,70823,299,163,0,0.00163603900000453
11845,5790,238,162,0,0.0014389309981197584
11846,51872,244,161,0,0.0014360719978867564
11847,59041,246,160,0,0.0014392619996215217
11848,82095,247,159,0,0.0016216450021602213
11849,58021,298,158,0,0.00157170800230233
11850,51879,270,157,0,0.0015457749977940693
11851,24237,330,156,0,0.0017404030004399829
11852,17583,316,155,0,0.0015972699984558858
11853,53426,249,154,0,0.0014878750007483177
11854,13495,248,153,0,0.0013645969993376639
11855,3257,308,152,0,0.0015848900002310984
11856,33458,240,151,0,0.0013764760005869903
11857,17666,254,150,0,0.0014029029989615083
11858,17912,250,149,0,0.0013636430012411438
11859,46339,346,148,0,0.0016927840006246697
11860,52917,291,147,0,0.0014846020021650475
11861,33027,305,146,0,0.0015427120015374385
11862,29964,239,145,0,0.00127407399850199
11863,49422,287,144,0,0.001672866001172224
11864,82702,321,143,0,0.0016304519995173905
11865,34488,247,142,0,0.0012711109993688297
11866,27919,250,141,0,0.0013606520005851053
11867,83133,347,140,0,0.0017148799997812603
11868,85264,238,139,0,0.0012416159988788422
11869,25791,282,138,0,0.001390591001836583
11870,67266,247,137,0,0.001270182001462672
11871,6852,259,136,0,0.0013239309992059134
11872,7369,283,135,0,0.0013673040011781268
11873,5394,271,134,0,0.0013257249993330333
11874,39113,349,133,0,0.0017026730020006653
11875,37650,239,132,0,0.0011972369975410402
11876,28873,327,131,0,0.0015473659987037536
11877,24338,238,130,0,0.001238716002262663
11878,23828,240,129,0,0.0011697329973685555
11879,18198,365,128,0,0.001688772998022614
11880,84171,423,127,0,0.0017721090007398743
11881,74955,352,126,0,0.0016046700002334546
11882,37068,309,125,0,0.0014099820000410546
11883,58062,292,124,0,0.0015288329996110406
11884,29392,364,123,0,0.0014998560000094585
11885,83152,297,122,0,0.0014042689981579315
11886,1234,257,121,0,0.0011702570009219926
11887,71959,306,120,0,0.0013694530025532003
11888,53461,328,119,0,0.0013313199997355696
11889,6879,372,118,0,0.0014350029996421654
11890,31512,440,117,0,0.0016082610018202104
11891,31002,338,116,0,0.0016954599996097386
11892,17120,326,115,0,0.0013706859972444363
11893,88290,415,114,0,0.0015261250009643845
11894,85219,335,113,0,0.0013495380007952917
11895,6429,354,112,0,0.0013981619995320216
11896,70944,238,111,0,0.001066914999682922
11897,24866,334,110,0,0.0013167920005798806
11898,82211,291,109,0,0.001236249998328276
11899,78567,296,108,0,0.0011971759995503817
11900,7913,321,107,0,0.0012224940001033247
11901,52977,355,106,0,0.00144127000021399
11902,36082,254,105,0,0.0010597620021144394
11903,5363,238,104,0,0.0010430219990666956
11904,68388,256,103,0,0.0011020969977835193
11905,76580,287,102,0,0.0012254760003997944
11906,67877,253,101,0,0.0010306419972039293
11907,13097,263,100,0,0.0010634060017764568
11908,20269,327,99,0,0.0012079540028935298
11909,17202,238,98,0,0.0009990619983000215
11910,50935,308,97,0,0.001173943001049338
11911,41208,303,96,0,0.0011626499981503002
11912,59131,343,95,0,0.0012285570010135416
11913,27954,247,94,0,0.0009873880007944535
11914,70965,282,93,0,0.001099777000490576
11915,62262,312,92,0,0.0011562430008780211
11916,36663,425,91,0,0.0013518259984266479
11917,12087,238,90,0,0.0010029949989984743
11918,82744,346,89,0,0.001233004000823712
11919,61241,308,88,0,0.0011053339985664934
11920,35642,409,87,0,0.0012734169977193233
11921,20217,238,86,0,0.0009385720004502218
11922,88830,246,85,0,0.0009136619992204942
11923,1851,238,84,0,0.0009121109978877939
11924,74557,328,83,0,0.0011379620009392966
11925,22846,243,82,0,0.000982875997578958
11926,53056,310,81,0,0.0010544729993853252
11927,22850,289,80,0,0.0009870400026557036
11928,49483,350,79,0,0.001441268999769818
11929,82253,238,78,0,0.000900511000509141
11930,33111,482,77,0,0.0013429149985313416
11931,43356,238,76,0,0.0007652749991393648
11932,51116,238,75,0,0.00069529699976556
11933,4966,279,74,0,0.0007696979992033448
11934,77122,258,73,0,0.0007229580005514435
11935,82754,238,72,0,0.0006248940007935744
11936,35690,246,71,0,0.0007090540020726621
11937,24442,278,70,0,0.0007514309982070699
11938,22394,300,69,0,0.0007662290008738637
11939,6526,267,68,0,0.0006476109992945567
11940,12728,238,67,0,0.0006183679979585577
11941,55108,274,66,0,0.0006786689991713502
11942,65349,238,65,0,0.0007723700000497047
11943,35168,272,64,0,0.0006521550021716394
11944,82290,238,63,0,0.0005791580006189179
11945,56684,244,62,0,0.0006096199977037031
11946,39317,261,61,0,0.0005857670003024396
11947,35744,269,60,0,0.0006986299995332956
11948,7562,303,59,0,0.0007015949995547999
11949,79687,282,58,0,0.00065636799990898
11950,3919,423,57,0,0.0008712429989827797
11951,52618,252,56,0,0.000547850999282673
11952,37714,317,55,0,0.0007030900014797226
11953,21331,238,54,0,0.0005531950009753928
11954,14274,238,53,0,0.0004904699999315199
11955,53637,312,52,0,0.0006320510001387447
11956,1911,238,51,0,0.0004868039977736771
11957,50009,282,50,0,0.0005226249995757826
11958,84314,252,49,0,0.0005243679988780059
11959,35165,238,48,0,0.0005033209999965038
11960,20378,238,47,0,0.0004921709987684153
11961,9057,325,46,0,0.0005535099990083836
11962,17284,444,45,0,0.0007341439995798282
11963,4450,273,44,0,0.0005400810005085077
11964,73099,327,43,0,0.0005493340031534899
11965,41826,257,42,0,0.0005002939979021903
11966,83340,246,41,0,0.00046858800124027766
11967,57336,295,40,0,0.0004709349996119272
11968,65933,298,39,0,0.0005026899998483714
11969,23906,238,38,0,0.0003871020016958937
11970,38755,381,37,0,0.0006128499990154523
11971,39824,247,36,0,0.0003919850023521576
11972,14222,256,35,0,0.0004431790002854541
11973,8114,239,34,0,0.0004124789993511513
11974,29642,265,33,0,0.0004416330011736136
11975,48121,303,32,0,0.000435516001743963
11976,88028,296,31,0,0.00043768300020019524
11977,68014,253,30,0,0.00034491699989303015
11978,68068,239,29,0,0.0003562560013961047
11979,35262,251,28,0,0.00033882600109791383
11980,29585,238,27,0,0.00030213900026865304
11981,33171,256,26,0,0.0003562709971447475
11982,35782,242,25,0,0.0003564299986464903
11983,9681,238,24,0,0.00030625599902123213
11984,58290,260,23,0,0.00033388899828423746
11985,82277,249,22,0,0.0002689890025067143
11986,27060,367,21,0,0.00044310099838185124
11987,75238,297,20,0,0.0003181329993822146
11988,64870,238,19,0,0.0002258870008517988
11989,52662,422,18,0,0.0003787460009334609
11990,66024,242,17,0,0.00018863999866880476
11991,16374,238,16,0,0.0001509909998276271
11992,60345,238,15,0,0.0001370190002489835
11993,34665,303,14,0,0.0002359630016144365
11994,51649,373,13,0,0.0002879089988709893
11995,8168,486,12,0,0.0003636170004028827
11996,22506,342,11,0,0.000207274999411311
11997,85482,242,10,0,0.00012357400191831402
11998,40942,443,9,0,0.00022050500047043897
11999,34237,297,8,0,0.00017721600306686014
12000,16320,321,7,0,0.00014621100126532838
12001,80234,238,6,0,8.911400072975084e-05
12002,78196,301,5,0,0.00011068499952671118
12003,67051,403,4,0,0.00013182100155972876
12004,36334,327,3,0,9.675299952505156e-05
12005,44529,238,2,0,6.199199924594723e-05
12006,88942,238,1,0,4.6461002057185397e-05
12007,48627,264,0,0,5.340099960449152e-05
