pos,vertex,degree,p_size,cliques,seconds
0,64582,0,0,1,2.273001882713288e-06
1,122880,1,1,1,1.7738002497935668e-05
2,81934,1,1,1,6.195001333253458e-06
3,15,1,1,1,3.740002284757793e-06
4,17,1,1,1,3.1669987947680056e-06
5,81942,1,1,1,3.5570010368246585e-06
6,27,1,1,1,3.0139999580569565e-06
7,122909,1,1,1,2.9130023904144764e-06
8,98343,1,1,1,2.415999915683642e-06
9,90649,1,0,0,1.6399972082581371e-06
10,73785,1,1,1,3.3890028134919703e-06
11,16446,1,1,1,2.559001586632803e-06
12,81,1,1,1,2.8989998099859804e-06
13,98533,1,0,0,1.77200126927346e-06
14,65628,1,1,1,3.016000846400857e-06
15,97,1,1,1,2.402000973233953e-06
16,86524,1,0,0,1.5590012480970472e-06
17,16481,1,1,1,2.802000381052494e-06
18,93986,1,0,0,1.5859986888244748e-06
19,82020,1,1,1,2.386997948633507e-06
20,24677,1,1,1,2.958000550279394e-06
21,8304,1,1,1,2.8510003176052123e-06
22,122996,1,1,1,2.791999577311799e-06
23,24702,1,1,1,2.710999979171902e-06
24,114818,1,1,1,2.3760003386996686e-06
25,120799,1,0,0,1.5110017557162791e-06
26,106637,1,1,1,2.7999994927085936e-06
27,16541,1,1,1,2.5699991965666413e-06
28,8350,1,1,1,2.6519992388784885e-06
29,8351,1,1,1,2.6029993023257703e-06
30,70951,1,0,0,1.3490025594364852e-06
31,123049,1,1,1,2.6899979275185615e-06
32,123050,1,1,1,2.2839994926471263e-06
33,128975,1,0,0,1.5559999155811965e-06
34,73901,1,1,1,2.6400011847727e-06
35,73906,1,1,1,2.712000423343852e-06
36,179,1,1,1,4.1719977161847055e-06
37,41141,1,1,1,2.3360007617156953e-06
38,32017,1,0,0,1.571999746374786e-06
39,24761,1,1,1,2.6930028980132192e-06
40,106704,1,1,1,2.7419991965871304e-06
41,49361,1,1,1,2.5659974198788404e-06
42,231,1,1,1,2.7710011636372656e-06
43,41207,1,1,1,2.4859982659108937e-06
44,24835,1,1,1,4.937002813676372e-06
45,663,1,0,0,1.4800025383010507e-06
46,8462,1,1,1,2.863998815882951e-06
47,131343,1,1,1,2.2849999368190765e-06
48,57990,1,0,0,1.3810022210236639e-06
49,277,1,1,1,2.267999661853537e-06
50,98588,1,1,1,2.712000423343852e-06
51,90413,1,1,1,2.7460009732749313e-06
52,303,1,1,1,2.526001480873674e-06
53,114995,1,1,1,2.458000381011516e-06
54,321,1,1,1,2.414999471511692e-06
55,90439,1,1,1,2.6369998522568494e-06
56,115017,1,1,1,2.5130029825959355e-06
57,335,1,1,1,2.3560023691970855e-06
58,131410,1,1,1,2.438999217702076e-06
59,131414,1,1,1,2.410000888630748e-06
60,16727,1,1,1,2.3890024749562144e-06
61,119548,1,0,0,1.3589997251983732e-06
62,41302,1,1,1,2.6429988793097436e-06
63,82267,1,1,1,2.091001078952104e-06
64,74081,1,1,1,2.644999767653644e-06
65,123235,1,1,1,2.492000930942595e-06
66,90467,1,1,1,2.077998942695558e-06
67,26304,1,0,0,1.4809993444941938e-06
68,123240,1,1,1,2.4470027710776776e-06
69,8554,1,1,1,2.672997652553022e-06
70,33131,1,1,1,2.7480018616188318e-06
71,106867,1,1,1,2.414999471511692e-06
72,90486,1,1,1,2.4509972718078643e-06
73,82296,1,1,1,2.2509993868879974e-06
74,115065,1,1,1,2.2759995772503316e-06
75,106886,1,1,1,2.278000465594232e-06
76,41358,1,1,1,2.4820001272019e-06
77,16793,1,1,1,2.435997885186225e-06
78,57773,1,1,1,2.1740015654359013e-06
79,20497,1,0,0,1.4159995771478862e-06
80,33203,1,1,1,2.516000677132979e-06
81,115125,1,1,1,2.4750006559770554e-06
82,131521,1,1,1,2.4990004021674395e-06
83,62845,1,0,0,1.4229990483727306e-06
84,41419,1,1,1,2.3850006982684135e-06
85,41421,1,1,1,2.668999513844028e-06
86,41428,1,1,1,2.5429981178604066e-06
87,498,1,1,1,2.429998858133331e-06
88,501,2,1,1,2.9889997676946223e-06
89,66039,1,1,1,2.333999873371795e-06
90,107005,1,1,1,2.395998308202252e-06
91,90632,1,1,1,2.4090004444587976e-06
92,107020,1,1,1,2.7149981178808957e-06
93,9811,1,0,0,1.4430006558541209e-06
94,66061,1,1,1,2.3989996407181025e-06
95,107027,1,1,1,2.863002009689808e-06
96,8745,1,1,1,2.5279987312387675e-06
97,82484,1,1,1,2.0999978005420417e-06
98,35155,1,0,0,1.2540003808680922e-06
99,74306,1,1,1,2.5170011213049293e-06
100,42898,1,0,0,1.3479984772857279e-06
101,131652,1,1,1,2.1650012058671564e-06
102,48649,1,0,0,1.1880001693498343e-06
103,49742,1,1,1,2.510001650080085e-06
104,602,2,1,1,2.5029985408764333e-06
105,34947,1,0,0,1.410000550094992e-06
106,17003,1,1,1,2.7040005079470575e-06
107,66159,1,1,1,2.663000486791134e-06
108,101007,1,0,0,1.3229982869233936e-06
109,624,1,1,1,2.2239983081817627e-06
110,43996,1,0,0,1.4640027075074613e-06
111,636,1,1,1,2.6620000426191837e-06
112,131714,1,1,1,2.320000930922106e-06
113,79298,1,0,0,1.2470009096432477e-06
114,98947,1,1,1,2.3519969545304775e-06
115,82563,1,1,1,3.0379997042473406e-06
116,115336,1,1,1,1.9690014596562833e-06
117,130329,1,0,0,1.2509990483522415e-06
118,41611,1,1,1,2.8290014597587287e-06
119,115345,1,1,1,2.220000169472769e-06
120,33430,1,1,1,2.3430002329405397e-06
121,25246,1,1,1,2.8480026230681688e-06
122,123552,1,1,1,2.5090012059081346e-06
123,90816,1,1,1,2.0320003386586905e-06
124,58051,1,1,1,2.3899992811493576e-06
125,109606,1,0,0,1.3349999790079892e-06
126,41669,1,1,1,2.487002348061651e-06
127,123604,1,1,1,2.449000021442771e-06
128,725,1,1,1,1.9430008251219988e-06
129,58069,1,1,1,2.18700006371364e-06
130,58080,1,1,1,2.0849984139204025e-06
131,82658,1,1,1,2.534001396270469e-06
132,115436,1,1,1,2.582000888651237e-06
133,748,1,1,1,2.4900000425986946e-06
134,115438,1,1,1,2.3740030883345753e-06
135,33528,1,1,1,2.5140034267678857e-06
136,28302,1,0,0,1.424999936716631e-06
137,17147,1,1,1,2.5510016712360084e-06
138,131850,1,1,1,2.7460009732749313e-06
139,82705,1,1,1,2.1679989004042e-06
140,8979,1,1,1,2.2599997464567423e-06
141,131861,1,1,1,2.500997652532533e-06
142,123672,1,1,1,2.215998392784968e-06
143,113251,1,0,0,1.390999386785552e-06
144,66351,1,1,1,1.8979990272782743e-06
145,17204,1,1,1,2.5810004444792867e-06
146,25401,1,1,1,6.632999429712072e-06
147,115519,1,1,1,3.5800003388430923e-06
148,82752,1,1,1,3.4059994504787028e-06
149,41802,1,1,1,2.6790003175847232e-06
150,115544,1,1,1,2.128999767592177e-06
151,124353,1,0,0,1.5190016711130738e-06
152,115545,1,1,1,2.5149965949822217e-06
153,50011,1,1,1,2.302000211784616e-06
154,90972,1,1,1,2.5800000003073364e-06
155,99180,1,1,1,2.73999830824323e-06
156,123764,1,1,1,2.643999323481694e-06
157,82804,1,1,1,2.4469991330988705e-06
158,94561,1,0,0,1.4729994290973991e-06
159,17268,1,1,1,2.3369975679088384e-06
160,89813,1,0,0,1.3729986676480621e-06
161,91008,1,1,1,2.287000825162977e-06
162,897,1,1,1,2.988002961501479e-06
163,17290,1,1,1,2.8050017135683447e-06
164,123788,1,1,1,4.7959983930923045e-06
165,25485,1,1,1,2.806002157740295e-06
166,25487,1,1,1,2.430002496112138e-06
167,123792,1,1,1,2.687000232981518e-06
168,33687,1,1,1,2.235003194073215e-06
169,28894,1,0,0,1.2609998520929366e-06
170,123800,1,1,1,2.625998604344204e-06
171,82847,1,1,1,2.562999725341797e-06
172,25508,1,1,1,2.0560000848490745e-06
173,54067,1,0,0,1.2329983292147517e-06
174,99245,1,1,1,2.4520013539586216e-06
175,88729,1,0,0,1.405001967214048e-06
176,50098,1,1,1,2.4099972506519407e-06
177,11153,1,0,0,1.329000951955095e-06
178,132024,1,1,1,3.0960000003688037e-06
179,123835,1,1,1,4.0289996832143515e-06
180,82888,1,1,1,2.3520005925092846e-06
181,25544,1,1,1,2.5859990273602307e-06
182,107467,1,1,1,2.688000677153468e-06
183,25551,1,1,1,1.9699982658494264e-06
184,33752,1,1,1,2.444001438561827e-06
185,41947,1,1,1,2.750002749962732e-06
186,115676,1,1,1,2.6579982659313828e-06
187,123879,1,1,1,2.254000719403848e-06
188,66539,1,1,1,2.6279994926881045e-06
189,66556,1,1,1,2.172000677092001e-06
190,66557,1,0,0,1.2810014595743269e-06
191,132106,1,1,1,2.225999196525663e-06
192,115733,1,1,1,2.616001438582316e-06
193,25623,1,1,1,2.2620006348006427e-06
194,45104,1,0,0,1.2780001270584762e-06
195,115741,1,1,1,7.972997991601005e-06
196,17438,1,1,1,0.000169751001521945
197,17442,1,1,1,7.557899880339392e-05
198,91187,1,1,1,3.630000719567761e-06
199,50245,1,1,1,3.1509989639744163e-06
200,50251,1,1,1,2.5900008040480316e-06
201,83022,1,1,1,2.36300184042193e-06
202,42072,1,1,1,2.1839987311977893e-06
203,50266,1,1,1,2.339998900424689e-06
204,17501,1,1,1,2.139000571332872e-06
205,23894,1,0,0,1.5180012269411236e-06
206,1120,1,1,1,2.7560017770156264e-06
207,42081,1,1,1,2.348999259993434e-06
208,91233,1,1,1,2.2899985197000206e-06
209,50280,1,1,1,2.739001502050087e-06
210,91247,1,1,1,2.507000317564234e-06
211,91254,1,1,1,2.543998562032357e-06
212,99450,1,1,1,2.3979991965461522e-06
213,58491,1,1,1,2.34400067711249e-06
214,66686,1,1,1,2.234002749901265e-06
215,24141,1,0,0,1.4609977370128036e-06
216,25736,1,1,1,2.206998033216223e-06
217,107658,1,1,1,2.507000317564234e-06
218,99468,1,1,1,2.1550004021264613e-06
219,25741,1,1,1,3.159999323543161e-06
220,83092,1,1,1,2.272998244734481e-06
221,66725,1,1,1,2.458000381011516e-06
222,91313,1,1,1,2.9179973353166133e-06
223,117363,1,0,0,1.4069992175791413e-06
224,107705,1,1,1,2.5650006136856973e-06
225,107716,1,1,1,2.1509986254386604e-06
226,83161,1,1,1,2.631000825203955e-06
227,34012,1,1,1,1.944998075487092e-06
228,91703,1,0,0,1.128999429056421e-06
229,25833,1,1,1,2.0660008885897696e-06
230,42224,1,1,1,2.2569984139408916e-06
231,124144,1,1,1,3.4179975045844913e-06
232,58654,1,0,0,1.0420008038636297e-06
233,99570,1,1,1,2.082000719383359e-06
234,99572,1,1,1,1.8909995560534298e-06
235,115964,1,1,1,2.081997081404552e-06
236,115965,1,1,1,1.9280014385003597e-06
237,91408,1,1,1,1.9789986254181713e-06
238,115987,1,1,1,1.981999957934022e-06
239,34067,1,1,1,2.5099980121012777e-06
240,58648,1,1,1,2.0219995349179953e-06
241,75038,1,1,1,2.395998308202252e-06
242,75040,1,1,1,2.4370019673369825e-06
243,9504,1,1,1,1.8160026229452342e-06
244,99627,1,1,1,2.7900023269467056e-06
245,75066,1,1,1,1.6099984350148588e-06
246,42310,1,1,1,1.9260005501564592e-06
247,17737,1,1,1,1.8020000425167382e-06
248,17738,1,1,1,1.9609979062806815e-06
249,42320,1,1,1,2.0759980543516576e-06
250,11423,1,0,0,1.052998413797468e-06
251,124245,1,1,1,1.6730009519960731e-06
252,1369,1,1,1,2.1569976524915546e-06
253,42331,1,1,1,1.6659978427924216e-06
254,79424,1,0,0,1.0519979696255177e-06
255,42343,1,1,1,1.983000402105972e-06
256,107888,1,1,1,2.1609994291793555e-06
257,8073,1,0,0,9.549985406920314e-07
258,1400,1,1,1,1.9840008462779224e-06
259,58752,1,1,1,2.100998244713992e-06
260,75146,1,1,1,2.1949999791104347e-06
261,45827,1,0,0,1.1029987945221364e-06
262,58766,1,1,1,1.7470010789111257e-06
263,99757,1,1,1,2.540000423323363e-06
264,66996,1,1,1,1.9219987734686583e-06
265,124363,1,1,1,2.4719993234612048e-06
266,17868,1,1,1,1.8730024748947471e-06
267,50637,1,1,1,2.120003046002239e-06
268,9679,1,1,1,2.005999704124406e-06
269,50643,1,1,1,1.9850012904498726e-06
270,116180,1,1,1,2.1509986254386604e-06
271,17876,1,1,1,1.5830009942874312e-06
272,99802,1,1,1,1.8780010577756912e-06
273,83425,1,1,1,1.8999999156221747e-06
274,91618,1,1,1,3.6140008887741715e-06
275,32755,1,0,0,1.2269993021618575e-06
276,26086,1,1,1,1.9129984138999134e-06
277,116211,1,1,1,2.0660008885897696e-06
278,67068,1,1,1,1.8600003386382014e-06
279,116231,1,1,1,2.1839987311977893e-06
280,132620,1,1,1,1.7359998309984803e-06
281,132632,1,1,1,1.952997990883887e-06
282,91688,1,1,1,1.8339997041039169e-06
283,91692,1,1,1,2.2909989638719708e-06
284,26169,1,1,1,2.2179992811288685e-06
285,17980,1,1,1,1.9219987734686583e-06
286,26174,1,1,1,2.1119994926266372e-06
287,67143,1,1,1,2.540000423323363e-06
288,50760,1,1,1,1.811000402085483e-06
289,108113,1,1,1,2.164000761695206e-06
290,99924,1,1,1,1.8270002328790724e-06
291,30701,1,0,0,1.1060001270379871e-06
292,132716,1,1,1,2.410000888630748e-06
293,69500,1,0,0,1.252999936696142e-06
294,50815,1,1,1,1.5499972505494952e-06
295,108175,1,1,1,2.586999471532181e-06
296,108183,1,1,1,1.962998794624582e-06
297,80998,1,0,0,1.152999175246805e-06
298,108190,1,1,1,1.7409984138794243e-06
299,18081,1,1,1,1.9229992176406085e-06
300,59041,1,1,1,2.1520027075894177e-06
301,116398,1,1,1,2.1679989004042e-06
302,63553,1,0,0,1.139000232797116e-06
303,124592,1,1,1,1.9600011000875384e-06
304,132804,1,1,1,1.691001671133563e-06
305,42700,1,1,1,1.8610007828101516e-06
306,35631,1,0,0,1.167998561868444e-06
307,75472,1,1,1,2.472999767633155e-06
308,116454,1,1,1,2.4979999579954892e-06
309,59112,1,1,1,2.2429994714912027e-06
310,50922,1,1,1,2.1669984562322497e-06
311,21008,1,0,0,1.024996890919283e-06
312,26355,1,1,1,1.9800027075689286e-06
313,42746,1,1,1,1.8900027498602867e-06
314,26362,1,1,1,1.981999957934022e-06
315,37286,1,0,0,1.0780022421386093e-06
316,108288,1,1,1,1.6859994502738118e-06
317,50946,1,1,1,2.176999259972945e-06
318,108291,1,1,1,1.7029997252393514e-06
319,119219,1,0,0,1.086998963728547e-06
320,42774,1,1,1,1.800999598344788e-06
321,109908,1,0,0,1.0970034054480493e-06
322,10017,1,1,1,2.3369975679088384e-06
323,59182,1,1,1,2.1140003809705377e-06
324,50991,1,1,1,2.020002284552902e-06
325,59186,1,1,1,1.8659993656910956e-06
326,26434,1,1,1,1.7550009943079203e-06
327,109687,1,0,0,1.1049996828660369e-06
328,10058,1,1,1,1.710999640636146e-06
329,59224,1,1,1,1.9999970390927047e-06
330,132953,1,1,1,2.240001776954159e-06
331,26480,1,1,1,2.1050000214017928e-06
332,83830,1,1,1,2.0459992811083794e-06
333,108408,1,1,1,1.4799989003222436e-06
334,10116,1,1,1,2.3840002540964633e-06
335,10117,1,1,1,2.453001798130572e-06
336,42887,1,1,1,2.1990017557982355e-06
337,124809,1,1,1,3.4559998312033713e-06
338,37264,1,0,0,1.1450028978288174e-06
339,1933,1,1,1,2.0179977582301944e-06
340,51101,1,1,1,3.200200080755167e-05
341,133024,1,1,1,5.095997039461508e-06
342,133029,1,1,1,3.78400000045076e-06
343,10174,1,1,1,3.4129989217035472e-06
344,1987,1,1,1,2.1710002329200506e-06
345,77979,1,0,0,1.3710014172829688e-06
346,108487,1,1,1,2.377000782871619e-06
347,51146,1,1,1,1.962001988431439e-06
348,133102,1,1,1,2.0619991119019687e-06
349,84458,1,0,0,3.7419995351228863e-06
350,59381,1,1,1,2.035001671174541e-06
351,73083,1,0,0,1.1520023690536618e-06
352,83966,1,1,1,2.1699997887481004e-06
353,124929,1,1,1,2.0890001906082034e-06
354,43010,1,1,1,2.30599835049361e-06
355,108548,1,1,1,2.311000571353361e-06
356,124933,1,1,1,1.787000655895099e-06
357,43685,1,0,0,1.0660005500540137e-06
358,92190,1,1,1,1.9930012058466673e-06
359,34866,1,1,1,2.0410006982274354e-06
360,34869,1,1,1,1.8430000636726618e-06
361,59461,1,1,1,1.7970014596357942e-06
362,125001,1,1,1,1.9170001905877143e-06
363,28865,1,0,0,1.1110023478977382e-06
364,100465,1,1,1,1.8540013115853071e-06
365,59507,1,1,1,2.0699990272987634e-06
366,2167,1,1,1,1.4380020729731768e-06
367,125054,1,1,1,2.688000677153468e-06
368,36146,1,0,0,1.9409999367780983e-06
369,67719,1,1,1,2.7470014174468815e-06
370,67720,1,1,1,2.067998138954863e-06
371,59538,1,1,1,1.7650017980486155e-06
372,59549,1,1,1,1.8459977582097054e-06
373,59550,1,1,1,1.7860002117231488e-06
374,59556,1,1,1,2.164000761695206e-06
375,97688,1,0,0,1.0280018614139408e-06
376,116902,1,1,1,1.7140009731519967e-06
377,2218,1,1,1,1.8329992599319667e-06
378,88728,1,0,0,1.0570001904852688e-06
379,51378,1,1,1,2.438999217702076e-06
380,59570,1,1,1,1.8610007828101516e-06
381,84150,1,1,1,1.5850018826313317e-06
382,108734,1,1,1,2.0229999790899456e-06
383,51407,1,1,1,1.7550009943079203e-06
384,2255,1,1,1,2.001001121243462e-06
385,84186,1,1,1,2.1500018192455173e-06
386,100581,1,1,1,2.062999556073919e-06
387,59625,1,1,1,1.5270015865098685e-06
388,26860,1,1,1,1.8710015865508467e-06
389,26861,1,1,1,1.983000402105972e-06
390,51439,1,1,1,1.757998688844964e-06
391,125170,1,1,1,2.095999661833048e-06
392,43279,1,1,1,2.0170009520370513e-06
393,59667,1,1,1,1.8760001694317907e-06
394,100629,1,1,1,2.1269988792482764e-06
395,100630,1,1,1,1.8889986677095294e-06
396,86902,1,0,0,1.0870026017073542e-06
397,108825,1,1,1,1.6840021999087185e-06
398,60473,1,0,0,1.1419979273341596e-06
399,108826,1,1,1,2.2570020519196987e-06
400,84259,1,1,1,2.1269988792482764e-06
401,51495,1,1,1,3.5140001273248345e-06
402,125233,1,1,1,2.0320003386586905e-06
403,59699,1,1,1,1.6890007827896625e-06
404,94753,1,0,0,1.109998265746981e-06
405,59700,1,1,1,2.2329986677505076e-06
406,67894,1,1,1,2.2649983293376863e-06
407,26936,1,1,1,2.4859982659108937e-06
408,84302,1,1,1,2.1170017134863883e-06
409,35161,1,1,1,2.14899773709476e-06
410,13641,1,0,0,1.1699994502123445e-06
411,51547,1,1,1,1.9420003809500486e-06
412,18782,1,1,1,1.929998688865453e-06
413,125281,1,1,1,2.1550004021264613e-06
414,100716,1,1,1,1.983000402105972e-06
415,84334,1,1,1,1.8569990061223507e-06
416,92539,1,1,1,2.0700026652775705e-06
417,100736,1,1,1,2.5750014174263924e-06
418,27011,1,1,1,1.7040001694113016e-06
419,18999,1,0,0,1.0399999155197293e-06
420,92554,1,1,1,2.1240011847112328e-06
421,92555,1,1,1,1.8179998733103275e-06
422,108945,1,1,1,2.0229999790899456e-06
423,2449,1,1,1,1.968997821677476e-06
424,10643,1,1,1,2.0129991753492504e-06
425,108947,1,1,1,1.9429971871431917e-06
426,59802,1,1,1,1.9930012058466673e-06
427,59810,1,1,1,1.8380014807917178e-06
428,92578,1,1,1,1.7050006135832518e-06
429,21006,1,0,0,1.2129967217333615e-06
430,117163,1,1,1,2.048996975645423e-06
431,117171,1,1,1,2.005999704124406e-06
432,2487,1,1,1,1.9179969967808574e-06
433,108990,1,1,1,1.89200000022538e-06
434,108992,1,1,1,2.119999408023432e-06
435,10715,1,1,1,1.7480015230830759e-06
436,2535,1,1,1,1.914999302243814e-06
437,10729,1,1,1,1.938999048434198e-06
438,109037,1,1,1,1.983000402105972e-06
439,84464,1,1,1,1.781998435035348e-06
440,80472,1,0,0,1.1140000424347818e-06
441,18953,1,1,1,2.096003299811855e-06
442,100876,1,1,1,1.700998836895451e-06
443,125455,1,1,1,1.944001269293949e-06
444,18959,1,1,1,1.6339981812052429e-06
445,125462,1,1,1,1.8999999156221747e-06
446,84511,1,1,1,1.877997419796884e-06
447,2591,1,1,1,1.8689970602281392e-06
448,120834,1,0,0,1.0600015230011195e-06
449,84513,1,1,1,1.8669998098630458e-06
450,84515,1,1,1,1.7140009731519967e-06
451,117290,1,1,1,1.986998540814966e-06
452,100912,1,1,1,2.3130014596972615e-06
453,117308,1,1,1,1.8719983927439898e-06
454,2627,1,1,1,1.543998223496601e-06
455,51779,1,1,1,2.239001332782209e-06
456,27221,1,1,1,1.7169986676890403e-06
457,2648,1,1,1,2.1330015442799777e-06
458,27224,1,1,1,2.0270017557777464e-06
459,43614,1,1,1,1.8419996195007116e-06
460,27244,1,1,1,1.9030012481380254e-06
461,92791,1,1,1,2.60199885815382e-06
462,100993,1,1,1,2.0659972506109625e-06
463,19077,1,1,1,1.782002073014155e-06
464,60059,1,1,1,2.124997990904376e-06
465,68261,1,1,1,3.392000508029014e-06
466,27302,1,1,1,2.8049980755895376e-06
467,27304,1,1,1,2.0939987734891474e-06
468,60076,1,1,1,2.18700006371364e-06
469,76465,1,1,1,1.8790015019476414e-06
470,101054,1,1,1,1.9859980966430157e-06
471,117442,1,1,1,1.7589991330169141e-06
472,12545,1,0,0,1.0590010788291693e-06
473,117446,1,1,1,1.8240025383420289e-06
474,60107,1,1,1,1.7999991541728377e-06
475,51969,1,1,1,1.6859994502738118e-06
476,80112,1,0,0,1.200998667627573e-06
477,84741,1,1,1,1.934000465553254e-06
478,19207,1,1,1,1.6410012904088944e-06
479,51983,1,1,1,1.7519996617920697e-06
480,109334,1,1,1,1.6840021999087185e-06
481,109341,1,1,1,1.948999852174893e-06
482,52132,1,0,0,1.1020019883289933e-06
483,11039,1,1,1,1.947999408002943e-06
484,63174,1,0,0,1.0920011845882982e-06
485,92963,1,1,1,2.201002644142136e-06
486,71299,1,0,0,1.052998413797468e-06
487,2858,1,1,1,2.643999323481694e-06
488,12205,1,0,0,1.9710023480001837e-06
489,101181,1,1,1,3.1130002753343433e-06
490,101182,1,1,1,3.2009993446990848e-06
491,101190,1,1,1,2.7149981178808957e-06
492,125768,1,1,1,3.3799988159444183e-06
493,93005,1,1,1,9.657299960963428e-05
494,76624,1,1,1,3.8050020521041006e-06
495,84817,1,1,1,2.300999767612666e-06
496,76643,1,1,1,1.6640005924273282e-06
497,101219,1,1,1,1.8640021153260022e-06
498,109416,1,1,1,2.2669992176815867e-06
499,109418,1,1,1,2.4319997464772314e-06
500,68472,1,1,1,1.8509999790694565e-06
501,19342,1,1,1,2.0219995349179953e-06
502,15635,1,0,0,1.314998371526599e-06
503,60313,1,1,1,2.0519983081612736e-06
504,52137,1,1,1,2.3190004867501557e-06
505,27561,1,1,1,1.6699996194802225e-06
506,126934,1,0,0,1.1400006769690663e-06
507,93099,1,1,1,2.1220002963673323e-06
508,60332,2,1,1,2.5669978640507907e-06
509,121149,1,0,0,1.1479969543870538e-06
510,2989,1,1,1,1.7920028767548501e-06
511,72605,1,0,0,1.0559997463133186e-06
512,60337,1,1,1,2.015000063693151e-06
513,27575,1,1,1,2.0810002752114087e-06
514,76751,1,1,1,1.981999957934022e-06
515,19411,1,1,1,1.8940008885692805e-06
516,101344,1,1,1,1.6699996194802225e-06
517,23705,1,0,0,1.18200114229694e-06
518,19436,1,1,1,1.935000909725204e-06
519,19445,1,1,1,5.093999789096415e-06
520,27638,1,1,1,1.863001671154052e-06
521,27641,1,1,1,2.0309998944867402e-06
522,36910,1,0,0,1.1499978427309543e-06
523,109564,1,1,1,2.058997779386118e-06
524,101379,1,1,1,1.9800027075689286e-06
525,19480,1,1,1,2.1800005924887955e-06
526,3105,1,1,1,1.8099999579135329e-06
527,3108,1,1,1,1.4350007404573262e-06
528,35882,1,1,1,2.072996721835807e-06
529,44075,1,1,1,6.068999937269837e-06
530,44083,1,1,1,2.2599997464567423e-06
531,117813,1,1,1,1.8479986465536058e-06
532,117818,1,1,1,1.877000613603741e-06
533,3138,1,1,1,0.00025557700064382516
534,3142,1,1,1,3.7059980968479067e-06
535,3151,1,1,1,2.025000867433846e-06
536,101461,1,1,1,4.6504999772878364e-05
537,101462,1,1,1,4.35699985246174e-06
538,63861,1,0,0,2.0129991753492504e-06
539,93275,1,1,1,3.3050018828362226e-06
540,101467,1,1,1,2.587999915704131e-06
541,126045,1,1,1,2.130000211764127e-06
542,27743,1,1,1,1.7900019884109497e-06
543,3169,1,1,1,2.6369998522568494e-06
544,104523,1,0,0,1.1000010999850929e-06
545,85104,1,1,1,1.7599995771888644e-06
546,29422,1,0,0,1.0660005500540137e-06
547,35954,1,1,1,1.8459977582097054e-06
548,35958,1,1,1,2.0260013116057962e-06
549,109696,1,1,1,2.2320018615573645e-06
550,52357,1,1,1,1.8719983927439898e-06
551,6446,1,0,0,1.0779986041598022e-06
552,52361,1,1,1,1.7749989638105035e-06
553,3210,1,1,1,1.9229992176406085e-06
554,56169,1,0,0,1.1629999789875e-06
555,68750,1,1,1,1.6499980119988322e-06
556,60560,1,1,1,1.957003405550495e-06
557,101521,1,1,1,1.7399979697074741e-06
558,36475,1,0,0,1.0299991117790341e-06
559,126103,1,1,1,1.9380022422410548e-06
560,126106,1,1,1,2.164000761695206e-06
561,3235,1,1,1,2.311000571353361e-06
562,36015,1,1,1,1.6900012269616127e-06
563,36016,1,1,1,1.9239996618125588e-06
564,63676,1,0,0,1.1109987099189311e-06
565,36029,1,1,1,2.0359984773676842e-06
566,44239,1,1,1,1.8409991753287613e-06
567,30016,1,0,0,1.0760013537947088e-06
568,109781,1,1,1,1.8380014807917178e-06
569,93406,1,1,1,2.1460000425577164e-06
570,36062,1,1,1,2.605996996862814e-06
571,109792,1,1,1,1.987998984986916e-06
572,109793,1,1,1,1.995998900383711e-06
573,109796,1,1,1,1.4760007616132498e-06
574,101612,1,1,1,1.7620004655327648e-06
575,3329,1,1,1,1.5619989426340908e-06
576,102759,1,0,0,1.0140029189642519e-06
577,60676,1,1,1,2.0699990272987634e-06
578,118024,1,1,1,1.8040009308606386e-06
579,111419,1,0,0,1.0909971024375409e-06
580,11530,1,1,1,1.8139980966225266e-06
581,11552,1,1,1,1.8410028133075684e-06
582,63674,1,0,0,1.2109994713682681e-06
583,52527,1,1,1,1.8279970390722156e-06
584,118067,1,1,1,1.8329992599319667e-06
585,85568,1,0,0,1.0460025805514306e-06
586,36150,1,1,1,1.9809995137620717e-06
587,65260,1,0,0,1.095999323297292e-06
588,68931,1,1,1,1.7789971025194973e-06
589,93518,1,1,1,2.519998815841973e-06
590,93521,1,1,1,1.725002221064642e-06
591,126293,1,1,1,1.8799983081407845e-06
592,52591,1,1,1,3.5390003176871687e-06
593,77182,1,1,1,2.505999873392284e-06
594,60815,1,1,1,1.8850005290005356e-06
595,44707,1,0,0,1.1980009730905294e-06
596,11665,1,1,1,2.272001438541338e-06
597,60824,1,1,1,2.245000359835103e-06
598,93597,1,1,1,1.6830017557367682e-06
599,56796,1,0,0,1.0229996405541897e-06
600,93608,1,1,1,1.7519996617920697e-06
601,110003,1,1,1,2.1380001271609217e-06
602,85452,1,1,1,2.3139982658904046e-06
603,3534,1,1,1,2.3040011001285166e-06
604,77269,1,1,1,1.8369973986409605e-06
605,69077,1,1,1,1.7599995771888644e-06
606,19926,2,1,1,2.677999873412773e-06
607,101849,1,1,1,1.8999999156221747e-06
608,120630,1,0,0,1.071999577106908e-06
609,28130,1,1,1,1.9799990695901215e-06
610,52707,1,1,1,1.7620004655327648e-06
611,101861,1,1,1,1.739001163514331e-06
612,19944,1,1,1,1.7700003809295595e-06
613,88121,1,0,0,1.0749972716439515e-06
614,101877,2,1,1,2.554003003751859e-06
615,93690,1,1,1,1.962001988431439e-06
616,93692,1,1,1,1.9049984985031188e-06
617,85508,1,1,1,2.607001079013571e-06
618,85510,1,1,1,1.971999154193327e-06
619,52744,1,1,1,2.1900013962294906e-06
620,3598,1,1,1,1.7500024114269763e-06
621,36370,1,1,1,1.6929989214986563e-06
622,118310,1,1,1,1.947999408002943e-06
623,60979,1,1,1,1.7940001271199435e-06
624,3636,1,1,1,1.6269987099803984e-06
625,85991,1,0,0,1.1599986464716494e-06
626,3639,1,1,1,1.9430008251219988e-06
627,85560,1,1,1,2.2609965526498854e-06
628,85561,1,1,1,1.9219987734686583e-06
629,118342,1,1,1,2.096003299811855e-06
630,44623,1,1,1,1.896001776913181e-06
631,101974,1,1,1,2.1329979063011706e-06
632,20057,1,1,1,1.93000232684426e-06
633,3678,1,1,1,2.177999704144895e-06
634,3679,1,1,1,1.7519996617920697e-06
635,86782,1,0,0,1.0250005288980901e-06
636,28255,1,1,1,1.7070015019271523e-06
637,105974,1,0,0,9.649993444327265e-07
638,3684,1,1,1,1.8099999579135329e-06
639,28260,2,1,1,2.4900000425986946e-06
640,95148,1,0,0,1.0519979696255177e-06
641,28262,1,1,1,2.267999661853537e-06
642,3689,1,1,1,1.8589998944662511e-06
643,36474,1,1,1,1.9379986042622477e-06
644,3711,1,1,1,2.020999090746045e-06
645,44678,1,1,1,1.7849997675511986e-06
646,118406,1,1,1,2.1410014596767724e-06
647,61078,1,1,1,1.8669998098630458e-06
648,73416,1,0,0,1.0450021363794804e-06
649,93860,1,1,1,1.962001988431439e-06
650,93873,1,1,1,2.3050015443004668e-06
651,110260,1,1,1,1.7469974409323186e-06
652,77518,1,1,1,1.8589998944662511e-06
653,77528,1,1,1,1.939002686413005e-06
654,77529,1,1,1,2.2280000848695636e-06
655,20188,1,1,1,1.8459977582097054e-06
656,110300,1,1,1,3.4569966373965144e-06
657,112379,1,0,0,1.0350013326387852e-06
658,118494,1,1,1,1.830001565394923e-06
659,52970,1,1,1,1.6420017345808446e-06
660,57189,1,0,0,1.0280018614139408e-06
661,52971,1,1,1,1.91000071936287e-06
662,3830,1,1,1,2.3360007617156953e-06
663,102134,1,1,1,1.5360019460786134e-06
664,20243,1,1,1,1.9890030671376735e-06
665,110358,1,1,1,2.402000973233953e-06
666,69403,1,1,1,2.068998583126813e-06
667,126748,1,1,1,1.9950020941905677e-06
668,69411,1,1,1,1.8840000848285854e-06
669,93988,1,1,1,2.392000169493258e-06
670,85811,1,1,1,1.9170001905877143e-06
671,118580,1,1,1,2.0240004232618958e-06
672,85815,1,1,1,1.7740021576173604e-06
673,85832,1,1,1,1.9029976101592183e-06
674,20297,1,1,1,2.0270017557777464e-06
675,94024,1,1,1,2.5129993446171284e-06
676,110432,1,1,1,1.8179998733103275e-06
677,118631,1,1,1,1.8460013961885124e-06
678,126831,1,1,1,1.7120000848080963e-06
679,28530,1,1,1,1.6020021575968713e-06
680,12152,1,1,1,2.2860003809910268e-06
681,12165,1,1,1,2.064000000245869e-06
682,69512,1,1,1,1.7669990484137088e-06
683,44945,1,1,1,1.805998181225732e-06
684,36753,1,1,1,1.7179991118609905e-06
685,40403,1,0,0,1.0420008038636297e-06
686,28564,1,1,1,1.7849997675511986e-06
687,44952,1,1,1,2.1659980120602995e-06
688,28579,1,1,1,2.22500239033252e-06
689,61359,1,1,1,3.999000909971073e-06
690,110520,1,1,1,2.2380008886102587e-06
691,102335,1,1,1,1.89200000022538e-06
692,4035,1,1,1,1.7380007193423808e-06
693,113912,1,0,0,1.0850017133634537e-06
694,4045,1,1,1,1.7640013538766652e-06
695,112425,1,0,0,1.0949988791253418e-06
696,28625,1,1,1,2.1479972929228097e-06
697,36823,1,1,1,2.0890001906082034e-06
698,126937,1,1,1,1.905998942675069e-06
699,102362,1,1,1,2.100998244713992e-06
700,69595,1,1,1,1.730000803945586e-06
701,77788,1,1,1,1.5849982446525246e-06
702,110572,1,1,1,1.6279991541523486e-06
703,45052,1,1,1,1.9649996829684824e-06
704,110590,1,1,1,1.9090002751909196e-06
705,61439,1,1,1,1.538999640615657e-06
706,86017,1,1,1,2.1310006559360772e-06
707,110593,1,1,1,1.6929989214986563e-06
708,23255,1,0,0,1.219999830937013e-06
709,12293,1,1,1,2.3900029191281646e-06
710,102424,1,1,1,1.9850012904498726e-06
711,110619,1,1,1,1.8650025594979525e-06
712,69681,1,1,1,2.0950028556399047e-06
713,86065,1,1,1,1.8550017557572573e-06
714,45106,1,1,1,1.8929968064185232e-06
715,111936,1,0,0,1.1049996828660369e-06
716,12337,1,1,1,2.0759980543516576e-06
717,110649,1,1,1,2.0789993868675083e-06
718,61498,1,1,1,1.6169979062397033e-06
719,102475,1,1,1,2.04800016945228e-06
720,45133,1,1,1,3.910001396434382e-06
721,69722,1,1,1,2.6720008463598788e-06
722,77917,1,1,1,1.8940008885692805e-06
723,110691,1,1,1,2.5949993869289756e-06
724,94316,1,1,1,2.1359992388170213e-06
725,53360,1,1,1,2.1759988158009946e-06
726,53367,1,1,1,2.0329971448518336e-06
727,12409,1,1,1,1.7050006135832518e-06
728,9906,2,0,0,1.4329998521134257e-06
729,110715,1,1,1,1.901000359794125e-06
730,53376,1,1,1,2.1269988792482764e-06
731,28808,1,1,1,2.1080013539176434e-06
732,28812,1,1,1,1.6909980331547558e-06
733,61581,1,1,1,2.357999619562179e-06
734,61582,1,1,1,1.94800304598175e-06
735,61584,1,1,1,1.9280014385003597e-06
736,102551,1,1,1,2.0570005290210247e-06
737,45213,1,1,1,1.7460006347391754e-06
738,23627,1,0,0,1.1260017345193774e-06
739,53406,1,1,1,1.6900012269616127e-06
740,118947,1,1,1,1.5900004655122757e-06
741,53423,1,1,1,2.3610009520780295e-06
742,12472,1,1,1,2.553999365773052e-06
743,4288,1,1,1,1.8329992599319667e-06
744,94409,1,1,1,2.1799969545099884e-06
745,110797,1,1,1,1.6429985407739878e-06
746,12497,1,1,1,1.9469989638309926e-06
747,7091,1,0,0,1.014999725157395e-06
748,20695,1,1,1,1.8989994714502245e-06
749,12504,1,1,1,2.562999725341797e-06
750,4311,2,1,1,2.5709996407385916e-06
751,4315,1,1,1,2.062999556073919e-06
752,86261,1,1,1,1.8120008462574333e-06
753,20742,1,1,1,1.9709987100213766e-06
754,4377,1,1,1,1.9469989638309926e-06
755,53534,1,1,1,2.002001565415412e-06
756,37151,1,1,1,1.6730009519960731e-06
757,121632,2,0,0,1.3509998098015785e-06
758,20768,1,1,1,2.1230007405392826e-06
759,20771,1,1,1,1.8699975044000894e-06
760,28971,1,1,1,1.995998900383711e-06
761,62853,1,0,0,1.1490010365378112e-06
762,20780,1,1,1,1.7389975255355239e-06
763,119091,1,1,1,1.8909995560534298e-06
764,54066,1,0,0,1.0650001058820635e-06
765,119095,1,1,1,1.776999852154404e-06
766,20797,2,1,1,2.7599999157246202e-06
767,53578,1,1,1,2.148000930901617e-06
768,12631,1,1,1,1.9069993868470192e-06
769,110940,1,1,1,2.0320003386586905e-06
770,61790,1,1,1,1.9609979062806815e-06
771,61792,1,1,1,1.8399987311568111e-06
772,29027,1,1,1,1.7049969756044447e-06
773,122745,1,0,0,1.1600022844504565e-06
774,4462,1,1,1,1.8450009520165622e-06
775,78194,1,1,1,2.325999957975e-06
776,119154,1,1,1,1.6289995983242989e-06
777,57001,1,0,0,1.1760021152440459e-06
778,53620,1,1,1,1.7940001271199435e-06
779,119163,1,1,1,1.7930033209268004e-06
780,110975,1,1,1,2.0460029190871865e-06
781,53637,1,1,1,1.953998435055837e-06
782,119180,1,1,1,2.0380030036903918e-06
783,29076,1,1,1,2.034998033195734e-06
784,4501,1,1,1,3.4230033634230494e-06
785,12705,1,1,1,1.971999154193327e-06
786,37287,1,1,1,1.830001565394923e-06
787,111016,1,1,1,2.043998392764479e-06
788,94638,1,1,1,1.691001671133563e-06
789,94639,1,1,1,2.2719978005625308e-06
790,37317,1,1,1,1.9409999367780983e-06
791,29132,1,1,1,1.8600003386382014e-06
792,102892,1,1,1,2.6599991542752832e-06
793,45556,1,1,1,2.0240004232618958e-06
794,6295,1,0,0,1.0799994925037026e-06
795,70148,1,1,1,1.8669998098630458e-06
796,29189,1,1,1,1.5139994502533227e-06
797,70149,1,1,1,1.8899991118814796e-06
798,29190,1,1,1,1.958997017936781e-06
799,96571,1,0,0,1.1619995348155499e-06
800,29193,1,1,1,2.0040024537593126e-06
801,45587,1,1,1,2.196997229475528e-06
802,57201,1,0,0,1.038002665154636e-06
803,12861,1,1,1,2.043001586571336e-06
804,119368,1,1,1,1.8560021999292076e-06
805,94793,1,1,1,1.8649989215191454e-06
806,45640,1,1,1,1.9370017980691046e-06
807,4685,1,1,1,1.514999894425273e-06
808,4686,1,1,1,2.333999873371795e-06
809,127568,1,1,1,2.0479965314734727e-06
810,86615,1,1,1,1.5830009942874312e-06
811,78425,1,1,1,2.053999196505174e-06
812,70236,1,1,1,1.9510007405187935e-06
813,78433,1,1,1,1.9319995772093534e-06
814,29285,1,1,1,1.8940008885692805e-06
815,103029,1,1,1,1.992000761674717e-06
816,127614,1,1,1,1.7890015442389995e-06
817,86654,1,1,1,2.3800021153874695e-06
818,119424,1,1,1,2.077002136502415e-06
819,12930,1,1,1,1.9760009308811277e-06
820,4741,1,1,1,1.9229992176406085e-06
821,78477,1,1,1,2.2360000002663583e-06
822,94863,1,1,1,1.8560021999292076e-06
823,21138,1,1,1,2.087999746436253e-06
824,86677,1,1,1,2.0049992599524558e-06
825,53915,1,1,1,1.6400008462369442e-06
826,119453,1,1,1,1.9020008039660752e-06
827,120295,1,0,0,1.0900002962443978e-06
828,119458,1,1,1,1.939999492606148e-06
829,37540,1,1,1,1.5520017768722028e-06
830,127660,1,1,1,2.1050000214017928e-06
831,86703,1,1,1,1.944001269293949e-06
832,127663,1,1,1,1.6000012692529708e-06
833,40641,1,0,0,1.1209995136596262e-06
834,103098,1,1,1,1.781998435035348e-06
835,4796,1,1,1,2.216002030763775e-06
836,4797,1,1,1,2.097000106004998e-06
837,53956,1,1,1,1.9460021576378495e-06
838,86739,1,1,1,1.996999344555661e-06
839,13013,1,1,1,2.516997483326122e-06
840,78550,1,1,1,1.5969999367371202e-06
841,127702,1,1,1,1.9999970390927047e-06
842,78555,1,1,1,1.7950005712918937e-06
843,78558,1,1,1,1.6459998732898384e-06
844,13023,1,1,1,1.5730001905467361e-06
845,70368,1,1,1,2.120999852195382e-06
846,45792,1,1,1,1.8229984561912715e-06
847,13024,1,1,1,3.917000867659226e-06
848,56011,1,0,0,1.1759984772652388e-06
849,13045,1,1,1,1.7860002117231488e-06
850,54014,1,1,1,2.1080013539176434e-06
851,54018,1,1,1,1.9030012481380254e-06
852,4871,1,1,1,1.7470010789111257e-06
853,127753,1,1,1,2.097000106004998e-06
854,54025,1,1,1,2.6927998987957835e-05
855,13070,1,1,1,4.4959997467231005e-06
856,54058,1,1,1,2.921999112004414e-06
857,4906,1,1,1,2.8030008252244443e-06
858,54061,1,1,1,2.3050015443004668e-06
859,111417,1,1,1,5.140998837305233e-06
860,86842,1,1,1,2.1000014385208488e-06
861,70459,1,1,1,2.0240004232618958e-06
862,95038,1,1,1,2.2070016711950302e-06
863,111423,1,1,1,1.8860009731724858e-06
864,103236,1,1,1,1.59599949256517e-06
865,62283,1,1,1,1.7099991964641958e-06
866,72606,1,0,0,1.3469980331137776e-06
867,45901,1,1,1,1.877000613603741e-06
868,127827,1,1,1,1.7460006347391754e-06
869,54101,1,1,1,2.163997123716399e-06
870,29526,1,1,1,1.6999983927235007e-06
871,62300,1,1,1,1.8139980966225266e-06
872,62303,2,1,1,2.405999111942947e-06
873,63487,1,0,0,1.1449992598500103e-06
874,86903,1,1,1,2.287000825162977e-06
875,21370,1,1,1,1.8669998098630458e-06
876,21371,1,1,1,2.1890009520575404e-06
877,21383,1,1,1,1.8909995560534298e-06
878,54174,1,1,1,1.6049998521339148e-06
879,37794,1,1,1,1.6339981812052429e-06
880,54180,1,1,1,2.2899985197000206e-06
881,45991,1,1,1,1.9649996829684824e-06
882,45999,1,1,1,1.8259997887071222e-06
883,86979,1,1,1,1.7999991541728377e-06
884,62405,1,1,1,1.8309983715880662e-06
885,86994,1,1,1,2.0039988157805055e-06
886,62419,1,1,1,1.730000803945586e-06
887,62420,1,1,1,1.8379978428129107e-06
888,54243,1,1,1,2.0789993868675083e-06
889,37861,1,1,1,1.7370002751704305e-06
890,87019,1,1,1,2.011001924984157e-06
891,111620,1,1,1,2.1000014385208488e-06
892,29810,1,0,0,1.0220028343610466e-06
893,103430,1,1,1,1.9420003809500486e-06
894,103431,1,1,1,1.7179991118609905e-06
895,21514,1,1,1,1.8719983927439898e-06
896,128012,1,1,1,2.4949986254796386e-06
897,111642,1,1,1,1.6660014807712287e-06
898,21536,1,1,1,1.7129968910012394e-06
899,119844,1,1,1,1.8689970602281392e-06
900,95270,1,1,1,2.077002136502415e-06
901,111655,1,1,1,2.2319982235785574e-06
902,37942,1,1,1,1.543998223496601e-06
903,78902,1,1,1,2.272998244734481e-06
904,29756,1,1,1,2.402000973233953e-06
905,46145,1,1,1,1.558000803925097e-06
906,37953,2,1,1,2.2310014173854142e-06
907,130020,1,0,0,1.1800002539530396e-06
908,29769,1,1,1,2.2120002540759742e-06
909,46153,1,1,1,2.001997927436605e-06
910,95324,1,1,1,2.1320011001080275e-06
911,29790,1,1,1,3.088000084972009e-06
912,62561,1,1,1,2.36300184042193e-06
913,62569,1,1,1,2.2429994714912027e-06
914,29802,1,1,1,1.947999408002943e-06
915,62588,2,1,1,3.0810006137471646e-06
916,21629,1,1,1,2.3169995984062552e-06
917,62599,1,1,1,1.915999746415764e-06
918,128151,1,1,1,1.8899991118814796e-06
919,46238,1,1,1,1.8499995348975062e-06
920,95393,1,1,1,2.1699997887481004e-06
921,119975,1,1,1,1.8509999790694565e-06
922,62639,1,1,1,1.844000507844612e-06
923,54450,1,1,1,1.8610007828101516e-06
924,54460,1,1,1,1.8119972082786262e-06
925,62653,1,1,1,2.092998329317197e-06
926,119999,1,1,1,1.963999238796532e-06
927,87234,1,1,1,2.0610023057088256e-06
928,87264,1,1,1,1.915999746415764e-06
929,120034,1,1,1,1.7689999367576092e-06
930,29925,1,1,1,1.8850005290005356e-06
931,70901,1,1,1,1.9269973563496023e-06
932,103672,1,1,1,1.9050021364819258e-06
933,21764,1,1,1,1.7790007404983044e-06
934,111890,1,1,1,1.676999090705067e-06
935,46359,1,1,1,1.5380028344225138e-06
936,5414,1,1,1,1.7509992176201195e-06
937,5415,1,1,1,1.8780010577756912e-06
938,111919,1,1,1,1.9760009308811277e-06
939,79153,1,1,1,2.0949992176610976e-06
940,5427,1,1,1,2.0510015019681305e-06
941,30015,1,1,1,1.8520004232414067e-06
942,46405,1,1,1,1.6410012904088944e-06
943,5454,1,1,1,1.7450001905672252e-06
944,123599,2,0,0,1.3569988368544728e-06
945,111958,1,1,1,1.730000803945586e-06
946,111968,1,1,1,2.015000063693151e-06
947,5481,1,1,1,1.8360005924478173e-06
948,46454,1,1,1,1.5309997252188623e-06
949,87419,1,1,1,2.1279993234202266e-06
950,21884,1,1,1,1.9940016500186175e-06
951,46462,1,1,1,2.449000021442771e-06
952,62846,1,1,1,1.7339989426545799e-06
953,95611,1,1,1,2.043998392764479e-06
954,13699,1,1,1,2.1180021576583385e-06
955,5514,1,1,1,1.8370010366197675e-06
956,6949,1,0,0,1.1400006769690663e-06
957,103838,1,1,1,1.9619983504526317e-06
958,87455,1,1,1,1.7959973774850368e-06
959,5542,1,1,1,2.1049963834229857e-06
960,13742,1,1,1,2.1659980120602995e-06
961,38323,1,1,1,1.7700003809295595e-06
962,38352,1,0,0,1.0600015230011195e-06
963,5559,1,1,1,1.92900188267231e-06
964,112061,1,1,1,1.7509992176201195e-06
965,5580,1,1,1,2.034998033195734e-06
966,38350,1,1,1,1.5139994502533227e-06
967,5600,1,1,1,1.9420003809500486e-06
968,112098,1,1,1,1.8989994714502245e-06
969,87524,1,1,1,1.8540013115853071e-06
970,46577,1,1,1,1.7290003597736359e-06
971,121901,1,0,0,1.1039992386940867e-06
972,71159,1,1,1,1.553999027237296e-06
973,5639,1,1,1,1.7839993233792484e-06
974,46600,1,1,1,1.877997419796884e-06
975,79372,1,1,1,3.236000338802114e-06
976,112159,1,1,1,1.862998033175245e-06
977,79398,1,1,1,2.1899977582506835e-06
978,5677,3,1,1,2.5180015654768795e-06
979,13871,1,1,1,1.8379978428129107e-06
980,87601,1,1,1,1.7229976947419345e-06
981,104000,1,1,1,1.8799983081407845e-06
982,104004,1,1,1,2.3980028345249593e-06
983,46673,1,1,1,2.0420011423993856e-06
984,63057,1,1,1,1.8120008462574333e-06
985,87638,1,1,1,1.8339997041039169e-06
986,112222,1,1,1,1.5990008250810206e-06
987,95844,1,1,1,1.8999999156221747e-06
988,87662,1,1,1,2.095999661833048e-06
989,112243,1,1,1,1.5410005289595574e-06
990,71301,1,1,1,1.7519996617920697e-06
991,95880,1,1,1,1.877000613603741e-06
992,63117,1,1,1,1.9550025172065943e-06
993,63119,1,1,1,1.8099999579135329e-06
994,16212,1,0,0,1.1230004020035267e-06
995,63141,1,1,1,2.001997927436605e-06
996,87720,1,1,1,1.6529993445146829e-06
997,30376,1,1,1,1.520002115285024e-06
998,38572,1,1,1,1.6600024537183344e-06
999,38576,1,1,1,1.562999386806041e-06
1000,120508,1,1,1,1.835000148275867e-06
1001,80397,1,0,0,1.1550000635907054e-06
1002,54975,1,1,1,1.8179998733103275e-06
1003,79553,1,1,1,1.844000507844612e-06
1004,63173,1,1,1,2.291999408043921e-06
1005,128717,2,1,1,2.349999704165384e-06
1006,46799,1,1,1,2.2669992176815867e-06
1007,38608,1,1,1,1.524997060187161e-06
1008,95957,1,1,1,2.0699990272987634e-06
1009,112365,1,1,1,1.7210004443768412e-06
1010,5873,1,1,1,2.2619969968218356e-06
1011,5885,1,1,1,1.982996764127165e-06
1012,63243,1,1,1,1.7650017980486155e-06
1013,55052,1,1,1,1.943997631315142e-06
1014,5900,1,1,1,2.0660008885897696e-06
1015,55058,1,1,1,2.0080005924683064e-06
1016,71442,1,1,1,2.238997694803402e-06
1017,79645,1,1,1,1.7120000848080963e-06
1018,22317,1,1,1,1.9260005501564592e-06
1019,55088,1,1,1,2.0279985619708896e-06
1020,30514,1,1,1,1.8879982235375792e-06
1021,55090,1,1,1,1.8550017557572573e-06
1022,38713,1,1,1,1.9619983504526317e-06
1023,129005,1,0,0,1.0650001058820635e-06
1024,38714,1,1,1,1.7659986042417586e-06
1025,30528,1,1,1,1.8930004443973303e-06
1026,30529,1,1,1,1.5619989426340908e-06
1027,38724,1,1,1,1.9219987734686583e-06
1028,128842,1,1,1,2.0500010577961802e-06
1029,87910,1,1,1,3.712000761879608e-06
1030,112491,1,1,1,1.8120008462574333e-06
1031,128876,1,1,1,1.7400016076862812e-06
1032,120698,1,1,1,1.815998984966427e-06
1033,63359,1,1,1,1.7460006347391754e-06
1034,6142,1,0,0,1.181997504318133e-06
1035,30592,1,1,1,1.529999281046912e-06
1036,71554,1,1,1,2.0429979485925287e-06
1037,30595,1,1,1,1.7080019460991025e-06
1038,22527,1,0,0,1.1470001481939107e-06
1039,14218,1,1,1,3.6720011848956347e-06
1040,14219,1,1,1,1.7210004443768412e-06
1041,6936,2,0,0,1.4599972928408533e-06
1042,112528,1,1,1,2.439999661874026e-06
1043,22418,1,1,1,1.8659993656910956e-06
1044,96146,1,1,1,1.9139988580718637e-06
1045,120748,1,1,1,1.9840008462779224e-06
1046,6063,1,1,1,2.02999945031479e-06
1047,47047,1,1,1,1.968997821677476e-06
1048,72047,1,0,0,1.0600015230011195e-06
1049,128972,1,1,1,2.1080013539176434e-06
1050,88017,1,1,1,2.0030020095873624e-06
1051,120800,1,1,1,1.6970006981864572e-06
1052,104417,1,1,1,1.7800011846702546e-06
1053,120805,1,1,1,1.8270002328790724e-06
1054,38888,1,1,1,1.8430000636726618e-06
1055,60673,2,0,0,1.4040015230420977e-06
1056,96234,1,1,1,1.7999991541728377e-06
1057,96238,1,1,1,1.8879982235375792e-06
1058,38899,1,1,1,1.5639998309779912e-06
1059,96246,1,1,1,1.7999991541728377e-06
1060,112632,1,1,1,2.220000169472769e-06
1061,22529,1,1,1,1.7950005712918937e-06
1062,62642,3,0,0,1.676999090705067e-06
1063,30731,1,1,1,1.9270009943284094e-06
1064,129067,1,1,1,1.8659993656910956e-06
1065,71725,1,1,1,2.0189982024021447e-06
1066,71729,1,1,1,1.8479986465536058e-06
1067,96332,1,1,1,1.7709971871227026e-06
1068,120927,1,1,1,2.3890024749562144e-06
1069,55407,1,1,1,1.8320024537388235e-06
1070,30866,1,1,1,2.2659987735096365e-06
1071,104603,1,1,1,2.1660016500391066e-06
1072,30878,1,1,1,2.2280000848695636e-06
1073,88227,2,1,1,3.0000010156072676e-06
1074,120996,1,1,1,1.7810016288422048e-06
1075,63672,1,1,1,2.4619985197205096e-06
1076,47291,1,1,1,2.1000014385208488e-06
1077,121031,1,1,1,2.152999513782561e-06
1078,30922,1,1,1,2.043001586571336e-06
1079,47312,1,1,1,1.767999492585659e-06
1080,112850,1,1,1,2.0469997252803296e-06
1081,30947,1,1,1,2.3699976736679673e-06
1082,30948,1,1,1,1.9069993868470192e-06
1083,39145,1,1,1,1.9569997675716877e-06
1084,22770,1,1,1,1.7169986676890403e-06
1085,96506,1,1,1,1.5099976735655218e-06
1086,55556,1,1,1,1.796001015463844e-06
1087,112904,1,1,1,2.0650004444178194e-06
1088,88352,1,0,0,1.139000232797116e-06
1089,6415,1,1,1,2.020999090746045e-06
1090,96531,1,1,1,1.8589998944662511e-06
1091,6420,1,1,1,1.700998836895451e-06
1092,6442,1,1,1,1.5730001905467361e-06
1093,129330,1,1,1,1.6129997675307095e-06
1094,121150,1,1,1,1.73499938682653e-06
1095,129361,1,1,1,2.0419975044205785e-06
1096,47448,1,1,1,2.1030027710366994e-06
1097,47450,1,1,1,1.65300298249349e-06
1098,55643,1,1,1,1.7120000848080963e-06
1099,47451,1,1,1,1.5899968275334686e-06
1100,104803,1,1,1,1.8120008462574333e-06
1101,31089,1,1,1,1.8190003174822778e-06
1102,121211,1,1,1,3.932997060474008e-06
1103,55676,1,1,1,2.1470004867296666e-06
1104,129415,1,1,1,1.9709987100213766e-06
1105,31114,1,1,1,1.8539976736065e-06
1106,104842,1,1,1,2.077002136502415e-06
1107,55690,1,1,1,2.18800050788559e-06
1108,72081,1,1,1,2.191998646594584e-06
1109,104878,1,1,1,1.6880003386177123e-06
1110,39344,1,1,1,2.134998794645071e-06
1111,31167,1,1,1,1.8140017346013337e-06
1112,130675,1,0,0,1.0689982445910573e-06
1113,88514,1,1,1,1.605996658327058e-06
1114,63951,1,1,1,1.6990015865303576e-06
1115,6618,1,1,1,1.959000655915588e-06
1116,96751,1,1,1,1.7999991541728377e-06
1117,88563,1,1,1,1.6410012904088944e-06
1118,80373,1,1,1,2.0119987311773002e-06
1119,96766,1,1,1,1.7549973563291132e-06
1120,104967,1,1,1,2.205997589044273e-06
1121,129554,1,1,1,1.6710000636521727e-06
1122,47649,1,1,1,1.9609979062806815e-06
1123,47653,1,1,1,1.7799975466914475e-06
1124,55853,1,1,1,2.052998752333224e-06
1125,80430,1,1,1,1.734002580633387e-06
1126,23091,1,1,1,2.007000148296356e-06
1127,39492,1,1,1,1.8909995560534298e-06
1128,6730,1,1,1,2.748998667811975e-06
1129,55903,1,1,1,1.9510007405187935e-06
1130,39522,1,1,1,1.978001819225028e-06
1131,47719,1,1,1,2.220000169472769e-06
1132,39529,2,1,1,2.4319997464772314e-06
1133,80498,1,1,1,1.6359990695491433e-06
1134,105079,1,1,1,1.805998181225732e-06
1135,130203,1,0,0,1.0570001904852688e-06
1136,105108,1,1,1,1.6110025171656162e-06
1137,80533,1,1,1,1.914999302243814e-06
1138,105109,1,1,1,1.9699982658494264e-06
1139,39579,1,1,1,1.6070007404778153e-06
1140,15020,1,1,1,1.8829996406566352e-06
1141,39598,1,1,1,1.8479986465536058e-06
1142,15030,1,1,1,1.8749997252598405e-06
1143,15052,1,1,1,1.9840008462779224e-06
1144,72405,1,1,1,1.5879995771683753e-06
1145,6874,1,1,1,1.5680016076657921e-06
1146,80603,1,1,1,1.7860002117231488e-06
1147,7637,1,0,0,1.2179989425931126e-06
1148,6881,1,1,1,1.9459985196590424e-06
1149,64269,1,1,1,2.120999852195382e-06
1150,113430,1,1,1,1.9500002963468432e-06
1151,129827,1,1,1,1.8139980966225266e-06
1152,64295,1,1,1,2.02899900614284e-06
1153,121656,1,1,1,1.7359998309984803e-06
1154,59755,2,0,0,1.3499993656296283e-06
1155,129857,1,1,1,1.6939993656706065e-06
1156,15182,1,1,1,1.7899983504321426e-06
1157,88913,1,1,1,1.800999598344788e-06
1158,64341,1,1,1,1.9360013538971543e-06
1159,129883,1,1,1,1.5829973563086241e-06
1160,129888,1,1,1,2.4799992388579994e-06
1161,129891,1,1,1,1.6830017557367682e-06
1162,56170,1,1,1,1.981999957934022e-06
1163,97137,1,1,1,1.8460013961885124e-06
1164,97139,1,0,0,1.1330012057442218e-06
1165,39794,1,1,1,1.9129984138999134e-06
1166,72565,1,1,1,3.336001100251451e-06
1167,72566,1,1,1,1.8939972505904734e-06
1168,105337,1,1,1,2.1330015442799777e-06
1169,56187,2,1,1,2.2370004444383085e-06
1170,48009,1,1,1,1.8749997252598405e-06
1171,88982,1,1,1,2.3800021153874695e-06
1172,113558,1,1,1,1.5780024114064872e-06
1173,56216,1,1,1,2.1319974621292204e-06
1174,121753,1,1,1,1.8879982235375792e-06
1175,121754,1,1,1,1.9569997675716877e-06
1176,23469,1,1,1,1.8460013961885124e-06
1177,7969,1,0,0,1.0450021363794804e-06
1178,129967,1,1,1,1.9690014596562833e-06
1179,129969,1,1,1,1.8030004866886884e-06
1180,97202,1,1,1,1.7279999156016856e-06
1181,72629,1,1,1,1.9759972929023206e-06
1182,129986,1,1,1,5.738002073485404e-06
1183,7129,1,1,1,4.0669983718544245e-06
1184,80866,4,1,1,3.9529986679553986e-06
1185,15353,1,1,1,2.0379993657115847e-06
1186,121864,1,1,1,2.311997377546504e-06
1187,39978,1,1,1,1.7450001905672252e-06
1188,64574,1,1,1,2.3989996407181025e-06
1189,48198,1,1,1,1.971999154193327e-06
1190,105546,1,1,1,2.153999957954511e-06
1191,89170,1,1,1,1.7860002117231488e-06
1192,56412,1,1,1,1.8799983081407845e-06
1193,72796,1,1,1,1.7569982446730137e-06
1194,97388,1,1,1,1.8850005290005356e-06
1195,64629,1,1,1,2.363998646615073e-06
1196,23703,1,1,1,2.095999661833048e-06
1197,97432,1,1,1,2.1469968487508595e-06
1198,40100,1,1,1,1.8319988157600164e-06
1199,72873,1,1,1,4.92799881612882e-06
1200,130234,1,1,1,2.373999450355768e-06
1201,97492,1,1,1,1.800999598344788e-06
1202,97494,1,1,1,1.7289967217948288e-06
1203,15577,1,1,1,1.6759986465331167e-06
1204,105689,1,1,1,1.7899983504321426e-06
1205,7387,1,1,1,1.7130005289800465e-06
1206,97504,1,1,1,2.630000381032005e-06
1207,130276,1,1,1,1.8780010577756912e-06
1208,97544,1,1,1,1.9170001905877143e-06
1209,32021,1,1,1,2.2470012481790036e-06
1210,40218,1,1,1,1.7989987100008875e-06
1211,23849,1,1,1,1.639000402064994e-06
1212,7469,1,1,1,1.6000012692529708e-06
1213,73008,1,1,1,1.5369987522717565e-06
1214,7474,1,1,1,2.0240004232618958e-06
1215,97587,1,1,1,2.029002644121647e-06
1216,130356,1,1,1,1.6609992599114776e-06
1217,97588,1,1,1,1.8640021153260022e-06
1218,97590,1,1,1,1.6369995137210935e-06
1219,7482,1,1,1,1.8800019461195916e-06
1220,15678,1,1,1,2.025997673626989e-06
1221,97603,1,1,1,1.8659993656910956e-06
1222,105800,1,1,1,2.000997483264655e-06
1223,40279,1,1,1,1.9120016077067703e-06
1224,97637,2,1,1,2.5740009732544422e-06
1225,48488,1,1,1,1.8470018403604627e-06
1226,56695,1,1,1,1.6209996829275042e-06
1227,7601,1,1,1,1.6329977370332927e-06
1228,114098,1,1,1,7.288699998753145e-05
1229,48576,1,1,1,4.8100009735208005e-06
1230,7621,1,1,1,6.2540020735468715e-06
1231,114117,1,1,1,2.42599708144553e-06
1232,122311,1,1,1,2.0219995349179953e-06
1233,97734,2,1,1,2.377000782871619e-06
1234,81362,1,1,1,1.729997165966779e-06
1235,32213,1,1,1,1.9859980966430157e-06
1236,97750,1,1,1,2.005999704124406e-06
1237,114134,1,1,1,1.9800027075689286e-06
1238,7640,1,1,1,1.835000148275867e-06
1239,81369,1,1,1,1.6740013961680233e-06
1240,97789,1,1,1,1.7470010789111257e-06
1241,40445,1,1,1,1.9139988580718637e-06
1242,40447,1,0,0,1.1779993656091392e-06
1243,122369,1,1,1,1.6999983927235007e-06
1244,81418,1,1,1,2.0410006982274354e-06
1245,105998,1,1,1,1.57699832925573e-06
1246,122387,1,1,1,1.5990008250810206e-06
1247,48660,1,1,1,1.5699988580308855e-06
1248,56861,1,1,1,1.710999640636146e-06
1249,122403,2,1,1,2.288001269334927e-06
1250,130599,1,1,1,1.6289995983242989e-06
1251,81463,1,1,1,1.9889994291588664e-06
1252,81481,1,1,1,2.0049992599524558e-06
1253,7757,1,1,1,1.8319988157600164e-06
1254,56916,1,1,1,1.8490027287043631e-06
1255,65117,1,1,1,1.8889986677095294e-06
1256,73309,1,1,1,2.129003405570984e-06
1257,32352,1,1,1,2.1810010366607457e-06
1258,122465,1,1,1,1.8320024537388235e-06
1259,122471,1,1,1,1.6779995348770171e-06
1260,7784,1,1,1,1.7099991964641958e-06
1261,15977,1,1,1,1.8749997252598405e-06
1262,48747,1,1,1,1.782002073014155e-06
1263,32371,1,1,1,1.929998688865453e-06
1264,97938,1,1,1,1.7940001271199435e-06
1265,32414,1,1,1,2.1260020730551332e-06
1266,16033,1,1,1,1.9990002328995615e-06
1267,89779,1,1,1,1.5929981600493193e-06
1268,89783,1,1,1,1.7680031305644661e-06
1269,122552,1,1,1,1.9309991330374032e-06
1270,32444,1,1,1,1.7759994079824537e-06
1271,130758,1,1,1,1.762997271725908e-06
1272,16079,1,1,1,1.7839993233792484e-06
1273,32474,1,1,1,2.1329979063011706e-06
1274,16094,1,1,1,1.921001967275515e-06
1275,32486,1,1,1,2.0810002752114087e-06
1276,65255,1,1,1,2.0099978428333998e-06
1277,89837,1,1,1,1.73499938682653e-06
1278,7922,1,1,1,1.7849997675511986e-06
1279,24314,1,1,1,2.092001523124054e-06
1280,32508,1,1,1,2.157998096663505e-06
1281,32509,1,1,1,1.4500001270789653e-06
1282,7934,1,1,1,1.520002115285024e-06
1283,32513,1,1,1,1.643998984945938e-06
1284,73490,1,1,1,1.8650025594979525e-06
1285,73496,1,1,1,2.1749983716290444e-06
1286,40729,1,1,1,2.0170009520370513e-06
1287,7968,1,1,1,1.8179998733103275e-06
1288,81707,1,1,1,1.9020008039660752e-06
1289,40748,2,1,1,2.6460002118255943e-06
1290,32564,1,1,1,1.7460006347391754e-06
1291,40771,1,1,1,1.8840000848285854e-06
1292,40773,1,1,1,1.63400181918405e-06
1293,89926,1,1,1,2.311997377546504e-06
1294,40776,1,1,1,3.6339988582767546e-06
1295,24393,1,1,1,1.995998900383711e-06
1296,16220,1,1,1,1.7290003597736359e-06
1297,130922,1,1,1,1.843996869865805e-06
1298,89972,2,1,1,2.3760003386996686e-06
1299,8058,1,1,1,2.2139975044410676e-06
1300,49021,1,1,1,2.0410006982274354e-06
1301,130942,1,1,1,1.886997779365629e-06
1302,8072,1,1,1,1.61500065587461e-06
1303,32666,1,1,1,1.953001628862694e-06
1304,98217,1,1,1,1.8709979485720396e-06
1305,65450,1,1,1,1.8480022845324129e-06
1306,130998,1,1,1,1.848999090725556e-06
1307,90049,1,1,1,1.8589998944662511e-06
1308,32723,1,1,1,2.172000677092001e-06
1309,114650,1,1,1,1.89200000022538e-06
1310,122853,1,1,1,1.6830017557367682e-06
1311,65519,1,1,1,2.0799998310394585e-06
1312,16540,2,1,1,2.5949993869289756e-06
1313,74302,2,1,1,2.106997271766886e-06
1314,17500,3,1,1,2.4270011635962874e-06
1315,74923,2,1,1,2.1899977582506835e-06
1316,107784,2,1,1,2.5480003387201577e-06
1317,1509,2,1,1,2.4990004021674395e-06
1318,91755,2,1,1,2.5670015020295978e-06
1319,67463,2,1,1,2.268003299832344e-06
1320,18463,2,1,1,2.181997842853889e-06
1321,67746,2,1,1,2.5949993869289756e-06
1322,84614,2,1,1,2.2899985197000206e-06
1323,60476,2,1,1,2.4620021576993167e-06
1324,118119,2,1,1,2.2510030248668045e-06
1325,110303,2,1,1,2.1979976736474782e-06
1326,86486,2,1,1,2.414999471511692e-06
1327,54003,2,1,1,2.221000613644719e-06
1328,103502,2,1,1,2.8550020942930132e-06
1329,22352,2,1,1,2.3280008463189006e-06
1330,55343,2,1,1,2.392996975686401e-06
1331,96892,2,1,1,2.577999111963436e-06
1332,24081,2,1,1,2.282999048475176e-06
1333,4,2,2,1,5.586000042967498e-06
1334,7707,2,1,0,1.9020008039660752e-06
1335,74614,3,1,1,2.8849972295574844e-06
1336,90118,2,2,1,4.5859997044317424e-06
1337,115732,2,1,0,1.5980003809090704e-06
1338,76674,2,0,0,1.3470016710925847e-06
1339,90120,2,2,1,4.66900019091554e-06
1340,643,2,1,0,1.4809993444941938e-06
1341,32778,2,2,1,4.429999535204843e-06
1342,76832,2,1,0,1.4639990695286542e-06
1343,49164,2,2,1,8.88900103745982e-06
1344,81933,2,2,1,4.902998625766486e-06
1345,3540,2,1,0,1.4789984561502934e-06
1346,16,2,2,1,4.880999767920002e-06
1347,73767,2,2,1,5.420999514171854e-06
1348,81960,2,2,1,4.21599906985648e-06
1349,122922,2,2,1,4.106001142645255e-06
1350,5524,2,1,0,1.4880024536978453e-06
1351,16430,2,2,1,4.7860012273304164e-06
1352,49200,2,2,1,3.935998392989859e-06
1353,71224,2,1,0,1.3809985830448568e-06
1354,40611,2,0,0,1.3400021998677403e-06
1355,122937,2,2,1,5.158999556442723e-06
1356,57406,2,2,1,4.333000106271356e-06
1357,57412,2,2,1,6.0969978221692145e-06
1358,87632,2,1,0,1.7569982446730137e-06
1359,73797,2,2,1,4.397999873617664e-06
1360,8842,2,1,0,1.3999997463542968e-06
1361,41037,2,2,1,3.933000698452815e-06
1362,2637,2,1,0,1.4649995137006044e-06
1363,111935,2,0,0,1.405998773407191e-06
1364,24667,2,2,1,4.740002623293549e-06
1365,122979,2,2,1,3.9670012483838946e-06
1366,40684,2,1,0,1.45800004247576e-06
1367,92279,2,0,0,1.4309989637695253e-06
1368,114796,2,2,1,4.5769993448629975e-06
1369,10155,2,1,0,1.7326998204225674e-05
1370,114805,2,2,1,4.697998519986868e-06
1371,41079,2,2,1,4.473000444704667e-06
1372,4002,2,1,0,1.5639998309779912e-06
1373,124659,2,0,0,1.4239994925446808e-06
1374,49272,2,2,1,4.483998054638505e-06
1375,114809,2,2,1,4.3479994928929955e-06
1376,57467,2,2,1,4.2430001485627145e-06
1377,64161,2,1,0,1.658001565374434e-06
1378,114813,2,2,1,3.921002644347027e-06
1379,32673,2,1,0,1.6480007616337389e-06
1380,26142,2,0,0,1.519998477306217e-06
1381,57477,2,2,1,4.265999450581148e-06
1382,106642,2,2,1,4.630001058103517e-06
1383,123035,2,2,1,4.1909988794941455e-06
1384,90268,2,2,1,3.968998498748988e-06
1385,82719,2,1,0,1.5369987522717565e-06
1386,114851,2,2,1,4.299003194319084e-06
1387,41129,2,2,1,4.082001396454871e-06
1388,73905,2,2,1,4.735000402433798e-06
1389,6731,2,1,0,1.534001057734713e-06
1390,8374,2,2,1,3.912002284778282e-06
1391,123069,2,2,1,4.1860002966132015e-06
1392,114880,4,2,1,5.050998879596591e-06
1393,31080,2,1,0,1.571999746374786e-06
1394,107202,4,1,1,3.1470008252654225e-06
1395,49349,2,2,1,4.409001121530309e-06
1396,8397,2,2,1,4.485002136789262e-06
1397,49360,2,2,1,3.9240003388840705e-06
1398,41170,2,2,1,4.0480008465237916e-06
1399,123101,2,2,1,4.4150001485832036e-06
1400,16609,2,2,1,1.6170000890269876e-05
1401,230,2,2,1,4.302000888856128e-06
1402,17148,2,1,0,1.7479978851042688e-06
1403,123956,2,0,0,1.43899887916632e-06
1404,41192,2,2,1,3.897999704349786e-06
1405,69412,2,1,0,1.619999238755554e-06
1406,131323,2,2,1,4.137000360060483e-06
1407,59697,2,1,0,1.4130018826108426e-06
1408,8446,2,2,1,4.2149986256845295e-06
1409,24831,2,2,1,4.145000275457278e-06
1410,120170,2,1,0,1.5930017980281264e-06
1411,131330,2,2,1,4.396002623252571e-06
1412,27749,2,1,0,1.520002115285024e-06
1413,123144,2,2,1,4.751000233227387e-06
1414,12059,2,1,0,1.5950026863720268e-06
1415,67848,2,0,0,1.4830002328380942e-06
1416,123145,2,2,1,4.2430001485627145e-06
1417,106780,2,2,1,3.3333999454043806e-05
1418,8486,2,2,1,6.223999662324786e-06
1419,54545,3,1,0,2.311000571353361e-06
1420,297,2,2,1,4.064000677317381e-06
1421,124632,2,1,0,3.951001417590305e-06
1422,3148,2,0,0,1.4789984561502934e-06
1423,131371,2,2,1,4.5339984353631735e-06
1424,90411,2,2,1,4.026998794870451e-06
1425,79053,2,1,0,1.4399993233382702e-06
1426,30783,2,0,0,1.2980017345398664e-06
1427,49468,2,2,1,4.998000804334879e-06
1428,118408,2,1,0,1.5830009942874312e-06
1429,115007,2,2,1,3.9049991755746305e-06
1430,115008,2,2,1,4.207999154459685e-06
1431,24904,2,2,1,4.477999027585611e-06
1432,115020,2,2,2,3.6860001273453236e-06
1433,115021,2,2,1,4.409001121530309e-06
1434,74065,2,2,1,4.84400152345188e-06
1435,74066,2,2,1,4.53000029665418e-06
1436,98645,2,2,1,4.182998964097351e-06
1437,13248,2,1,0,1.529002474853769e-06
1438,90453,2,2,1,5.009998858440667e-06
1439,98651,2,2,1,4.158999217906967e-06
1440,83801,2,1,0,1.4809993444941938e-06
1441,350,2,2,1,4.129997250856832e-06
1442,123239,2,2,1,4.148998414166272e-06
1443,106866,2,2,1,4.816000000573695e-06
1444,106869,2,2,1,4.074001481058076e-06
1445,65928,2,2,1,4.5339984353631735e-06
1446,88850,2,1,0,1.5830009942874312e-06
1447,24973,2,2,1,3.735000063898042e-06
1448,50284,2,1,0,1.534001057734713e-06
1449,75886,3,0,0,1.6829981177579612e-06
1450,131472,2,2,1,4.069999704370275e-06
1451,16784,2,2,1,3.970002580899745e-06
1452,18326,2,1,0,1.3479984772857279e-06
1453,16790,2,2,1,4.141002136748284e-06
1454,16794,2,2,1,4.264002200216055e-06
1455,49567,2,2,1,3.959998139180243e-06
1456,81715,2,1,0,1.3969984138384461e-06
1457,421,2,2,1,4.4819971662946045e-06
1458,41382,2,2,1,4.09800122724846e-06
1459,33190,2,2,1,4.187000740785152e-06
1460,5067,2,1,0,1.467997208237648e-06
1461,90536,2,2,1,3.962999471696094e-06
1462,63883,2,1,0,1.3889984984416515e-06
1463,33194,2,2,2,3.5999983083456755e-06
1464,27402,2,1,1,2.6740017347037792e-06
1465,33195,2,2,1,4.555000487016514e-06
1466,128743,2,1,0,1.5449986676685512e-06
1467,98736,2,2,1,4.554996849037707e-06
1468,57776,3,2,1,3.006000042660162e-06
1469,8627,2,2,1,3.6130004446022213e-06
1470,106935,2,2,1,4.18099807575345e-06
1471,82360,2,2,1,4.453999281395227e-06
1472,18243,2,1,0,1.5590012480970472e-06
1473,74174,2,2,1,3.987002855865285e-06
1474,22242,2,1,0,1.5139994502533227e-06
1475,33218,3,2,1,4.4959997467231005e-06
1476,33226,2,1,0,1.4700017345603555e-06
1477,18471,2,0,0,1.3950011634733528e-06
1478,57800,2,2,1,4.161000106250867e-06
1479,92581,2,1,0,1.4750003174412996e-06
1480,111686,2,0,0,1.4549987099599093e-06
1481,57801,2,2,1,4.837998858420178e-06
1482,109952,2,1,0,1.4729994290973991e-06
1483,74193,2,2,1,4.220000846544281e-06
1484,4483,2,1,0,1.4699980965815485e-06
1485,41426,2,2,1,5.7870020100381225e-06
1486,49633,2,2,1,3.6239980545360595e-06
1487,25063,2,2,1,4.21799995820038e-06
1488,82410,2,2,1,4.4339976739138365e-06
1489,82411,2,2,1,3.564000508049503e-06
1490,41452,2,2,1,3.62599894287996e-06
1491,122161,2,1,0,1.3460012269206345e-06
1492,100622,2,0,0,1.338998117716983e-06
1493,497,2,2,1,3.861001459881663e-06
1494,109999,2,1,0,1.5029982023406774e-06
1495,66037,2,2,1,3.5709999792743474e-06
1496,105616,2,1,0,1.567997969686985e-06
1497,67414,3,0,0,1.6539997886866331e-06
1498,8693,2,2,1,4.075001925230026e-06
1499,16893,2,2,1,4.120000085094944e-06
1500,16897,2,2,1,4.198001988697797e-06
1501,107011,3,2,1,4.339999577496201e-06
1502,107703,2,1,0,1.5950026863720268e-06
1503,131591,2,2,1,4.626002919394523e-06
1504,115210,2,2,1,4.149002052145079e-06
1505,68737,2,1,0,1.5139994502533227e-06
1506,31100,2,0,0,1.4510005712509155e-06
1507,66059,2,2,1,3.997000021627173e-06
1508,107024,2,2,1,4.065997927682474e-06
1509,107033,2,2,1,3.970999387092888e-06
1510,115235,2,2,1,4.2239989852532744e-06
1511,74278,2,2,1,4.213998181512579e-06
1512,82472,2,2,1,4.489000275498256e-06
1513,561,2,2,1,4.213001375319436e-06
1514,74291,2,2,1,3.8860016502439976e-06
1515,568,2,2,1,4.276000254321843e-06
1516,82499,2,2,1,4.140998498769477e-06
1517,131651,2,2,1,4.3670006562024355e-06
1518,74307,2,2,1,3.354001819388941e-06
1519,17508,3,1,0,1.7190031940117478e-06
1520,83261,2,0,0,1.3499993656296283e-06
1521,115270,2,2,1,3.889999788952991e-06
1522,49738,2,2,1,3.7190002331044525e-06
1523,3927,2,1,0,1.4139986888039857e-06
1524,115283,2,2,2,3.91999856219627e-06
1525,8801,2,2,1,4.359997546998784e-06
1526,89162,2,1,0,1.4889992598909885e-06
1527,74340,2,2,1,4.1050006984733045e-06
1528,74341,2,2,1,3.5759985621552914e-06
1529,28256,2,1,0,1.4500001270789653e-06
1530,123495,2,2,1,3.950000973418355e-06
1531,32514,2,1,0,1.4899997040629387e-06
1532,26289,2,0,0,1.3229982869233936e-06
1533,82540,2,2,1,3.7770005292259157e-06
1534,34802,2,1,0,1.4110009942669421e-06
1535,2533,4,0,0,1.7849997675511986e-06
1536,115314,2,2,1,4.728000931208953e-06
1537,25204,2,2,1,4.18099807575345e-06
1538,25206,2,2,1,3.864999598590657e-06
1539,103837,2,1,0,3.203000233042985e-06
1540,107136,2,2,1,4.273999365977943e-06
1541,82561,2,2,1,4.575002094497904e-06
1542,8836,2,2,1,4.303998139221221e-06
1543,57989,2,2,1,4.07900006393902e-06
1544,17028,2,2,1,4.194000212009996e-06
1545,115347,2,2,1,4.178000381216407e-06
1546,107162,2,2,1,4.3910004023928195e-06
1547,25244,2,2,1,3.6229976103641093e-06
1548,25245,2,2,1,4.244000592734665e-06
1549,115356,2,2,1,5.831003363709897e-06
1550,82588,2,2,1,4.211000486975536e-06
1551,25261,2,2,1,4.507997800828889e-06
1552,90807,2,2,1,3.889999788952991e-06
1553,25272,2,2,1,4.3149993871338665e-06
1554,49964,2,1,0,1.549000444356352e-06
1555,58060,2,2,1,4.115001502214e-06
1556,95589,2,1,0,1.4030010788701475e-06
1557,90835,2,2,1,3.7850004446227103e-06
1558,123603,2,2,1,4.140001692576334e-06
1559,131814,2,2,1,5.227997462498024e-06
1560,751,2,2,1,4.296001861803234e-06
1561,762,2,2,1,4.0529994294047356e-06
1562,130933,2,1,0,1.4359975466504693e-06
1563,764,2,2,1,3.891000233124942e-06
1564,25349,2,2,1,4.556997737381607e-06
1565,131860,2,2,2,3.3200012694578618e-06
1566,90901,2,2,1,4.992001777281985e-06
1567,90902,2,2,1,4.093999450560659e-06
1568,90900,2,2,1,3.968998498748988e-06
1569,58134,2,2,1,3.926001227227971e-06
1570,66771,2,1,0,1.6419980966020375e-06
1571,26462,2,0,0,1.4239994925446808e-06
1572,58138,2,2,1,3.905002813553438e-06
1573,55821,2,1,0,1.4300021575763822e-06
1574,58139,2,2,1,4.789002559846267e-06
1575,58141,2,2,1,3.891000233124942e-06
1576,90911,2,2,1,4.06099934480153e-06
1577,39121,2,1,0,1.5500008885283023e-06
1578,90912,2,2,1,4.1339990275446326e-06
1579,90922,2,2,1,4.298999556340277e-06
1580,25386,2,2,1,3.7200006772764027e-06
1581,58161,2,2,1,3.9909973565954715e-06
1582,101897,2,1,0,1.619999238755554e-06
1583,104074,2,0,0,1.519998477306217e-06
1584,58162,2,2,1,3.943998308386654e-06
1585,58164,2,2,1,4.68800135422498e-06
1586,82748,2,2,1,3.9000005926936865e-06
1587,82753,2,2,1,3.837001713691279e-06
1588,41799,2,2,1,3.78299955627881e-06
1589,49992,2,2,1,4.8009969759732485e-06
1590,33610,2,2,1,4.092999006388709e-06
1591,112385,2,1,0,1.4670004020445049e-06
1592,115532,2,2,1,4.380002792458981e-06
1593,82768,2,2,1,4.520003130892292e-06
1594,99166,2,2,1,4.361001629149541e-06
1595,56238,2,1,0,1.4600009308196604e-06
1596,97373,2,0,0,1.3559983926825225e-06
1597,90986,2,2,1,3.918998118024319e-06
1598,109104,2,1,0,1.5040022844914347e-06
1599,99179,2,2,1,4.227997123962268e-06
1600,63871,2,1,0,1.543998223496601e-06
1601,9070,2,2,1,3.92199945054017e-06
1602,11092,2,1,0,1.3739991118200123e-06
1603,17267,2,2,1,3.364002623129636e-06
1604,97374,2,1,0,1.5480000001844019e-06
1605,74789,2,0,0,1.3600001693703234e-06
1606,889,2,2,2,3.45099761034362e-06
1607,50043,2,2,1,3.848999767797068e-06
1608,899,2,2,1,3.887998900609091e-06
1609,116700,2,1,0,1.4289980754256248e-06
1610,89140,2,0,0,1.367003278573975e-06
1611,91012,2,2,1,4.772999091073871e-06
1612,131982,2,2,1,6.38399797026068e-06
1613,99220,2,2,1,4.246998287271708e-06
1614,75057,2,1,0,1.5709993022028357e-06
1615,26361,2,0,0,1.4380020729731768e-06
1616,41884,2,2,1,4.4049993448425084e-06
1617,25502,2,2,1,3.5570010368246585e-06
1618,11407,2,1,0,1.3889984984416515e-06
1619,46601,2,0,0,1.2639975466299802e-06
1620,25518,2,2,1,4.007000825367868e-06
1621,25524,2,2,1,4.1380008042324334e-06
1622,7092,2,1,0,1.4809993444941938e-06
1623,25526,2,0,0,1.5170007827691734e-06
1624,50102,2,2,1,3.8099969970062375e-06
1625,132023,2,2,1,4.229998012306169e-06
1626,99259,2,2,1,3.0288996640592813e-05
1627,82882,2,2,1,4.8530018830206245e-06
1628,99266,2,2,1,4.073997843079269e-06
1629,16238,2,1,0,1.7210004443768412e-06
1630,111418,2,0,0,1.4739998732693493e-06
1631,82889,2,2,1,4.37500057159923e-06
1632,46043,2,1,0,1.586002326803282e-06
1633,50125,2,2,1,4.35499896411784e-06
1634,100734,2,1,0,1.5590012480970472e-06
1635,41936,2,2,1,4.426998202688992e-06
1636,82898,2,2,1,4.042001819470897e-06
1637,117832,2,1,0,1.5590012480970472e-06
1638,132076,2,2,1,4.3670006562024355e-06
1639,35962,2,1,0,1.4840006770100445e-06
1640,66555,2,2,1,3.7339996197260916e-06
1641,104485,2,1,0,1.5359983080998063e-06
1642,123911,2,2,1,4.071000148542225e-06
1643,54031,2,1,0,1.4710021787323058e-06
1644,9228,3,2,1,4.9640002544038e-06
1645,41997,2,2,1,4.3430009100120515e-06
1646,91153,2,2,1,3.616998583311215e-06
1647,58389,2,2,1,4.474000888876617e-06
1648,82967,2,2,1,4.069999704370275e-06
1649,25625,2,2,1,3.7179997889325023e-06
1650,17437,2,2,1,4.590001481119543e-06
1651,58403,2,2,1,4.211000486975536e-06
1652,33832,2,2,1,4.461999196792021e-06
1653,17449,3,2,1,4.2909996409434825e-06
1654,33834,2,2,1,3.760000254260376e-06
1655,129110,2,1,0,1.619999238755554e-06
1656,32361,2,0,0,1.5000005078036338e-06
1657,17451,3,2,1,4.092002200195566e-06
1658,14303,2,1,0,1.4300021575763822e-06
1659,50226,2,2,1,3.826000465778634e-06
1660,123958,2,2,1,4.112996975891292e-06
1661,42043,2,2,1,3.7760000850539654e-06
1662,3005,2,1,0,1.462998625356704e-06
1663,9281,3,2,2,4.4150001485832036e-06
1664,115785,2,2,1,4.302000888856128e-06
1665,66633,2,2,1,4.132001777179539e-06
1666,74830,2,2,1,4.039000486955047e-06
1667,9297,2,2,1,3.972996637457982e-06
1668,76626,2,1,0,1.448999682907015e-06
1669,1112,2,2,1,4.535999323707074e-06
1670,74844,2,2,1,4.39500217908062e-06
1671,50268,2,2,1,4.298999556340277e-06
1672,14466,2,1,0,1.3400021998677403e-06
1673,50269,2,2,1,5.0009984988719225e-06
1674,33887,2,2,1,4.1239982238039374e-06
1675,25697,2,2,1,4.39200084656477e-06
1676,1123,2,2,1,6.6159991547465324e-06
1677,9320,2,2,1,4.249999619787559e-06
1678,50285,2,2,1,4.4720000005327165e-06
1679,33909,2,2,1,4.720001015812159e-06
1680,99452,2,2,1,3.967998054577038e-06
1681,132220,2,2,1,4.0529994294047356e-06
1682,28524,2,1,0,1.5089972293935716e-06
1683,124036,2,2,1,3.826000465778634e-06
1684,1157,2,2,1,3.7749996408820152e-06
1685,71071,4,1,0,2.277000021422282e-06
1686,25734,2,2,1,4.145000275457278e-06
1687,132248,2,2,1,3.82200232706964e-06
1688,39437,2,1,0,1.4859979273751378e-06
1689,91289,2,2,1,3.9289989217650145e-06
1690,74906,2,2,1,3.896999260177836e-06
1691,29631,2,1,0,1.3569988368544728e-06
1692,92975,5,1,1,4.37400012742728e-06
1693,33944,2,2,1,4.638000973500311e-06
1694,133026,2,1,0,1.5029982023406774e-06
1695,17567,2,2,1,4.041001375298947e-06
1696,83724,2,1,0,1.4360011846292764e-06
1697,124797,2,0,0,1.3639983080793172e-06
1698,74934,2,2,1,3.5199991543777287e-06
1699,10431,2,1,0,1.353000698145479e-06
1700,91321,2,2,1,4.092002200195566e-06
1701,107706,2,2,1,4.161000106250867e-06
1702,74940,2,2,1,4.192999767838046e-06
1703,125055,2,1,0,1.529999281046912e-06
1704,132285,2,2,1,5.093999789096415e-06
1705,9410,2,2,1,3.885001206072047e-06
1706,60702,2,1,0,1.591997715877369e-06
1707,102723,2,0,0,1.4040015230420977e-06
1708,66757,2,2,1,4.170000465819612e-06
1709,9416,2,2,1,5.350000719772652e-06
1710,83683,2,1,0,1.4849974832031876e-06
1711,83689,2,0,0,1.4030010788701475e-06
1712,66761,2,2,1,3.76499883714132e-06
1713,22106,2,1,0,1.3360004231799394e-06
1714,107733,2,2,1,3.929002559743822e-06
1715,124119,2,2,1,4.018002073280513e-06
1716,132316,2,2,1,4.550998710328713e-06
1717,42205,2,2,1,3.899996954714879e-06
1718,25834,2,2,1,3.793997166212648e-06
1719,2737,2,1,0,1.4090001059230417e-06
1720,77980,2,0,0,1.3349999790079892e-06
1721,34033,2,2,1,4.252000508131459e-06
1722,42227,2,2,1,3.5630000638775527e-06
1723,63357,2,1,0,1.3589997251983732e-06
1724,99614,2,0,0,1.3140015653334558e-06
1725,107771,2,2,1,4.220000846544281e-06
1726,130601,2,1,0,1.4129982446320355e-06
1727,115988,2,2,1,4.101999365957454e-06
1728,132380,2,2,1,4.274999810149893e-06
1729,75039,2,2,1,3.8620019040536135e-06
1730,24395,2,1,0,1.510998117737472e-06
1731,2110,2,0,0,1.5039986465126276e-06
1732,99621,2,2,1,4.464000085135922e-06
1733,99622,2,2,1,4.131001333007589e-06
1734,27919,2,1,0,1.3969984138384461e-06
1735,9509,2,2,1,4.2190004023723304e-06
1736,75067,2,2,1,4.266003088559955e-06
1737,83260,2,2,1,3.78299955627881e-06
1738,42305,2,2,1,4.040000931126997e-06
1739,94141,2,1,0,1.4379984349943697e-06
1740,102353,2,0,0,3.062999894609675e-06
1741,34114,2,2,1,3.913999535143375e-06
1742,42307,2,2,2,3.769997420022264e-06
1743,9541,2,2,1,4.492001608014107e-06
1744,39329,2,1,0,1.3700009731110185e-06
1745,9543,2,2,1,4.074001481058076e-06
1746,116047,2,2,1,3.7720019463449717e-06
1747,27351,2,1,0,1.462998625356704e-06
1748,27352,2,0,0,1.3760000001639128e-06
1749,124244,2,2,1,3.881999873556197e-06
1750,89839,2,1,0,1.3040007615927607e-06
1751,132447,2,2,1,5.033998604631051e-06
1752,9573,2,2,1,4.51199957751669e-06
1753,2256,2,1,0,1.5029982023406774e-06
1754,118949,2,0,0,1.3230019249022007e-06
1755,9574,2,2,1,4.749999789055437e-06
1756,107883,2,2,1,3.949997335439548e-06
1757,50671,2,1,0,6.0919992392882705e-06
1758,91524,2,2,1,3.90399873140268e-06
1759,6421,2,1,0,1.4510005712509155e-06
1760,124354,2,0,0,1.2499986041802913e-06
1761,124318,2,2,1,4.456000169739127e-06
1762,42402,2,2,1,3.929999365936965e-06
1763,102527,2,1,0,1.3079989003017545e-06
1764,124323,2,2,1,4.925001121591777e-06
1765,1445,2,2,1,3.962999471696094e-06
1766,122219,2,1,0,1.4120014384388924e-06
1767,81805,2,0,0,1.333999534836039e-06
1768,1446,2,2,1,3.6040000850334764e-06
1769,35301,3,1,0,1.7259990272577852e-06
1770,91557,2,2,1,4.165998689131811e-06
1771,71225,2,1,0,1.3919998309575021e-06
1772,83375,2,2,1,4.106001142645255e-06
1773,1466,2,2,1,4.128000000491738e-06
1774,64685,2,1,0,1.2970012903679162e-06
1775,42430,2,2,1,3.910001396434382e-06
1776,5237,2,1,0,1.424999936716631e-06
1777,17863,2,2,1,3.2290008675772697e-06
1778,50634,2,2,1,3.76399839296937e-06
1779,50636,2,2,1,3.8100006349850446e-06
1780,83696,2,1,0,1.448002876713872e-06
1781,124364,2,2,1,4.250003257766366e-06
1782,94361,2,1,0,1.3879980542697012e-06
1783,14364,2,0,0,1.377000444335863e-06
1784,116178,2,2,1,4.025001544505358e-06
1785,125466,2,1,0,1.377000444335863e-06
1786,116179,2,2,1,3.944998752558604e-06
1787,124370,2,2,1,3.6769997677765787e-06
1788,75231,2,2,1,4.735000402433798e-06
1789,83424,2,2,1,3.52500137523748e-06
1790,20694,2,1,0,1.453998265787959e-06
1791,72803,3,1,1,2.624998160172254e-06
1792,26092,2,2,1,3.944998752558604e-06
1793,50676,2,2,1,3.914999979315326e-06
1794,58873,2,2,1,3.788001777138561e-06
1795,55603,2,1,0,1.3989993021823466e-06
1796,91648,2,2,1,4.342997272033244e-06
1797,75265,2,2,1,3.862998710246757e-06
1798,75266,2,2,1,3.894001565640792e-06
1799,23781,2,1,0,1.4319994079414755e-06
1800,53831,2,0,0,1.4110009942669421e-06
1801,132615,2,2,1,3.836001269519329e-06
1802,91661,2,2,1,3.965000360039994e-06
1803,1559,2,2,1,4.511002771323547e-06
1804,83491,2,2,1,5.808000423712656e-06
1805,84205,2,1,0,1.486998371547088e-06
1806,20902,2,0,0,1.3589997251983732e-06
1807,26148,2,2,1,4.165998689131811e-06
1808,67109,2,2,1,4.481000360101461e-06
1809,99882,2,2,1,4.231998900650069e-06
1810,9774,3,2,1,4.37500057159923e-06
1811,17970,2,2,1,4.080997314304113e-06
1812,91702,2,2,1,3.750999894691631e-06
1813,42552,2,2,1,4.09700078307651e-06
1814,76466,2,1,0,1.4229990483727306e-06
1815,132680,2,2,1,3.987002855865285e-06
1816,29903,2,1,0,1.4469987945631146e-06
1817,108108,2,2,1,3.7949976103845984e-06
1818,108112,2,2,1,3.854001988656819e-06
1819,99923,4,2,1,6.136997399153188e-06
1820,58975,2,2,1,3.887002094415948e-06
1821,16044,2,1,0,1.5370023902505636e-06
1822,125787,2,0,0,1.3130011211615056e-06
1823,132715,2,2,1,4.6819986891932786e-06
1824,108140,2,2,1,4.183999408269301e-06
1825,19000,2,1,0,1.3839999155607074e-06
1826,44882,2,0,0,1.3170028978493065e-06
1827,108155,2,2,1,4.120000085094944e-06
1828,132733,2,2,1,3.76399839296937e-06
1829,83583,2,2,1,4.082001396454871e-06
1830,42625,2,2,1,4.417001036927104e-06
1831,81941,4,1,0,2.300999767612666e-06
1832,132745,2,2,1,4.343997716205195e-06
1833,42635,2,2,1,3.6769997677765787e-06
1834,84641,2,1,0,1.4230026863515377e-06
1835,28527,2,0,0,1.3309982023201883e-06
1836,132753,2,2,1,3.6860001273453236e-06
1837,45611,2,1,0,1.3830031093675643e-06
1838,63439,2,0,0,1.3659991964232177e-06
1839,108182,2,2,1,4.135999915888533e-06
1840,1692,2,2,1,4.181998519925401e-06
1841,91813,2,2,1,4.204001015750691e-06
1842,9897,2,2,1,3.048000144190155e-05
1843,9898,2,2,1,5.922000127611682e-06
1844,108204,2,2,1,4.499997885432094e-06
1845,124591,2,2,1,4.035999154439196e-06
1846,116399,2,2,1,3.929999365936965e-06
1847,63300,2,1,0,1.5500008885283023e-06
1848,26303,3,2,1,5.109999619890004e-06
1849,45422,2,1,0,1.4500001270789653e-06
1850,124620,2,2,1,3.5430020943749696e-06
1851,26323,2,2,1,3.7389982026070356e-06
1852,26329,2,2,1,4.481000360101461e-06
1853,91868,2,2,1,4.917998012388125e-06
1854,83679,2,2,1,4.47299680672586e-06
1855,124641,2,2,1,4.171000909991562e-06
1856,62065,2,1,0,1.4929973985999823e-06
1857,53489,2,0,0,1.4079996617510915e-06
1858,34537,2,2,1,4.25400139647536e-06
1859,26349,2,2,1,6.231999577721581e-06
1860,50938,2,2,1,4.762001481140032e-06
1861,50941,2,2,1,3.912999090971425e-06
1862,108294,3,2,1,4.35699985246174e-06
1863,116487,2,2,1,4.060002538608387e-06
1864,98156,2,1,0,1.4930010365787894e-06
1865,26739,2,0,0,1.405998773407191e-06
1866,132872,2,2,1,3.9590013329871e-06
1867,132873,2,2,1,6.772999768145382e-06
1868,132880,2,2,1,4.7860012273304164e-06
1869,108304,2,2,1,3.953999112127349e-06
1870,124692,5,2,1,6.022000889061019e-06
1871,108310,2,2,1,3.6320016079116613e-06
1872,91927,2,2,1,4.0670020098332316e-06
1873,91928,2,2,1,3.1819981813896447e-06
1874,67360,2,2,1,3.760000254260376e-06
1875,116515,2,2,1,3.78299955627881e-06
1876,103174,2,1,0,1.4460019883699715e-06
1877,83747,2,2,1,4.2100000428035855e-06
1878,120030,2,1,0,1.4690012903884053e-06
1879,39956,2,0,0,3.197001205990091e-06
1880,10021,2,2,1,4.3529980757739395e-06
1881,116519,2,2,1,4.426998202688992e-06
1882,59183,2,2,1,3.95800088881515e-06
1883,93113,2,1,0,1.4170000213198364e-06
1884,59196,2,2,1,3.670000296551734e-06
1885,87608,2,1,0,1.405001967214048e-06
1886,109321,2,0,0,1.4300021575763822e-06
1887,18238,2,2,1,3.997000021627173e-06
1888,23915,2,1,0,1.4920005924068391e-06
1889,35813,2,0,0,1.4279976312536746e-06
1890,132936,2,2,1,4.612000338966027e-06
1891,10057,2,2,1,4.307003109715879e-06
1892,83813,2,2,1,3.7190002331044525e-06
1893,90078,2,1,0,1.344000338576734e-06
1894,42854,2,2,1,4.064997483510524e-06
1895,1898,2,2,1,3.516001015668735e-06
1896,132971,2,2,1,4.306002665543929e-06
1897,92016,2,2,1,4.202000127406791e-06
1898,51063,2,2,1,4.303001333028078e-06
1899,51064,2,2,1,3.946999640902504e-06
1900,48935,2,1,0,1.368000084767118e-06
1901,124791,2,2,1,4.165998689131811e-06
1902,124795,2,2,1,3.773002390516922e-06
1903,87691,2,1,0,1.4139986888039857e-06
1904,51068,2,2,2,3.914999979315326e-06
1905,1918,2,2,1,4.354002157924697e-06
1906,67457,2,2,1,4.025001544505358e-06
1907,108424,2,2,1,4.009001713711768e-06
1908,122188,2,1,0,1.4360011846292764e-06
1909,10120,2,2,1,4.007000825367868e-06
1910,108877,2,1,0,1.5989971871022135e-06
1911,80761,2,0,0,1.390999386785552e-06
1912,18315,2,2,1,4.162997356615961e-06
1913,37152,2,1,0,1.5069999790284783e-06
1914,108428,3,2,1,5.480000254465267e-06
1915,51100,2,2,1,4.1290004446636885e-06
1916,10160,3,2,1,3.692999598570168e-06
1917,124850,2,2,1,3.947003278881311e-06
1918,18356,2,2,1,4.686199827119708e-05
1919,18400,2,1,0,1.724998583085835e-06
1920,18360,2,2,1,4.726000042865053e-06
1921,103784,2,1,0,1.6759986465331167e-06
1922,16704,4,0,0,2.001001121243462e-06
1923,18361,2,2,1,4.482000804273412e-06
1924,92093,2,2,1,3.879998985212296e-06
1925,108484,2,2,1,3.7370009522419423e-06
1926,80003,2,1,0,1.429998519597575e-06
1927,4687,2,0,0,1.3649987522512674e-06
1928,51144,2,2,1,3.983997885370627e-06
1929,108502,2,2,1,4.2239989852532744e-06
1930,116698,2,2,1,4.565001290757209e-06
1931,18397,2,2,1,6.529000529553741e-06
1932,15636,2,1,0,1.4760007616132498e-06
1933,59377,2,2,1,4.588000592775643e-06
1934,55604,2,1,0,1.4090001059230417e-06
1935,59379,2,2,1,4.386998625705019e-06
1936,92151,2,2,1,4.165998689131811e-06
1937,43003,2,2,1,3.6749988794326782e-06
1938,19205,2,1,0,1.3949975254945457e-06
1939,118404,2,0,0,1.3800017768517137e-06
1940,43008,2,2,1,3.7429999792948365e-06
1941,116738,2,2,1,4.493002052186057e-06
1942,80643,2,1,0,1.4379984349943697e-06
1943,92164,2,2,1,3.918998118024319e-06
1944,10244,2,2,1,4.341000021668151e-06
1945,36149,2,1,0,1.5039986465126276e-06
1946,100358,2,2,1,4.0239974623546004e-06
1947,18453,2,2,1,3.740999090950936e-06
1948,116757,2,2,1,4.091998562216759e-06
1949,51236,2,2,1,3.811997885350138e-06
1950,18474,5,2,1,5.779998900834471e-06
1951,43052,2,2,1,3.731998731382191e-06
1952,56559,2,1,0,1.4590004866477102e-06
1953,84014,2,2,1,4.049998096888885e-06
1954,34867,2,2,1,3.6450001061894e-06
1955,51263,2,2,1,3.7479985621757805e-06
1956,69885,3,1,0,1.776999852154404e-06
1957,84039,2,2,1,9.18099976843223e-06
1958,2124,2,2,1,3.973000275436789e-06
1959,57016,2,1,0,1.4049983292352408e-06
1960,18508,2,2,1,3.6749988794326782e-06
1961,67662,2,2,1,4.361998435342684e-06
1962,100444,2,2,1,5.431000317912549e-06
1963,133213,2,2,1,4.574998456519097e-06
1964,34929,2,1,0,1.5229998098220676e-06
1965,14085,2,0,0,1.4479992387350649e-06
1966,100446,2,2,1,4.126999556319788e-06
1967,133227,2,2,1,4.104000254301354e-06
1968,110602,2,1,0,1.3570024748332798e-06
1969,46029,2,0,0,1.324002369074151e-06
1970,26733,2,2,1,4.220000846544281e-06
1971,125039,2,2,1,3.984998329542577e-06
1972,59505,2,2,1,3.62599894287996e-06
1973,59508,2,2,1,3.862998710246757e-06
1974,100471,3,2,1,4.659999831346795e-06
1975,43131,2,2,1,4.174999048700556e-06
1976,67729,2,2,1,3.8670004869345576e-06
1977,34970,2,2,1,4.35599940828979e-06
1978,133278,2,2,1,4.108998837182298e-06
1979,125090,2,2,1,4.016001184936613e-06
1980,61117,2,1,0,1.6119993233587593e-06
1981,84131,2,2,1,3.9379992813337594e-06
1982,80189,2,1,0,1.3319986464921385e-06
1983,67756,2,2,1,4.010002157883719e-06
1984,67775,2,2,1,4.07799961976707e-06
1985,75977,2,2,1,3.573000867618248e-06
1986,59596,2,2,1,4.009001713711768e-06
1987,2263,2,2,1,4.2669998947530985e-06
1988,108771,2,2,1,4.189001629129052e-06
1989,100579,2,2,1,4.2380015656817704e-06
1990,3541,2,1,0,1.4500001270789653e-06
1991,2278,2,2,1,3.6519995774142444e-06
1992,84198,3,2,2,3.5610028135124594e-06
1993,2280,2,2,1,3.6239980545360595e-06
1994,116972,2,2,1,3.896999260177836e-06
1995,125166,2,2,1,5.908001185161993e-06
1996,35056,2,2,1,4.380999598652124e-06
1997,116978,2,2,1,3.868000931106508e-06
1998,125190,2,2,1,4.091001756023616e-06
1999,18694,2,2,2,3.4570002753753215e-06
2000,26903,2,2,1,4.003999492852017e-06
2001,80398,2,1,0,1.4569995983038098e-06
2002,2331,2,2,1,4.359997546998784e-06
2003,12339,2,1,0,1.5740006347186863e-06
2004,88420,2,0,0,1.3649987522512674e-06
2005,26932,2,2,1,4.069999704370275e-06
2006,3551,2,1,0,1.4789984561502934e-06
2007,3965,2,0,0,1.448999682907015e-06
2008,26935,2,2,1,3.797002136707306e-06
2009,125956,2,1,0,1.4420002116821706e-06
2010,117053,2,2,2,3.4750009945128113e-06
2011,117054,2,2,1,4.092999006388709e-06
2012,67918,2,2,1,4.288998752599582e-06
2013,92501,2,2,1,4.239998816046864e-06
2014,67926,2,2,1,3.950997779611498e-06
2015,35159,2,2,1,4.069999704370275e-06
2016,67929,2,2,1,3.90299828723073e-06
2017,96159,2,1,0,1.4450015441980213e-06
2018,51546,2,2,1,3.7819991121068597e-06
2019,100722,2,2,1,4.083001840626821e-06
2020,65202,2,1,0,1.4170000213198364e-06
2021,117395,2,0,0,1.405998773407191e-06
2022,125319,2,2,1,3.463999746600166e-06
2023,51594,2,2,1,4.330002411734313e-06
2024,2445,2,2,1,3.9480000850744545e-06
2025,4504,2,1,0,1.4090001059230417e-06
2026,4505,2,0,0,1.2599994079209864e-06
2027,43406,2,2,1,3.956000000471249e-06
2028,67992,2,2,1,4.229998012306169e-06
2029,27036,2,2,1,4.084999090991914e-06
2030,100773,2,2,1,4.056997568113729e-06
2031,2479,2,2,1,3.468001523287967e-06
2032,125371,2,2,1,3.401997673790902e-06
2033,18877,2,2,1,3.706001734826714e-06
2034,125400,2,2,1,3.670000296551734e-06
2035,10718,2,2,1,3.8950020098127425e-06
2036,84459,2,2,1,3.2052001188276336e-05
2037,68082,2,2,1,5.351997970137745e-06
2038,109043,2,2,1,4.469999112188816e-06
2039,68086,2,2,1,4.342000465840101e-06
2040,92665,2,2,1,4.0219965740107e-06
2041,39223,2,1,0,1.5499972505494952e-06
2042,20863,2,0,0,1.424999936716631e-06
2043,10749,2,2,1,3.864999598590657e-06
2044,97638,2,1,0,1.553999027237296e-06
2045,27148,2,2,1,4.955996701028198e-06
2046,27149,2,2,1,4.650002665584907e-06
2047,51730,2,2,1,3.74599767383188e-06
2048,100885,2,2,1,4.288998752599582e-06
2049,84512,2,2,1,6.787002348573878e-06
2050,100907,2,2,1,4.2530009523034096e-06
2051,109105,2,2,1,4.402001650305465e-06
2052,18993,2,2,1,4.47399725089781e-06
2053,109107,2,2,1,4.240999260218814e-06
2054,10805,2,2,1,4.4819971662946045e-06
2055,27190,2,2,1,4.61199670098722e-06
2056,109111,2,2,1,4.245001036906615e-06
2057,2634,2,2,1,4.353001713752747e-06
2058,59984,2,2,1,4.27200211561285e-06
2059,76394,2,2,1,5.73200304643251e-06
2060,88962,2,1,0,1.520002115285024e-06
2061,117356,2,2,1,4.137000360060483e-06
2062,96923,2,1,0,1.4789984561502934e-06
2063,27252,2,2,1,4.764002369483933e-06
2064,76412,2,2,1,4.306999471737072e-06
2065,55064,2,1,0,1.4990000636316836e-06
2066,2685,2,2,1,4.297999112168327e-06
2067,64652,2,1,0,1.5420009731315076e-06
2068,2686,2,2,1,3.894998371833935e-06
2069,101447,2,1,0,1.4469987945631146e-06
2070,117372,3,2,1,3.3750002330634743e-06
2071,84610,2,2,1,4.224399890517816e-05
2072,43652,2,2,1,4.6050008677411824e-06
2073,43653,2,2,1,4.6530003601219505e-06
2074,72406,2,1,0,1.5240002539940178e-06
2075,117386,2,2,1,4.547997377812862e-06
2076,2700,2,2,1,4.008001269539818e-06
2077,47647,2,1,0,1.5650002751499414e-06
2078,109196,2,2,2,3.9140031731221825e-06
2079,125937,2,1,1,2.468001184752211e-06
2080,117396,2,2,1,4.622001142706722e-06
2081,125596,2,2,1,4.139001248404384e-06
2082,27306,2,2,1,3.7819991121068597e-06
2083,52043,2,1,0,1.4979996194597334e-06
2084,60078,2,2,1,4.122000973438844e-06
2085,27312,2,2,1,4.401001206133515e-06
2086,76464,2,2,1,4.330999217927456e-06
2087,12151,2,1,0,1.5320001693908125e-06
2088,24175,2,0,0,1.4930010365787894e-06
2089,84662,2,2,1,3.96000177715905e-06
2090,43708,2,2,1,3.94100061384961e-06
2091,43713,2,2,1,4.322999302530661e-06
2092,2759,2,2,1,3.7429999792948365e-06
2093,78063,2,1,0,1.3979988580103964e-06
2094,60761,2,0,0,1.2919990695081651e-06
2095,43734,2,2,1,4.21599906985648e-06
2096,27350,2,2,1,4.820998583454639e-06
2097,109272,3,2,1,5.285000952426344e-06
2098,52131,2,1,0,1.529999281046912e-06
2099,117473,2,2,1,3.5099983506370336e-06
2100,27365,2,2,1,3.691999154398218e-06
2101,39583,2,1,0,1.3270000636111945e-06
2102,101107,2,2,1,4.309000360080972e-06
2103,92916,2,2,1,3.6819983506575227e-06
2104,76533,2,2,1,4.126002750126645e-06
2105,84728,2,2,1,4.04099773732014e-06
2106,109320,2,2,1,3.7390018405858427e-06
2107,27410,2,2,1,3.875000402331352e-06
2108,119151,2,1,0,1.4060024113859981e-06
2109,62942,2,0,0,1.3419994502328336e-06
2110,109332,2,2,1,4.2339997889939696e-06
2111,2847,2,2,1,4.288001946406439e-06
2112,119681,2,1,0,1.3850003597326577e-06
2113,125734,2,2,1,4.088997229700908e-06
2114,14687,2,1,0,1.3810022210236639e-06
2115,2857,2,2,1,3.7770005292259157e-06
2116,101168,2,2,1,4.369998350739479e-06
2117,60215,2,2,1,4.298999556340277e-06
2118,104265,2,1,0,1.3649987522512674e-06
2119,109373,2,2,1,4.003999492852017e-06
2120,11083,2,2,1,4.251000063959509e-06
2121,101222,2,2,1,3.842000296572223e-06
2122,2919,2,2,1,9.21900209505111e-06
2123,68455,2,2,1,3.814999217865989e-06
2124,101228,2,2,1,5.136000254424289e-06
2125,2925,2,2,1,4.7150024329312146e-06
2126,121929,2,1,0,1.4849974832031876e-06
2127,43889,2,2,1,4.0049999370239675e-06
2128,68471,2,2,1,3.968998498748988e-06
2129,35709,2,2,1,4.978999641025439e-06
2130,19326,2,2,1,4.215002263663337e-06
2131,2965,2,2,1,4.028002877021208e-06
2132,48361,2,1,0,1.462998625356704e-06
2133,60310,2,2,1,4.601999535225332e-06
2134,2969,2,2,1,3.526998625602573e-06
2135,109465,2,2,1,4.707999323727563e-06
2136,96688,2,1,0,1.5780024114064872e-06
2137,64482,2,0,0,1.5219993656501174e-06
2138,125854,2,2,1,4.556000931188464e-06
2139,52130,2,2,1,4.2290012061130255e-06
2140,101282,2,2,1,4.655998054658994e-06
2141,12081,2,1,0,1.3790013326797634e-06
2142,60341,2,2,1,3.755001671379432e-06
2143,70753,2,1,0,1.4260003808885813e-06
2144,62715,2,0,0,1.3589997251983732e-06
2145,3003,2,2,1,4.015997546957806e-06
2146,19389,2,2,2,3.6769997677765787e-06
2147,11199,2,2,1,3.60699777957052e-06
2148,101319,2,2,1,7.730999641353264e-06
2149,8488,3,1,0,1.800999598344788e-06
2150,93132,2,2,1,4.338999133324251e-06
2151,84943,2,2,1,3.935001586796716e-06
2152,52177,2,2,1,4.182002157904208e-06
2153,35796,2,2,1,4.369001544546336e-06
2154,52195,2,2,1,3.7899990275036544e-06
2155,3046,2,2,1,3.982000635005534e-06
2156,27772,2,1,0,1.4090001059230417e-06
2157,93160,2,2,1,4.699999408330768e-06
2158,109546,2,2,1,4.072000592714176e-06
2159,76788,2,2,1,3.7800018617417663e-06
2160,125944,2,2,1,3.740002284757793e-06
2161,76793,2,2,1,3.531997208483517e-06
2162,125946,2,2,1,3.916000423487276e-06
2163,3068,2,2,1,4.239002009853721e-06
2164,3069,2,2,1,3.7050012906547636e-06
2165,109565,2,2,1,4.401998012326658e-06
2166,30923,2,1,0,1.4219986042007804e-06
2167,6873,3,0,0,1.7080019460991025e-06
2168,125957,2,2,1,3.8479993236251175e-06
2169,60426,2,2,1,4.5430024329107255e-06
2170,109581,2,2,1,4.033001459902152e-06
2171,3088,2,2,1,3.5340017348062247e-06
2172,85039,2,2,1,3.6620003811549395e-06
2173,85040,2,2,1,4.067998816026375e-06
2174,3123,2,2,1,4.211000486975536e-06
2175,117812,2,2,1,4.49499930255115e-06
2176,101437,2,2,1,4.1380008042324334e-06
2177,68674,2,2,1,3.855999239021912e-06
2178,3141,2,2,1,3.544999344740063e-06
2179,81004,2,1,0,1.3409990060608834e-06
2180,117831,2,2,1,4.19899879489094e-06
2181,3149,2,2,1,4.563997208606452e-06
2182,85079,2,2,1,4.368001100374386e-06
2183,101464,2,2,1,4.366000212030485e-06
2184,93280,4,2,1,4.816000000573695e-06
2185,27747,2,2,1,4.053999873576686e-06
2186,35947,2,2,1,6.114998541306704e-06
2187,35953,2,2,1,3.635999746620655e-06
2188,120995,2,1,0,1.3419994502328336e-06
2189,109683,2,2,2,3.326000296510756e-06
2190,85108,2,2,1,3.48799949279055e-06
2191,19576,2,2,1,4.554000042844564e-06
2192,27775,2,2,1,4.649002221412957e-06
2193,60810,2,1,0,1.5659970813430846e-06
2194,109699,2,2,1,3.842000296572223e-06
2195,3204,2,2,1,3.836001269519329e-06
2196,68749,2,2,1,3.516997821861878e-06
2197,52366,4,2,1,5.255998985376209e-06
2198,93327,2,2,1,4.027999239042401e-06
2199,126100,3,2,1,5.267000233288854e-06
2200,126102,2,2,1,3.3899996196851134e-06
2201,76950,2,2,1,3.8429971027653664e-06
2202,3233,2,2,1,4.241999704390764e-06
2203,11430,2,2,2,3.282999387010932e-06
2204,76976,2,2,1,4.369001544546336e-06
2205,126917,2,1,0,1.463002263335511e-06
2206,11444,2,2,1,3.866000042762607e-06
2207,85177,2,2,1,4.773999535245821e-06
2208,36026,3,2,1,5.187997885514051e-06
2209,68797,2,2,1,3.937002475140616e-06
2210,101586,2,2,1,3.654000465758145e-06
2211,11478,2,2,1,3.895998816005886e-06
2212,11480,2,2,1,3.9529986679553986e-06
2213,86418,2,1,0,1.482003426644951e-06
2214,14784,2,0,0,1.3999997463542968e-06
2215,109795,2,2,2,3.1720010156277567e-06
2216,117989,2,2,1,3.4700024116318673e-06
2217,52481,2,2,1,3.6999990697950125e-06
2218,60674,2,2,1,3.877001290675253e-06
2219,3331,2,2,1,6.250000296859071e-06
2220,118025,2,2,1,3.240700243622996e-05
2221,11531,2,2,1,8.295002771774307e-06
2222,118027,2,2,1,5.49999822396785e-06
2223,126739,2,1,0,1.8239989003632218e-06
2224,36110,2,2,1,4.229998012306169e-06
2225,85274,2,2,1,3.885001206072047e-06
2226,55714,2,1,0,1.45800004247576e-06
2227,101662,2,2,1,3.769000613829121e-06
2228,52520,2,2,1,4.258003173163161e-06
2229,101673,2,2,1,4.738001734949648e-06
2230,126260,2,2,1,3.8040016079321504e-06
2231,36151,2,2,1,4.335000994615257e-06
2232,122352,2,1,0,1.4940014807507396e-06
2233,46032,2,0,0,1.4809993444941938e-06
2234,19773,2,2,1,4.097997589269653e-06
2235,27973,2,2,1,4.082998202648014e-06
2236,60755,2,1,0,1.4940014807507396e-06
2237,120679,2,0,0,1.4659999578725547e-06
2238,11589,2,2,1,4.785000783158466e-06
2239,11701,2,1,0,1.5179975889623165e-06
2240,96897,2,0,0,1.4760007616132498e-06
2241,3433,2,2,1,4.268000338925049e-06
2242,36202,2,2,1,4.593999619828537e-06
2243,19830,2,2,1,4.466000973479822e-06
2244,109944,3,2,1,2.820997906383127e-06
2245,65597,3,1,1,2.77800063486211e-06
2246,109949,2,2,1,4.084999090991914e-06
2247,28030,2,2,1,3.8529979065060616e-06
2248,28029,3,2,1,4.868998075835407e-06
2249,28035,2,2,1,3.760000254260376e-06
2250,19844,2,2,1,6.203001248650253e-06
2251,19845,2,2,1,3.932997060474008e-06
2252,60817,2,2,1,4.106997948838398e-06
2253,85462,2,1,0,1.5020013961475343e-06
2254,19879,2,2,1,3.426001057960093e-06
2255,75626,3,1,0,1.6929989214986563e-06
2256,19881,2,2,1,4.1620005504228175e-06
2257,5131,2,1,0,1.3860008039046079e-06
2258,48351,2,0,0,1.3259996194392443e-06
2259,93611,2,2,1,4.435001756064594e-06
2260,69052,2,2,1,4.05999890062958e-06
2261,36291,2,2,1,3.9289989217650145e-06
2262,4160,2,1,0,1.7189995560329407e-06
2263,69842,2,0,0,1.434000296285376e-06
2264,101827,3,2,1,4.749999789055437e-06
2265,69066,2,2,1,3.866000042762607e-06
2266,55051,2,1,0,1.405001967214048e-06
2267,11723,4,2,1,5.088000762043521e-06
2268,91031,3,1,0,1.6269987099803984e-06
2269,19923,2,2,1,4.4480002543423325e-06
2270,44503,2,2,1,4.0289996832143515e-06
2271,85482,2,2,1,3.7760000850539654e-06
2272,28138,3,2,1,4.63099786429666e-06
2273,19952,2,2,1,4.2339997889939696e-06
2274,30445,2,1,0,1.5020013961475343e-06
2275,101873,2,2,1,3.831999492831528e-06
2276,110589,2,1,0,1.4969991752877831e-06
2277,3603,2,2,2,4.023000656161457e-06
2278,69143,2,2,1,4.601999535225332e-06
2279,85536,3,2,1,4.9150003178510815e-06
2280,101930,2,2,1,3.960998583352193e-06
2281,52786,2,2,1,4.346999048721045e-06
2282,3682,2,2,1,4.559999069897458e-06
2283,36455,2,2,1,4.413999704411253e-06
2284,69236,2,2,1,3.974000719608739e-06
2285,93842,2,2,2,3.125001967418939e-06
2286,54192,2,1,1,2.1039995772298425e-06
2287,102038,3,2,1,3.1039999157655984e-06
2288,93859,2,2,1,3.7659992813132703e-06
2289,52909,3,2,1,4.8670008254703134e-06
2290,93886,2,2,1,4.135999915888533e-06
2291,77505,2,2,1,3.853998350678012e-06
2292,95701,2,1,0,1.2980017345398664e-06
2293,93891,2,2,1,5.228997906669974e-06
2294,118483,2,2,1,4.151999746682122e-06
2295,52948,2,2,1,4.069999704370275e-06
2296,36566,2,2,1,4.366000212030485e-06
2297,110296,2,2,1,3.927998477593064e-06
2298,126684,3,2,1,2.877000952139497e-06
2299,28391,2,2,1,3.650999133242294e-06
2300,20207,2,2,1,3.6620003811549395e-06
2301,128156,2,1,0,1.5350015019066632e-06
2302,29800,3,1,1,2.534001396270469e-06
2303,102133,2,2,1,3.879002179019153e-06
2304,69365,2,2,1,3.916997229680419e-06
2305,20215,2,2,1,4.5769993448629975e-06
2306,61176,2,2,1,3.861001459881663e-06
2307,52983,2,2,1,4.142002580920234e-06
2308,3833,2,2,1,3.968001692555845e-06
2309,7592,3,1,0,2.0509978639893234e-06
2310,44795,2,2,1,3.889999788952991e-06
2311,61435,2,1,0,1.3509998098015785e-06
2312,126724,2,2,1,5.071000487077981e-06
2313,102167,2,2,1,6.5300009737256914e-06
2314,114624,2,1,0,5.10300014866516e-06
2315,110364,2,2,1,7.335002010222524e-06
2316,110365,2,2,1,6.275997293414548e-06
2317,118559,2,2,1,9.757099905982614e-05
2318,110367,2,2,1,1.3220000255387276e-05
2319,69413,2,2,1,5.319001502357423e-06
2320,53572,2,1,0,1.877000613603741e-06
2321,96832,2,0,0,1.4649995137006044e-06
2322,12073,3,2,2,4.2620013118721545e-06
2323,12077,2,2,1,3.830002242466435e-06
2324,12078,2,2,1,4.333000106271356e-06
2325,3888,2,2,1,3.6940000427421182e-06
2326,110683,2,1,0,1.644002622924745e-06
2327,28788,2,0,0,1.4280012692324817e-06
2328,12086,2,2,1,3.863999154418707e-06
2329,15269,2,1,0,1.4370016288012266e-06
2330,32212,2,0,0,1.33900175569579e-06
2331,85837,2,2,1,4.074001481058076e-06
2332,4076,2,1,0,1.390999386785552e-06
2333,44881,2,2,1,3.7480022001545876e-06
2334,40045,3,1,0,1.830001565394923e-06
2335,110424,2,2,1,3.698001819429919e-06
2336,21344,3,1,0,1.7239981389138848e-06
2337,85857,2,2,1,4.112000169698149e-06
2338,85877,2,2,1,4.804998752661049e-06
2339,85879,2,2,1,3.8670004869345576e-06
2340,69973,3,1,0,1.934000465553254e-06
2341,110456,2,2,1,3.884000761900097e-06
2342,110461,2,2,1,3.6619967431761324e-06
2343,61312,2,2,1,3.7610006984323263e-06
2344,44938,2,2,1,4.803001502295956e-06
2345,126862,2,2,1,3.7520003388635814e-06
2346,44944,2,2,1,4.542001988738775e-06
2347,85908,2,2,1,3.6139972507953644e-06
2348,122349,2,1,0,1.4609977370128036e-06
2349,12187,2,2,1,3.82000143872574e-06
2350,110506,2,2,1,3.832999937003478e-06
2351,36782,2,2,1,4.835001163883135e-06
2352,102330,4,2,1,4.920999344903976e-06
2353,94146,2,1,0,1.3940007193014026e-06
2354,129835,2,0,0,1.3349999790079892e-06
2355,94143,2,2,1,4.147001163801178e-06
2356,94144,2,2,1,3.5759985621552914e-06
2357,102336,2,2,1,3.973000275436789e-06
2358,20419,2,2,1,3.829998604487628e-06
2359,94145,2,2,1,4.692999937105924e-06
2360,4032,3,2,1,5.4439988161902875e-06
2361,86525,2,1,0,1.5619989426340908e-06
2362,102345,2,2,1,4.227000317769125e-06
2363,110547,2,2,1,4.268000338925049e-06
2364,85973,2,2,1,4.49299841420725e-06
2365,54449,2,1,0,1.3730023056268692e-06
2366,69594,2,2,1,4.339999577496201e-06
2367,36827,2,2,1,4.326000635046512e-06
2368,69596,2,2,1,3.844997991109267e-06
2369,4067,2,2,1,4.139001248404384e-06
2370,4068,2,2,1,4.212000931147486e-06
2371,85997,3,2,1,4.709996574092656e-06
2372,73252,2,1,0,1.414999132975936e-06
2373,86002,2,2,1,4.421999619808048e-06
2374,61430,2,2,1,4.755998816108331e-06
2375,53239,2,2,1,3.916000423487276e-06
2376,129012,2,1,0,1.45800004247576e-06
2377,126966,2,2,1,6.439000571845099e-06
2378,45054,2,2,1,4.0389968489762396e-06
2379,61440,2,2,1,3.76499883714132e-06
2380,104075,2,1,0,1.4039978850632906e-06
2381,86018,2,2,1,3.6849996831733733e-06
2382,95879,2,1,0,1.2639975466299802e-06
2383,34101,5,1,0,2.61999957729131e-06
2384,110597,2,2,1,3.8520011003129184e-06
2385,126985,2,2,1,3.769000613829121e-06
2386,81311,2,1,0,1.520002115285024e-06
2387,110603,2,2,1,3.839999408228323e-06
2388,77836,2,2,1,4.191002517472953e-06
2389,4111,2,2,1,6.494999979622662e-06
2390,126992,2,2,1,4.284000169718638e-06
2391,86035,2,2,1,3.949000529246405e-06
2392,110623,2,2,1,4.017998435301706e-06
2393,16303,2,1,0,1.5549994714092463e-06
2394,110626,3,2,1,3.056800051126629e-05
2395,28707,2,2,1,7.573002221761271e-06
2396,110631,2,2,1,4.525998519966379e-06
2397,55560,2,1,0,1.6459998732898384e-06
2398,77883,2,2,1,4.879999323748052e-06
2399,69705,2,2,1,4.025001544505358e-06
2400,39963,2,1,0,1.4500001270789653e-06
2401,69710,2,2,1,3.8569996831938624e-06
2402,127057,2,2,1,4.296001861803234e-06
2403,102490,3,2,1,5.1489987527020276e-06
2404,127067,2,2,1,3.7989993870723993e-06
2405,127070,3,2,1,3.0129995138850063e-06
2406,102498,5,2,1,6.5209969761781394e-06
2407,94315,2,2,1,4.347002686699852e-06
2408,102532,2,2,1,4.037996404804289e-06
2409,16059,2,1,0,1.444001100026071e-06
2410,127122,2,2,1,4.016001184936613e-06
2411,127123,2,2,1,3.6849996831733733e-06
2412,4244,3,2,1,4.708999767899513e-06
2413,118938,2,2,1,3.569999535102397e-06
2414,127129,2,2,1,4.191002517472953e-06
2415,12465,3,1,0,1.8470018403604627e-06
2416,46576,2,0,0,1.4090001059230417e-06
2417,45212,2,2,2,4.058001650264487e-06
2418,53405,2,2,1,3.48799949279055e-06
2419,110750,2,2,1,3.954999556299299e-06
2420,20638,2,2,1,3.858000127365813e-06
2421,12450,2,2,1,3.7039972085040063e-06
2422,77986,2,2,1,4.293000529287383e-06
2423,20656,2,2,1,3.839999408228323e-06
2424,56860,2,1,0,1.377000444335863e-06
2425,37046,2,2,1,4.527999408310279e-06
2426,102582,4,2,1,4.980000085197389e-06
2427,29739,2,1,0,1.4850011211819947e-06
2428,94393,2,2,1,3.6279998312238604e-06
2429,102586,2,2,1,3.7770005292259157e-06
2430,86204,2,2,1,4.155997885391116e-06
2431,86210,4,2,1,5.365000106394291e-06
2432,4292,2,2,1,4.204001015750691e-06
2433,110790,2,2,1,4.613000783137977e-06
2434,94410,2,2,1,4.526002157945186e-06
2435,94414,2,2,1,4.042001819470897e-06
2436,37071,2,2,1,4.09700078307651e-06
2437,4305,2,2,1,4.3670006562024355e-06
2438,20692,3,2,1,4.3860018195118755e-06
2439,28888,2,2,1,4.164001438766718e-06
2440,20698,2,2,1,3.6389974411576986e-06
2441,112509,2,1,0,3.1429990485776216e-06
2442,86234,2,2,1,4.197001544525847e-06
2443,45274,2,2,1,4.590001481119543e-06
2444,63627,2,1,0,1.4370016288012266e-06
2445,20704,3,2,1,4.6099994506221265e-06
2446,20714,2,2,1,3.831999492831528e-06
2447,20715,2,2,1,4.478999471757561e-06
2448,119032,2,2,1,4.211000486975536e-06
2449,28934,2,2,1,3.892000677296892e-06
2450,4378,2,2,1,4.051002179039642e-06
2451,97608,2,1,0,1.382002665195614e-06
2452,53531,2,2,1,3.972003469243646e-06
2453,20779,2,2,1,3.520999598549679e-06
2454,20781,2,2,1,4.426001396495849e-06
2455,20783,2,2,2,3.1050003599375486e-06
2456,69937,2,2,2,3.6890014598611742e-06
2457,119094,2,2,1,4.227000317769125e-06
2458,119100,2,2,1,4.486999387154356e-06
2459,94525,2,2,1,4.321998858358711e-06
2460,102722,2,2,1,4.1520033846609294e-06
2461,20803,2,2,1,4.1669991333037615e-06
2462,94533,2,2,1,4.5529995986726135e-06
2463,69960,2,2,2,3.397002728888765e-06
2464,69980,4,2,1,4.53300162917003e-06
2465,111601,2,1,0,1.5209989214781672e-06
2466,120157,2,0,0,1.3250028132461011e-06
2467,78182,2,2,1,4.94800042361021e-06
2468,119159,2,2,1,4.550998710328713e-06
2469,4475,2,2,1,4.183999408269301e-06
2470,4481,2,2,1,3.7299978430382907e-06
2471,20866,2,2,1,4.222998541081324e-06
2472,45445,3,2,1,4.860001354245469e-06
2473,97817,2,1,0,1.5540026652161032e-06
2474,45451,2,2,1,3.6480014387052506e-06
2475,20875,2,2,1,4.465997335501015e-06
2476,29067,2,2,1,3.9670012483838946e-06
2477,54546,2,1,0,1.5080004232004285e-06
2478,4500,2,2,1,4.1799976315815e-06
2479,4503,2,2,1,3.7899990275036544e-06
2480,97931,2,1,0,1.3330027286428958e-06
2481,95181,2,0,0,1.3930002751294523e-06
2482,102809,2,2,1,3.959998139180243e-06
2483,45464,2,2,1,3.9240003388840705e-06
2484,78236,2,2,1,4.246998287271708e-06
2485,119198,2,2,1,4.120000085094944e-06
2486,102817,2,2,1,3.842000296572223e-06
2487,78243,2,2,1,4.336001438787207e-06
2488,20904,2,2,1,4.09700078307651e-06
2489,105926,2,1,0,1.4399993233382702e-06
2490,78248,3,2,1,3.9760016079526395e-06
2491,87337,2,1,0,1.3700009731110185e-06
2492,20913,2,2,1,3.9379992813337594e-06
2493,53682,2,2,1,3.5480006772559136e-06
2494,4532,2,2,1,3.7770005292259157e-06
2495,4541,2,2,1,4.697001713793725e-06
2496,29128,2,2,1,3.7710015021730214e-06
2497,53709,2,2,1,4.2050014599226415e-06
2498,70112,2,2,1,4.6240020310506225e-06
2499,102880,2,2,1,4.167999577475712e-06
2500,129009,2,1,0,1.486001565353945e-06
2501,128032,3,0,0,1.7279999156016856e-06
2502,20978,2,2,1,3.531000402290374e-06
2503,70143,2,2,1,3.8860016502439976e-06
2504,29187,2,2,1,3.878001734847203e-06
2505,78342,2,2,1,6.031001248629764e-06
2506,78370,2,2,1,3.995999577455223e-06
2507,56970,2,1,0,1.3899989426136017e-06
2508,12835,2,2,1,7.908001862233505e-06
2509,70202,2,2,1,4.437999450601637e-06
2510,45652,4,2,1,5.179997970117256e-06
2511,25976,5,1,0,2.387998392805457e-06
2512,45790,2,0,0,1.3620010577142239e-06
2513,78426,2,2,1,4.0380000427830964e-06
2514,62049,2,2,1,4.031000571558252e-06
2515,106228,2,1,0,1.5170007827691734e-06
2516,103013,2,2,1,4.363999323686585e-06
2517,45671,2,2,1,3.5990015021525323e-06
2518,56914,2,1,0,1.4280012692324817e-06
2519,62067,2,2,1,4.4959997467231005e-06
2520,127606,2,2,1,4.302000888856128e-06
2521,29302,2,2,1,3.411998477531597e-06
2522,62076,2,2,1,3.818000550381839e-06
2523,57190,2,1,0,1.4069992175791413e-06
2524,86652,2,2,1,3.7489990063477308e-06
2525,104095,2,1,0,1.4239994925446808e-06
2526,70276,2,2,1,3.573000867618248e-06
2527,70278,2,2,1,4.102999810129404e-06
2528,4742,2,2,1,4.457000613911077e-06
2529,70337,2,1,0,1.5969999367371202e-06
2530,63113,3,0,0,1.7169986676890403e-06
2531,94858,2,2,1,3.35000004270114e-06
2532,78476,4,2,1,4.680001438828185e-06
2533,103053,2,2,1,3.911001840606332e-06
2534,94864,2,2,1,3.987999662058428e-06
2535,78480,2,2,1,3.602999640861526e-06
2536,29328,2,2,1,4.360997991170734e-06
2537,62104,2,2,1,4.248999175615609e-06
2538,127642,2,2,1,4.53100074082613e-06
2539,94880,2,2,1,4.5529995986726135e-06
2540,62117,2,2,1,4.358000296633691e-06
2541,37544,2,2,1,4.011002602055669e-06
2542,86697,2,2,1,3.978999302489683e-06
2543,127662,2,2,1,4.43000317318365e-06
2544,86704,2,2,1,3.8190009945537895e-06
2545,5234,2,1,0,1.505999534856528e-06
2546,129013,2,0,0,1.4309989637695253e-06
2547,4790,2,2,1,3.473000106168911e-06
2548,12998,2,2,1,3.6130004446022213e-06
2549,94918,2,2,1,5.289999535307288e-06
2550,21202,2,2,1,3.970999387092888e-06
2551,21203,2,2,1,4.0670020098332316e-06
2552,78554,2,2,1,3.6870005715172738e-06
2553,127712,2,2,1,3.492001269478351e-06
2554,106244,3,1,0,1.9170001905877143e-06
2555,78566,2,2,1,3.984998329542577e-06
2556,86759,2,2,1,4.079996870132163e-06
2557,13032,2,2,1,4.1480016079731286e-06
2558,94963,2,2,1,4.0760023694019765e-06
2559,54004,2,2,1,5.802001396659762e-06
2560,30063,2,1,0,1.3470016710925847e-06
2561,13047,2,2,1,3.932000254280865e-06
2562,119546,2,2,1,4.174999048700556e-06
2563,54012,2,2,1,4.333000106271356e-06
2564,45826,2,2,1,3.716999344760552e-06
2565,127749,2,2,1,3.7809986679349095e-06
2566,127750,2,2,1,4.31799708167091e-06
2567,127752,2,2,1,4.072000592714176e-06
2568,106056,2,1,0,1.4129982446320355e-06
2569,78601,2,2,1,6.501002644654363e-06
2570,54026,2,2,1,4.165001882938668e-06
2571,62220,2,2,1,3.94000016967766e-06
2572,54030,2,2,1,4.41100200987421e-06
2573,62226,2,2,1,3.9810001908335835e-06
2574,62227,2,2,1,4.07799961976707e-06
2575,111388,3,2,1,4.51099913334474e-06
2576,21385,2,1,0,1.4890028978697956e-06
2577,119582,2,2,1,4.192999767838046e-06
2578,62242,2,2,1,4.199002432869747e-06
2579,31415,2,1,0,1.5369987522717565e-06
2580,4905,2,2,1,3.50700065609999e-06
2581,103211,2,2,1,4.547997377812862e-06
2582,54059,2,2,1,3.042699972866103e-05
2583,103213,2,2,1,6.728001608280465e-06
2584,4911,2,2,1,5.265999789116904e-06
2585,7951,2,1,0,1.9069993868470192e-06
2586,4471,3,1,1,2.724998921621591e-06
2587,103218,2,2,1,4.53000029665418e-06
2588,62262,2,2,1,4.0240011003334075e-06
2589,86845,2,1,0,1.5000005078036338e-06
2590,86839,2,2,1,3.821998689090833e-06
2591,95786,3,1,0,1.75300010596402e-06
2592,70460,2,2,1,4.261997673893347e-06
2593,119618,2,2,1,4.257999535184354e-06
2594,103235,2,2,1,4.07699917559512e-06
2595,6083,2,1,0,1.7029997252393514e-06
2596,93970,3,1,1,2.820001100189984e-06
2597,119622,2,2,2,3.811997885350138e-06
2598,70479,2,2,1,4.0760023694019765e-06
2599,45903,3,2,1,4.6499990276061e-06
2600,54100,2,2,1,4.27400300395675e-06
2601,79630,2,1,0,1.5459991118405014e-06
2602,54102,2,2,1,4.409001121530309e-06
2603,13146,2,2,1,3.796998498728499e-06
2604,95071,2,2,1,3.9719998312648386e-06
2605,103265,2,2,1,3.881999873556197e-06
2606,78696,2,2,1,4.35599940828979e-06
2607,33513,5,1,0,2.6899979275185615e-06
2608,29547,2,2,1,4.728099884232506e-05
2609,119665,2,2,1,4.193003405816853e-06
2610,122165,2,1,0,1.448002876713872e-06
2611,119671,2,2,2,3.303000994492322e-06
2612,4985,2,2,1,4.0289996832143515e-06
2613,62349,2,2,1,4.126999556319788e-06
2614,62362,2,2,1,3.8760008465033025e-06
2615,54183,2,2,1,4.311001248424873e-06
2616,54184,2,2,1,4.484001692617312e-06
2617,54190,2,2,1,3.7630015867762268e-06
2618,6660,2,1,0,1.3520002539735287e-06
2619,86961,2,2,1,3.668999852379784e-06
2620,86965,2,2,1,4.059002094436437e-06
2621,37818,2,2,1,3.739998646778986e-06
2622,56224,2,1,0,1.4219986042007804e-06
2623,54207,2,2,1,3.828001354122534e-06
2624,103364,2,2,1,3.943998308386654e-06
2625,13257,4,2,1,5.013000190956518e-06
2626,5066,2,2,1,3.7950012483634055e-06
2627,86991,2,2,1,3.679000656120479e-06
2628,21471,3,2,1,4.396002623252571e-06
2629,97218,2,1,0,1.606000296305865e-06
2630,21472,2,2,1,4.382000042824075e-06
2631,5089,2,2,1,3.7179997889325023e-06
2632,21475,2,2,1,6.727997970301658e-06
2633,22769,2,1,0,1.5849982446525246e-06
2634,54247,2,2,1,3.827000909950584e-06
2635,21479,2,2,1,4.859997716266662e-06
2636,70638,2,2,1,4.194000212009996e-06
2637,122160,2,1,0,1.4760007616132498e-06
2638,70639,2,2,1,3.914999979315326e-06
2639,111617,2,2,1,4.382000042824075e-06
2640,103432,2,2,1,3.7390018405858427e-06
2641,111635,2,2,2,3.529999958118424e-06
2642,37908,2,2,1,4.0859995351638645e-06
2643,95252,2,2,1,3.7179997889325023e-06
2644,111640,2,2,1,4.498997441260144e-06
2645,111641,2,2,1,4.660003469325602e-06
2646,87065,4,2,1,4.785997589351609e-06
2647,48934,2,1,0,1.4329998521134257e-06
2648,62573,2,0,0,1.4450015441980213e-06
2649,103454,2,2,1,3.6089986679144204e-06
2650,128033,2,2,1,3.577999450499192e-06
2651,21538,2,2,1,3.90299828723073e-06
2652,46115,2,2,1,3.9480000850744545e-06
2653,111945,2,1,0,1.3749995559919626e-06
2654,21539,2,2,1,3.866000042762607e-06
2655,21568,2,2,1,4.0859995351638645e-06
2656,78922,2,2,1,4.4959997467231005e-06
2657,62540,2,2,1,3.947003278881311e-06
2658,78925,2,2,1,3.650002327049151e-06
2659,81456,2,1,0,1.4609977370128036e-06
2660,46158,2,2,1,4.008998075732961e-06
2661,13396,2,2,1,4.100998921785504e-06
2662,87130,2,2,1,4.490000719670206e-06
2663,54364,2,2,1,4.273999365977943e-06
2664,70752,2,2,1,3.502998879412189e-06
2665,37987,2,2,1,4.37600101577118e-06
2666,70760,2,2,1,4.002999048680067e-06
2667,5229,2,2,1,4.358000296633691e-06
2668,62590,2,2,1,3.968001692555845e-06
2669,21631,2,2,1,3.5800003388430923e-06
2670,70783,2,2,1,3.7530007830355316e-06
2671,54402,2,2,1,3.735000063898042e-06
2672,54416,2,2,1,4.226003511575982e-06
2673,29842,2,2,2,3.17399826599285e-06
2674,54425,2,2,1,4.561003152048215e-06
2675,5284,2,2,1,4.1290004446636885e-06
2676,79388,2,1,0,1.4779980119783431e-06
2677,119973,2,2,2,3.9520018617622554e-06
2678,112945,5,1,1,3.987002855865285e-06
2679,54441,2,2,1,3.92199945054017e-06
2680,87502,2,1,0,1.4219986042007804e-06
2681,54451,2,2,1,3.924997145077214e-06
2682,54454,3,2,1,2.745000529102981e-06
2683,54459,2,2,1,3.7709978641942143e-06
2684,128205,2,2,1,4.427998646860942e-06
2685,72813,2,1,0,1.4229990483727306e-06
2686,29902,3,2,1,5.35899744136259e-06
2687,62702,2,2,1,4.106001142645255e-06
2688,54527,2,2,1,3.554996510501951e-06
2689,5981,2,1,0,1.5990008250810206e-06
2690,46344,2,2,1,8.754999726079404e-06
2691,13584,2,2,1,4.106001142645255e-06
2692,29985,2,2,1,4.666999302571639e-06
2693,81368,2,1,0,1.481999788666144e-06
2694,5421,2,2,1,3.9719998312648386e-06
2695,87345,2,2,1,3.914999979315326e-06
2696,95539,2,2,1,6.187998224049807e-06
2697,70975,2,2,1,4.208999598631635e-06
2698,111938,2,2,1,3.602999640861526e-06
2699,70981,2,2,2,2.9510010790545493e-06
2700,13649,2,2,1,4.075998731423169e-06
2701,54614,2,2,1,4.016997991129756e-06
2702,103769,2,2,1,3.7680001696571708e-06
2703,54952,2,1,0,1.5470031939912587e-06
2704,103786,2,2,1,4.018998879473656e-06
2705,87421,2,2,1,3.970002580899745e-06
2706,87549,2,1,0,1.3839999155607074e-06
2707,62849,3,2,1,4.51199957751669e-06
2708,7472,3,1,0,1.672997314017266e-06
2709,87426,2,2,1,3.7729987525381148e-06
2710,64633,2,1,0,1.3210010365583003e-06
2711,62854,2,2,1,4.35599940828979e-06
2712,5512,2,2,2,3.1700001272838563e-06
2713,79240,2,2,1,3.9289989217650145e-06
2714,120207,2,2,1,3.7089994293637574e-06
2715,38290,2,2,1,3.711000317707658e-06
2716,15212,2,1,0,1.3919998309575021e-06
2717,21914,2,2,1,4.7579997044522315e-06
2718,62878,2,2,2,4.231998900650069e-06
2719,13741,2,2,1,3.746001311810687e-06
2720,13743,2,2,1,4.459001502254978e-06
2721,30129,2,2,2,3.4429976949468255e-06
2722,13745,2,2,1,3.9000005926936865e-06
2723,120252,2,2,1,3.9719998312648386e-06
2724,112086,2,2,1,4.351000825408846e-06
2725,87511,2,2,1,4.278997948858887e-06
2726,71129,2,2,1,4.61199670098722e-06
2727,30170,2,2,1,4.146000719629228e-06
2728,46557,2,2,1,3.544999344740063e-06
2729,112094,3,2,1,6.656002369709313e-06
2730,46559,2,2,1,3.926998033421114e-06
2731,130273,2,1,0,1.4190009096637368e-06
2732,62949,2,2,1,4.408997483551502e-06
2733,13806,2,2,1,4.104000254301354e-06
2734,30196,2,2,1,4.174999048700556e-06
2735,62968,2,2,1,4.050998541060835e-06
2736,38417,2,2,1,4.285997420083731e-06
2737,87664,2,1,0,1.4090001059230417e-06
2738,120338,2,2,1,4.392997652757913e-06
2739,95766,2,2,1,4.002999048680067e-06
2740,112173,2,2,1,4.5339984353631735e-06
2741,87598,2,2,1,4.3340005504433066e-06
2742,38450,2,2,1,4.0619997889734805e-06
2743,79413,2,2,1,4.317000275477767e-06
2744,47714,2,1,0,1.5509976947214454e-06
2745,71226,2,2,1,3.5989978641737252e-06
2746,112184,2,2,1,4.030000127386302e-06
2747,103997,2,2,1,4.400000761961564e-06
2748,104001,2,2,1,3.893001121468842e-06
2749,13890,2,2,1,4.270001227268949e-06
2750,104005,2,2,1,3.7469981180038303e-06
2751,79450,2,2,1,4.9579975893720984e-06
2752,79451,2,2,1,4.239002009853721e-06
2753,95843,2,2,1,4.131001333007589e-06
2754,95845,2,2,1,4.169000021647662e-06
2755,5736,2,2,1,4.113997420063242e-06
2756,104041,2,2,1,4.1860002966132015e-06
2757,104048,2,2,1,3.818000550381839e-06
2758,5746,2,2,1,3.878998541040346e-06
2759,13945,2,2,1,4.031000571558252e-06
2760,112264,2,2,1,6.526999641209841e-06
2761,63115,2,2,1,4.341000021668151e-06
2762,63121,2,2,1,9.127001248998567e-06
2763,95895,2,2,1,5.031000910094008e-06
2764,13976,2,2,1,5.087000317871571e-06
2765,13977,2,2,1,4.936002369504422e-06
2766,104094,2,2,1,4.306002665543929e-06
2767,71330,2,2,1,4.158002411713824e-06
2768,5800,2,2,1,4.08000050811097e-06
2769,5802,2,2,1,4.135999915888533e-06
2770,87726,3,2,1,4.523000825429335e-06
2771,112304,2,2,1,3.6339988582767546e-06
2772,32721,2,1,0,1.630000042496249e-06
2773,5812,2,2,1,3.802997525781393e-06
2774,7708,2,1,0,1.338998117716983e-06
2775,46784,2,2,1,4.345001798355952e-06
2776,71371,4,2,1,4.90999809699133e-06
2777,95953,2,2,1,4.37600101577118e-06
2778,46803,2,2,1,3.4820004657376558e-06
2779,95956,2,2,2,3.3759970392566174e-06
2780,71389,2,2,1,4.607001756085083e-06
2781,5867,2,2,1,3.914999979315326e-06
2782,112367,2,2,1,4.926001565763727e-06
2783,89606,2,1,0,1.4300021575763822e-06
2784,30466,3,2,1,4.506997356656939e-06
2785,89836,2,1,0,1.5749974409118295e-06
2786,46858,2,2,1,3.878998541040346e-06
2787,55056,2,2,1,4.236997483531013e-06
2788,14105,2,2,1,3.878001734847203e-06
2789,120604,2,2,1,4.2479987314436585e-06
2790,38685,2,2,1,3.973997081629932e-06
2791,79648,2,2,1,3.989000106230378e-06
2792,30513,2,2,1,4.421999619808048e-06
2793,112435,2,2,1,3.565000952221453e-06
2794,65022,2,1,0,1.4140023267827928e-06
2795,63287,2,2,1,4.315300247981213e-05
2796,22343,2,2,1,5.280999175738543e-06
2797,128854,2,2,1,3.6429992178454995e-06
2798,128857,2,2,1,4.063000233145431e-06
2799,128858,2,2,1,4.020999767817557e-06
2800,5980,2,2,1,4.1669991333037615e-06
2801,104299,2,2,1,3.510998794808984e-06
2802,46964,2,2,1,4.276000254321843e-06
2803,96119,2,2,1,3.907996870111674e-06
2804,104318,3,2,1,4.084002284798771e-06
2805,128905,2,2,1,3.8190009945537895e-06
2806,30601,3,2,1,4.755998816108331e-06
2807,55183,2,2,1,5.388003046391532e-06
2808,55206,2,2,2,3.23100175592117e-06
2809,71619,2,2,1,3.7989993870723993e-06
2810,71624,3,2,1,5.4440024541690946e-06
2811,55383,2,1,0,1.4620018191635609e-06
2812,120779,2,2,1,4.351997631601989e-06
2813,30668,2,2,1,4.118999640922993e-06
2814,88014,2,2,1,4.397999873617664e-06
2815,55247,2,2,1,3.848999767797068e-06
2816,105707,3,1,0,1.8149985407944769e-06
2817,14288,2,2,1,4.213998181512579e-06
2818,104404,2,2,1,4.106997948838398e-06
2819,120794,2,2,1,4.2909996409434825e-06
2820,112606,2,2,1,4.006997187389061e-06
2821,120802,2,2,1,3.7059980968479067e-06
2822,38884,2,2,1,4.069999704370275e-06
2823,38890,3,2,1,4.3239997467026114e-06
2824,57014,2,1,0,3.2059979275800288e-06
2825,104431,2,2,1,4.387999069876969e-06
2826,30704,2,2,1,4.352001269580796e-06
2827,30705,2,2,1,4.0219965740107e-06
2828,63485,2,2,1,4.440000338945538e-06
2829,63488,2,2,1,5.235000571701676e-06
2830,112641,2,2,1,3.969998942920938e-06
2831,40683,2,1,0,1.4310026017483324e-06
2832,120835,2,2,1,3.825000021606684e-06
2833,96262,2,2,1,4.074998287251219e-06
2834,14342,3,2,1,5.164001777302474e-06
2835,30735,2,2,1,3.7190002331044525e-06
2836,129039,2,2,1,4.663997970055789e-06
2837,71723,2,2,1,4.362998879514635e-06
2838,14406,2,2,1,3.701999958138913e-06
2839,71754,4,2,2,4.207999154459685e-06
2840,38987,2,2,1,3.935001586796716e-06
2841,64570,2,1,0,1.420001353835687e-06
2842,112717,3,2,1,3.8760008465033025e-06
2843,112719,2,2,1,4.107998393010348e-06
2844,55378,3,2,1,5.525998858502135e-06
2845,79975,2,2,1,4.179000825388357e-06
2846,129149,2,2,1,4.187997546978295e-06
2847,22655,2,2,1,3.935998392989859e-06
2848,88200,2,2,1,4.104000254301354e-06
2849,63628,2,2,1,4.377001459943131e-06
2850,63629,2,2,1,3.5230004868935794e-06
2851,30865,2,2,1,4.322002496337518e-06
2852,96430,2,2,1,4.257999535184354e-06
2853,129203,2,2,1,3.577999450499192e-06
2854,96437,2,2,1,4.0339982660952955e-06
2855,63673,2,2,1,4.935001925332472e-06
2856,104655,2,2,1,4.361001629149541e-06
2857,96463,5,2,1,6.291000318014994e-06
2858,47315,2,2,1,5.885998689336702e-06
2859,14763,2,1,0,2.248998498544097e-06
2860,6365,2,2,1,5.645000783260912e-06
2861,63719,2,2,1,0.0005176550002943259
2862,55540,2,2,1,5.145000613993034e-06
2863,55541,2,1,0,1.853000867413357e-06
2864,63773,2,2,1,4.363999323686585e-06
2865,88357,2,2,1,5.7920005929190665e-06
2866,88358,2,2,1,4.049001290695742e-06
2867,6445,2,2,1,4.293000529287383e-06
2868,112957,2,2,1,4.081997758476064e-06
2869,121151,2,2,1,4.318000719649717e-06
2870,112976,4,2,1,5.164998583495617e-06
2871,96601,2,2,1,4.835997970076278e-06
2872,47449,2,2,1,4.626999725587666e-06
2873,63842,4,2,1,4.8670008254703134e-06
2874,31345,2,1,0,1.4069992175791413e-06
2875,31077,2,2,1,4.37299968325533e-06
2876,121189,5,2,1,4.969002475263551e-06
2877,31079,2,2,1,4.094003088539466e-06
2878,96616,2,2,1,4.161000106250867e-06
2879,22893,2,2,1,4.112000169698149e-06
2880,72048,2,2,1,3.943998308386654e-06
2881,63860,2,2,1,4.796998837264255e-06
2882,14711,2,2,1,4.102003003936261e-06
2883,63869,2,2,1,4.146997525822371e-06
2884,32370,2,1,0,1.4159995771478862e-06
2885,121212,2,2,1,4.8199981392826885e-06
2886,121218,2,2,1,4.728000931208953e-06
2887,6530,2,2,1,1.121400055126287e-05
2888,63878,2,2,1,4.130000888835639e-06
2889,129462,4,2,2,4.662000719690695e-06
2890,6597,2,2,1,4.564000846585259e-06
2891,6613,2,2,1,4.637000529328361e-06
2892,96746,2,2,1,4.273999365977943e-06
2893,88571,2,2,1,4.499001079238951e-06
2894,88578,2,2,1,3.927998477593064e-06
2895,506,3,1,0,2.130000211764127e-06
2896,746,6,1,1,3.6810015444643795e-06
2897,39436,2,2,1,4.049001290695742e-06
2898,39448,2,1,0,1.41999771585688e-06
2899,104277,4,1,1,9.436000254936516e-06
2900,88599,2,2,1,3.7899990275036544e-06
2901,39450,2,2,1,4.362998879514635e-06
2902,47643,2,2,2,3.7000027077738196e-06
2903,88602,2,2,1,3.836998075712472e-06
2904,31264,2,2,1,3.5869998100679368e-06
2905,23085,2,2,1,3.716999344760552e-06
2906,96819,2,2,1,4.341000021668151e-06
2907,39714,2,1,0,1.4220022421795875e-06
2908,55860,2,2,1,4.084002284798771e-06
2909,55864,2,2,1,3.0699993658345193e-06
2910,80442,2,2,1,4.044999514007941e-06
2911,72251,2,2,1,4.094999894732609e-06
2912,15274,3,1,0,1.881999196484685e-06
2913,48874,2,0,0,1.4420002116821706e-06
2914,64067,3,2,1,3.2700008887331933e-06
2915,129610,2,2,1,4.026001988677308e-06
2916,88657,2,2,1,4.9660011427477e-06
2917,23122,2,2,1,3.94000016967766e-06
2918,72275,2,2,1,4.163000994594768e-06
2919,129637,2,2,1,4.094999894732609e-06
2920,23142,2,2,1,4.645000444725156e-06
2921,55915,2,2,1,7.0259993663057685e-06
2922,47732,2,2,1,5.572001100517809e-06
2923,113288,2,2,1,8.108800102490932e-05
2924,105102,2,2,1,6.87600186211057e-06
2925,72416,2,1,0,1.776999852154404e-06
2926,55961,2,2,1,4.457000613911077e-06
2927,64157,2,2,1,4.170000465819612e-06
2928,31398,2,2,1,4.065001121489331e-06
2929,15016,2,2,1,3.826997271971777e-06
2930,55978,2,2,1,3.6679994082078338e-06
2931,130660,2,1,0,5.711997800972313e-06
2932,15019,2,2,2,3.5529992601368576e-06
2933,15036,2,2,1,4.026001988677308e-06
2934,56006,3,2,1,5.186000635148957e-06
2935,57203,2,1,0,1.429998519597575e-06
2936,121554,2,2,1,4.003999492852017e-06
2937,47829,2,2,1,4.4049993448425084e-06
2938,72408,2,2,1,4.011002602055669e-06
2939,31459,2,2,1,3.893997927661985e-06
2940,72420,2,2,1,4.623998393071815e-06
2941,72422,2,2,2,3.4559998312033713e-06
2942,105197,2,2,1,4.477002221392468e-06
2943,31470,3,2,1,4.857000021729618e-06
2944,23280,2,2,1,3.9909973565954715e-06
2945,23284,2,2,1,3.998997271992266e-06
2946,97013,2,2,1,4.208999598631635e-06
2947,121697,2,1,0,1.448999682907015e-06
2948,97014,2,2,1,3.7190002331044525e-06
2949,97015,2,2,1,4.146000719629228e-06
2950,80633,2,2,1,3.721001121448353e-06
2951,6916,3,2,1,5.996000254526734e-06
2952,80645,2,2,1,4.263998562237248e-06
2953,47883,2,2,1,4.306002665543929e-06
2954,15768,2,1,0,1.4129982446320355e-06
2955,88848,2,2,1,3.821998689090833e-06
2956,6932,2,2,2,3.473000106168911e-06
2957,113429,2,2,1,3.76399839296937e-06
2958,64636,2,1,0,1.4140023267827928e-06
2959,74685,3,1,1,3.454999387031421e-06
2960,113431,2,2,1,4.101999365957454e-06
2961,39721,2,2,1,4.353001713752747e-06
2962,39722,2,2,1,3.269997250754386e-06
2963,72494,2,2,1,3.7229983718134463e-06
2964,97070,2,2,1,4.404002538649365e-06
2965,129847,4,2,1,5.808997229905799e-06
2966,8548,3,1,0,1.620002876734361e-06
2967,129849,2,2,1,3.9380029193125665e-06
2968,23360,2,2,1,3.8430007407441735e-06
2969,768,3,1,0,1.7480015230830759e-06
2970,6978,2,2,1,4.379999154480174e-06
2971,31562,2,2,1,4.04199818149209e-06
2972,121694,2,2,1,4.263001756044105e-06
2973,64366,2,2,1,4.682999133365229e-06
2974,7033,2,2,1,3.94000016967766e-06
2975,7035,2,2,1,4.000998160336167e-06
2976,80764,2,2,1,4.0480008465237916e-06
2977,88959,2,2,1,3.912999090971425e-06
2978,15244,2,2,1,3.5999983083456755e-06
2979,106301,3,1,0,1.7339989426545799e-06
2980,82205,3,0,0,1.6070007404778153e-06
2981,39822,2,2,1,3.7190002331044525e-06
2982,56210,2,2,2,3.5679986467584968e-06
2983,113556,2,2,1,4.173998604528606e-06
2984,56215,2,2,1,4.051002179039642e-06
2985,56217,2,2,1,3.848999767797068e-06
2986,88985,2,2,1,3.6270030250307173e-06
2987,72607,2,2,1,4.173998604528606e-06
2988,80804,2,2,1,3.268000000389293e-06
2989,48038,2,2,1,4.408000677358359e-06
2990,89017,3,2,1,3.828001354122534e-06
2991,23483,4,1,0,1.9840008462779224e-06
2992,72642,2,2,1,4.479999915929511e-06
2993,105413,2,2,1,4.006997187389061e-06
2994,48072,2,2,1,4.160003300057724e-06
2995,130022,2,2,1,4.213001375319436e-06
2996,130023,2,2,1,4.622997948899865e-06
2997,89092,2,2,1,4.321998858358711e-06
2998,89104,2,2,1,4.417001036927104e-06
2999,39952,2,2,1,3.610999556258321e-06
3000,32404,2,1,0,1.4040015230420977e-06
3001,39969,2,2,1,4.003999492852017e-06
3002,15407,2,2,1,3.433500023675151e-05
3003,15409,3,2,1,5.273999704513699e-06
3004,113719,2,2,1,4.401998012326658e-06
3005,130103,2,2,1,3.842000296572223e-06
3006,64569,2,2,1,4.433000867720693e-06
3007,56391,3,2,1,4.743000317830592e-06
3008,89164,2,2,1,3.912999090971425e-06
3009,89166,2,2,1,3.936002030968666e-06
3010,23636,2,2,1,3.829998604487628e-06
3011,121949,2,2,1,4.565001290757209e-06
3012,121967,2,2,1,3.796998498728499e-06
3013,121969,2,2,1,3.811997885350138e-06
3014,130168,3,2,1,3.96000177715905e-06
3015,121989,2,2,1,7.463000656571239e-06
3016,31880,2,2,1,4.21799995820038e-06
3017,64650,2,2,1,3.842000296572223e-06
3018,130186,2,2,1,4.137000360060483e-06
3019,130188,2,2,1,3.8239995774347335e-06
3020,15525,2,2,1,3.7770005292259157e-06
3021,122041,2,2,1,3.4889999369625002e-06
3022,130240,2,2,1,3.198001650162041e-06
3023,97478,2,2,1,4.1099992813542485e-06
3024,97480,2,2,1,4.1959974623750895e-06
3025,97482,2,2,1,4.09700078307651e-06
3026,97483,2,2,1,3.906003257725388e-06
3027,113870,3,2,1,5.115998646942899e-06
3028,97493,2,2,1,4.269997589290142e-06
3029,48352,2,2,1,4.045999958179891e-06
3030,130275,2,2,1,3.954999556299299e-06
3031,64741,2,2,1,3.7150020943954587e-06
3032,64749,2,2,1,4.182998964097351e-06
3033,23819,2,2,1,3.929999365936965e-06
3034,122131,3,2,1,5.006997525924817e-06
3035,122133,2,2,1,4.143999831285328e-06
3036,32022,2,2,1,3.974000719608739e-06
3037,40216,2,2,1,4.007000825367868e-06
3038,48436,2,2,1,3.5190023481845856e-06
3039,130357,2,2,1,3.135999577352777e-06
3040,32055,2,2,1,3.6620003811549395e-06
3041,40246,2,2,1,4.820001777261496e-06
3042,32058,2,2,1,3.7479985621757805e-06
3043,48443,2,2,1,4.015000740764663e-06
3044,64837,2,2,1,3.822999133262783e-06
3045,122182,2,2,1,3.990000550402328e-06
3046,97607,2,2,1,3.854998794849962e-06
3047,114017,2,2,1,4.645000444725156e-06
3048,114018,2,2,1,4.061002982780337e-06
3049,122815,2,1,0,1.5780024114064872e-06
3050,97672,2,2,1,3.9570004446431994e-06
3051,40331,2,2,1,3.935001586796716e-06
3052,40341,2,2,1,4.5099986891727895e-06
3053,130455,2,2,1,4.122000973438844e-06
3054,48542,2,2,1,4.197001544525847e-06
3055,73135,2,2,1,3.688001015689224e-06
3056,122293,2,2,1,3.597997420001775e-06
3057,122294,2,2,1,4.518999048741534e-06
3058,48570,2,2,1,4.124998667975888e-06
3059,97726,2,2,1,4.301000444684178e-06
3060,56769,2,2,1,3.7179997889325023e-06
3061,81354,2,2,1,4.322999302530661e-06
3062,89549,2,2,1,3.8039979699533433e-06
3063,97749,4,2,1,5.171001248527318e-06
3064,122337,2,2,1,4.012999852420762e-06
3065,7657,7,2,1,6.654998287558556e-06
3066,122353,2,2,1,4.19999923906289e-06
3067,89591,2,2,1,4.370001988718286e-06
3068,48643,2,2,1,3.745000867638737e-06
3069,24084,2,2,1,6.029997166479006e-06
3070,89634,2,2,2,3.473000106168911e-06
3071,40496,2,2,1,3.837001713691279e-06
3072,48691,2,2,1,4.696998075814918e-06
3073,32308,2,2,1,3.6150013329461217e-06
3074,73273,3,2,1,5.710000550607219e-06
3075,81488,2,2,1,4.279001586837694e-06
3076,7765,3,2,1,4.230001650284976e-06
3077,56920,2,2,1,4.497000190895051e-06
3078,130663,2,2,1,3.6579986044671386e-06
3079,15975,2,2,1,5.941998097114265e-06
3080,32368,2,2,1,4.155997885391116e-06
3081,32372,2,2,1,4.05999890062958e-06
3082,122489,2,2,1,4.368001100374386e-06
3083,97922,2,2,1,4.2339997889939696e-06
3084,24198,2,2,1,4.399000317789614e-06
3085,81545,2,2,1,4.764002369483933e-06
3086,81546,2,2,1,4.315999831305817e-06
3087,7824,3,2,1,3.9480000850744545e-06
3088,65172,2,2,1,4.154000635026023e-06
3089,122519,2,2,1,4.5150009100325406e-06
3090,32409,3,2,1,5.2800023695454e-06
3091,81567,2,2,1,4.3570034904405475e-06
3092,56993,2,2,1,4.272998921805993e-06
3093,40610,2,2,1,4.5240012696012855e-06
3094,16045,2,2,1,3.978999302489683e-06
3095,122546,3,2,1,3.90299828723073e-06
3096,57013,2,2,1,4.454002919374034e-06
3097,16057,2,2,1,4.231998900650069e-06
3098,40642,2,2,1,4.031997377751395e-06
3099,122572,2,1,0,1.562999386806041e-06
3100,106179,2,2,1,4.592999175656587e-06
3101,106296,2,1,0,1.5229998098220676e-06
3102,114379,2,2,1,4.198001988697797e-06
3103,81614,2,2,1,4.3430009100120515e-06
3104,106203,2,2,1,9.472998499404639e-06
3105,73441,2,2,1,4.008001269539818e-06
3106,32483,2,2,1,3.7370009522419423e-06
3107,122596,2,2,1,3.5420016502030194e-06
3108,65252,2,2,1,3.778000973397866e-06
3109,65251,3,2,1,4.691999492933974e-06
3110,98023,2,2,1,4.163997800787911e-06
3111,16118,2,2,1,4.21799995820038e-06
3112,32507,2,2,1,4.149998858338222e-06
3113,130838,2,2,1,4.072000592714176e-06
3114,130842,2,2,1,4.114001058042049e-06
3115,40735,3,2,1,4.097997589269653e-06
3116,7974,2,2,1,4.279998393030837e-06
3117,114474,2,2,1,4.624998837243766e-06
3118,81706,2,2,1,4.220000846544281e-06
3119,122668,2,2,1,3.864999598590657e-06
3120,7980,3,2,1,4.548997821984813e-06
3121,40750,2,2,1,3.97900294046849e-06
3122,40751,2,2,1,3.3799988159444183e-06
3123,7991,2,2,1,4.018002073280513e-06
3124,40765,2,2,1,4.63199830846861e-06
3125,48970,2,2,1,4.312998498789966e-06
3126,24413,2,2,1,3.844001184916124e-06
3127,40824,2,2,1,4.0099985199049115e-06
3128,122746,2,2,1,3.883000317728147e-06
3129,122747,2,2,1,4.07799961976707e-06
3130,81794,2,2,1,4.345998604549095e-06
3131,57218,2,2,1,3.997000021627173e-06
3132,57220,2,2,1,4.412999260239303e-06
3133,57219,2,2,1,4.082998202648014e-06
3134,8071,2,2,1,4.125999112147838e-06
3135,24456,2,2,1,4.156998329563066e-06
3136,32670,2,2,1,3.907996870111674e-06
3137,16302,2,2,1,4.315999831305817e-06
3138,114631,2,2,1,3.550001565599814e-06
3139,16331,2,2,2,3.5240009310655296e-06
3140,8140,2,2,1,3.918998118024319e-06
3141,16337,2,2,1,3.973997081629932e-06
3142,90065,2,2,1,5.417998181656003e-06
3143,90071,3,2,1,5.293997674016282e-06
3144,90075,2,2,1,3.993998689111322e-06
3145,65500,2,2,1,4.675002855947241e-06
3146,90079,2,2,1,3.966000804211944e-06
3147,90083,3,2,1,2.901997504523024e-06
3148,16360,2,2,1,3.555996954673901e-06
3149,81901,2,2,1,4.053999873576686e-06
3150,122862,2,2,2,3.5580014809966087e-06
3151,32754,2,2,1,4.2190004023723304e-06
3152,49141,2,2,1,3.7619975046254694e-06
3153,114979,3,2,1,5.283000064082444e-06
3154,90466,3,2,1,5.4490010370500386e-06
3155,74181,4,2,1,4.315999831305817e-06
3156,16854,4,2,1,5.533001967705786e-06
3157,82628,4,2,0,4.721001459984109e-06
3158,2855,4,1,0,2.611999661894515e-06
3159,90985,4,2,1,4.994999471819028e-06
3160,33686,8,2,1,4.345998604549095e-06
3161,25511,3,2,1,4.37600101577118e-06
3162,82982,3,2,1,2.8520007617771626e-06
3163,66605,3,2,1,3.215998731320724e-06
3164,91227,4,2,0,4.592999175656587e-06
3165,1119,3,2,1,3.201999788871035e-06
3166,91230,4,2,1,4.584999260259792e-06
3167,66760,3,2,1,5.232999683357775e-06
3168,34072,3,2,1,4.4099979277234524e-06
3169,124313,3,2,1,3.099800233030692e-05
3170,42417,4,2,1,5.879999662283808e-06
3171,50689,3,2,1,4.936999175697565e-06
3172,132691,6,2,1,4.39300129073672e-06
3173,18027,3,2,1,4.718996933661401e-06
3174,26310,4,2,0,4.443998477654532e-06
3175,26317,4,2,0,4.344001354184002e-06
3176,108456,3,2,1,5.066001904197037e-06
3177,100271,4,2,0,4.89099693368189e-06
3178,108500,3,2,1,3.436001861700788e-06
3179,3276,3,1,1,2.4379987735301256e-06
3180,83929,3,2,1,2.9719994927290827e-06
3181,125048,3,2,1,3.2700008887331933e-06
3182,67925,4,2,1,4.707999323727563e-06
3183,52256,3,2,1,5.363999662222341e-06
3184,85363,5,2,1,6.003996531944722e-06
3185,28034,4,2,1,4.904999514110386e-06
3186,110470,3,2,1,2.8790018404833972e-06
3187,4001,3,2,1,4.3479994928929955e-06
3188,102472,3,2,1,4.727997293230146e-06
3189,28796,4,2,1,3.421999281272292e-06
3190,102576,6,2,1,6.156999006634578e-06
3191,78468,3,2,1,4.756999260280281e-06
3192,4874,4,2,0,4.337001882959157e-06
3193,127757,4,2,1,4.481000360101461e-06
3194,21336,4,2,0,4.82500036014244e-06
3195,45989,5,2,1,3.950000973418355e-06
3196,46404,5,2,1,3.965000360039994e-06
3197,79448,3,2,1,3.0199989851098508e-06
3198,38578,3,2,1,4.363002517493442e-06
3199,104260,3,2,1,2.958997356472537e-06
3200,79746,4,1,1,2.8579997888300568e-06
3201,55211,4,2,1,5.272999260341749e-06
3202,104859,4,2,1,4.462999640963972e-06
3203,121693,3,2,1,4.70600207336247e-06
3204,73,4,2,1,5.682999471900985e-06
3205,80,3,1,0,2.0049992599524558e-06
3206,2796,3,2,1,6.181999196996912e-06
3207,90119,3,3,1,7.534999895142391e-06
3208,122894,3,3,1,7.064998499117792e-06
3209,49487,3,2,0,1.8900027498602867e-06
3210,9069,3,1,0,1.791999238776043e-06
3211,98319,3,3,1,6.983998900977895e-06
3212,107195,3,2,0,1.9549988792277873e-06
3213,103825,3,1,0,1.787000655895099e-06
3214,122902,3,3,1,7.01200042385608e-06
3215,100625,3,2,0,1.7079983081202954e-06
3216,32799,3,3,1,8.15599923953414e-06
3217,120603,3,2,0,1.7740021576173604e-06
3218,24608,3,3,1,7.218000973807648e-06
3219,122911,3,3,1,7.28899976820685e-06
3220,24610,3,3,1,6.825001037213951e-06
3221,111563,3,2,0,1.796997821656987e-06
3222,65570,3,3,1,7.022001227596775e-06
3223,18014,3,2,0,1.967997377505526e-06
3224,35,5,3,1,7.160997483879328e-06
3225,75855,4,2,1,5.189001967664808e-06
3226,98348,3,3,1,6.436999683501199e-06
3227,887,3,2,0,1.7929996829479933e-06
3228,122925,3,3,1,6.629998097196221e-06
3229,122924,5,3,1,7.870999979786575e-06
3230,20363,3,2,0,1.8450009520165622e-06
3231,49199,3,3,1,6.99399970471859e-06
3232,122928,3,3,1,6.965998181840405e-06
3233,120994,3,2,0,1.8999999156221747e-06
3234,114132,3,1,0,1.6859994502738118e-06
3235,131122,3,3,1,6.951999239390716e-06
3236,131123,3,3,1,6.620000931434333e-06
3237,87519,3,2,0,1.8149985407944769e-06
3238,98356,3,3,1,7.195001671789214e-06
3239,16445,3,3,1,9.014001989271492e-06
3240,16454,3,3,1,7.7620024967473e-06
3241,41032,3,3,1,7.390000973828137e-06
3242,24650,3,3,1,7.202997949207202e-06
3243,90189,5,3,1,8.322997018694878e-06
3244,124399,6,2,0,3.196997568011284e-06
3245,63926,4,2,1,3.1989984563551843e-06
3246,57422,3,3,1,7.398000889224932e-06
3247,88924,3,2,0,2.253000275231898e-06
3248,120052,3,1,0,1.9460021576378495e-06
3249,38534,3,0,0,1.8149985407944769e-06
3250,122961,3,3,1,6.532998668262735e-06
3251,46244,4,2,0,2.7429996407590806e-06
3252,79621,4,1,0,2.164000761695206e-06
3253,8274,3,3,1,6.522001058328897e-06
3254,115709,3,2,0,1.8690006982069463e-06
3255,49246,4,3,1,7.696002285229042e-06
3256,83681,3,2,0,1.7040001694113016e-06
3257,24676,3,3,1,6.152997229946777e-06
3258,100238,3,2,0,1.8309983715880662e-06
3259,111562,3,1,0,1.7129968910012394e-06
3260,70029,5,1,0,2.643999323481694e-06
3261,3121,4,2,1,5.070000042906031e-06
3262,84156,4,2,0,4.7909998102113605e-06
3263,114790,3,3,1,6.974001735216007e-06
3264,57447,3,3,1,7.795999408699572e-06
3265,49271,3,3,1,6.024001777404919e-06
3266,85273,3,2,0,1.7400016076862812e-06
3267,124702,3,1,0,1.7589991330169141e-06
3268,60963,3,0,0,1.562999386806041e-06
3269,57465,3,3,1,6.721998943248764e-06
3270,132617,3,2,0,3.749999450519681e-06
3271,124636,3,1,0,1.6689991753082722e-06
3272,131211,3,3,1,6.456000846810639e-06
3273,38319,3,2,0,1.8039972928818315e-06
3274,64129,3,1,0,1.7330021364614367e-06
3275,131212,3,3,1,7.86400050856173e-06
3276,131215,3,3,2,6.1920000007376075e-06
3277,106639,3,3,1,7.329999789362773e-06
3278,131217,3,3,1,7.418999302899465e-06
3279,131222,3,3,1,7.356000423897058e-06
3280,90266,3,3,2,5.941001290921122e-06
3281,16538,3,3,1,7.27199949324131e-06
3282,90272,3,3,1,7.98399923951365e-06
3283,114850,4,3,1,8.243998308898881e-06
3284,123043,3,3,1,6.942998879821971e-06
3285,49321,4,3,1,8.00099951447919e-06
3286,90286,3,3,1,6.712998583680019e-06
3287,25622,3,2,0,1.9129984138999134e-06
3288,51307,3,1,0,1.7589991330169141e-06
3289,28546,3,0,0,1.6519989003427327e-06
3290,73904,4,3,1,7.894999725976959e-06
3291,60479,3,2,0,2.214997948613018e-06
3292,114869,4,3,1,7.693000952713192e-06
3293,24762,3,3,1,4.8920999688562006e-05
3294,82422,3,2,0,1.925000105984509e-06
3295,65724,3,3,1,6.4539999584667385e-06
3296,46739,3,2,0,1.962998794624582e-06
3297,71948,3,1,0,1.7759994079824537e-06
3298,73086,3,0,0,1.6119993233587593e-06
3299,41191,3,3,1,7.185000868048519e-06
3300,131326,3,3,1,7.686001481488347e-06
3301,24832,3,3,1,7.714999810559675e-06
3302,24836,3,3,1,6.587000825675204e-06
3303,90841,3,2,0,1.9560029613785446e-06
3304,65800,3,3,1,7.393999112537131e-06
3305,75548,3,2,0,1.8139980966225266e-06
3306,8456,4,3,1,6.925001798663288e-06
3307,131344,3,3,1,6.636000762227923e-06
3308,35731,3,2,0,1.915999746415764e-06
3309,106776,4,3,1,8.136001270031556e-06
3310,38231,3,2,0,2.002001565415412e-06
3311,16666,3,3,1,7.038997864583507e-06
3312,18592,3,2,0,2.116001269314438e-06
3313,117837,3,1,0,1.9430008251219988e-06
3314,114971,3,3,1,3.622200165409595e-05
3315,120792,3,2,0,2.6400011847727e-06
3316,284,3,3,1,8.080998668447137e-06
3317,294,3,3,1,7.3449991759844124e-06
3318,16682,3,3,1,6.588001269847155e-06
3319,298,3,3,1,7.039001502562314e-06
3320,82221,4,3,1,7.83999712439254e-06
3321,27481,3,2,1,3.006000042660162e-06
3322,131375,3,3,1,6.627000402659178e-06
3323,49460,3,3,1,7.226997695397586e-06
3324,49462,3,3,2,6.264002877287567e-06
3325,49466,3,3,1,7.106002158252522e-06
3326,85756,3,2,0,2.110999048454687e-06
3327,56945,3,1,0,1.7839993233792484e-06
3328,8508,3,3,1,7.141003152355552e-06
3329,123202,3,3,1,7.681002898607403e-06
3330,123204,3,3,1,7.227001333376393e-06
3331,123205,3,3,1,6.671001756330952e-06
3332,128852,3,2,0,1.9500002963468432e-06
3333,115016,3,3,1,6.708000000799075e-06
3334,131402,3,3,1,9.63200000114739e-06
3335,24909,3,3,1,7.815997378202155e-06
3336,107547,3,2,0,1.853000867413357e-06
3337,33101,3,3,1,5.995199899189174e-05
3338,42699,3,2,0,2.3520005925092846e-06
3339,74082,3,1,0,1.8809987523127347e-06
3340,1969,3,0,0,1.8669998098630458e-06
3341,41303,3,3,1,7.070000719977543e-06
3342,106849,3,3,2,7.155998900998384e-06
3343,16851,4,2,0,4.482997610466555e-06
3344,33128,3,3,1,7.228001777548343e-06
3345,37717,3,2,0,2.040000254055485e-06
3346,97677,3,1,0,1.8139980966225266e-06
3347,33132,3,3,1,6.983998900977895e-06
3348,16757,3,3,1,7.704002200625837e-06
3349,33509,3,2,0,2.0090010366402566e-06
3350,107363,4,2,1,3.278000804129988e-06
3351,21235,4,1,1,2.9670009098481387e-06
3352,106870,3,3,1,6.5019994508475065e-06
3353,106885,3,3,1,6.467002094723284e-06
3354,49541,3,3,1,6.623999070143327e-06
3355,16773,9,3,1,1.2306998542044312e-05
3356,74131,3,3,1,6.7069995566271245e-06
3357,8006,3,2,0,2.095999661833048e-06
3358,74134,3,3,1,7.218997780000791e-06
3359,424,3,3,1,6.775997462682426e-06
3360,46671,3,2,0,1.9880026229657233e-06
3361,425,3,3,1,6.680002115899697e-06
3362,427,3,3,1,7.4070012487936765e-06
3363,115124,3,3,1,7.773000106681138e-06
3364,113592,3,2,0,1.987002178793773e-06
3365,33205,3,3,1,7.441998604917899e-06
3366,82362,3,3,1,7.776998245390132e-06
3367,37843,3,2,0,2.1039995772298425e-06
3368,74173,3,3,1,6.726997526129708e-06
3369,51984,3,2,0,1.8479986465536058e-06
3370,115141,3,3,1,6.358000973705202e-06
3371,123347,3,3,1,6.56200063531287e-06
3372,16855,3,3,1,6.873000529594719e-06
3373,57819,3,3,1,6.908998329890892e-06
3374,16892,3,3,1,6.799000402679667e-06
3375,53246,3,2,0,1.976997737074271e-06
3376,94330,3,1,0,1.8079990695696324e-06
3377,8710,3,3,1,6.756999937351793e-06
3378,14804,3,2,0,1.8659993656910956e-06
3379,105497,3,1,0,1.796997821656987e-06
3380,8713,3,3,2,6.731999746989459e-06
3381,57866,3,3,1,6.00800194661133e-06
3382,124936,4,2,0,2.4180008040275425e-06
3383,76885,4,1,0,2.095999661833048e-06
3384,115211,3,3,1,7.123999239411205e-06
3385,27320,3,2,0,1.9180006347596645e-06
3386,120619,3,1,0,1.720000000204891e-06
3387,97495,3,0,0,1.781998435035348e-06
3388,131596,3,3,1,6.985999789321795e-06
3389,49676,3,3,1,6.847996701253578e-06
3390,50641,3,2,0,1.9129984138999134e-06
3391,26325,3,1,0,1.7900019884109497e-06
3392,115214,3,3,1,6.3730003603268415e-06
3393,115215,3,3,1,1.1623000318650156e-05
3394,54560,3,2,0,1.8379978428129107e-06
3395,107019,4,3,2,6.0630009102169424e-06
3396,107025,3,3,1,6.089001544751227e-06
3397,107026,3,3,1,8.422997780144215e-06
3398,16916,3,3,1,8.011000318219885e-06
3399,49691,3,3,1,5.55400038138032e-06
3400,543,3,3,1,6.622998625971377e-06
3401,120822,5,2,0,2.9760012694168836e-06
3402,123431,3,3,1,6.566002412000671e-06
3403,90100,3,2,0,1.8499995348975062e-06
3404,110370,3,1,0,1.6959966160356998e-06
3405,115240,4,3,1,7.075999747030437e-06
3406,125285,3,2,0,1.9260005501564592e-06
3407,127204,3,1,0,1.6539997886866331e-06
3408,115242,3,3,2,6.546000804519281e-06
3409,123434,3,3,1,8.622002496849746e-06
3410,35429,3,2,0,1.886997779365629e-06
3411,82475,3,3,1,6.885999027872458e-06
3412,23631,4,2,0,2.34400067711249e-06
3413,123438,3,3,1,7.881997589720413e-06
3414,107060,3,3,1,7.003000064287335e-06
3415,82485,3,3,1,6.649999704677612e-06
3416,18092,3,2,0,1.844000507844612e-06
3417,51660,3,1,0,1.6600024537183344e-06
3418,98873,3,3,1,6.81899837218225e-06
3419,74297,3,3,1,7.378999725915492e-06
3420,74303,3,3,1,7.1739996201358736e-06
3421,131650,3,3,1,7.673999789403751e-06
3422,115271,3,3,1,7.5169991760049015e-06
3423,49740,3,3,2,6.900001608300954e-06
3424,16973,3,3,1,7.029000698821619e-06
3425,25169,3,3,1,7.131999154808e-06
3426,123478,3,3,1,7.808001100784168e-06
3427,25178,3,3,1,7.222999556688592e-06
3428,604,3,3,1,6.484999175881967e-06
3429,3681,3,2,0,1.8270002328790724e-06
3430,57964,3,3,1,6.737998774042353e-06
3431,101872,3,2,0,1.8979990272782743e-06
3432,66158,3,3,1,7.072001608321443e-06
3433,66160,3,3,1,6.9830020947847515e-06
3434,115313,3,3,1,6.567999662365764e-06
3435,63814,3,2,0,1.8850005290005356e-06
3436,74355,3,3,1,6.8590015871450305e-06
3437,107352,3,2,0,1.6999983927235007e-06
3438,33401,3,3,1,6.904003384988755e-06
3439,107134,3,3,1,7.005997758824378e-06
3440,82562,3,3,1,6.464997568400577e-06
3441,93561,3,2,0,1.7519996617920697e-06
3442,646,3,3,1,6.770998879801482e-06
3443,98957,3,3,1,6.775000656489283e-06
3444,11914,3,2,0,1.805998181225732e-06
3445,655,3,3,1,3.018500137841329e-05
3446,98961,3,3,2,8.41399742057547e-06
3447,98963,3,3,1,6.752001354470849e-06
3448,128018,3,2,0,2.1570012904703617e-06
3449,126016,3,1,0,1.938999048434198e-06
3450,41876,3,0,0,1.7620004655327648e-06
3451,107166,3,3,1,6.507998477900401e-06
3452,29127,4,2,0,2.3070024326443672e-06
3453,127141,5,2,1,4.0810009522829205e-06
3454,68758,5,2,1,5.619000148726627e-06
3455,74400,3,3,1,6.619997293455526e-06
3456,123558,3,3,1,6.10999995842576e-06
3457,92281,3,2,0,1.75300010596402e-06
3458,26731,4,2,1,5.10199970449321e-06
3459,66233,3,3,1,1.0060000931844115e-05
3460,90812,3,3,1,7.091999577824026e-06
3461,107198,3,3,1,9.552997653372586e-06
3462,66241,4,3,1,9.17999932426028e-06
3463,5513,3,2,0,2.1090017980895936e-06
3464,98064,4,1,0,2.0789993868675083e-06
3465,728,3,3,1,6.784997822251171e-06
3466,90853,3,3,2,5.697998858522624e-06
3467,104845,5,2,0,4.794997948920354e-06
3468,90854,3,3,1,6.932001269888133e-06
3469,107647,3,2,0,1.958000211743638e-06
3470,4313,3,1,0,1.805998181225732e-06
3471,115433,3,3,2,5.7779980124905705e-06
3472,107254,3,3,1,6.728998414473608e-06
3473,74499,3,3,1,6.018999556545168e-06
3474,45862,3,2,0,1.8509999790694565e-06
3475,783,3,3,1,7.738999556750059e-06
3476,123671,3,3,1,6.255999323911965e-06
3477,791,3,3,1,6.967002263991162e-06
3478,8985,3,3,2,6.3449988374486566e-06
3479,25372,3,3,1,6.146998202893883e-06
3480,90910,3,3,1,7.214999641291797e-06
3481,8990,3,3,1,6.583999493159354e-06
3482,25374,3,3,1,7.538001227658242e-06
3483,58151,3,3,1,7.046000973787159e-06
3484,107309,3,3,1,7.386999641312286e-06
3485,30593,3,2,0,1.891003194032237e-06
3486,82749,3,3,1,6.948001100681722e-06
3487,33609,3,3,1,7.630998879903927e-06
3488,74572,3,3,1,6.665999535471201e-06
3489,58189,3,3,2,5.933001375524327e-06
3490,82777,3,3,1,7.439997716573998e-06
3491,58204,3,3,1,5.722002242691815e-06
3492,77822,3,2,0,1.9120016077067703e-06
3493,35695,4,2,1,3.3710020943544805e-06
3494,89169,5,2,1,5.170000804355368e-06
3495,17244,3,3,1,6.4160012698266655e-06
3496,114436,3,2,0,1.8069986253976822e-06
3497,79239,3,1,0,1.7099991964641958e-06
3498,90976,3,3,1,6.370999471982941e-06
3499,95559,3,2,0,1.8759965314529836e-06
3500,17248,3,3,1,6.6350003180559725e-06
3501,91028,3,2,0,2.1230007405392826e-06
3502,17249,3,3,1,6.926999049028382e-06
3503,78187,3,2,0,1.9619983504526317e-06
3504,115558,3,3,1,6.6929969761986285e-06
3505,82797,3,3,1,8.097998943412676e-06
3506,82798,3,3,1,7.381000614259392e-06
3507,17265,3,3,2,6.517002475447953e-06
3508,50037,3,3,1,7.137001375667751e-06
3509,66439,3,3,1,6.056001438992098e-06
3510,127826,3,2,0,1.901000359794125e-06
3511,45214,3,1,0,1.6499980119988322e-06
3512,120163,4,1,1,2.72199758910574e-06
3513,131978,3,3,1,6.586000381503254e-06
3514,15033,3,2,0,1.748998329276219e-06
3515,7439,5,1,0,2.650001988513395e-06
3516,73298,6,0,0,2.4559994926676154e-06
3517,25486,3,3,1,7.367001671809703e-06
3518,91032,3,3,1,6.959999154787511e-06
3519,96356,3,2,0,1.8649989215191454e-06
3520,66465,3,3,1,6.870999641250819e-06
3521,25509,3,3,1,6.87700230628252e-06
3522,99242,3,3,2,5.998001142870635e-06
3523,132021,3,3,1,6.5540007199160755e-06
3524,91062,3,3,1,7.2830007411539555e-06
3525,91063,3,3,1,9.37700315262191e-06
3526,123836,3,3,1,6.9400011852849275e-06
3527,99260,3,3,1,6.54399991617538e-06
3528,23916,3,2,0,1.844000507844612e-06
3529,42357,4,1,0,2.2169988369569182e-06
3530,25536,3,3,1,6.943999323993921e-06
3531,25539,3,3,1,1.3213000784162432e-05
3532,25548,3,3,2,5.824000254506245e-06
3533,113057,4,2,1,3.4369986678939313e-06
3534,82897,3,3,1,6.709000444971025e-06
3535,92237,3,2,0,1.9469989638309926e-06
3536,28519,4,1,0,2.1790001483168453e-06
3537,66513,3,3,1,6.788002792745829e-06
3538,102808,3,2,0,2.02999945031479e-06
3539,16301,3,1,0,1.853000867413357e-06
3540,132077,3,3,1,6.26700057182461e-06
3541,71990,3,2,0,1.8909995560534298e-06
3542,75227,3,1,0,1.8480022845324129e-06
3543,9203,3,3,2,5.753001460107043e-06
3544,82948,3,3,1,6.452999514294788e-06
3545,6617,3,2,0,1.8559985619504005e-06
3546,58382,3,3,1,6.441001460189e-06
3547,52086,3,2,0,1.8360005924478173e-06
3548,30589,3,1,0,1.8139980966225266e-06
3549,120169,5,2,1,5.202000465942547e-06
3550,115740,3,3,3,4.5859997044317424e-06
3551,74788,3,3,1,6.608999683521688e-06
3552,82985,3,3,2,5.836998752783984e-06
3553,99375,3,3,1,6.575999577762559e-06
3554,48091,3,2,0,2.0989973563700914e-06
3555,18456,3,1,0,1.75300010596402e-06
3556,51979,3,0,0,1.6259982658084482e-06
3557,9267,3,3,1,7.4689996836241335e-06
3558,89163,3,2,0,1.75300010596402e-06
3559,50228,3,3,1,6.833000952610746e-06
3560,2988,4,2,0,2.629996743053198e-06
3561,83004,3,3,1,6.817001121817157e-06
3562,9283,3,3,2,6.522001058328897e-06
3563,9284,3,3,1,6.452999514294788e-06
3564,93535,4,2,0,2.311000571353361e-06
3565,89781,3,1,0,1.9079998310189694e-06
3566,4282,5,2,1,5.731999408453703e-06
3567,58436,3,3,1,6.459998985519633e-06
3568,29788,3,2,0,1.929998688865453e-06
3569,83200,3,1,0,1.6730009519960731e-06
3570,110538,4,0,0,1.9840008462779224e-06
3571,115788,3,3,2,5.913003406021744e-06
3572,91216,3,3,1,7.2599978011567146e-06
3573,42068,3,3,1,7.082002412062138e-06
3574,60600,3,2,0,1.8069986253976822e-06
3575,25685,9,3,3,8.2929982454516e-06
3576,91222,3,3,1,6.827998731750995e-06
3577,72491,3,2,0,1.9599974621087313e-06
3578,50267,3,3,1,7.472001016139984e-06
3579,124687,3,2,0,4.157998773735017e-06
3580,45185,4,1,0,2.3320026230067015e-06
3581,33884,3,3,1,6.99500014889054e-06
3582,1128,3,3,1,7.4499985203146935e-06
3583,50282,3,3,1,7.208000170066953e-06
3584,83053,3,3,1,7.080001523718238e-06
3585,50292,3,3,1,7.045997335808352e-06
3586,15669,3,2,0,1.7989987100008875e-06
3587,72258,4,2,1,2.945002052001655e-06
3588,56002,3,2,1,4.331999662099406e-06
3589,9336,3,3,1,8.462000550935045e-06
3590,108213,3,2,0,1.8769969756249338e-06
3591,132218,3,3,1,3.6253000871511176e-05
3592,27147,3,2,0,3.102999471593648e-06
3593,132219,3,3,1,9.243001841241494e-06
3594,132223,3,3,1,7.335002010222524e-06
3595,109545,3,2,0,2.1460000425577164e-06
3596,23101,3,1,0,1.7450001905672252e-06
3597,124038,3,3,1,7.0259993663057685e-06
3598,25735,3,3,1,7.31000181986019e-06
3599,16117,3,2,0,2.053002390312031e-06
3600,9356,3,3,1,6.443999154726043e-06
3601,99476,3,3,1,7.096001354511827e-06
3602,99477,3,3,1,6.73800241202116e-06
3603,83094,3,3,1,6.407000910257921e-06
3604,56389,3,2,0,1.9069993868470192e-06
3605,124027,4,2,1,4.810997779713944e-06
3606,132247,3,3,1,7.123002433218062e-06
3607,66709,3,3,1,7.1400027081836015e-06
3608,76328,3,2,0,2.1840023691765964e-06
3609,129194,3,1,0,1.7540005501359701e-06
3610,91287,3,3,1,6.533999112434685e-06
3611,1183,3,3,1,7.077000191202387e-06
3612,25761,3,3,2,6.4259984355885535e-06
3613,1187,3,3,1,6.543003109982237e-06
3614,48871,3,2,0,1.8609971448313445e-06
3615,74924,3,3,1,7.127997378120199e-06
3616,25782,3,3,1,7.190999895101413e-06
3617,91320,3,3,1,7.27199949324131e-06
3618,1218,3,3,1,6.833000952610746e-06
3619,9418,3,3,1,6.725000275764614e-06
3620,66770,3,3,1,6.56100019114092e-06
3621,38230,4,2,0,2.6080015231855214e-06
3622,130479,4,1,0,2.0500010577961802e-06
3623,58159,5,2,1,5.363999662222341e-06
3624,107731,4,3,1,7.257000106619671e-06
3625,124128,3,3,1,7.0549976953770965e-06
3626,59555,3,2,0,1.9309991330374032e-06
3627,7090,3,1,0,1.830001565394923e-06
3628,17644,3,3,1,6.508998922072351e-06
3629,107761,3,3,1,6.651000148849562e-06
3630,42226,3,3,1,6.723999831592664e-06
3631,112258,3,2,0,2.0179977582301944e-06
3632,48954,3,1,0,1.7689999367576092e-06
3633,51028,3,0,0,1.6040030459407717e-06
3634,1267,4,3,1,7.40899849915877e-06
3635,17652,3,3,1,7.108003046596423e-06
3636,9461,3,3,1,7.482998626073822e-06
3637,95823,3,2,0,1.9069993868470192e-06
3638,124150,3,3,2,6.408001354429871e-06
3639,124153,3,3,2,5.39900065632537e-06
3640,124156,3,3,1,6.933998520253226e-06
3641,115966,3,3,1,6.6399989009369165e-06
3642,83199,3,3,1,6.87600186211057e-06
3643,38712,3,2,0,2.0429979485925287e-06
3644,59553,3,1,0,1.9619983504526317e-06
3645,119794,3,0,0,1.7169986676890403e-06
3646,132353,3,3,1,6.228001439012587e-06
3647,114679,3,2,0,1.9420003809500486e-06
3648,95538,3,1,0,1.781998435035348e-06
3649,42500,3,0,0,1.6529993445146829e-06
3650,75006,4,3,1,7.971000741235912e-06
3651,132374,3,3,1,6.923000910319388e-06
3652,17691,3,3,1,9.196002793032676e-06
3653,35955,3,2,0,1.91100116353482e-06
3654,9502,3,3,1,7.579998055007309e-06
3655,55306,3,2,0,1.925000105984509e-06
3656,124191,3,3,1,6.549998943228275e-06
3657,102479,3,2,0,1.948999852174893e-06
3658,63244,3,1,0,1.7700003809295595e-06
3659,107808,3,3,1,6.827001925557852e-06
3660,107812,3,3,1,7.74300133343786e-06
3661,42285,3,3,1,6.694001058349386e-06
3662,92128,3,2,0,1.9320032151881605e-06
3663,50483,4,3,2,7.517999620176852e-06
3664,25911,3,3,1,7.053000445012003e-06
3665,42295,3,3,1,6.494999979622662e-06
3666,59551,3,2,0,1.8089995137415826e-06
3667,75068,3,3,1,6.785998266423121e-06
3668,129066,3,2,0,1.953998435055837e-06
3669,75069,3,3,1,7.798000297043473e-06
3670,34111,3,3,1,7.557002390967682e-06
3671,91457,3,3,1,6.899001164129004e-06
3672,73082,3,2,0,1.919997885124758e-06
3673,119617,3,1,0,1.7759994079824537e-06
3674,66883,3,3,1,6.745001883246005e-06
3675,42313,3,3,1,6.479000148829073e-06
3676,127113,3,2,0,1.8929968064185232e-06
3677,42314,3,3,1,7.155998900998384e-06
3678,83298,3,3,3,4.961999366059899e-06
3679,58726,3,3,1,1.1937998351641e-05
3680,50545,3,3,1,6.258000212255865e-06
3681,124281,3,3,1,6.9210000219754875e-06
3682,25980,3,3,1,6.845002644695342e-06
3683,87427,3,2,0,1.863001671154052e-06
3684,124306,3,3,1,6.8070003180764616e-06
3685,58773,3,3,1,7.84299845690839e-06
3686,124317,3,3,1,6.102996849222109e-06
3687,1447,3,2,0,1.9850012904498726e-06
3688,54209,3,1,0,1.835000148275867e-06
3689,10717,3,0,0,1.7730017134454101e-06
3690,34206,3,3,1,6.752001354470849e-06
3691,124319,3,3,1,6.4300002122763544e-06
3692,1438,3,3,1,6.1159989854786545e-06
3693,28427,3,2,0,1.9089966372121125e-06
3694,63831,3,1,0,1.6799967852421105e-06
3695,89165,3,0,0,1.5540026652161032e-06
3696,1451,5,3,1,7.818998710718006e-06
3697,83372,3,3,1,6.689999281661585e-06
3698,57187,3,2,0,2.0409970602486283e-06
3699,132528,3,3,1,6.670001312159002e-06
3700,1458,3,3,1,6.435999239329249e-06
3701,3382,4,2,0,2.401000529062003e-06
3702,17866,3,3,2,5.9919984778389335e-06
3703,116174,3,3,1,6.654998287558556e-06
3704,24087,3,2,0,1.8419996195007116e-06
3705,107989,3,3,1,7.496000762330368e-06
3706,34267,3,3,1,6.184000085340813e-06
3707,58857,4,2,0,2.395998308202252e-06
3708,71877,5,2,0,5.0199996621813625e-06
3709,75228,3,3,1,6.779999239370227e-06
3710,116210,3,3,1,6.915997801115736e-06
3711,68696,3,2,0,1.896998583106324e-06
3712,75267,3,3,1,6.472000677604228e-06
3713,79380,3,2,0,1.8950013327412307e-06
3714,63965,3,1,0,1.706001057755202e-06
3715,132783,4,1,1,3.36800076183863e-06
3716,124432,3,3,1,8.110997441690415e-06
3717,92877,3,2,0,1.8780010577756912e-06
3718,94539,3,1,0,1.8190003174822778e-06
3719,20968,3,0,0,1.4899997040629387e-06
3720,17936,3,3,1,6.251997547224164e-06
3721,39913,3,2,0,1.8840000848285854e-06
3722,73343,3,1,0,1.806001819204539e-06
3723,84462,3,0,0,1.5190016711130738e-06
3724,99878,3,3,1,6.313002813840285e-06
3725,9770,3,3,1,6.567999662365764e-06
3726,108109,3,2,0,1.8040009308606386e-06
3727,54592,3,1,0,1.7399979697074741e-06
3728,30454,3,0,0,1.5229998098220676e-06
3729,17968,3,3,1,6.744001439074054e-06
3730,9782,3,3,1,6.4589985413476825e-06
3731,79655,3,2,0,1.7640013538766652e-06
3732,67137,3,3,2,5.136000254424289e-06
3733,14960,4,2,0,2.5050030671991408e-06
3734,108098,3,3,1,6.66299820295535e-06
3735,1604,3,3,1,7.513001037295908e-06
3736,108105,3,3,1,6.460999429691583e-06
3737,7687,3,2,0,1.9279978005215526e-06
3738,96747,3,1,0,1.7739985196385533e-06
3739,12615,3,0,0,1.4709985407534987e-06
3740,132695,3,3,1,7.457001629518345e-06
3741,42598,4,3,1,6.783997378079221e-06
3742,98709,4,2,0,2.7755999326473102e-05
3743,117965,4,1,0,3.7040008464828134e-06
3744,116339,3,3,1,9.020997822517529e-06
3745,93989,3,2,0,2.119999408023432e-06
3746,46148,3,1,0,1.9090002751909196e-06
3747,46149,3,0,0,1.730000803945586e-06
3748,83572,3,3,1,7.161001121858135e-06
3749,108151,3,3,2,8.71299926075153e-06
3750,50814,4,3,1,7.291997462743893e-06
3751,75400,3,3,1,7.3500013968441635e-06
3752,42636,3,3,1,6.631998985540122e-06
3753,99981,3,3,1,7.892002031439915e-06
3754,108174,4,3,2,6.252001185202971e-06
3755,78186,4,2,1,3.1859999580774456e-06
3756,116367,3,3,1,6.54199902783148e-06
3757,129026,3,2,0,1.9750004867091775e-06
3758,113007,4,1,0,1.9569997675716877e-06
3759,64480,5,0,0,2.434997441014275e-06
3760,9871,4,3,1,5.764002708019689e-06
3761,44948,4,2,0,2.2800013539381325e-06
3762,108178,3,3,1,7.003000064287335e-06
3763,34455,3,3,1,7.1260001277551055e-06
3764,75418,4,3,1,6.981001206440851e-06
3765,1691,3,3,1,7.5499992817640305e-06
3766,80604,3,2,0,2.152999513782561e-06
3767,130836,3,1,0,1.8970022210851312e-06
3768,67498,5,1,0,2.8280010155867785e-06
3769,80464,4,2,2,4.327001079218462e-06
3770,75420,3,3,1,7.285998435690999e-06
3771,132766,3,3,2,6.000002031214535e-06
3772,9887,3,3,1,6.9830020947847515e-06
3773,34463,3,3,1,6.612001016037539e-06
3774,9904,3,3,1,6.297999789239839e-06
3775,124593,3,3,1,6.387999746948481e-06
3776,108212,3,3,1,7.422000635415316e-06
3777,77270,3,2,0,1.9789986254181713e-06
3778,124596,4,3,1,7.40799805498682e-06
3779,9912,4,3,1,7.360999006778002e-06
3780,31815,3,2,0,3.6579986044671386e-06
3781,124619,3,3,1,5.98900078330189e-06
3782,9942,3,3,1,6.885002221679315e-06
3783,124631,3,3,1,7.433998689521104e-06
3784,124633,3,3,1,7.678001566091552e-06
3785,83676,3,3,1,6.465998012572527e-06
3786,124639,3,3,1,6.9880006776656955e-06
3787,59104,3,3,1,6.481001037172973e-06
3788,124646,4,3,1,7.558999641332775e-06
3789,116455,3,3,1,6.9739980972371995e-06
3790,124647,3,3,1,6.764999852748588e-06
3791,60424,3,2,0,2.0789993868675083e-06
3792,11581,3,1,0,2.044998836936429e-06
3793,102205,3,0,0,1.7040001694113016e-06
3794,132846,3,3,1,6.528996891574934e-06
3795,42748,4,3,1,5.8349978644400835e-06
3796,108289,3,3,1,7.016999006737024e-06
3797,116489,3,3,1,6.935999408597127e-06
3798,1806,3,3,1,7.227001333376393e-06
3799,124689,3,3,1,5.854999471921474e-06
3800,27493,4,2,0,2.2899985197000206e-06
3801,132883,3,3,1,7.209997420432046e-06
3802,29115,3,2,0,1.776999852154404e-06
3803,26394,3,3,1,6.622998625971377e-06
3804,91930,3,3,1,6.493999535450712e-06
3805,75549,3,3,1,6.899001164129004e-06
3806,10016,7,3,1,9.123999916482717e-06
3807,127746,3,2,0,1.8569990061223507e-06
3808,62305,3,1,0,1.7970014596357942e-06
3809,1830,3,3,1,6.526999641209841e-06
3810,44936,3,2,0,1.8179998733103275e-06
3811,1831,3,3,1,6.468999345088378e-06
3812,132948,3,3,1,6.910999218234792e-06
3813,67412,3,3,1,6.1589998949784786e-06
3814,83799,3,3,2,5.504000000655651e-06
3815,132952,3,3,1,6.9640009314753115e-06
3816,92014,3,3,1,7.038001058390364e-06
3817,84645,3,2,0,1.835000148275867e-06
3818,108406,3,3,1,7.103000825736672e-06
3819,108407,3,3,1,6.973001291044056e-06
3820,11156,3,2,0,2.111002686433494e-06
3821,106052,3,1,0,1.838998286984861e-06
3822,69275,3,0,0,1.6359990695491433e-06
3823,83831,3,3,1,7.329999789362773e-06
3824,2264,3,2,0,1.9549988792277873e-06
3825,124793,3,3,2,5.661000614054501e-06
3826,51071,3,3,1,6.7969995143357664e-06
3827,105927,3,2,0,1.762997271725908e-06
3828,8100,3,1,0,1.7509992176201195e-06
3829,83840,3,3,1,1.1396998161217198e-05
3830,10114,4,3,1,7.233000360429287e-06
3831,92045,3,3,1,7.201000698842108e-06
3832,75665,3,3,1,5.959998816251755e-06
3833,83861,3,3,1,7.603997801197693e-06
3834,4788,3,2,0,2.1740015654359013e-06
3835,4348,4,2,1,3.1149975256994367e-06
3836,108447,3,3,1,7.774000550853088e-06
3837,108453,3,3,1,6.419002602342516e-06
3838,10161,3,3,1,6.571000994881615e-06
3839,116666,3,3,1,7.097998604876921e-06
3840,92094,3,3,1,7.255999662447721e-06
3841,100296,3,3,2,5.671001417795196e-06
3842,133064,3,3,1,6.489000952569768e-06
3843,55340,3,2,0,2.0049992599524558e-06
3844,20514,4,2,1,7.593996997456998e-06
3845,10195,3,3,1,7.052000000840053e-06
3846,92129,3,3,1,6.2850012909621e-06
3847,88492,3,2,0,1.8709979485720396e-06
3848,76434,3,1,0,1.648997567826882e-06
3849,69424,3,0,0,1.5990008250810206e-06
3850,92132,5,3,1,7.855000148992985e-06
3851,42995,3,3,1,7.192000339273363e-06
3852,128793,3,2,0,1.944998075487092e-06
3853,76215,4,2,1,3.5960001696366817e-06
3854,116725,3,3,1,6.250000296859071e-06
3855,86063,3,2,0,1.8509999790694565e-06
3856,92152,3,3,1,6.250000296859071e-06
3857,133114,3,3,1,6.084999768063426e-06
3858,63621,3,2,0,1.877000613603741e-06
3859,108539,3,3,1,6.2780018197372556e-06
3860,75772,4,3,1,7.1260001277551055e-06
3861,43014,3,3,2,5.431000317912549e-06
3862,29840,3,2,1,4.427001840667799e-06
3863,133127,3,3,1,7.095000910339877e-06
3864,59627,3,2,0,1.9180006347596645e-06
3865,92168,3,3,1,6.073998520150781e-06
3866,124937,3,3,1,6.26499968348071e-06
3867,130003,3,2,0,1.8140017346013337e-06
3868,18445,3,3,1,6.274000043049455e-06
3869,93987,3,2,0,1.8570026441011578e-06
3870,75796,3,3,1,5.989997589495033e-06
3871,21086,3,2,0,1.962001988431439e-06
3872,18455,3,3,1,6.704001862090081e-06
3873,67620,3,3,1,7.320002623600885e-06
3874,59446,4,3,1,7.732000085525215e-06
3875,92219,3,3,1,6.6309985413681716e-06
3876,2114,3,3,1,7.841001206543297e-06
3877,108610,3,3,1,7.147998985601589e-06
3878,108612,3,3,1,7.1780013968236744e-06
3879,59467,3,3,1,6.8590015871450305e-06
3880,70027,3,2,0,1.9079998310189694e-06
3881,59468,3,3,1,6.669000867987052e-06
3882,125006,3,3,1,1.1963998986175284e-05
3883,68809,3,2,0,2.3510001483373344e-06
3884,100443,4,3,1,7.524999091401696e-06
3885,100445,3,3,1,6.395002856152132e-06
3886,38418,3,2,0,1.9229992176406085e-06
3887,100453,3,3,1,6.6259999584872276e-06
3888,72819,3,2,0,1.9690014596562833e-06
3889,75879,4,3,2,7.833998097339645e-06
3890,59498,3,3,1,6.715003110002726e-06
3891,100462,3,3,1,6.3440020312555134e-06
3892,108950,3,2,0,1.915002940222621e-06
3893,2161,3,3,1,6.733000191161409e-06
3894,2168,3,3,1,8.345999958692119e-06
3895,26743,8,3,0,9.032999514602125e-06
3896,97669,8,2,0,3.958997695008293e-06
3897,125049,3,3,1,6.381000275723636e-06
3898,126469,3,2,0,2.0229999790899456e-06
3899,63677,3,1,0,1.749001967255026e-06
3900,30924,3,0,0,1.6400008462369442e-06
3901,100480,3,3,1,6.709000444971025e-06
3902,104524,3,2,0,2.005999704124406e-06
3903,16350,3,1,0,1.7509992176201195e-06
3904,67717,3,3,1,6.757996743544936e-06
3905,32596,3,2,0,1.9280014385003597e-06
3906,93297,3,1,0,1.8050013750325888e-06
3907,67730,3,3,1,9.366998710902408e-06
3908,18587,3,3,1,6.991998816374689e-06
3909,26786,3,3,1,4.4337000872474164e-05
3910,2211,3,3,2,7.247999747050926e-06
3911,4275,3,2,0,2.0699990272987634e-06
3912,100538,3,3,1,7.25399877410382e-06
3913,59579,3,3,1,7.044000085443258e-06
3914,93033,3,2,0,1.9930012058466673e-06
3915,127112,3,1,0,1.8460013961885124e-06
3916,10428,3,3,1,7.948001439217478e-06
3917,67779,3,3,1,7.667000318178907e-06
3918,89643,3,2,0,1.9999970390927047e-06
3919,59594,5,3,1,1.0226998711004853e-05
3920,26831,3,3,1,6.867998308734968e-06
3921,125137,3,3,1,7.405000360449776e-06
3922,6336,3,2,0,2.0000006770715117e-06
3923,84182,3,3,1,6.628000846831128e-06
3924,64632,3,2,0,1.8609971448313445e-06
3925,108104,4,2,1,3.3719989005476236e-06
3926,108766,4,3,1,6.927002687007189e-06
3927,11572,4,2,0,2.2979984350968152e-06
3928,14403,3,1,0,1.829997927416116e-06
3929,28525,3,0,0,1.6810008673928678e-06
3930,116962,3,3,1,7.86099917604588e-06
3931,36822,3,2,0,2.043998392764479e-06
3932,59628,3,3,1,8.359998901141807e-06
3933,116974,3,3,1,7.037000614218414e-06
3934,80562,3,2,0,1.9700019038282335e-06
3935,67850,3,3,1,7.127000571927056e-06
3936,100621,3,3,1,6.712998583680019e-06
3937,43278,3,3,1,6.676000339211896e-06
3938,73250,3,2,0,1.8810023902915418e-06
3939,26902,3,3,1,7.143997208913788e-06
3940,108823,7,3,1,9.938998118741438e-06
3941,85858,3,2,0,1.9740000425372273e-06
3942,79631,3,1,0,1.8620012269821018e-06
3943,59681,5,3,1,8.73300086823292e-06
3944,26916,3,3,1,7.1450012910645455e-06
3945,13014,3,2,0,1.877000613603741e-06
3946,35113,3,3,1,7.381000614259392e-06
3947,84267,3,3,1,7.081998774083331e-06
3948,19945,3,2,0,1.939999492606148e-06
3949,51506,3,3,1,6.261001544771716e-06
3950,51507,3,3,1,7.139999070204794e-06
3951,43314,3,3,1,6.7639994085766375e-06
3952,67900,3,3,1,6.722999387420714e-06
3953,67911,5,3,2,7.848000677768141e-06
3954,108878,3,3,1,6.950001989025623e-06
3955,96197,3,2,0,1.7760030459612608e-06
3956,35153,3,3,1,7.094000466167927e-06
3957,125269,3,3,1,7.778999133734033e-06
3958,51543,4,3,1,7.810001989128068e-06
3959,59743,5,3,1,7.942999218357727e-06
3960,125282,3,3,1,7.4400013545528054e-06
3961,84333,3,3,1,7.382001058431342e-06
3962,84336,3,3,1,6.2830004026182e-06
3963,97685,3,2,0,1.9020008039660752e-06
3964,110544,3,1,0,1.7710008251015097e-06
3965,2423,3,3,2,5.265999789116904e-06
3966,67960,3,3,1,6.878999556647614e-06
3967,109688,3,2,0,1.8120008462574333e-06
3968,43408,3,3,1,7.1780013968236744e-06
3969,10641,3,3,1,6.763002602383494e-06
3970,46985,3,2,0,1.863001671154052e-06
3971,27746,3,1,0,3.555000148480758e-06
3972,43411,3,3,1,6.614001904381439e-06
3973,51604,3,3,1,7.5500029197428375e-06
3974,108953,3,3,1,6.586000381503254e-06
3975,27033,3,3,1,7.245998858707026e-06
3976,27035,3,3,1,6.570000550709665e-06
3977,100775,5,3,1,9.581002814229578e-06
3978,92584,3,3,2,6.3299994508270174e-06
3979,18859,3,3,1,5.415800114860758e-05
3980,117172,3,3,1,6.153000867925584e-06
3981,55854,3,2,0,1.9170001905877143e-06
3982,77618,3,1,0,1.6670019249431789e-06
3983,49130,7,1,1,4.913003067485988e-06
3984,100794,4,3,1,7.88500256021507e-06
3985,84425,3,3,1,7.318998541450128e-06
3986,35293,3,3,1,6.375001248670742e-06
3987,104114,3,2,0,1.8070022633764893e-06
3988,109847,6,2,0,5.732999852625653e-06
3989,18910,3,3,1,7.25199788575992e-06
3990,10720,3,3,1,6.8449990067165345e-06
3991,35304,3,3,1,6.463000318035483e-06
3992,20905,3,2,0,1.9460021576378495e-06
3993,109040,3,3,1,7.103997631929815e-06
3994,51709,5,3,1,7.610000466229394e-06
3995,18957,3,3,1,6.893998943269253e-06
3996,125460,4,3,1,7.683000148972496e-06
3997,125463,3,3,1,6.5159983932971954e-06
3998,73492,3,2,0,1.8499995348975062e-06
3999,125467,3,3,1,6.275000487221405e-06
4000,84510,3,3,1,6.510999810416251e-06
4001,85814,8,2,0,4.358000296633691e-06
4002,70584,3,1,0,1.6999983927235007e-06
4003,119758,3,0,0,1.7749989638105035e-06
4004,84520,4,3,2,5.736001185141504e-06
4005,18992,3,3,2,6.033998943166807e-06
4006,117298,3,3,1,3.405200186534785e-05
4007,109106,3,3,1,8.441002137260512e-06
4008,18997,3,3,1,6.700996891595423e-06
4009,27191,3,3,1,7.4499985203146935e-06
4010,35412,3,3,1,6.733000191161409e-06
4011,2645,3,3,2,5.9680023696273565e-06
4012,2657,3,3,1,6.3499974203296006e-06
4013,109154,3,3,1,6.3970001065172255e-06
4014,27246,3,3,1,7.473001460311934e-06
4015,117359,4,3,1,7.416001608362421e-06
4016,2682,4,3,1,7.589998858748004e-06
4017,46026,3,2,0,1.8379978428129107e-06
4018,62716,3,1,0,1.9799990695901215e-06
4019,92961,3,0,0,1.6089979908429086e-06
4020,43649,3,3,1,6.345999281620607e-06
4021,117379,3,3,1,7.214999641291797e-06
4022,16058,3,2,0,1.939999492606148e-06
4023,2702,3,3,1,6.785998266423121e-06
4024,68267,3,3,2,5.393998435465619e-06
4025,52084,6,2,1,6.0399979702197015e-06
4026,43698,3,3,1,6.795999070163816e-06
4027,27806,3,2,0,1.958000211743638e-06
4028,102955,3,1,0,1.619999238755554e-06
4029,84663,3,3,1,7.085000106599182e-06
4030,43714,3,3,1,6.7020009737461805e-06
4031,117444,3,3,1,7.0259993663057685e-06
4032,109270,3,3,1,7.27299993741326e-06
4033,76511,3,3,1,6.71900124871172e-06
4034,35552,4,3,1,7.1880022005643696e-06
4035,77990,3,2,0,5.057001544628292e-06
4036,119150,3,1,0,1.8149985407944769e-06
4037,75338,8,1,1,4.970999725628644e-06
4038,68329,3,3,1,6.966998626012355e-06
4039,2794,5,3,1,8.262999472208321e-06
4040,112613,3,2,0,1.958000211743638e-06
4041,60809,3,1,0,1.7480015230830759e-06
4042,125680,3,3,1,6.024001777404919e-06
4043,14468,3,2,0,1.929998688865453e-06
4044,102337,3,1,0,1.6689991753082722e-06
4045,73350,3,0,0,1.6119993233587593e-06
4046,35597,3,3,1,7.301998266484588e-06
4047,35598,3,3,1,7.015998562565073e-06
4048,27409,3,3,1,6.902999302837998e-06
4049,51986,3,3,1,7.302998710656539e-06
4050,109331,3,3,1,6.3970001065172255e-06
4051,47030,3,2,0,1.7880011000670493e-06
4052,11041,3,3,1,6.465998012572527e-06
4053,62589,3,2,0,1.8589998944662511e-06
4054,71075,3,1,0,1.763000909704715e-06
4055,84769,5,3,2,5.493999196914956e-06
4056,2852,5,3,1,8.071001502685249e-06
4057,101170,3,3,1,6.378002581186593e-06
4058,63713,3,2,0,1.877000613603741e-06
4059,52498,3,1,0,1.7279999156016856e-06
4060,19775,3,0,0,1.5090008673723787e-06
4061,60212,3,3,1,7.499002094846219e-06
4062,76599,3,3,1,7.233000360429287e-06
4063,109367,3,3,2,5.5440032156184316e-06
4064,84800,3,3,1,6.591002602363005e-06
4065,39192,3,2,0,1.9069993868470192e-06
4066,85456,3,1,0,1.6670019249431789e-06
4067,95487,5,2,1,5.571000656345859e-06
4068,84804,3,3,1,6.7639994085766375e-06
4069,84813,4,3,1,7.915998139651492e-06
4070,19385,3,2,0,1.9899998733308166e-06
4071,68446,3,3,1,7.398000889224932e-06
4072,2910,4,3,2,6.502999895019457e-06
4073,76641,3,3,1,6.629001291003078e-06
4074,101220,3,3,1,7.231999916257337e-06
4075,93029,3,3,2,5.488000169862062e-06
4076,35691,3,3,1,7.200000254670158e-06
4077,68460,5,3,1,8.04000228527002e-06
4078,81175,3,2,0,1.996002538362518e-06
4079,84845,3,3,1,6.713999027851969e-06
4080,43892,3,3,1,6.54199902783148e-06
4081,60276,4,3,1,8.365001122001559e-06
4082,68470,3,3,1,7.180002285167575e-06
4083,45108,3,2,0,1.7959973774850368e-06
4084,96801,3,1,0,1.8380014807917178e-06
4085,19341,3,3,1,6.40399957774207e-06
4086,11154,3,3,1,6.621998181799427e-06
4087,76707,3,3,1,7.286002073669806e-06
4088,84904,3,3,1,7.574999472126365e-06
4089,93098,3,3,1,1.4244000340113416e-05
4090,122214,3,2,0,1.9319995772093534e-06
4091,3012,3,3,1,6.44200190436095e-06
4092,85767,3,2,0,1.89200000022538e-06
4093,109510,3,3,1,6.441998266382143e-06
4094,96327,3,2,0,1.8230020941700786e-06
4095,109518,3,3,1,6.81699748383835e-06
4096,19413,3,3,1,6.674999895039946e-06
4097,35798,3,3,1,7.284001185325906e-06
4098,35799,3,3,1,6.948001100681722e-06
4099,101336,3,3,1,8.47000046633184e-06
4100,93155,3,3,1,6.831000064266846e-06
4101,101347,3,3,1,6.972000846872106e-06
4102,60389,3,3,1,7.954000466270372e-06
4103,3047,3,3,1,6.575999577762559e-06
4104,87422,3,2,0,1.9260005501564592e-06
4105,109550,4,3,1,7.274997187778354e-06
4106,19439,3,3,2,5.574998795054853e-06
4107,101368,3,3,2,7.2830007411539555e-06
4108,93180,3,3,1,6.965001375647262e-06
4109,27654,3,3,1,7.2359980549663305e-06
4110,95292,3,2,0,2.0000006770715117e-06
4111,11274,3,3,1,7.280999852810055e-06
4112,19468,3,3,1,6.662001396762207e-06
4113,38228,3,2,0,1.857999450294301e-06
4114,109585,5,3,1,7.687001925660297e-06
4115,85013,3,3,2,5.917998350923881e-06
4116,68630,3,3,1,6.52399830869399e-06
4117,117784,3,3,1,7.326998456846923e-06
4118,117785,3,3,1,6.705999112455174e-06
4119,117786,3,2,0,1.8499995348975062e-06
4120,19485,3,3,1,6.785001460229978e-06
4121,19486,3,3,1,6.831000064266846e-06
4122,52254,3,3,1,7.385999197140336e-06
4123,95267,4,2,0,2.377997589064762e-06
4124,32530,3,1,0,1.8809987523127347e-06
4125,3117,3,3,1,6.942002073628828e-06
4126,101425,3,3,1,6.9119996624067426e-06
4127,109619,3,3,1,6.8019980972167104e-06
4128,93240,3,3,1,6.895999831613153e-06
4129,35916,3,3,1,6.312002369668335e-06
4130,130680,3,2,0,1.8740029190666974e-06
4131,12865,3,1,0,1.924996468005702e-06
4132,119372,3,0,0,1.562999386806041e-06
4133,101463,3,3,1,6.400001439033076e-06
4134,27739,3,3,1,6.484999175881967e-06
4135,85092,3,3,1,6.631002179346979e-06
4136,109679,3,3,1,7.036000170046464e-06
4137,71087,3,2,0,1.7269994714297354e-06
4138,11383,3,3,2,5.854002665728331e-06
4139,76920,3,3,1,6.795999070163816e-06
4140,109693,3,3,1,1.2488999345805496e-05
4141,101626,3,2,0,2.1619998733513057e-06
4142,109707,4,3,1,7.3640003392938524e-06
4143,94637,3,2,0,2.133998350473121e-06
4144,93326,3,3,1,6.8020017351955175e-06
4145,126101,3,3,1,6.356000085361302e-06
4146,80407,3,2,0,1.99299756786786e-06
4147,109736,3,3,1,6.927999493200332e-06
4148,36014,3,3,1,6.6159991547465324e-06
4149,86561,3,2,0,1.9229992176406085e-06
4150,70227,3,1,0,1.7599995771888644e-06
4151,3248,3,3,1,7.036000170046464e-06
4152,93364,3,3,1,6.75600313115865e-06
4153,93365,3,3,1,6.276000931393355e-06
4154,15252,3,2,0,1.777996658347547e-06
4155,101557,3,3,1,7.730999641353264e-06
4156,109749,3,3,1,6.930000381544232e-06
4157,88047,3,2,0,2.0760016923304647e-06
4158,60601,3,3,1,7.562000973848626e-06
4159,60605,4,3,1,7.937000191304833e-06
4160,130835,3,2,0,1.8710015865508467e-06
4161,68799,3,3,1,6.623999070143327e-06
4162,122742,3,2,0,4.665998858399689e-06
4163,60612,3,3,1,6.946000212337822e-06
4164,3270,3,3,1,6.841000868007541e-06
4165,85191,3,3,1,6.589001714019105e-06
4166,85190,3,3,1,7.3640003392938524e-06
4167,27883,3,3,1,6.5920030465349555e-06
4168,118014,3,3,1,6.432001100620255e-06
4169,3890,3,2,0,1.8370010366197675e-06
4170,60675,3,3,1,6.751000910298899e-06
4171,106051,3,2,0,1.8739992810878903e-06
4172,58111,4,2,1,5.000001692678779e-06
4173,27908,3,3,1,7.393002306343988e-06
4174,118030,3,3,1,6.57900091027841e-06
4175,68880,3,3,1,5.9919984778389335e-06
4176,20257,3,2,0,2.0379993657115847e-06
4177,120804,3,1,0,1.7370002751704305e-06
4178,52497,3,3,1,6.342997949104756e-06
4179,11538,5,3,1,7.954000466270372e-06
4180,36117,8,3,1,9.134000720223412e-06
4181,89734,3,2,0,2.0170009520370513e-06
4182,60697,3,3,1,6.918999133631587e-06
4183,44325,3,3,1,6.589001714019105e-06
4184,60717,3,3,1,6.143000064184889e-06
4185,89460,3,2,0,1.9260005501564592e-06
4186,52530,4,3,1,7.46500154491514e-06
4187,126261,3,3,1,6.236001354409382e-06
4188,70824,3,2,0,1.7169986676890403e-06
4189,118079,3,3,2,5.1539973355829716e-06
4190,93505,3,3,1,7.187001756392419e-06
4191,19778,3,3,1,6.252997991396114e-06
4192,52547,3,3,2,5.560999852605164e-06
4193,93508,3,3,1,6.803998985560611e-06
4194,77130,3,3,1,6.654998287558556e-06
4195,93520,4,3,1,6.894999387441203e-06
4196,3423,3,3,1,6.485002813860774e-06
4197,52601,3,3,1,6.2779981817584485e-06
4198,19834,3,3,1,6.211997970240191e-06
4199,52603,3,3,1,6.155998562462628e-06
4200,87500,4,2,0,2.395998308202252e-06
4201,69097,4,1,0,2.1380001271609217e-06
4202,52602,3,3,1,6.041998858563602e-06
4203,93563,3,3,1,6.735997885698453e-06
4204,109951,4,3,1,6.959999154787511e-06
4205,77183,3,3,1,6.342997949104756e-06
4206,22701,3,2,0,1.9609979062806815e-06
4207,37254,3,1,0,1.7940001271199435e-06
4208,60805,3,3,1,6.8830013333354145e-06
4209,93585,3,3,1,6.213002052390948e-06
4210,60818,3,3,1,6.276000931393355e-06
4211,86305,3,2,0,1.8000027921516448e-06
4212,11667,3,3,2,5.433998012449592e-06
4213,3479,5,3,1,8.469996828353032e-06
4214,30362,4,2,0,2.2260028345044702e-06
4215,52370,5,2,1,3.5089979064650834e-06
4216,110546,3,2,1,4.6770001063123345e-06
4217,104466,6,2,1,5.855999916093424e-06
4218,3480,3,3,1,6.927999493200332e-06
4219,94710,4,2,0,2.339998900424689e-06
4220,70758,4,1,0,2.001001121243462e-06
4221,19888,5,3,1,8.130999049171805e-06
4222,110004,3,3,1,6.936999852769077e-06
4223,110006,3,3,1,1.131499811890535e-05
4224,110015,3,3,1,7.515998731832951e-06
4225,44481,3,3,1,6.756999937351793e-06
4226,11729,3,3,1,8.863000402925536e-06
4227,77293,3,2,0,2.0840016077272594e-06
4228,101842,3,3,1,6.457001290982589e-06
4229,101848,3,3,1,6.722999387420714e-06
4230,36314,8,3,2,8.377999620279297e-06
4231,53641,3,2,1,2.7220012270845473e-06
4232,56840,5,2,1,5.566002073464915e-06
4233,48669,3,2,1,2.87899820250459e-06
4234,3553,3,3,1,6.186997779877856e-06
4235,110343,3,2,0,1.8079990695696324e-06
4236,77787,3,1,0,1.7940001271199435e-06
4237,3554,3,3,1,6.880000000819564e-06
4238,28129,3,3,1,6.500999006675556e-06
4239,28142,3,3,2,6.155001756269485e-06
4240,101875,3,3,1,7.210001058410853e-06
4241,39962,3,2,0,1.9229992176406085e-06
4242,77245,5,2,1,3.815999662037939e-06
4243,69111,3,3,1,6.9499983510468155e-06
4244,13583,3,2,0,2.0520019461400807e-06
4245,55679,3,1,0,1.7980019038077444e-06
4246,19973,3,3,2,6.103000487200916e-06
4247,36373,3,3,1,7.89800105849281e-06
4248,126488,3,3,1,7.167996955104172e-06
4249,93725,4,3,2,6.072001269785687e-06
4250,28190,3,3,1,6.313002813840285e-06
4251,29895,3,2,0,1.977001375053078e-06
4252,52770,3,3,1,6.066999048925936e-06
4253,60980,3,3,1,5.931000487180427e-06
4254,85562,3,3,1,6.258000212255865e-06
4255,127275,3,2,0,1.7909987946040928e-06
4256,85566,3,3,1,6.664999091299251e-06
4257,73288,3,2,0,1.8099999579135329e-06
4258,85572,3,3,1,6.160000339150429e-06
4259,44613,3,3,1,8.872000762494281e-06
4260,69238,4,2,0,2.257998858112842e-06
4261,101958,3,3,1,7.1309987106360495e-06
4262,69191,3,3,1,6.547001248691231e-06
4263,79629,3,2,0,1.8959981389343739e-06
4264,28258,3,3,1,6.99500014889054e-06
4265,118378,3,3,1,6.933001714060083e-06
4266,8128,3,2,0,1.8370010366197675e-06
4267,101995,3,3,1,7.066999387461692e-06
4268,118384,5,3,2,6.786001904401928e-06
4269,23084,3,2,1,4.849000106332824e-06
4270,69235,3,3,1,7.901999197201803e-06
4271,28287,5,3,1,8.05400122771971e-06
4272,44677,3,3,1,6.777001544833183e-06
4273,102474,3,2,0,2.064000000245869e-06
4274,79747,3,1,0,1.886997779365629e-06
4275,11917,3,3,1,6.205998943187296e-06
4276,11922,6,3,1,3.4292002965230495e-05
4277,114433,5,2,0,4.5199994929134846e-06
4278,44512,8,2,1,6.898997526150197e-06
4279,2447,5,2,1,7.0780006353743374e-06
4280,20129,3,3,1,7.059999916236848e-06
4281,28327,3,3,3,4.520003130892292e-06
4282,93868,3,3,1,6.479000148829073e-06
4283,69308,3,3,2,5.98800033912994e-06
4284,69322,3,3,1,7.476999599020928e-06
4285,77515,5,3,1,8.104001608444378e-06
4286,39372,3,2,0,2.082000719383359e-06
4287,114157,3,1,0,1.806001819204539e-06
4288,77526,3,3,1,6.6020002122968435e-06
4289,77527,3,3,1,7.610000466229394e-06
4290,110295,4,3,1,1.030799830914475e-05
4291,110297,3,3,1,7.676000677747652e-06
4292,110299,3,3,1,6.4539999584667385e-06
4293,110304,3,3,1,7.1400027081836015e-06
4294,28385,3,3,1,6.960999598959461e-06
4295,36580,3,3,1,6.87500141793862e-06
4296,87376,3,2,0,1.972999598365277e-06
4297,28390,3,3,1,7.532999006798491e-06
4298,52968,3,3,1,7.125996489776298e-06
4299,28393,4,3,1,7.765000191284344e-06
4300,20206,3,3,1,7.251001079566777e-06
4301,52979,3,3,1,7.661998097319156e-06
4302,20214,3,3,1,7.105998520273715e-06
4303,69366,3,3,1,7.694001396885142e-06
4304,126986,3,2,0,1.800999598344788e-06
4305,3837,3,3,2,6.42200029687956e-06
4306,20228,4,3,1,4.065997927682474e-06
4307,93968,3,3,1,6.891001248732209e-06
4308,94680,3,2,0,1.9179969967808574e-06
4309,69404,3,3,1,6.942998879821971e-06
4310,126762,3,3,1,6.271002348512411e-06
4311,12076,3,3,2,5.83200016990304e-06
4312,110387,4,3,1,7.284997991519049e-06
4313,118583,4,3,1,7.083999662427232e-06
4314,102201,3,3,1,6.536000000778586e-06
4315,63970,3,2,0,1.9950020941905677e-06
4316,50691,4,2,1,4.508998245000839e-06
4317,102204,3,3,1,6.534002750413492e-06
4318,110403,3,3,1,7.030001142993569e-06
4319,77642,3,3,1,6.138998287497088e-06
4320,73556,3,2,0,1.7799975466914475e-06
4321,69451,4,3,1,8.250000973930582e-06
4322,85840,3,3,1,6.974001735216007e-06
4323,112299,3,2,0,1.9859980966430157e-06
4324,96831,3,1,0,1.7040001694113016e-06
4325,85841,3,3,1,6.674999895039946e-06
4326,85842,3,3,1,6.615002348553389e-06
4327,69459,4,3,1,6.848000339232385e-06
4328,44880,4,3,1,7.118997018551454e-06
4329,85859,3,3,1,6.85700069880113e-06
4330,85862,3,3,2,5.558998964261264e-06
4331,118633,3,3,2,6.0349993873387575e-06
4332,61294,3,3,1,7.606999133713543e-06
4333,85873,6,3,0,6.0780002968385816e-06
4334,22299,8,2,1,6.409998604794964e-06
4335,118641,4,3,1,5.898000381421298e-06
4336,3955,3,3,1,6.776001100661233e-06
4337,85881,3,3,1,6.54399991617538e-06
4338,118655,3,3,1,6.866001058369875e-06
4339,120960,3,2,0,2.0219995349179953e-06
4340,129623,3,1,0,1.8230020941700786e-06
4341,103466,3,0,0,1.8140017346013337e-06
4342,102309,3,3,1,6.553000275744125e-06
4343,102334,4,3,2,6.7449982452671975e-06
4344,102338,3,3,1,7.2590009949635714e-06
4345,110536,3,3,1,7.5930001912638545e-06
4346,102344,3,3,1,7.032998837530613e-06
4347,61384,3,3,1,6.9119996624067426e-06
4348,48878,3,2,0,1.9519975467119366e-06
4349,54611,3,1,0,1.720000000204891e-06
4350,36821,3,3,1,7.5409989221952856e-06
4351,36825,5,3,1,7.4640011007431895e-06
4352,69607,3,3,2,5.883000994799659e-06
4353,85993,3,3,1,6.166999810375273e-06
4354,72171,3,2,0,8.404000254813582e-06
4355,85994,3,3,1,6.426998879760504e-06
4356,61897,3,2,0,1.959000655915588e-06
4357,69610,3,3,1,7.672999345231801e-06
4358,110583,5,3,1,8.466999133815989e-06
4359,30408,3,2,0,1.8719983927439898e-06
4360,23339,3,1,0,1.862998033175245e-06
4361,57861,9,0,0,3.2339994504582137e-06
4362,53245,3,3,1,7.091999577824026e-06
4363,102423,3,3,1,6.73600152367726e-06
4364,110621,3,3,1,6.747999577783048e-06
4365,61482,3,3,2,6.026999471941963e-06
4366,45102,4,3,1,6.633999873884022e-06
4367,32357,4,2,0,2.3550019250251353e-06
4368,21654,6,2,1,5.393998435465619e-06
4369,69680,3,3,2,5.590001819655299e-06
4370,94260,3,3,1,6.884998583700508e-06
4371,61494,3,3,1,6.556001608259976e-06
4372,4154,3,3,1,6.885999027872458e-06
4373,77887,3,3,1,6.3779989432077855e-06
4374,80526,3,2,0,1.968001015484333e-06
4375,12351,3,3,1,6.979000318096951e-06
4376,77888,3,3,1,6.095000571804121e-06
4377,121182,3,2,0,1.748998329276219e-06
4378,20546,3,3,1,6.435999239329249e-06
4379,86084,3,3,1,6.084999768063426e-06
4380,102480,3,3,1,7.557999197160825e-06
4381,69719,3,3,1,6.4449995988979936e-06
4382,80196,3,2,0,1.8999999156221747e-06
4383,94306,3,3,1,7.260001439135522e-06
4384,28789,3,3,1,6.690999725833535e-06
4385,12407,4,3,1,8.031001925701275e-06
4386,127096,3,3,1,7.2260008892044425e-06
4387,110713,3,3,1,6.443999154726043e-06
4388,20602,3,3,1,7.077000191202387e-06
4389,94332,3,3,2,6.212998414412141e-06
4390,102525,3,3,1,6.938000296941027e-06
4391,129484,3,2,0,1.8700011423788965e-06
4392,53369,4,3,1,7.029997505014762e-06
4393,102529,4,3,1,7.329999789362773e-06
4394,114532,3,2,0,1.7370002751704305e-06
4395,88708,4,2,1,5.664998752763495e-06
4396,102531,3,3,1,7.2740003815852106e-06
4397,61574,3,3,1,6.931000825716183e-06
4398,12423,4,3,2,4.859997716266662e-06
4399,127116,3,3,1,7.0259993663057685e-06
4400,110740,3,3,1,6.917998689459637e-06
4401,4245,3,3,1,6.71800080453977e-06
4402,127128,3,3,1,6.7159999161958694e-06
4403,28827,3,3,1,6.213002052390948e-06
4404,94365,3,3,1,1.3462999049806967e-05
4405,94381,3,3,1,7.671998901059851e-06
4406,4287,3,3,1,7.508999260608107e-06
4407,73454,3,2,0,2.2610001906286925e-06
4408,118981,3,3,1,6.558002496603876e-06
4409,39950,3,2,0,1.73499938682653e-06
4410,110789,3,3,1,6.6259999584872276e-06
4411,4296,5,3,1,7.279999408638105e-06
4412,110796,3,3,1,7.4979980126954615e-06
4413,119273,3,2,0,1.8639984773471951e-06
4414,20685,3,3,1,6.420003046514466e-06
4415,70825,3,2,0,1.971999154193327e-06
4416,20696,3,3,1,7.015998562565073e-06
4417,4314,3,3,1,8.596998668508604e-06
4418,113718,3,2,0,1.9710023480001837e-06
4419,45555,3,1,0,1.815998984966427e-06
4420,52092,5,1,0,2.5230001483578235e-06
4421,28895,3,3,1,7.909999112598598e-06
4422,20711,3,3,2,6.227000994840637e-06
4423,20713,3,3,1,6.695001502521336e-06
4424,69877,8,3,2,8.303999493364245e-06
4425,28918,3,3,1,6.017999112373218e-06
4426,12540,3,3,1,6.785001460229978e-06
4427,70338,3,2,0,1.968997821677476e-06
4428,79393,3,1,0,1.7810016288422048e-06
4429,53502,3,3,1,4.533099854597822e-05
4430,80651,3,2,0,2.945002052001655e-06
4431,61701,3,3,1,8.107999747153372e-06
4432,119048,3,3,1,7.2880029620137066e-06
4433,32487,3,2,0,1.8989994714502245e-06
4434,69902,3,3,1,7.39199822419323e-06
4435,37142,3,3,1,7.337999704759568e-06
4436,78106,3,3,1,6.779999239370227e-06
4437,78109,3,3,1,7.3310002335347235e-06
4438,37150,3,3,1,6.979000318096951e-06
4439,28972,3,3,1,6.984999345149845e-06
4440,40769,3,2,0,2.18700006371364e-06
4441,57011,7,2,1,6.825001037213951e-06
4442,119087,3,3,1,6.766000296920538e-06
4443,63172,3,2,0,1.824999344535172e-06
4444,53571,3,3,1,7.129001460270956e-06
4445,53573,3,3,1,6.935999408597127e-06
4446,62078,3,2,0,1.9709987100213766e-06
4447,53574,3,3,1,7.375001587206498e-06
4448,45386,3,3,2,5.603000317933038e-06
4449,29006,3,3,1,6.930000381544232e-06
4450,102749,3,3,1,6.791000487282872e-06
4451,102750,3,3,1,6.411999493138865e-06
4452,102755,3,3,1,6.722999387420714e-06
4453,53607,3,3,1,6.69799919705838e-06
4454,53611,3,3,1,6.87500141793862e-06
4455,61803,3,3,1,6.844002200523391e-06
4456,64481,3,2,0,1.8290011212229729e-06
4457,20854,5,3,0,5.9919984778389335e-06
4458,61829,3,3,2,6.702997779939324e-06
4459,12681,3,3,1,7.089001883286983e-06
4460,119179,3,3,1,6.9260022428352386e-06
4461,12690,3,3,1,7.358001312240958e-06
4462,53657,3,3,1,7.080001523718238e-06
4463,127412,3,3,2,6.138001481303945e-06
4464,119220,3,3,1,7.357000868069008e-06
4465,61894,3,3,1,6.481001037172973e-06
4466,87600,3,2,0,1.958000211743638e-06
4467,29134,3,3,1,7.829999958630651e-06
4468,45559,3,2,0,2.0849984139204025e-06
4469,84,5,2,0,4.80900052934885e-06
4470,33504,7,2,1,6.362002750393003e-06
4471,45531,3,3,1,7.4359995778650045e-06
4472,15049,3,2,0,1.915999746415764e-06
4473,102875,3,3,1,7.580998499179259e-06
4474,20967,3,3,1,6.795999070163816e-06
4475,94716,3,3,1,6.583002686966211e-06
4476,86554,4,3,1,3.731998731382191e-06
4477,94751,3,3,1,1.1121999705210328e-05
4478,86562,3,3,1,7.27299993741326e-06
4479,53806,3,3,1,7.138001819839701e-06
4480,53808,3,3,1,7.68899917602539e-06
4481,62020,3,3,1,1.2885000614915043e-05
4482,119365,3,3,1,7.080998329911381e-06
4483,53830,3,3,1,6.1399987316690385e-06
4484,119370,3,3,1,6.989997928030789e-06
4485,70228,3,3,1,6.40600046608597e-06
4486,94841,3,3,1,7.001002813922241e-06
4487,29306,3,3,1,5.809000867884606e-06
4488,129858,3,2,0,1.767002686392516e-06
4489,86655,3,3,1,7.201000698842108e-06
4490,70826,3,2,0,2.0989973563700914e-06
4491,119423,4,3,1,8.16100146039389e-06
4492,70293,5,2,0,2.7030000637751073e-06
4493,12929,3,3,1,7.393999112537131e-06
4494,103049,3,3,1,7.241000275826082e-06
4495,64860,3,2,0,1.8860009731724858e-06
4496,70291,3,3,1,6.2969993450678885e-06
4497,94868,3,3,1,7.025002560112625e-06
4498,29336,3,3,1,6.395999662345275e-06
4499,15226,3,2,0,1.7789971025194973e-06
4500,127646,4,3,1,3.9000005926936865e-06
4501,86691,3,3,1,6.165999366203323e-06
4502,37542,3,3,1,7.111000741133466e-06
4503,103116,3,3,1,7.538001227658242e-06
4504,119518,6,3,1,4.126002750126645e-06
4505,120791,4,2,1,5.665999196935445e-06
4506,129288,4,1,0,2.0609986677300185e-06
4507,29408,4,3,2,4.479999915929511e-06
4508,62185,3,3,1,7.530001312261447e-06
4509,71637,3,2,0,1.830001565394923e-06
4510,13034,4,3,1,8.125000022118911e-06
4511,119558,3,3,1,6.9210000219754875e-06
4512,78599,3,3,1,6.7209984990768135e-06
4513,103205,4,3,1,7.451999408658594e-06
4514,4907,3,3,1,1.8281996744917706e-05
4515,54060,3,3,1,6.603997462661937e-06
4516,103216,4,3,1,7.156002538977191e-06
4517,103217,3,3,1,6.722002581227571e-06
4518,105362,3,2,0,1.7749989638105035e-06
4519,70458,3,3,1,6.718997610732913e-06
4520,37699,3,3,2,5.611997039522976e-06
4521,119619,3,3,1,7.3830015026032925e-06
4522,119623,3,3,1,6.893998943269253e-06
4523,70480,3,3,1,5.83300061407499e-06
4524,29521,3,3,1,1.0711999493651092e-05
4525,29520,3,3,2,6.2920007621869445e-06
4526,13143,3,3,1,6.557002052431926e-06
4527,70491,4,3,1,8.086997695500031e-06
4528,54110,3,3,1,6.5780004661064595e-06
4529,37734,3,3,1,6.714002665830776e-06
4530,119668,3,3,1,6.627000402659178e-06
4531,54140,3,3,2,5.893001798540354e-06
4532,21384,3,3,1,6.046000635251403e-06
4533,54173,3,3,1,7.086000550771132e-06
4534,71712,3,2,0,2.101998688885942e-06
4535,21416,3,3,1,7.788003131281585e-06
4536,46001,4,3,1,7.423001079587266e-06
4537,86963,4,3,1,8.556002285331488e-06
4538,86966,3,3,1,7.356000423897058e-06
4539,5051,3,3,1,7.065998943289742e-06
4540,54208,3,3,1,6.775000656489283e-06
4541,111560,3,3,1,6.452002708101645e-06
4542,29649,3,3,2,6.199999916134402e-06
4543,54241,4,3,1,3.6239980545360595e-06
4544,119780,3,3,1,7.049002306303009e-06
4545,37860,3,3,2,9.444000170333311e-06
4546,70640,3,3,1,7.056001777527854e-06
4547,62454,3,3,2,5.23999915458262e-06
4548,78847,3,3,1,6.30300201009959e-06
4549,111631,3,3,1,6.089001544751227e-06
4550,37941,6,2,0,3.954999556299299e-06
4551,128015,3,3,1,7.424998329952359e-06
4552,128017,3,3,1,6.974001735216007e-06
4553,62481,3,3,1,7.1639988163951784e-06
4554,103456,3,3,1,6.986003427300602e-06
4555,111654,6,3,2,7.475002348655835e-06
4556,46119,3,3,1,6.948001100681722e-06
4557,78900,3,3,2,6.161000783322379e-06
4558,119864,3,3,1,7.201000698842108e-06
4559,78905,3,3,1,6.797999958507717e-06
4560,5185,3,3,1,7.2830007411539555e-06
4561,46146,3,3,1,6.1290011217352e-06
4562,46147,3,3,1,6.217000191099942e-06
4563,111687,3,3,1,6.313999620033428e-06
4564,78921,3,3,1,6.714999472023919e-06
4565,95319,3,3,1,6.6110005718655884e-06
4566,54361,3,3,1,6.14500095252879e-06
4567,63870,3,2,0,2.0989973563700914e-06
4568,37985,3,3,1,6.979000318096951e-06
4569,37990,3,3,2,6.963000487303361e-06
4570,70759,3,3,1,6.279999070102349e-06
4571,79226,3,2,0,1.8600003386382014e-06
4572,20857,4,2,1,4.322002496337518e-06
4573,21646,8,3,1,8.45199974719435e-06
4574,79011,3,3,3,4.518999048741534e-06
4575,54443,3,3,1,7.0930000219959766e-06
4576,87233,3,3,1,6.533999112434685e-06
4577,29891,3,3,1,6.2639992393087596e-06
4578,120022,3,3,1,6.68099892209284e-06
4579,5336,3,3,1,6.83699909131974e-06
4580,120762,3,2,0,1.8450009520165622e-06
4581,62683,4,3,2,8.410999726038426e-06
4582,14867,3,2,1,3.117002052022144e-06
4583,29960,3,3,1,6.391001079464331e-06
4584,54542,3,3,1,6.481001037172973e-06
4585,5391,3,3,1,6.4019986893981695e-06
4586,54548,3,3,1,6.319998647086322e-06
4587,54550,3,2,0,1.8850005290005356e-06
4588,54549,3,3,1,6.533999112434685e-06
4589,54551,3,3,1,6.501002644654363e-06
4590,5399,5,3,1,6.9259986048564315e-06
4591,120094,3,3,1,6.10999995842576e-06
4592,80482,3,2,0,1.7950005712918937e-06
4593,5412,4,3,1,8.104998414637521e-06
4594,87334,3,3,1,6.673999450867996e-06
4595,79154,3,3,1,7.553000614279881e-06
4596,79155,3,3,1,6.703001417918131e-06
4597,5429,5,3,1,7.937000191304833e-06
4598,13625,3,3,1,6.448997737606987e-06
4599,54599,3,3,2,7.156999345170334e-06
4600,13657,3,3,1,6.841997674200684e-06
4601,111970,3,3,1,6.439000571845099e-06
4602,103783,4,3,1,7.939001079648733e-06
4603,97145,3,2,0,1.9379986042622477e-06
4604,79214,4,3,1,7.0970017986837775e-06
4605,38262,3,3,1,6.271002348512411e-06
4606,88705,3,2,0,1.8089995137415826e-06
4607,103805,3,3,2,6.014997779857367e-06
4608,103807,3,3,1,6.431000656448305e-06
4609,23921,3,2,0,3.7560021155513823e-06
4610,7785,3,1,0,1.9430008251219988e-06
4611,87425,3,3,1,6.147998647065833e-06
4612,38280,3,3,1,5.960999260423705e-06
4613,63580,3,2,0,1.815998984966427e-06
4614,120206,3,3,1,7.525002729380503e-06
4615,5530,3,3,2,5.846002750331536e-06
4616,71086,5,3,1,8.243001502705738e-06
4617,18170,5,2,0,2.469001628924161e-06
4618,38349,3,3,2,6.672999006696045e-06
4619,79312,3,3,2,5.7249999372288585e-06
4620,112082,4,3,1,7.075999747030437e-06
4621,112087,3,3,1,6.960999598959461e-06
4622,30179,3,3,3,4.41200245404616e-06
4623,120294,3,3,1,6.198002665769309e-06
4624,38378,3,3,1,6.591999408556148e-06
4625,30199,3,3,2,6.624999514315277e-06
4626,103935,3,3,1,6.843998562544584e-06
4627,79361,3,3,1,6.556998414453119e-06
4628,23632,3,2,0,2.002001565415412e-06
4629,103939,3,3,1,7.070000719977543e-06
4630,120336,3,3,1,7.212001946754754e-06
4631,79383,3,3,1,7.318001735256985e-06
4632,112160,3,3,1,6.774997018510476e-06
4633,87593,3,3,2,5.789999704575166e-06
4634,79403,3,3,1,7.561997335869819e-06
4635,13881,4,3,2,5.7969991758000106e-06
4636,112218,3,3,1,7.286002073669806e-06
4637,46692,3,3,1,6.818001565989107e-06
4638,129985,3,2,0,1.815002178773284e-06
4639,104045,3,3,1,6.99399970471859e-06
4640,104049,3,3,1,7.561000529676676e-06
4641,38515,3,3,2,5.727997631765902e-06
4642,120438,3,3,1,6.44200190436095e-06
4643,95881,3,3,1,6.2590006564278156e-06
4644,112266,3,3,1,7.2789989644661546e-06
4645,120459,3,3,2,1.1640000593615696e-05
4646,30353,3,3,1,7.501999789383262e-06
4647,46748,3,3,1,7.499002094846219e-06
4648,105367,3,2,0,1.9990002328995615e-06
4649,104104,3,3,1,7.0830028562340885e-06
4650,104108,3,3,1,6.526999641209841e-06
4651,104109,3,3,1,6.178997864481062e-06
4652,5813,3,3,1,6.121001206338406e-06
4653,81503,3,2,0,1.7700003809295595e-06
4654,18013,4,2,1,3.064000338781625e-06
4655,28864,5,1,0,3.1390009098686278e-06
4656,79556,5,3,1,8.144997991621494e-06
4657,71390,3,3,1,6.951002433197573e-06
4658,87780,3,3,1,7.4549971031956375e-06
4659,30444,3,3,2,6.325000867946073e-06
4660,56404,3,2,0,1.7989987100008875e-06
4661,5874,3,3,1,6.517999281641096e-06
4662,55047,5,3,1,8.325998351210728e-06
4663,128776,3,3,1,6.8110020947642624e-06
4664,38672,3,3,1,5.286899977363646e-05
4665,55057,3,3,1,7.087000994943082e-06
4666,38681,6,3,1,9.444000170333311e-06
4667,46915,3,3,1,6.098001904319972e-06
4668,120647,3,3,1,6.555997970281169e-06
4669,128840,3,3,1,6.206999387359247e-06
4670,128841,3,3,1,7.542999810539186e-06
4671,63312,3,3,1,8.02100112196058e-06
4672,55379,3,2,0,5.841000529471785e-06
4673,104288,3,3,1,6.69899964123033e-06
4674,104298,3,3,1,6.24699896434322e-06
4675,16095,3,2,0,1.8199971236754209e-06
4676,55168,3,1,0,1.7790007404983044e-06
4677,71545,3,3,1,6.150003173388541e-06
4678,71548,3,3,1,6.843001756351441e-06
4679,48269,4,2,0,2.5420013116672635e-06
4680,79749,3,3,1,6.628000846831128e-06
4681,14220,3,3,1,7.5930001912638545e-06
4682,87949,3,3,1,6.566002412000671e-06
4683,63375,5,3,1,8.020997483981773e-06
4684,31166,3,2,0,2.0219995349179953e-06
4685,96147,3,3,1,6.3539991970174015e-06
4686,122186,3,2,0,1.8560021999292076e-06
4687,22432,6,3,1,7.065998943289742e-06
4688,128930,3,3,1,7.400998583761975e-06
4689,22437,3,3,2,5.706999218091369e-06
4690,6059,3,3,1,6.0679994930978864e-06
4691,6061,3,3,1,6.771999323973432e-06
4692,120750,3,3,1,7.1970025601331145e-06
4693,38831,3,3,1,7.70800033933483e-06
4694,55213,3,3,1,6.653001037193462e-06
4695,63877,3,2,0,1.8950013327412307e-06
4696,88512,3,1,0,1.7589991330169141e-06
4697,79814,3,3,2,5.738998879678547e-06
4698,63431,3,3,1,7.370999810518697e-06
4699,120773,5,3,2,7.444003131240606e-06
4700,30666,3,3,1,6.610000127693638e-06
4701,30669,3,3,1,6.457998097175732e-06
4702,88877,3,2,0,1.9420003809500486e-06
4703,63438,3,3,1,7.1930007834453136e-06
4704,104410,3,3,1,6.003996531944722e-06
4705,120810,3,3,1,6.664999091299251e-06
4706,96244,3,3,1,5.475998477777466e-06
4707,71681,3,3,1,6.201000360306352e-06
4708,6171,3,3,1,6.566999218193814e-06
4709,71718,3,3,1,6.466001650551334e-06
4710,22569,3,3,1,5.85100133321248e-06
4711,71722,3,3,2,5.903999408474192e-06
4712,71724,3,3,1,6.371999916154891e-06
4713,71733,3,3,1,6.648999260505661e-06
4714,88117,3,3,1,6.8879999162163585e-06
4715,38985,3,3,1,5.844998668180779e-06
4716,63573,3,3,1,1.2332999176578596e-05
4717,47209,3,3,1,6.70100052957423e-06
4718,129130,3,3,1,6.54399991617538e-06
4719,55406,3,3,1,6.427999323932454e-06
4720,79988,3,3,1,6.657002813881263e-06
4721,129148,3,3,1,7.040998752927408e-06
4722,14467,3,3,1,7.209000614238903e-06
4723,88199,3,3,1,6.867001502541825e-06
4724,88201,3,3,1,7.005997758824378e-06
4725,47243,3,3,2,5.4249976528808475e-06
4726,80012,3,3,1,6.833000952610746e-06
4727,6294,3,3,1,6.461999873863533e-06
4728,88219,3,3,2,6.556998414453119e-06
4729,96415,3,3,1,6.859998393338174e-06
4730,120993,3,3,1,6.990998372202739e-06
4731,80042,3,3,1,6.461999873863533e-06
4732,16237,3,2,0,1.968997821677476e-06
4733,63675,3,3,1,6.646998372161761e-06
4734,63712,3,2,0,2.005002897931263e-06
4735,130760,3,1,0,1.729997165966779e-06
4736,14532,3,3,1,8.53499659569934e-06
4737,30918,4,3,1,7.810001989128068e-06
4738,6350,4,3,2,6.645997927989811e-06
4739,112849,3,3,1,6.240999937290326e-06
4740,55509,3,3,1,6.636000762227923e-06
4741,55528,3,3,2,5.822999810334295e-06
4742,64345,3,2,1,4.526998964138329e-06
4743,80113,3,3,1,6.584999937331304e-06
4744,80114,3,3,1,6.517002475447953e-06
4745,55542,3,3,1,6.188998668221757e-06
4746,22781,3,3,1,6.156999006634578e-06
4747,55554,4,3,1,7.637998351128772e-06
4748,6412,3,3,2,6.518999725813046e-06
4749,47372,3,3,1,6.419002602342516e-06
4750,121103,3,3,1,6.466001650551334e-06
4751,96533,3,3,1,7.58700116421096e-06
4752,22806,3,3,1,7.000999175943434e-06
4753,55607,3,3,1,6.817001121817157e-06
4754,115330,4,2,0,2.4239998310804367e-06
4755,19441,4,1,0,2.083001163555309e-06
4756,39239,3,3,1,6.198002665769309e-06
4757,129356,3,3,1,7.2740003815852106e-06
4758,63830,3,3,1,6.532001862069592e-06
4759,96599,7,3,1,9.175997547572479e-06
4760,56532,6,2,1,6.000002031214535e-06
4761,55644,3,3,1,6.826998287579045e-06
4762,121190,3,3,1,3.761299740290269e-05
4763,113009,3,3,1,9.377999958815053e-06
4764,72074,6,3,3,7.937000191304833e-06
4765,31116,3,3,1,7.085996912792325e-06
4766,15254,3,2,0,2.0420011423993856e-06
4767,104851,3,3,1,7.205002475529909e-06
4768,31136,3,3,2,5.835001502418891e-06
4769,104866,3,3,1,1.0062001820188016e-05
4770,88496,5,3,0,5.9969970607198775e-06
4771,32063,8,2,0,8.408002031501383e-06
4772,63950,3,3,1,5.9729973145294935e-06
4773,14803,3,3,1,6.579997716471553e-06
4774,47609,3,3,1,7.70399856264703e-06
4775,88598,5,3,0,6.7969995143357664e-06
4776,95,6,2,0,3.7770005292259157e-06
4777,80954,9,2,0,6.7020009737461805e-06
4778,31265,3,3,1,6.861999281682074e-06
4779,47651,5,3,0,4.956997145200148e-06
4780,55859,3,3,1,5.754001904278994e-06
4781,96820,3,3,1,6.834998202975839e-06
4782,72246,6,3,1,9.20100137591362e-06
4783,55888,3,3,1,5.831003363709897e-06
4784,72278,4,3,1,8.023998816497624e-06
4785,88664,3,3,1,6.250000296859071e-06
4786,64089,4,3,1,7.851998816477135e-06
4787,105050,3,3,1,6.599999323952943e-06
4788,113245,3,3,1,6.308000592980534e-06
4789,40420,3,2,0,2.0040024537593126e-06
4790,47722,3,3,1,7.522001396864653e-06
4791,47724,3,3,1,7.2549992182757705e-06
4792,31346,3,3,1,5.779998900834471e-06
4793,73460,7,2,0,3.7520003388635814e-06
4794,59674,4,1,0,2.130000211764127e-06
4795,80960,8,1,1,4.170997272012755e-06
4796,80528,3,3,1,7.03100158716552e-06
4797,80577,3,2,0,1.8619975890032947e-06
4798,52136,4,2,1,2.9990005714353174e-06
4799,80534,3,3,1,6.4920022850856185e-06
4800,48541,3,2,0,4.195000656181946e-06
4801,55960,3,3,1,7.52899723011069e-06
4802,31414,4,3,2,6.164998922031373e-06
4803,72417,3,3,1,6.310998287517577e-06
4804,56038,5,3,2,6.841000868007541e-06
4805,31467,3,3,1,6.901002052472904e-06
4806,105196,3,3,1,7.056001777527854e-06
4807,121582,3,3,1,6.517999281641096e-06
4808,31472,3,3,1,6.917998689459637e-06
4809,56055,3,3,1,7.066999387461692e-06
4810,72441,3,3,1,6.254998879740015e-06
4811,72444,3,3,2,5.65599839319475e-06
4812,47881,3,3,1,6.065998604753986e-06
4813,31502,3,3,1,6.436999683501199e-06
4814,72468,3,3,1,6.4730011217761785e-06
4815,65253,3,2,0,1.8430000636726618e-06
4816,47896,3,3,1,6.288999429671094e-06
4817,121626,3,3,1,6.275000487221405e-06
4818,15150,3,3,1,6.809998012613505e-06
4819,88884,3,3,1,6.69899964123033e-06
4820,15162,3,3,1,7.544000254711136e-06
4821,113485,3,3,1,7.324997568503022e-06
4822,88931,3,3,1,6.638998456764966e-06
4823,113529,3,3,1,7.318001735256985e-06
4824,15229,3,3,1,6.289999873843044e-06
4825,97151,3,3,1,6.504000339191407e-06
4826,72579,3,3,1,6.431000656448305e-06
4827,105361,3,3,1,7.299000571947545e-06
4828,15251,3,3,1,7.214999641291797e-06
4829,72604,3,3,1,7.268001354532316e-06
4830,121768,3,3,1,6.9119996624067426e-06
4831,121770,3,3,1,7.098002242855728e-06
4832,56235,4,3,2,6.229001883184537e-06
4833,72628,3,3,2,5.631001840811223e-06
4834,105406,5,3,1,1.3013002899242565e-05
4835,48094,3,3,1,6.508002115879208e-06
4836,89073,3,3,1,6.7020009737461805e-06
4837,80882,3,3,1,6.914000550750643e-06
4838,7154,3,3,1,6.266996933845803e-06
4839,106232,4,2,0,2.2080021153669804e-06
4840,107161,4,2,1,5.043002602178603e-06
4841,39921,3,3,1,7.822000043233857e-06
4842,105478,3,3,1,6.350001058308408e-06
4843,113689,3,3,1,7.121998351067305e-06
4844,113690,3,3,1,6.573998689418659e-06
4845,97404,3,2,0,1.8669998098630458e-06
4846,39965,3,3,2,5.496000085258856e-06
4847,39976,4,3,1,6.859998393338174e-06
4848,15413,4,3,1,6.788999598938972e-06
4849,56387,4,3,1,7.695001841057092e-06
4850,48196,3,3,1,7.1069989644456655e-06
4851,15436,3,3,1,7.260001439135522e-06
4852,23635,3,3,2,5.751997377956286e-06
4853,130146,3,3,1,6.353002390824258e-06
4854,121961,3,3,1,6.0679994930978864e-06
4855,121970,3,3,1,7.720002031419426e-06
4856,97416,3,3,1,6.938000296941027e-06
4857,64649,3,3,1,6.506001227535307e-06
4858,81032,3,3,1,6.8640001700259745e-06
4859,64654,3,3,2,6.122998456703499e-06
4860,105615,3,3,2,5.580001015914604e-06
4861,97479,3,3,1,6.526999641209841e-06
4862,23757,3,3,2,5.292000423651189e-06
4863,113898,5,3,1,4.301997250877321e-06
4864,89326,3,3,2,7.631999324075878e-06
4865,72949,3,3,2,5.739999323850498e-06
4866,113916,6,3,0,6.293998012552038e-06
4867,23821,3,3,1,6.742000550730154e-06
4868,81172,3,3,1,6.531001417897642e-06
4869,122140,3,3,1,7.195001671789214e-06
4870,122141,3,3,1,6.9119996624067426e-06
4871,48424,3,3,1,7.127000571927056e-06
4872,40244,3,3,1,6.764999852748588e-06
4873,32056,3,3,1,6.4970008679665625e-06
4874,16489,7,2,0,4.071000148542225e-06
4875,123397,4,2,1,3.021999873453751e-06
4876,105784,4,3,1,7.953996828291565e-06
4877,48442,3,3,1,6.731999746989459e-06
4878,97615,3,3,1,6.6590000642463565e-06
4879,32099,4,3,2,6.689002475468442e-06
4880,81286,4,3,1,4.071000148542225e-06
4881,40346,3,3,1,1.1371997970854864e-05
4882,7593,3,3,1,7.1020003815647215e-06
4883,64944,6,3,0,6.1060018197167665e-06
4884,32187,3,3,1,6.517002475447953e-06
4885,81355,3,3,1,7.497001206502318e-06
4886,114128,3,3,1,6.184000085340813e-06
4887,81365,4,3,1,6.67999847792089e-06
4888,37655,4,2,0,2.4569999368395656e-06
4889,40768,3,1,0,1.9459985196590424e-06
4890,32413,6,2,1,6.000998837407678e-06
4891,40417,3,3,2,6.040998414391652e-06
4892,122351,3,3,1,7.285001629497856e-06
4893,114161,3,3,1,7.2639995778445154e-06
4894,73209,3,3,1,6.673999450867996e-06
4895,65018,8,3,0,7.492002623621374e-06
4896,56832,4,3,1,7.200000254670158e-06
4897,81416,3,3,1,6.731999746989459e-06
4898,48659,4,3,1,6.946000212337822e-06
4899,24086,3,3,1,6.22899824520573e-06
4900,122391,3,3,2,5.770001735072583e-06
4901,48666,3,3,2,5.985999450786039e-06
4902,130594,3,3,2,3.9359001675620675e-05
4903,24104,3,3,1,1.2000997230643407e-05
4904,89644,3,3,1,8.243001502705738e-06
4905,32300,4,3,1,6.943999323993921e-06
4906,81455,3,3,1,7.787999493302777e-06
4907,73286,3,3,1,6.602997018489987e-06
4908,97871,3,3,2,5.623001925414428e-06
4909,97872,3,3,1,6.9689995143562555e-06
4910,81487,5,3,1,8.39799758978188e-06
4911,73299,3,3,1,7.765000191284344e-06
4912,122472,3,3,1,6.328999006655067e-06
4913,32362,3,3,1,7.108999852789566e-06
4914,130664,3,3,1,6.694001058349386e-06
4915,122491,5,3,2,7.138998626032844e-06
4916,130684,3,3,1,7.544000254711136e-06
4917,97920,3,3,2,6.5250023908447474e-06
4918,7830,3,3,1,7.56599911255762e-06
4919,7831,3,3,1,6.456000846810639e-06
4920,73420,3,3,1,6.71800080453977e-06
4921,122583,3,3,1,7.505001121899113e-06
4922,122584,3,3,1,6.57900091027841e-06
4923,73440,3,3,1,8.218001312343404e-06
4924,32482,4,3,1,4.5430024329107255e-06
4925,65254,3,3,1,7.175000064307824e-06
4926,122601,3,3,1,7.030001142993569e-06
4927,16111,3,3,1,1.0212999768555164e-05
4928,65267,3,3,1,7.4550007411744446e-06
4929,7958,4,3,1,7.90100239100866e-06
4930,27498,4,2,0,2.2459971660282463e-06
4931,61580,4,1,0,2.1740015654359013e-06
4932,40739,3,3,2,6.0829988797195256e-06
4933,81712,3,3,1,6.277001375565305e-06
4934,81713,3,3,1,6.391001079464331e-06
4935,40767,5,3,1,8.431001333519816e-06
4936,16236,3,3,1,6.8260014813859016e-06
4937,57197,5,3,1,7.70499900681898e-06
4938,130932,3,3,1,6.549998943228275e-06
4939,24443,3,3,1,8.605002221884206e-06
4940,16260,3,3,1,6.56300107948482e-06
4941,32669,4,3,2,7.007998647168279e-06
4942,90023,3,3,2,5.3480034694075584e-06
4943,106414,3,3,1,6.365000444930047e-06
4944,16306,3,3,1,7.46500154491514e-06
4945,114621,4,3,1,1.1845000699395314e-05
4946,114622,3,3,1,7.128001016099006e-06
4947,114626,3,3,1,6.97699942975305e-06
4948,81909,3,3,1,7.1210015448741615e-06
4949,49151,5,3,1,5.731999408453703e-06
4950,124,5,3,1,7.738999556750059e-06
4951,49296,4,3,1,7.712998922215775e-06
4952,66079,6,2,2,5.746998795075342e-06
4953,8396,5,3,1,6.089001544751227e-06
4954,9167,10,2,0,5.092999344924465e-06
4955,73962,4,3,1,4.157998773735017e-06
4956,242,5,3,2,7.191996701294556e-06
4957,90442,4,3,1,5.476002115756273e-06
4958,123271,5,3,1,8.81399682839401e-06
4959,131527,5,3,1,8.04000228527002e-06
4960,131536,5,3,1,8.196999260690063e-06
4961,57834,4,3,1,5.216999852564186e-06
4962,16899,4,3,1,5.765999958384782e-06
4963,560,6,3,3,6.910002412041649e-06
4964,82546,6,3,1,9.005001629702747e-06
4965,131741,4,3,1,5.755002348450944e-06
4966,33507,5,3,1,3.9810001908335835e-06
4967,58490,4,3,1,8.350998541573063e-06
4968,1181,4,3,1,7.229999027913436e-06
4969,17932,8,2,0,4.37400012742728e-06
4970,122407,5,2,0,2.6759989850688726e-06
4971,25897,4,3,1,7.3260016506537795e-06
4972,28194,4,2,0,2.4429973564110696e-06
4973,119197,4,1,0,2.1269988792482764e-06
4974,9648,4,3,1,4.778001311933622e-06
4975,124395,5,3,1,3.982000635005534e-06
4976,120832,7,2,0,5.623998731607571e-06
4977,67141,4,3,1,7.177000952651724e-06
4978,94541,4,2,0,2.3139982658904046e-06
4979,63123,4,1,0,2.1080013539176434e-06
4980,124143,7,1,0,3.3280011848546565e-06
4981,132728,4,3,1,5.983998562442139e-06
4982,42685,4,3,1,8.134000381687656e-06
4983,100105,4,3,1,3.8030011637602e-06
4984,91926,5,3,0,5.95199890085496e-06
4985,116605,4,3,1,6.965998181840405e-06
4986,124829,6,3,0,6.4490013755857944e-06
4987,83877,4,3,2,5.704998329747468e-06
4988,59371,4,3,1,5.844998668180779e-06
4989,71393,4,2,0,2.091997885145247e-06
4990,8389,4,2,2,3.859997377730906e-06
4991,67637,6,2,1,6.594000296900049e-06
4992,116805,6,3,1,7.244001608341932e-06
4993,84214,4,3,1,3.620999996201135e-05
4994,108856,4,3,1,5.6009994295891374e-06
4995,117311,5,3,1,8.893999620340765e-06
4996,92977,4,3,1,7.141003152355552e-06
4997,125921,5,3,1,7.2210023063234985e-06
4998,11448,7,3,1,9.929997759172693e-06
4999,118320,5,3,2,8.888997399481013e-06
5000,52978,4,3,1,3.872999513987452e-06
5001,3887,10,3,1,1.0570001904852688e-05
5002,69428,4,3,1,7.589998858748004e-06
5003,126782,4,3,1,7.809998351149261e-06
5004,110535,4,3,1,3.7249992601573467e-06
5005,102485,6,3,0,5.598998541245237e-06
5006,110681,4,3,1,6.243000825634226e-06
5007,110690,5,3,0,5.324000085238367e-06
5008,94517,5,3,1,6.080997991375625e-06
5009,20872,4,3,2,6.247002602322027e-06
5010,61872,8,3,2,7.97999746282585e-06
5011,119448,7,3,1,9.195999155053869e-06
5012,4891,5,3,1,7.3169976531062275e-06
5013,13084,4,3,1,6.414000381482765e-06
5014,21450,4,3,1,7.378999725915492e-06
5015,128011,10,3,1,1.0683001164579764e-05
5016,38261,8,3,0,8.497998351231217e-06
5017,30527,4,3,1,5.8969999372493476e-06
5018,88351,4,2,0,2.1989981178194284e-06
5019,87936,7,3,0,5.862999387318268e-06
5020,80001,4,3,1,7.2449984145350754e-06
5021,112956,4,3,1,6.3640000007580966e-06
5022,15160,6,3,1,7.647002348676324e-06
5023,7218,4,3,2,6.926999049028382e-06
5024,40178,5,3,1,6.127997039584443e-06
5025,97658,4,3,2,6.3730003603268415e-06
5026,115310,8,3,0,7.098999049048871e-06
5027,33650,6,3,1,6.378999387379736e-06
5028,75415,6,3,1,8.375001925742254e-06
5029,44870,5,2,1,5.270998371997848e-06
5030,84773,7,3,1,8.758997864788398e-06
5031,98326,4,4,1,1.0083997040055692e-05
5032,73750,4,4,1,1.0337000276194885e-05
5033,104367,4,3,0,2.3369975679088384e-06
5034,41995,4,2,0,2.3559987312182784e-06
5035,124324,4,1,0,2.1260020730551332e-06
5036,35295,4,0,0,1.9650033209472895e-06
5037,24600,7,4,1,1.2119999155402184e-05
5038,40987,4,4,3,7.3740011430345476e-06
5039,94840,5,3,0,4.778998118126765e-06
5040,32796,5,4,1,1.1298998288111761e-05
5041,122914,4,4,2,9.051000233739614e-06
5042,73766,4,4,1,1.1015999916708097e-05
5043,41002,4,4,2,9.704999683890492e-06
5044,98358,4,4,2,9.47800072026439e-06
5045,131127,4,4,1,9.31899921852164e-06
5046,120840,4,3,0,2.3379980120807886e-06
5047,53608,4,2,0,2.2179992811288685e-06
5048,16443,4,4,1,1.0988002031808719e-05
5049,110369,5,3,0,2.8419999580364674e-06
5050,114751,4,4,1,1.0673997167032212e-05
5051,16467,5,4,1,8.648999937577173e-06
5052,24670,5,4,2,9.376999514643103e-06
5053,122980,4,4,1,1.0251998901367188e-05
5054,64086,7,3,0,3.8950020098127425e-06
5055,27634,4,2,0,4.622001142706722e-06
5056,122993,5,4,2,9.943996701622382e-06
5057,57461,4,4,1,1.6879999748198316e-05
5058,114807,4,4,1,9.929997759172693e-06
5059,114808,4,3,0,2.3619977582711726e-06
5060,120,4,4,1,1.003400029730983e-05
5061,116516,4,3,0,2.630997187225148e-06
5062,88217,4,2,0,2.3760003386996686e-06
5063,80630,4,1,0,2.058997779386118e-06
5064,114815,4,4,1,9.758998203324154e-06
5065,53238,4,3,0,2.434000634821132e-06
5066,114819,4,4,1,9.983999916585162e-06
5067,73618,4,3,0,2.34500112128444e-06
5068,17441,4,2,0,2.1999985619913787e-06
5069,91798,4,1,0,2.077998942695558e-06
5070,49294,4,4,1,1.0510000720387325e-05
5071,90259,4,4,1,9.625000529922545e-06
5072,90285,4,3,0,2.3270004021469504e-06
5073,27972,4,2,0,2.139000571332872e-06
5074,40509,4,1,0,1.958000211743638e-06
5075,82072,4,4,1,1.0531999578233808e-05
5076,109365,4,3,0,2.4900000425986946e-06
5077,130682,4,2,0,2.172000677092001e-06
5078,8346,4,4,1,9.70099790720269e-06
5079,41124,5,4,1,8.369999704882503e-06
5080,41128,4,4,1,1.0751002264441922e-05
5081,94487,4,3,0,2.359000063734129e-06
5082,896,4,2,0,2.0600018615368754e-06
5083,123048,4,4,1,1.0163999832002446e-05
5084,123051,4,4,1,9.67200321611017e-06
5085,83774,4,3,0,2.4090004444587976e-06
5086,87888,5,3,1,5.6440003390889615e-06
5087,33854,5,2,0,2.591998054413125e-06
5088,111607,7,2,0,4.068002454005182e-06
5089,41134,4,4,1,1.0570998711045831e-05
5090,50004,4,3,0,2.2659987735096365e-06
5091,106690,4,4,2,9.968000085791573e-06
5092,131273,4,4,1,1.0006002412410453e-05
5093,106710,4,4,1,1.0431998816784471e-05
5094,106712,4,4,1,1.0802999895531684e-05
5095,42071,4,3,0,2.3460015654563904e-06
5096,40761,4,2,0,2.2569984139408916e-06
5097,50288,4,1,0,2.0859988580923527e-06
5098,123100,4,4,1,1.1078001989517361e-05
5099,24804,4,4,1,1.0216997907264158e-05
5100,60677,4,3,0,2.2380008886102587e-06
5101,98536,4,4,2,9.628998668631539e-06
5102,41196,5,4,2,8.151000656653196e-06
5103,123122,4,4,1,1.064300158759579e-05
5104,123123,4,4,1,4.199999966658652e-05
5105,120464,4,3,0,2.9809998522978276e-06
5106,123127,4,4,3,8.380000508623198e-06
5107,131322,4,4,1,1.0252999345539138e-05
5108,1374,4,3,0,2.4080000002868474e-06
5109,123131,4,4,3,1.1702999472618103e-05
5110,65796,4,4,1,1.2135998986195773e-05
5111,95426,4,3,0,2.649001544341445e-06
5112,65798,6,4,1,1.1396001355024055e-05
5113,8458,4,4,1,1.1280000762781128e-05
5114,46451,5,3,0,3.3040014386642724e-06
5115,8459,4,4,1,1.133399928221479e-05
5116,106765,4,4,2,1.0538999049458653e-05
5117,10807,4,3,0,2.425000275252387e-06
5118,31165,5,3,1,7.635000656591728e-06
5119,8464,4,4,2,1.1119002010673285e-05
5120,74024,4,4,1,1.0564002877799794e-05
5121,66515,4,3,0,2.662996848812327e-06
5122,133070,4,2,0,2.273998688906431e-06
5123,37943,4,1,0,1.9619983504526317e-06
5124,74027,4,4,1,1.087799682863988e-05
5125,11025,4,3,0,2.3180000425782055e-06
5126,131373,4,4,1,1.0075000318465754e-05
5127,320,4,4,1,1.0421001206850633e-05
5128,334,4,4,1,1.1312000424368307e-05
5129,106835,4,4,1,9.49600143940188e-06
5130,12150,4,3,0,2.421002136543393e-06
5131,131413,5,4,1,1.2557000445667654e-05
5132,20735,4,3,0,2.6660018193069845e-06
5133,79405,4,2,0,2.2470012481790036e-06
5134,81639,5,1,0,2.52000245382078e-06
5135,347,4,4,1,1.0259998816763982e-05
5136,119620,4,3,0,2.519998815841973e-06
5137,130600,4,2,0,2.3460015654563904e-06
5138,42403,4,1,0,2.1329979063011706e-06
5139,52129,4,0,0,1.992000761674717e-06
5140,98654,4,4,2,9.052000677911565e-06
5141,63669,4,3,1,6.942002073628828e-06
5142,358,4,4,1,9.096998837776482e-06
5143,15164,4,3,0,2.549000782892108e-06
5144,8590,7,2,0,3.444001777097583e-06
5145,67351,4,1,0,2.1269988792482764e-06
5146,44034,4,0,0,1.9760009308811277e-06
5147,8552,4,4,2,1.0888001270359382e-05
5148,8553,4,4,1,1.0799998563015833e-05
5149,18358,4,3,0,2.3229986254591495e-06
5150,123241,4,4,1,9.728002623887733e-06
5151,112265,4,3,0,2.5279987312387675e-06
5152,14862,4,2,0,2.1979976736474782e-06
5153,23256,4,1,0,1.9979997887276113e-06
5154,17247,5,1,1,3.845001629088074e-06
5155,33135,7,4,1,1.1634001566562802e-05
5156,124939,4,3,0,2.4139990273397416e-06
5157,87066,4,2,0,2.2860003809910268e-06
5158,54575,4,1,0,1.9409999367780983e-06
5159,15153,8,1,0,3.3280011848546565e-06
5160,41342,4,4,2,8.779999916441739e-06
5161,33152,6,4,3,1.1497999366838485e-05
5162,74114,4,4,1,1.0683997970772907e-05
5163,74117,4,4,2,9.87299790722318e-06
5164,90507,4,4,1,8.83299799170345e-06
5165,131470,4,4,1,1.020600029733032e-05
5166,48199,4,3,0,2.2329986677505076e-06
5167,123286,4,4,2,9.406001481693238e-06
5168,98721,4,4,2,9.387000318383798e-06
5169,98722,4,4,1,9.780000254977494e-06
5170,131492,4,4,1,1.0302999726263806e-05
5171,9815,4,3,0,2.529999619582668e-06
5172,43009,4,2,0,2.2849999368190765e-06
5173,59666,7,1,0,3.5570010368246585e-06
5174,106921,4,4,1,9.211998985847458e-06
5175,74654,4,3,0,6.743000994902104e-06
5176,426,4,4,1,1.0564999683992937e-05
5177,18465,4,3,0,2.3229986254591495e-06
5178,123308,8,4,1,1.2782998965121806e-05
5179,65983,4,4,1,1.1788000847445801e-05
5180,115142,4,4,1,1.0709998605307192e-05
5181,33224,4,4,1,1.0789000953081995e-05
5182,6793,4,3,0,4.385998181533068e-06
5183,31936,4,2,0,2.1710002329200506e-06
5184,123346,4,4,1,1.0614996426738799e-05
5185,78551,4,3,0,2.277000021422282e-06
5186,131542,4,4,1,1.0703002772061154e-05
5187,131544,5,4,1,1.2132997653679922e-05
5188,74203,4,4,1,1.0450999980093911e-05
5189,106974,5,4,2,9.072002285392955e-06
5190,74208,4,4,1,1.0091000149259344e-05
5191,80121,4,3,0,2.3860011424403638e-06
5192,42349,4,2,0,2.1519990696106106e-06
5193,26973,4,1,0,2.0709994714707136e-06
5194,90594,5,4,1,1.0479001502972096e-05
5195,57835,4,4,1,1.0200001270277426e-05
5196,66033,7,4,2,1.09370012069121e-05
5197,16886,4,4,1,1.0586001735646278e-05
5198,88604,4,3,0,2.3190004867501557e-06
5199,507,4,4,1,1.733799945213832e-05
5200,107009,6,4,1,1.6222002159338444e-05
5201,104468,4,3,0,3.344001015648246e-06
5202,131594,4,4,1,9.380000847158954e-06
5203,49675,4,4,1,1.078000059351325e-05
5204,25115,4,4,1,8.740000339457765e-06
5205,101334,4,3,0,2.3180000425782055e-06
5206,30132,4,2,0,2.0990009943488985e-06
5207,107037,4,4,1,9.35500065679662e-06
5208,123424,5,4,1,1.1594998795771971e-05
5209,28974,4,3,0,2.4569999368395656e-06
5210,65257,4,2,0,2.1080013539176434e-06
5211,94921,5,1,0,2.3430002329405397e-06
5212,123433,4,4,1,9.636998584028333e-06
5213,107050,4,4,1,3.601599746616557e-05
5214,82483,4,4,1,1.095500192604959e-05
5215,98872,4,4,1,1.0902000212809071e-05
5216,115257,4,4,2,1.0474999726284295e-05
5217,64648,4,3,0,2.3609973140992224e-06
5218,74296,6,4,2,6.004000169923529e-06
5219,105912,5,3,2,6.862999725854024e-06
5220,11588,4,3,1,7.041002390906215e-06
5221,73064,7,3,2,5.904999852646142e-06
5222,115259,4,4,1,1.0474999726284295e-05
5223,92166,4,3,0,2.4600012693554163e-06
5224,28005,4,2,0,2.245000359835103e-06
5225,23891,4,1,0,2.0790030248463154e-06
5226,82210,5,1,1,4.137000360060483e-06
5227,131649,4,4,1,9.183997462969273e-06
5228,82500,4,4,1,1.0433999705128372e-05
5229,49741,4,4,1,1.0309002391295508e-05
5230,74932,4,3,0,2.3409993445966393e-06
5231,49751,4,4,1,1.0407002264400944e-05
5232,91977,9,3,0,4.765999619849026e-06
5233,97208,4,2,0,2.2429994714912027e-06
5234,40006,8,1,0,3.31199771608226e-06
5235,88491,7,2,1,6.496000423794612e-06
5236,57944,4,4,1,1.1437998182373121e-05
5237,57946,5,4,1,8.62700107973069e-06
5238,74353,5,4,2,1.1470001481939107e-05
5239,57974,8,4,1,1.2027001503156498e-05
5240,95291,6,3,0,5.404999683378264e-06
5241,6539,7,3,1,8.287002856377512e-06
5242,36923,8,3,2,7.17100192559883e-06
5243,61750,8,3,1,1.0211999324383214e-05
5244,59530,4,3,1,6.640999345108867e-06
5245,57982,7,4,1,1.0252999345539138e-05
5246,82560,4,4,1,1.2599000910995528e-05
5247,98948,4,4,1,1.0578998626442626e-05
5248,54103,4,3,0,2.3029970179777592e-06
5249,33926,4,2,0,2.06700133276172e-06
5250,98952,4,4,1,1.0562001989455894e-05
5251,120783,7,3,0,3.788998583331704e-06
5252,98954,5,4,1,1.1358999472577125e-05
5253,39438,4,3,0,2.2320018615573645e-06
5254,1868,4,2,0,2.0330007828306407e-06
5255,8844,7,4,1,1.166400033980608e-05
5256,123763,4,3,0,2.540000423323363e-06
5257,110609,4,2,0,2.2759995772503316e-06
5258,8846,4,4,2,9.516999853076413e-06
5259,661,5,4,2,1.046599936671555e-05
5260,33431,4,4,1,1.0301999282091856e-05
5261,115354,4,4,1,9.839000995270908e-06
5262,58725,5,3,0,3.0289993446785957e-06
5263,116711,4,2,0,2.0459992811083794e-06
5264,131742,4,4,1,1.0266998287988827e-05
5265,115361,6,4,2,1.1398999049561098e-05
5266,98983,4,4,2,9.22000253922306e-06
5267,90806,4,4,1,1.044799864757806e-05
5268,63859,4,3,0,2.28699718718417e-06
5269,90809,4,4,1,1.0420000762678683e-05
5270,90815,4,4,3,7.249000191222876e-06
5271,82624,4,4,1,1.0117000783793628e-05
5272,28718,4,3,0,2.3430002329405397e-06
5273,41667,4,4,1,1.1173000530106947e-05
5274,2859,4,3,0,2.60199885815382e-06
5275,101563,4,2,0,2.215001586591825e-06
5276,729,4,4,1,9.866002073977143e-06
5277,30371,4,3,0,2.3989996407181025e-06
5278,66301,4,4,1,1.4819001080468297e-05
5279,64278,4,3,0,8.974999218480662e-06
5280,29736,4,2,0,2.3989996407181025e-06
5281,7920,4,1,0,2.2519998310599476e-06
5282,91704,4,0,0,2.1090017980895936e-06
5283,25354,4,4,1,1.0035000741481781e-05
5284,885,4,3,0,2.5700028345454484e-06
5285,70802,6,2,0,3.3320029615424573e-06
5286,126747,4,1,0,2.097000106004998e-06
5287,110571,4,0,0,1.8319988157600164e-06
5288,82707,4,4,1,1.149200033978559e-05
5289,25371,7,4,3,1.0454001312609762e-05
5290,82717,5,4,1,1.0604002454783767e-05
5291,82718,4,4,1,1.0463001672178507e-05
5292,83582,4,3,0,2.492000930942595e-06
5293,114250,4,2,0,2.2089989215601236e-06
5294,54395,6,1,0,2.763998054433614e-06
5295,65248,9,0,0,3.4910008253064007e-06
5296,8991,4,4,1,1.0430001566419378e-05
5297,86952,4,3,0,2.32499951380305e-06
5298,58152,4,4,1,1.0121999366674572e-05
5299,91689,4,3,0,2.4649998522363603e-06
5300,58153,4,4,1,1.0062001820188016e-05
5301,102688,4,3,0,2.5560002541169524e-06
5302,107308,4,4,1,1.0409999958937988e-05
5303,123697,4,4,1,1.0954998288070783e-05
5304,123699,4,4,1,1.0768002539407462e-05
5305,58166,4,4,1,9.589002729626372e-06
5306,74571,4,4,1,1.0308001947123557e-05
5307,50003,4,4,3,9.351999324280769e-06
5308,44069,4,3,2,6.141999620012939e-06
5309,58200,4,4,1,8.803999662632123e-06
5310,3519,4,3,0,4.0380000427830964e-06
5311,85978,4,2,0,2.2649983293376863e-06
5312,46030,4,1,0,1.967997377505526e-06
5313,58203,4,4,2,9.482002496952191e-06
5314,55689,5,3,1,7.97999746282585e-06
5315,99170,5,4,1,1.0719002602854744e-05
5316,33636,4,4,1,9.404000593349338e-06
5317,32054,4,3,0,2.5860026653390378e-06
5318,53807,4,2,0,2.4370019673369825e-06
5319,99177,4,4,1,1.0005001968238503e-05
5320,45055,4,3,0,2.3079992388375103e-06
5321,33643,4,4,1,9.666997357271612e-06
5322,53822,4,3,0,2.3470020096283406e-06
5323,79391,4,2,0,2.0510015019681305e-06
5324,17266,4,4,1,4.3206997361266986e-05
5325,33658,4,4,1,9.983999916585162e-06
5326,80480,4,3,0,2.444001438561827e-06
5327,891,4,4,1,1.0890002158703282e-05
5328,50633,4,3,0,2.535001840442419e-06
5329,9084,5,4,1,1.2599000910995528e-05
5330,45533,4,3,0,2.4600012693554163e-06
5331,80116,4,2,0,2.1989981178194284e-06
5332,66448,7,4,1,1.2833999790018424e-05
5333,57951,6,3,0,3.3079995773732662e-06
5334,123793,4,4,1,1.005100057227537e-05
5335,91029,4,4,1,1.048400008585304e-05
5336,113781,4,3,0,2.2610001906286925e-06
5337,123799,4,4,1,1.0386000212747604e-05
5338,41885,4,4,1,1.0282998118782416e-05
5339,25523,4,4,1,1.0632000339683145e-05
5340,1099,4,3,0,2.511002094252035e-06
5341,91061,4,4,1,1.0294999810867012e-05
5342,84919,4,3,0,2.568001946201548e-06
5343,110393,4,2,0,2.258999302284792e-06
5344,25525,4,4,1,0.0013136419984220993
5345,99258,4,4,1,1.966399941011332e-05
5346,5668,4,3,0,3.3149990485981107e-06
5347,28545,5,3,1,8.006001735338941e-06
5348,41919,4,4,1,1.311999949393794e-05
5349,33756,4,4,1,1.1426996934460476e-05
5350,120839,4,3,0,3.2079988159239292e-06
5351,93116,4,2,0,2.4799992388579994e-06
5352,19421,4,1,0,2.4189976102206856e-06
5353,12085,4,0,0,2.3310021788347512e-06
5354,41961,7,4,2,1.4831999578746036e-05
5355,115701,4,4,1,1.2937998690176755e-05
5356,115717,4,4,2,1.2361997505649924e-05
5357,123910,4,4,1,1.2915999832330272e-05
5358,115744,5,4,2,1.1539999832166359e-05
5359,57507,12,3,0,1.0550000297371298e-05
5360,69034,5,2,1,6.312002369668335e-06
5361,115753,6,4,1,9.960996976587921e-06
5362,120491,5,3,1,8.736999006941915e-06
5363,132871,8,3,0,7.554001058451831e-06
5364,17459,5,4,2,9.552997653372586e-06
5365,115775,4,4,1,1.2288997822906822e-05
5366,20527,4,3,0,2.540000423323363e-06
5367,5389,4,2,0,2.314998710062355e-06
5368,1095,4,4,2,9.749997843755409e-06
5369,91217,4,4,1,1.1244999768678099e-05
5370,91220,4,4,1,1.0568001016508788e-05
5371,77249,4,3,0,2.6230009098071605e-06
5372,74840,4,4,1,1.0629999451339245e-05
5373,1122,4,4,1,1.0708998161135241e-05
5374,128833,4,3,0,4.440000338945538e-06
5375,96328,4,2,0,2.319997292943299e-06
5376,74854,4,4,1,9.721003152662888e-06
5377,52292,4,3,0,2.4709988792892545e-06
5378,95049,4,2,0,2.22500239033252e-06
5379,70488,4,1,0,2.20600122702308e-06
5380,29924,4,0,0,1.8219980120193213e-06
5381,99432,4,4,1,1.063799936673604e-05
5382,9341,6,4,1,9.316001523984596e-06
5383,107646,4,4,1,1.0873998689930886e-05
5384,9342,4,4,1,1.0538999049458653e-05
5385,27171,4,3,0,2.378001227043569e-06
5386,124034,4,4,1,1.0527000995352864e-05
5387,9355,4,4,1,1.1125997843919322e-05
5388,12089,4,3,0,2.2900021576788276e-06
5389,25743,4,4,1,1.0106999980052933e-05
5390,31256,4,3,0,2.3559987312182784e-06
5391,66708,4,4,1,4.27310005761683e-05
5392,91288,4,4,1,1.2241001968504861e-05
5393,101696,4,3,0,2.644999767653644e-06
5394,94390,4,2,0,2.325999957975e-06
5395,28965,4,1,0,2.149001375073567e-06
5396,53821,4,0,0,1.8950013327412307e-06
5397,66726,4,4,1,1.0072999430121854e-05
5398,118952,4,3,0,2.396001946181059e-06
5399,13582,4,2,0,2.1279993234202266e-06
5400,84730,4,1,0,1.9320032151881605e-06
5401,99499,10,4,2,1.2733002222375944e-05
5402,91312,14,4,1,1.2152999261161312e-05
5403,42171,4,4,1,1.1330001143505797e-05
5404,85764,4,3,0,2.3800021153874695e-06
5405,91329,4,4,1,1.0285999451298267e-05
5406,98087,4,3,0,2.8319991542957723e-06
5407,107714,4,4,1,9.556999430060387e-06
5408,50371,4,4,1,1.0234998626401648e-05
5409,64794,4,3,0,2.2909989638719708e-06
5410,1239,5,4,2,1.0394000128144398e-05
5411,132313,4,4,1,1.1124000593554229e-05
5412,34207,4,3,0,2.4420005502179265e-06
5413,74972,4,4,1,1.0159998055314645e-05
5414,34018,7,4,0,8.933999197324738e-06
5415,64261,5,3,2,6.394999218173325e-06
5416,99566,4,4,2,9.619998309062794e-06
5417,107762,4,4,1,1.0354997357353568e-05
5418,124157,4,4,1,9.26499706110917e-06
5419,92562,5,3,0,2.868000592570752e-06
5420,96355,5,2,0,2.7469977794680744e-06
5421,75007,4,4,1,1.004699879558757e-05
5422,109820,4,3,0,2.302000211784616e-06
5423,45653,4,2,0,2.4239998310804367e-06
5424,53891,4,1,0,2.06800177693367e-06
5425,132369,4,4,1,1.1069001629948616e-05
5426,58655,4,4,1,1.0637002560542896e-05
5427,15529,9,3,0,4.749999789055437e-06
5428,99617,4,4,1,1.0020998161053285e-05
5429,99623,4,4,1,9.816001693252474e-06
5430,65462,4,3,0,2.6089983293786645e-06
5431,55096,4,2,0,2.3139982658904046e-06
5432,65485,4,1,0,2.152999513782561e-06
5433,85192,4,0,0,1.8509999790694565e-06
5434,83251,6,4,1,1.3344000763026997e-05
5435,75070,4,4,1,9.91300112218596e-06
5436,66882,4,4,2,8.57499981066212e-06
5437,124242,6,4,2,1.1317002645228058e-05
5438,56855,6,3,2,6.800000846851617e-06
5439,42327,4,4,2,9.829000191530213e-06
5440,9561,4,4,1,9.77300078375265e-06
5441,126015,4,3,0,2.3649990907870233e-06
5442,37052,4,2,0,2.257998858112842e-06
5443,127656,8,3,1,1.0251998901367188e-05
5444,9571,5,4,3,9.549003152642399e-06
5445,107879,5,4,1,8.614999387646094e-06
5446,124299,4,4,1,1.0699000995373353e-05
5447,91542,4,4,1,1.0284999007126316e-05
5448,34205,6,4,3,9.074999979929999e-06
5449,31906,4,3,1,9.347997547592968e-06
5450,116127,4,4,1,1.133099794969894e-05
5451,1439,4,4,1,9.963001502910629e-06
5452,59689,4,3,0,2.410997694823891e-06
5453,99774,7,4,2,9.315001079812646e-06
5454,50640,4,4,1,1.0289000783814117e-05
5455,79605,4,3,0,2.353001036681235e-06
5456,1501,4,4,1,1.54350018419791e-05
5457,91613,4,4,1,1.1091997293988243e-05
5458,116193,4,4,1,9.740000677993521e-06
5459,1507,6,4,2,1.1078001989517361e-05
5460,1510,4,4,1,1.0789997759275138e-05
5461,83438,5,4,2,1.1814001481980085e-05
5462,124406,4,4,1,1.0615996870910749e-05
5463,116215,4,4,1,9.924999176291749e-06
5464,105967,4,3,0,2.429998858133331e-06
5465,70367,4,2,0,2.1329979063011706e-06
5466,58875,4,4,1,1.0124997061211616e-05
5467,131126,6,3,0,3.444998583290726e-06
5468,54799,6,2,0,3.0240007617976516e-06
5469,57814,6,1,0,2.7530004444997758e-06
5470,116221,4,4,1,1.0305000614607707e-05
5471,42507,4,4,2,8.860999514581636e-06
5472,17943,4,4,1,1.058699854183942e-05
5473,83489,4,4,1,1.022400101646781e-05
5474,84482,4,3,0,2.3840002540964633e-06
5475,83490,4,4,1,9.9320022854954e-06
5476,6060,4,3,0,2.3669999791309237e-06
5477,26153,4,4,2,9.208000847138464e-06
5478,91690,4,4,1,1.0286999895470217e-05
5479,21562,4,3,0,2.4749970179982483e-06
5480,67123,4,4,1,1.1117997928522527e-05
5481,67127,4,4,1,1.095100014936179e-05
5482,67135,4,4,1,7.462000212399289e-06
5483,75327,4,4,1,8.689999958733097e-06
5484,81565,4,3,0,2.2189997253008187e-06
5485,19206,4,2,0,2.2179992811288685e-06
5486,101346,5,2,1,5.309997504809871e-06
5487,74921,5,1,0,2.3799984774086624e-06
5488,26178,4,4,2,9.452000085730106e-06
5489,42573,4,4,1,1.0179002856602892e-05
5490,67671,4,3,0,2.469001628924161e-06
5491,27253,4,2,0,2.4130022211465985e-06
5492,12050,6,3,1,8.697999874129891e-06
5493,132692,4,4,1,1.0038002073997632e-05
5494,130045,4,3,0,2.439999661874026e-06
5495,132693,4,4,1,1.0252999345539138e-05
5496,67158,4,4,1,3.808299879892729e-05
5497,50809,4,4,1,1.055500251823105e-05
5498,124536,4,4,1,9.8389973572921e-06
5499,69246,4,3,0,2.5949993869289756e-06
5500,21372,4,2,0,2.3040011001285166e-06
5501,38296,4,1,0,5.3389994718600065e-06
5502,81903,6,1,0,3.0150004022289068e-06
5503,42624,4,4,1,1.0546998964855447e-05
5504,59032,4,4,1,1.0279996786266565e-05
5505,75416,4,4,1,1.0702002327889204e-05
5506,67242,5,4,1,8.512000931659713e-06
5507,9900,4,4,1,1.0052997822640464e-05
5508,64836,4,3,0,2.4670007405802608e-06
5509,67917,5,2,0,2.682998456293717e-06
5510,27225,4,1,0,2.149001375073567e-06
5511,124635,4,4,1,1.020399940898642e-05
5512,100211,4,3,0,2.3190004867501557e-06
5513,91867,5,4,2,1.0689000191632658e-05
5514,34529,4,4,2,1.0433999705128372e-05
5515,83686,4,4,1,1.1185999028384686e-05
5516,26351,4,4,1,1.002699718810618e-05
5517,26354,4,4,1,1.089499710360542e-05
5518,26897,4,3,0,2.583001332823187e-06
5519,124658,6,4,1,1.2176999007351696e-05
5520,1804,5,4,1,1.0259998816763982e-05
5521,1807,4,4,1,9.329996828455478e-06
5522,83812,4,3,0,2.4459986889269203e-06
5523,65534,6,3,0,8.514001820003614e-06
5524,92125,5,3,1,7.303002348635346e-06
5525,1808,4,4,1,9.856001270236447e-06
5526,125189,4,3,0,2.3419997887685895e-06
5527,108309,6,4,2,9.839997801464051e-06
5528,116518,4,4,2,9.225001122104004e-06
5529,18228,4,4,1,1.0457999451318756e-05
5530,42809,4,4,1,8.963997970568016e-06
5531,13145,4,3,0,2.330998540855944e-06
5532,116851,4,2,0,2.083001163555309e-06
5533,18237,4,4,1,1.0571999155217782e-05
5534,83775,4,4,1,9.814997611101717e-06
5535,55877,4,3,0,2.438999217702076e-06
5536,86052,4,2,0,2.128999767592177e-06
5537,51016,4,4,1,9.490002412348986e-06
5538,83786,4,4,2,9.280000085709617e-06
5539,18250,4,4,1,1.1520001862663776e-05
5540,59214,7,4,1,1.1243002518313006e-05
5541,67411,4,4,1,9.811999916564673e-06
5542,128020,6,3,0,3.6950004869140685e-06
5543,100194,4,4,2,1.02420017356053e-05
5544,92008,4,4,1,1.0190997272729874e-05
5545,108393,4,4,1,1.0257001122226939e-05
5546,132969,4,4,1,1.0663003195077181e-05
5547,124780,4,4,1,1.0054998710984364e-05
5548,51070,4,4,1,9.985000360757113e-06
5549,34688,5,4,1,1.2117998267058283e-05
5550,18327,4,4,1,1.0507999832043424e-05
5551,27192,4,3,0,2.3889988369774073e-06
5552,18342,4,4,2,9.111998224398121e-06
5553,34727,4,4,1,1.0250001651002094e-05
5554,1958,4,4,1,1.054000313160941e-05
5555,28252,4,3,0,2.4839973775669932e-06
5556,133034,4,4,3,7.300997822312638e-06
5557,100267,4,4,2,1.487900226493366e-05
5558,42926,6,4,1,1.0828000085894018e-05
5559,100272,4,4,1,9.919000149238855e-06
5560,85883,4,3,0,2.3749998945277184e-06
5561,98191,4,2,0,2.163997123716399e-06
5562,51124,4,4,1,9.750001481734216e-06
5563,108495,4,4,1,1.1195003025932238e-05
5564,113253,4,3,0,2.4080000002868474e-06
5565,67554,4,4,1,1.2577998859342188e-05
5566,116710,4,4,1,1.0476000170456246e-05
5567,43116,4,3,0,2.387998392805457e-06
5568,83942,6,4,2,1.1512001947266981e-05
5569,75753,6,4,1,1.1652999091893435e-05
5570,75762,4,4,1,1.0252999345539138e-05
5571,18666,4,3,0,2.4430009943898767e-06
5572,37656,4,2,0,2.2419990273192525e-06
5573,34809,4,4,1,9.91300112218596e-06
5574,43011,4,4,1,9.712999599287286e-06
5575,79054,4,3,0,2.3329994291998446e-06
5576,133126,4,4,1,1.0287003533449024e-05
5577,75787,4,4,1,1.105699993786402e-05
5578,93237,5,3,0,3.221997758373618e-06
5579,84008,4,4,1,9.204999514622614e-06
5580,61862,4,3,0,2.453998604323715e-06
5581,87597,4,2,0,2.152999513782561e-06
5582,43053,4,4,1,1.1025000276276842e-05
5583,34863,4,4,1,8.994997187983245e-06
5584,12167,4,3,0,2.1050000214017928e-06
5585,2117,5,4,1,1.1224001355003566e-05
5586,59491,4,4,1,1.0570001904852688e-05
5587,69344,4,3,0,2.3990032786969095e-06
5588,34916,10,4,0,1.1141000868519768e-05
5589,41882,7,3,1,8.708000677870587e-06
5590,34917,4,4,1,9.61900150286965e-06
5591,119908,4,3,0,2.3560023691970855e-06
5592,2159,4,4,1,9.63300044531934e-06
5593,129184,4,3,0,2.172000677092001e-06
5594,59506,4,4,1,9.568000677973032e-06
5595,116852,4,4,1,9.618997864890844e-06
5596,59518,4,4,1,4.475999958231114e-05
5597,125063,4,4,1,1.140400127042085e-05
5598,67723,4,4,2,1.0112002200912684e-05
5599,34956,4,4,2,1.032799991662614e-05
5600,70246,4,3,1,7.28899976820685e-06
5601,100551,4,4,3,7.686001481488347e-06
5602,75978,4,4,1,1.0910000128205866e-05
5603,59605,4,4,2,7.839000318199396e-06
5604,43230,4,4,1,1.0392999683972448e-05
5605,35039,4,4,1,1.0765998013084754e-05
5606,26851,4,4,1,9.974999557016417e-06
5607,92391,4,4,1,1.0343002941226587e-05
5608,30710,4,3,0,2.664000930963084e-06
5609,26859,4,4,2,9.862000297289342e-06
5610,125164,4,4,2,9.414001397090033e-06
5611,125165,4,4,1,4.794199776370078e-05
5612,116975,4,4,1,1.354100095340982e-05
5613,116988,4,4,1,1.0037998436018825e-05
5614,18685,7,4,1,1.1200998415006325e-05
5615,21367,9,3,2,9.806000889511779e-06
5616,35073,6,4,2,1.001199780148454e-05
5617,125188,4,4,2,9.693001629784703e-06
5618,2330,4,4,1,1.0887997632380575e-05
5619,38439,7,3,0,7.251001079566777e-06
5620,48257,4,2,0,2.4939981813076884e-06
5621,59693,5,4,1,5.36099832970649e-06
5622,43313,4,4,1,1.0724001185735688e-05
5623,19620,4,3,0,2.478001988492906e-06
5624,4744,5,3,1,3.788998583331704e-06
5625,26938,6,4,1,1.1410000297473744e-05
5626,78765,4,3,0,2.4469991330988705e-06
5627,103457,4,2,0,2.320000930922106e-06
5628,120682,6,1,0,2.7229980332776904e-06
5629,22531,7,2,0,6.315000064205378e-06
5630,35154,4,4,1,1.0335999832022935e-05
5631,35160,4,4,1,8.995000825962052e-06
5632,63315,4,3,0,2.2799977159593254e-06
5633,11918,4,2,0,2.22500239033252e-06
5634,36619,4,1,0,1.9889994291588664e-06
5635,63015,7,1,0,2.954999217763543e-06
5636,59767,4,4,2,9.089999366551638e-06
5637,97877,4,3,1,7.15100031811744e-06
5638,100735,4,4,1,1.0073999874293804e-05
5639,130837,4,3,0,2.464003046043217e-06
5640,2448,4,4,1,1.032499858411029e-05
5641,59795,4,4,1,1.0372998076491058e-05
5642,59822,4,4,1,1.0734998795669526e-05
5643,68019,4,4,1,1.058499765349552e-05
5644,100796,4,4,1,9.746996511239558e-06
5645,106339,4,3,0,2.3930006136652082e-06
5646,94630,6,3,1,7.1789982030168176e-06
5647,44878,9,3,1,6.7879991547670215e-06
5648,59863,4,4,1,1.0140000085812062e-05
5649,35292,4,4,2,9.433999366592616e-06
5650,109042,4,4,1,1.0626998118823394e-05
5651,27126,4,4,1,1.5309997252188623e-05
5652,84481,6,4,1,9.02499959920533e-06
5653,15483,6,3,2,7.6119977165944874e-06
5654,117291,4,4,1,1.0149000445380807e-05
5655,63313,4,3,0,2.3239990696310997e-06
5656,84524,6,4,2,1.0487001418368891e-05
5657,76334,5,4,1,1.020900162984617e-05
5658,68162,4,4,2,1.0517000191612169e-05
5659,100938,4,4,1,1.1287997040199116e-05
5660,43604,4,4,1,9.504001354798675e-06
5661,62298,4,3,0,2.4809996830299497e-06
5662,62299,4,2,0,2.1809973986819386e-06
5663,2647,4,4,1,9.225001122104004e-06
5664,117351,4,4,1,1.1576998076634482e-05
5665,100976,4,4,2,9.680003131506965e-06
5666,53425,4,3,0,2.3380016500595957e-06
5667,12689,4,2,0,2.0429979485925287e-06
5668,35449,5,4,1,1.1011998140020296e-05
5669,35451,6,4,1,1.1134998203488067e-05
5670,4291,4,3,0,2.46299896389246e-06
5671,86788,4,2,0,2.263001078972593e-06
5672,72818,6,1,0,2.8030008252244443e-06
5673,117480,6,0,0,2.649001544341445e-06
5674,84643,4,4,1,1.0597999789752066e-05
5675,68724,4,3,0,2.273998688906431e-06
5676,51877,4,4,1,1.1310999980196357e-05
5677,88116,4,3,0,2.396998752374202e-06
5678,84646,4,4,1,1.0543000826146454e-05
5679,27305,4,4,1,1.0353000106988475e-05
5680,48952,4,3,0,2.4659966584295034e-06
5681,127058,4,2,0,2.153999957954511e-06
5682,101035,5,4,2,1.150699972640723e-05
5683,101037,4,4,1,1.1504002031870186e-05
5684,27322,4,4,1,1.036300091072917e-05
5685,84698,4,4,1,1.004799923975952e-05
5686,43742,4,4,2,9.270999726140872e-06
5687,97937,7,3,0,6.0820020735263824e-06
5688,25346,8,3,1,8.672999683767557e-06
5689,118286,9,3,0,6.532001862069592e-06
5690,117472,5,4,1,3.7583999073831365e-05
5691,68322,5,4,1,1.398899985360913e-05
5692,101096,4,4,1,1.3049000699538738e-05
5693,125679,4,4,1,1.0476000170456246e-05
5694,95537,4,3,0,2.4860019038897008e-06
5695,117498,5,4,1,4.893998266197741e-06
5696,27412,6,4,1,1.2426997272996232e-05
5697,109339,4,4,1,1.367399818263948e-05
5698,2917,4,3,0,2.5660010578576475e-06
5699,109340,4,4,1,1.0887000826187432e-05
5700,76594,14,4,1,1.5080000594025478e-05
5701,35640,4,4,2,9.94600122794509e-06
5702,109379,4,4,1,1.0027000826084986e-05
5703,46083,4,3,0,2.5939989427570254e-06
5704,120019,4,2,0,2.2269996406976134e-06
5705,11082,4,4,1,9.994000720325857e-06
5706,22672,4,3,0,2.430999302305281e-06
5707,89929,4,2,0,2.106000465573743e-06
5708,87177,5,2,1,5.493999196914956e-06
5709,43859,5,4,1,1.1362000805092975e-05
5710,125789,5,4,1,1.1341999197611585e-05
5711,125791,4,3,0,2.4039982235990465e-06
5712,27489,6,4,1,5.402998795034364e-06
5713,14084,6,3,0,4.102999810129404e-06
5714,52100,5,4,1,1.1482999980216846e-05
5715,4540,5,3,0,2.9269976948853582e-06
5716,4917,5,2,0,2.5129993446171284e-06
5717,78935,5,1,0,2.454999048495665e-06
5718,43925,4,4,1,1.0509000276215374e-05
5719,60309,4,4,1,1.1263000487815589e-05
5720,43929,4,4,1,9.6180010586977e-06
5721,109469,5,4,2,9.469000360695645e-06
5722,52133,4,4,1,9.87599923973903e-06
5723,93097,4,4,1,1.0085997928399593e-05
5724,52143,7,4,1,1.2419997801771387e-05
5725,93119,4,4,2,9.960000170394778e-06
5726,101324,4,4,1,9.830000635702163e-06
5727,53629,4,3,0,2.3220018192660064e-06
5728,109516,4,4,1,1.0692001524148509e-05
5729,76750,4,4,1,1.0072999430121854e-05
5730,101326,5,4,1,8.392999006900936e-06
5731,3034,4,4,1,9.798000974114984e-06
5732,19435,4,4,3,9.56199801294133e-06
5733,27640,4,4,1,1.0153999028261751e-05
5734,22839,4,3,0,2.3850006982684135e-06
5735,93179,6,4,1,1.1986001482000574e-05
5736,27653,4,4,1,9.786999726202339e-06
5737,52229,4,4,1,9.928997315000743e-06
5738,85010,4,4,1,9.868999768514186e-06
5739,77849,4,3,0,2.4479995772708207e-06
5740,21992,4,2,0,2.163000317523256e-06
5741,39093,4,1,0,1.9980034267064184e-06
5742,19475,6,4,2,1.2189997505629435e-05
5743,20749,6,3,1,7.913000445114449e-06
5744,53404,7,3,0,6.228001439012587e-06
5745,117782,4,4,2,8.997998520499095e-06
5746,93229,4,4,2,9.046998457051814e-06
5747,47295,4,3,0,2.3229986254591495e-06
5748,105277,7,3,1,7.400001777568832e-06
5749,101424,4,4,2,1.3443997886497527e-05
5750,126000,7,4,1,1.2489999789977446e-05
5751,37483,7,3,0,3.654997271951288e-06
5752,52291,4,4,1,1.0973999451380223e-05
5753,27742,6,4,1,1.0785002814373001e-05
5754,44127,4,4,1,1.0371000826125965e-05
5755,27748,4,4,1,1.0252999345539138e-05
5756,109685,4,4,2,1.0910000128205866e-05
5757,76951,4,4,1,9.253999451175332e-06
5758,103117,4,3,0,2.495999069651589e-06
5759,55822,4,2,0,2.3329994291998446e-06
5760,81898,4,1,0,2.257998858112842e-06
5761,27301,7,2,1,4.960998921887949e-06
5762,76952,4,4,1,1.0732001101132482e-05
5763,76961,4,4,1,1.0880001354962587e-05
5764,104262,4,3,0,2.372002199990675e-06
5765,60581,4,4,1,1.0490999557077885e-05
5766,38590,4,3,0,2.491997292963788e-06
5767,129414,5,3,1,3.819997800746933e-06
5768,93371,9,4,3,1.1219999578315765e-05
5769,29065,4,3,2,6.2920007621869445e-06
5770,117973,4,4,1,1.0002997441915795e-05
5771,68830,13,4,2,1.4359000488184392e-05
5772,68835,4,4,1,9.456001862417907e-06
5773,73491,4,3,0,2.411998138995841e-06
5774,77054,5,4,1,1.042899748426862e-05
5775,28143,4,3,0,2.439999661874026e-06
5776,3330,4,4,1,1.0536998161114752e-05
5777,109827,4,4,3,7.85899828770198e-06
5778,60692,4,4,1,1.1022999387932941e-05
5779,118040,4,4,1,9.985000360757113e-06
5780,129331,4,3,0,2.5759982236195356e-06
5781,11546,6,4,1,1.1281998013146222e-05
5782,44326,4,4,1,1.0996001947205514e-05
5783,77099,4,4,1,1.1467000149423257e-05
5784,44333,6,4,1,7.946000550873578e-06
5785,68923,4,4,2,9.863000741461292e-06
5786,23090,4,3,2,3.2652998925186694e-05
5787,96196,4,3,1,5.367000994738191e-06
5788,93506,4,4,1,1.0686999303288758e-05
5789,101705,6,4,2,1.6010999388527125e-05
5790,93522,4,4,1,1.081400114344433e-05
5791,3431,4,4,1,1.0388001101091504e-05
5792,19829,4,4,1,8.948998583946377e-06
5793,93565,4,4,2,8.818002243060619e-06
5794,52607,9,4,0,9.087001672014594e-06
5795,577,5,3,1,3.927998477593064e-06
5796,27248,6,3,1,8.374001481570303e-06
5797,126341,4,4,1,1.051900107995607e-05
5798,93580,4,4,1,1.0235999070573598e-05
5799,85398,4,4,1,9.625000529922545e-06
5800,85400,4,4,1,1.1251999239902943e-05
5801,36258,4,4,1,1.1009000445483252e-05
5802,78697,4,3,0,2.529999619582668e-06
5803,69036,6,4,1,1.252999936696142e-05
5804,63875,6,3,0,3.0099981813691556e-06
5805,69204,6,2,0,2.9559996619354934e-06
5806,12148,4,1,0,2.0189982024021447e-06
5807,69040,4,4,1,9.63600177783519e-06
5808,19899,4,4,1,9.452000085730106e-06
5809,130279,4,3,0,2.1740015654359013e-06
5810,74936,6,3,0,5.001998943043873e-06
5811,119149,6,3,1,9.243998647434637e-06
5812,110012,7,4,2,1.1009000445483252e-05
5813,3528,4,4,1,9.94600122794509e-06
5814,52683,4,4,1,1.1178999557159841e-05
5815,3539,5,4,1,1.133299883804284e-05
5816,3544,4,4,1,9.381001291330904e-06
5817,24325,4,3,0,2.4609980755485594e-06
5818,44513,4,4,1,1.0408002708572894e-05
5819,44520,4,4,2,8.725000952836126e-06
5820,105966,5,3,0,5.295001756167039e-06
5821,101894,4,4,2,9.30299938772805e-06
5822,3597,6,4,1,1.0349001968279481e-05
5823,126478,4,4,1,1.0146999557036906e-05
5824,101903,5,4,2,1.0627001756802201e-05
5825,3604,4,4,1,9.968000085791573e-06
5826,3609,4,4,2,8.982999133877456e-06
5827,52769,4,4,1,9.340998076368123e-06
5828,32079,4,3,0,2.4289984139613807e-06
5829,69188,4,4,1,9.45899955695495e-06
5830,28236,4,4,1,9.998999303206801e-06
5831,22837,4,3,0,2.4319997464772314e-06
5832,28239,4,4,1,1.0335999832022935e-05
5833,28250,4,4,1,9.592000424163416e-06
5834,36444,4,4,1,1.048099875333719e-05
5835,3680,4,4,1,1.0460000339662656e-05
5836,28264,4,4,2,7.904996891738847e-06
5837,28273,4,4,2,7.596998329972848e-06
5838,119757,5,3,1,3.7749996408820152e-06
5839,93820,4,4,1,1.034099841490388e-05
5840,110212,4,4,1,1.0460000339662656e-05
5841,93837,5,4,1,1.166400033980608e-05
5842,39746,5,3,1,1.2939999578520656e-05
5843,3728,4,4,2,8.498001989210024e-06
5844,3739,4,4,1,1.1256997822783887e-05
5845,94025,4,3,0,2.4700020730961114e-06
5846,118439,4,4,1,1.0230000043520704e-05
5847,4535,4,3,0,2.4559994926676154e-06
5848,48051,4,2,0,2.28699718718417e-06
5849,61116,4,4,1,9.73699934547767e-06
5850,77512,4,4,2,9.885003237286583e-06
5851,20205,4,4,1,9.761002729646862e-06
5852,102128,6,4,1,1.089999932446517e-05
5853,93937,4,4,1,9.90899934549816e-06
5854,85748,4,4,1,1.1112999345641583e-05
5855,110327,4,4,1,1.0045001545222476e-05
5856,57180,4,3,0,2.4840010155458003e-06
5857,102135,4,4,1,9.589999535819516e-06
5858,69376,4,4,1,1.0705000022426248e-05
5859,20226,7,4,1,1.1146999895572662e-05
5860,104395,8,3,0,7.609000022057444e-06
5861,3852,4,4,1,1.078000059351325e-05
5862,110360,4,4,2,8.858001820044592e-06
5863,69407,4,4,2,9.942999895429239e-06
5864,118561,6,4,1,1.3044002116657794e-05
5865,122032,6,3,0,3.006000042660162e-06
5866,85816,4,4,1,9.695999324321747e-06
5867,126783,4,4,1,1.0559000656940043e-05
5868,69439,5,4,1,1.0178999218624085e-05
5869,79171,5,3,0,3.064000338781625e-06
5870,79201,5,2,0,2.634998963912949e-06
5871,53058,4,4,2,9.457999112783e-06
5872,85835,4,4,1,8.734001312404871e-06
5873,40622,4,3,0,2.505999873392284e-06
5874,85836,4,4,1,1.0587998986011371e-05
5875,70856,4,3,0,2.3079992388375103e-06
5876,69499,5,4,3,9.437000699108467e-06
5877,61311,5,4,2,1.0793002729769796e-05
5878,61315,4,4,1,3.3629999961704016e-05
5879,36740,4,4,1,1.6252997738774866e-05
5880,3983,4,4,1,9.59599856287241e-06
5881,85941,4,4,1,9.839000995270908e-06
5882,110523,4,4,2,8.685998182045296e-06
5883,102341,6,4,2,1.1161999282194301e-05
5884,110541,5,4,1,1.3593999028671533e-05
5885,61394,4,4,1,1.0042000212706625e-05
5886,20440,6,4,1,1.1490003089420497e-05
5887,69593,4,4,1,8.836999768391252e-06
5888,63303,6,3,0,3.2860007195267826e-06
5889,63306,4,2,0,2.3699976736679673e-06
5890,13076,4,1,0,2.0849984139204025e-06
5891,114502,4,0,0,1.8850005290005356e-06
5892,77789,4,4,1,1.0371000826125965e-05
5893,102365,4,4,1,9.75600050878711e-06
5894,102371,7,4,2,1.182200139737688e-05
5895,4075,4,4,1,1.1149000783916563e-05
5896,126957,4,4,1,1.081400114344433e-05
5897,21883,4,3,0,2.387998392805457e-06
5898,61431,4,4,1,9.556999430060387e-06
5899,69622,4,4,2,9.351999324280769e-06
5900,61434,4,4,2,9.272000170312822e-06
5901,45051,4,4,2,8.31099896458909e-06
5902,20490,5,4,1,7.4459967436268926e-06
5903,20492,7,4,1,1.2148000678280368e-05
5904,61861,7,3,0,3.522000042721629e-06
5905,102422,6,4,1,7.500999345211312e-06
5906,110620,4,4,1,9.99599797069095e-06
5907,28712,4,4,1,1.0527997801546007e-05
5908,28717,5,4,2,1.1502001143526286e-05
5909,61503,4,4,1,9.629999112803489e-06
5910,36970,4,4,1,1.0679999832063913e-05
5911,45168,4,4,1,1.0851999832084402e-05
5912,102524,4,4,1,1.0215997463092208e-05
5913,129635,4,3,0,2.3430002329405397e-06
5914,77978,4,4,2,8.90299997990951e-06
5915,61597,4,4,3,8.271999831777066e-06
5916,45228,4,4,1,1.1141000868519768e-05
5917,64790,4,3,0,2.6839989004656672e-06
5918,78003,4,4,1,9.829000191530213e-06
5919,61628,4,4,2,9.04400076251477e-06
5920,20671,4,4,3,7.818001904524863e-06
5921,118982,4,4,1,1.0085997928399593e-05
5922,130840,5,3,0,3.1849995139054954e-06
5923,118984,4,4,1,1.0585001291474327e-05
5924,4299,5,4,2,1.0829000530065969e-05
5925,4301,5,4,1,1.07790001493413e-05
5926,110799,4,4,1,9.683000826044008e-06
5927,64192,4,3,0,2.272001438541338e-06
5928,53457,4,4,2,8.759001502767205e-06
5929,45272,4,4,1,1.0478001058800146e-05
5930,127201,4,4,1,1.049999991664663e-05
5931,4323,6,4,1,1.0179002856602892e-05
5932,69871,4,4,1,1.0508996638236567e-05
5933,28917,7,4,2,1.734000034048222e-05
5934,20733,4,4,1,9.528001100989059e-06
5935,73544,4,3,0,2.3029970179777592e-06
5936,102654,4,4,1,1.0293999366695061e-05
5937,16312,4,3,0,2.3719985620118678e-06
5938,28935,4,4,1,1.022300057229586e-05
5939,28937,4,4,1,9.925999620463699e-06
5940,78111,4,4,2,8.652998076286167e-06
5941,94495,6,4,1,1.1116000678157434e-05
5942,8160,4,3,0,2.5570006982889026e-06
5943,79392,4,2,0,2.3140019038692117e-06
5944,87661,4,1,0,2.183001925004646e-06
5945,86614,6,1,0,3.483000909909606e-06
5946,102687,4,4,1,1.0806001228047535e-05
5947,86314,4,4,1,1.2502998288255185e-05
5948,28978,4,4,1,9.498999133938923e-06
5949,20794,5,4,1,1.075999898603186e-05
5950,119101,4,4,1,1.1017000360880047e-05
5951,94526,4,4,1,1.0282001312589273e-05
5952,102720,4,4,1,1.0161998943658546e-05
5953,20800,4,4,1,1.0317999112885445e-05
5954,12614,4,4,1,9.858002158580348e-06
5955,70100,4,3,0,2.4269975256174803e-06
5956,53588,4,4,1,1.0889001714531332e-05
5957,130232,4,3,0,2.3520005925092846e-06
5958,102748,5,4,1,1.1208001524209976e-05
5959,102754,4,4,1,1.2764001439791173e-05
5960,4460,4,4,1,1.003099896479398e-05
5961,13249,4,3,0,2.5529989216011018e-06
5962,87263,4,2,0,2.3219981812871993e-06
5963,46533,4,1,0,2.119999408023432e-06
5964,119164,4,4,1,1.0163999832002446e-05
5965,37247,4,4,1,1.0330000804970041e-05
5966,37252,4,4,1,1.0412000847281888e-05
5967,20868,4,4,1,1.0543000826146454e-05
5968,37255,4,4,1,9.212999430019408e-06
5969,37259,4,4,1,9.899002179736272e-06
5970,53651,4,4,2,3.836299947579391e-05
5971,65178,6,3,0,7.066999387461692e-06
5972,57372,6,2,0,3.164001100230962e-06
5973,102806,4,4,1,1.1331001587677747e-05
5974,4502,4,4,1,1.0947998816845939e-05
5975,53662,4,4,1,1.0075000318465754e-05
5976,61856,5,4,1,1.2208001862745732e-05
5977,86690,5,3,0,3.1809977372176945e-06
5978,64414,4,2,0,2.3430002329405397e-06
5979,54574,7,3,1,8.947001333581284e-06
5980,78242,7,4,1,1.3862001651432365e-05
5981,71610,8,3,1,9.745999705046415e-06
5982,61859,5,4,1,1.0195999493589625e-05
5983,111916,6,3,0,5.927999154664576e-06
5984,63840,7,3,0,6.258000212255865e-06
5985,119213,4,4,2,9.663999662734568e-06
5986,20914,4,4,1,1.0302999726263806e-05
5987,29121,4,4,1,6.299099914031103e-05
5988,61893,4,4,1,1.0134001058759168e-05
5989,53710,4,4,1,9.937000868376344e-06
5990,12758,4,4,1,1.1597996490309015e-05
5991,119266,7,4,1,1.3590000889962539e-05
5992,86516,4,4,2,8.574003004468977e-06
5993,119324,4,4,1,9.522998880129308e-06
5994,94752,4,4,1,9.436000254936516e-06
5995,114606,4,3,0,2.529999619582668e-06
5996,38716,5,3,1,3.8860016502439976e-06
5997,78369,4,4,1,1.083300230675377e-05
5998,12837,5,4,1,9.071998647414148e-06
5999,102951,4,4,1,1.0979998478433117e-05
6000,94780,9,4,2,1.3881999620934948e-05
6001,62016,4,4,1,9.649000276112929e-06
6002,62019,4,4,1,1.0210998880211264e-05
6003,94794,4,4,1,1.0453997674630955e-05
6004,103014,4,4,1,9.447001502849162e-06
6005,29293,4,4,2,9.89199907053262e-06
6006,45677,4,4,2,8.596001862315461e-06
6007,119420,5,4,1,1.195799995912239e-05
6008,89113,6,3,0,5.788999260403216e-06
6009,45694,4,4,1,1.1107000318588689e-05
6010,12928,4,4,1,1.0197996743954718e-05
6011,86657,4,4,1,1.2861000868724659e-05
6012,103059,4,4,1,1.0728999768616632e-05
6013,105017,4,3,0,2.5560002541169524e-06
6014,108547,6,3,0,3.90399873140268e-06
6015,21140,5,4,1,1.0976000339724123e-05
6016,70294,4,4,1,1.0891999409068376e-05
6017,53912,4,4,1,1.499700010754168e-05
6018,78564,4,3,0,2.492997737135738e-06
6019,21147,4,4,1,1.0240997653454542e-05
6020,21148,4,4,1,1.04000027931761e-05
6021,94879,4,4,1,9.783998393686488e-06
6022,86694,5,4,1,1.0853000276256353e-05
6023,4789,4,4,1,9.422001312486827e-06
6024,127688,7,4,2,1.0619001841405407e-05
6025,71583,5,3,1,7.2689981607254595e-06
6026,127691,4,4,2,8.863000402925536e-06
6027,21207,4,4,1,5.4266001825453714e-05
6028,45789,4,4,1,1.0830000974237919e-05
6029,45791,4,4,1,1.0436997399665415e-05
6030,45890,4,3,0,2.291999408043921e-06
6031,127740,6,4,0,6.343998393276706e-06
6032,109009,7,3,0,6.839996785856783e-06
6033,54013,4,4,1,1.0982999810948968e-05
6034,62210,4,4,3,8.492999768350273e-06
6035,122218,4,3,1,5.1630013331305236e-06
6036,54020,4,4,1,1.0370000381954014e-05
6037,29490,4,4,1,1.0720999853219837e-05
6038,21298,4,4,3,7.462000212399289e-06
6039,70487,4,4,1,1.0826002835528925e-05
6040,62297,4,4,1,1.0521998774493113e-05
6041,48958,4,3,0,2.4990004021674395e-06
6042,46608,4,2,0,2.2959975467529148e-06
6043,47648,4,1,0,2.34500112128444e-06
6044,95072,4,4,1,1.00860015663784e-05
6045,78690,4,4,1,1.0993000614689663e-05
6046,78698,4,4,1,1.0071998985949904e-05
6047,24107,4,3,0,2.329998096683994e-06
6048,42753,7,3,0,6.4300002122763544e-06
6049,21377,5,4,2,4.113499744562432e-05
6050,5004,10,4,1,1.5386001905426383e-05
6051,15643,8,3,0,3.881999873556197e-06
6052,37786,4,4,1,1.2185999366920441e-05
6053,103323,6,4,1,1.2938999134348705e-05
6054,45982,4,4,2,9.159000910585746e-06
6055,80815,4,3,1,6.989001121837646e-06
6056,119714,4,4,1,1.0519997886149213e-05
6057,54179,5,4,1,4.682999133365229e-06
6058,37798,4,4,1,9.99599797069095e-06
6059,95146,4,4,1,9.818999387789518e-06
6060,86960,4,4,1,1.0135001502931118e-05
6061,37811,4,4,1,1.0755000403150916e-05
6062,46003,5,4,1,1.0294999810867012e-05
6063,108148,7,3,0,5.846002750331536e-06
6064,21452,4,4,2,1.1144999007228762e-05
6065,13262,4,4,2,9.6139992820099e-06
6066,46031,4,4,1,9.776998922461644e-06
6067,86993,5,4,1,1.1004001862602308e-05
6068,111570,4,4,1,1.1112999345641583e-05
6069,80875,4,3,0,2.4759974621701986e-06
6070,90983,5,3,1,5.456000508274883e-06
6071,46065,5,4,1,1.1357999028405175e-05
6072,54261,4,4,1,1.1310999980196357e-05
6073,39951,4,3,0,2.454002242302522e-06
6074,103437,4,4,2,9.468003554502502e-06
6075,70669,4,4,2,1.633400097489357e-05
6076,21537,4,4,1,1.0504998499527574e-05
6077,128250,4,3,0,2.4670007405802608e-06
6078,87695,5,3,1,7.253001967910677e-06
6079,87079,4,4,2,8.55699909152463e-06
6080,103464,4,4,1,1.1113999789813533e-05
6081,29758,4,4,1,1.0428000678075477e-05
6082,21567,4,4,1,1.093199898605235e-05
6083,37950,4,4,1,1.0774001566460356e-05
6084,46154,4,4,1,1.0383999324403703e-05
6085,103498,5,4,1,1.1444997653597966e-05
6086,128089,5,4,1,8.43199813971296e-06
6087,70748,6,4,1,8.912000339478254e-06
6088,37991,4,4,1,1.0216001101071015e-05
6089,23158,4,3,0,2.3890024749562144e-06
6090,54415,4,4,1,9.963001502910629e-06
6091,87194,5,4,2,1.1154999810969457e-05
6092,70830,4,4,1,1.032699947245419e-05
6093,73134,4,3,0,2.4139990273397416e-06
6094,111797,5,4,1,1.2625001545529813e-05
6095,62660,4,4,1,9.961000614566728e-06
6096,29906,4,4,2,9.690000297268853e-06
6097,111832,4,4,2,1.049899947247468e-05
6098,120032,4,4,1,1.0526000551180914e-05
6099,38112,4,4,1,1.0297000699210912e-05
6100,62704,4,4,2,1.4637000276707113e-05
6101,21758,4,4,1,1.1683998309308663e-05
6102,21765,4,4,1,1.051800063578412e-05
6103,70918,4,4,1,1.0580999514786527e-05
6104,29959,4,4,1,9.982999472413212e-06
6105,13575,5,4,1,1.162499756901525e-05
6106,29983,5,4,1,1.006499951472506e-05
6107,5420,7,4,0,1.0766998457256705e-05
6108,97595,7,3,0,3.344001015648246e-06
6109,13627,4,4,1,1.1432999599492177e-05
6110,111932,4,4,1,9.767001756699756e-06
6111,13630,5,4,1,1.17859999591019e-05
6112,103752,4,4,2,8.738999895285815e-06
6113,13640,4,4,2,9.882998710963875e-06
6114,13648,4,4,1,9.87399835139513e-06
6115,38227,4,4,1,9.622999641578645e-06
6116,95609,10,4,1,9.594001312507316e-06
6117,120205,4,4,2,9.545998182147741e-06
6118,5541,4,4,1,1.166500078397803e-05
6119,30136,4,4,1,1.0077998013002798e-05
6120,5560,4,4,1,9.73399801296182e-06
6121,88076,4,3,0,2.5469998945482075e-06
6122,6293,5,3,1,3.5479970392771065e-06
6123,46556,4,4,2,8.578997949371114e-06
6124,71135,4,4,1,9.552000847179443e-06
6125,87525,4,4,1,1.0883999493671581e-05
6126,30193,4,4,1,1.0560001101111993e-05
6127,113903,4,3,0,2.3800021153874695e-06
6128,120339,4,4,1,1.0703999578254297e-05
6129,5667,4,4,1,1.3283999578561634e-05
6130,112180,5,4,2,8.964001608546823e-06
6131,22071,4,4,1,1.0155999916605651e-05
6132,87607,5,4,2,6.657999620074406e-06
6133,79463,6,4,2,1.5925998013699427e-05
6134,5745,5,4,1,1.2076001439709216e-05
6135,120463,5,4,2,1.091499871108681e-05
6136,46747,4,4,2,9.17899888008833e-06
6137,5801,4,4,1,9.71899862634018e-06
6138,48869,4,3,0,2.3649990907870233e-06
6139,128843,4,2,0,5.152000085217878e-06
6140,104107,4,4,2,9.592000424163416e-06
6141,22240,4,4,1,1.0313000530004501e-05
6142,22241,4,4,1,1.00860015663784e-05
6143,122730,4,3,0,2.3089996830094606e-06
6144,112363,4,4,1,1.0192998161073774e-05
6145,5876,4,4,2,8.14200029708445e-06
6146,79609,4,4,2,7.68999962019734e-06
6147,112390,4,4,1,1.1667998478515074e-05
6148,112423,4,3,0,2.5129993446171284e-06
6149,79628,4,4,2,9.191000572172925e-06
6150,72879,4,3,0,2.3070024326443672e-06
6151,3247,5,3,1,7.245998858707026e-06
6152,120588,4,4,1,1.1145999451400712e-05
6153,5905,4,4,1,9.834999218583107e-06
6154,112424,4,4,1,9.125000360654667e-06
6155,112428,4,4,1,1.1240001185797155e-05
6156,46905,6,4,1,1.164499917649664e-05
6157,72747,5,3,0,3.2190000638365746e-06
6158,32009,6,3,1,7.067999831633642e-06
6159,97503,7,3,1,9.838000551098958e-06
6160,55098,4,4,1,9.709998266771436e-06
6161,128839,4,4,1,1.0247000318486243e-05
6162,104266,4,4,1,9.096998837776482e-06
6163,81357,6,3,0,3.3309988793917e-06
6164,7955,9,3,0,4.607998562278226e-06
6165,97691,7,2,0,3.1249983294401318e-06
6166,111732,7,1,0,2.8329995984677225e-06
6167,63311,4,4,1,1.124800110119395e-05
6168,104297,4,4,2,8.581999281886965e-06
6169,104301,4,4,1,1.0613002814352512e-05
6170,128879,4,4,1,1.0062001820188016e-05
6171,114472,4,3,0,2.4229993869084865e-06
6172,92028,9,3,0,6.83899997966364e-06
6173,14208,4,4,1,1.0192001354880631e-05
6174,128898,4,4,2,8.139002602547407e-06
6175,129412,6,3,0,5.222002073423937e-06
6176,46982,4,4,1,1.0695999662857503e-05
6177,104328,5,4,2,1.1298998288111761e-05
6178,71576,5,4,1,8.256000000983477e-06
6179,38812,4,4,1,1.1816002370323986e-05
6180,96157,10,4,1,1.5003999578766525e-05
6181,49962,11,3,0,4.536999767879024e-06
6182,55199,4,4,1,9.692001185612753e-06
6183,97481,4,3,0,2.2860003809910268e-06
6184,79382,5,3,1,7.089998689480126e-06
6185,88876,14,3,1,7.890997949289158e-06
6186,63428,5,4,2,9.420000424142927e-06
6187,47055,4,4,2,9.783998393686488e-06
6188,88016,4,4,1,9.92700006463565e-06
6189,104401,4,4,1,8.782000804785639e-06
6190,38868,5,4,2,1.5026002074591815e-05
6191,120793,4,4,1,1.0086998372571543e-05
6192,112628,12,4,0,1.2066000635968521e-05
6193,63484,4,4,3,7.393999112537131e-06
6194,22528,4,4,1,1.018699913402088e-05
6195,6145,5,4,2,9.497998689766973e-06
6196,30733,6,4,1,1.1050000466639176e-05
6197,30736,4,4,1,1.0353000106988475e-05
6198,88086,5,4,1,4.75199703942053e-06
6199,47129,4,4,1,1.0291998478351161e-05
6200,38968,4,4,2,9.601000783732161e-06
6201,112697,4,4,1,1.0627001756802201e-05
6202,47175,4,4,1,1.264899765374139e-05
6203,112727,4,4,1,1.0531999578233808e-05
6204,96365,4,4,1,9.674000466475263e-06
6205,129147,4,4,1,1.0888998076552525e-05
6206,6291,4,4,1,1.0993000614689663e-05
6207,22683,4,4,2,8.266000804724172e-06
6208,22684,4,4,1,1.1574000382097438e-05
6209,88221,4,4,1,1.1200001608813182e-05
6210,47262,4,4,1,1.0939998901449144e-05
6211,14785,4,3,0,2.6369998522568494e-06
6212,14507,4,4,1,1.0063999070553109e-05
6213,6418,4,3,0,2.616001438582316e-06
6214,22703,4,4,1,1.0179999662796035e-05
6215,71861,5,4,2,1.0767002095235512e-05
6216,6335,4,4,2,8.662002073833719e-06
6217,96464,4,4,1,9.687999408924952e-06
6218,121041,4,4,1,9.714000043459237e-06
6219,121075,4,4,1,9.9320022854954e-06
6220,121076,4,4,1,9.778999810805544e-06
6221,88320,6,4,1,3.7165998946875334e-05
6222,39173,4,4,1,1.3372002285905182e-05
6223,129289,4,4,1,1.0458999895490706e-05
6224,97037,4,3,0,2.706998202484101e-06
6225,88356,4,4,1,1.091800004360266e-05
6226,63794,4,4,1,1.1022999387932941e-05
6227,121147,6,4,0,7.718001143075526e-06
6228,124216,9,3,0,4.592999175656587e-06
6229,9884,7,2,0,3.2520001695957035e-06
6230,80193,4,4,1,1.1013999028364196e-05
6231,129358,4,4,1,1.0651001502992585e-05
6232,72052,4,4,1,1.0314000974176452e-05
6233,72079,9,4,0,8.099999831756577e-06
6234,104854,4,4,2,8.794999303063378e-06
6235,113054,4,4,1,1.1544998415047303e-05
6236,39341,5,4,1,1.1079999239882454e-05
6237,88494,5,4,1,8.368999260710552e-06
6238,39345,4,4,1,9.904997568810359e-06
6239,55729,4,4,1,1.0196999937761575e-05
6240,6596,6,4,1,1.1053001799155027e-05
6241,6598,4,4,1,1.1559000995475799e-05
6242,39375,4,4,1,1.1493997590150684e-05
6243,80371,9,4,0,1.1250998795730993e-05
6244,80394,5,4,1,1.0608000593492761e-05
6245,80396,4,3,1,3.1410017982125282e-06
6246,80400,5,4,1,9.975003194995224e-06
6247,105019,5,3,0,2.791999577311799e-06
6248,114614,6,3,0,5.025998689234257e-06
6249,121402,4,4,2,9.209001291310415e-06
6250,23107,4,4,1,1.0922001820290461e-05
6251,64127,4,4,1,9.434999810764566e-06
6252,64136,4,4,2,9.75099828792736e-06
6253,88712,5,4,1,1.0824001947185025e-05
6254,64159,4,4,1,1.0253999789711088e-05
6255,39587,4,4,2,9.28299778024666e-06
6256,31404,4,4,2,1.0071998985949904e-05
6257,15026,4,4,1,9.850999049376696e-06
6258,23253,5,4,1,8.180999429896474e-06
6259,23257,4,4,1,1.1838998034363613e-05
6260,23259,4,4,1,1.0787000064738095e-05
6261,96995,4,4,1,1.0396001016488299e-05
6262,64235,5,4,1,1.1432999599492177e-05
6263,97005,4,4,1,1.13139976747334e-05
6264,56053,4,4,1,1.0386997018940747e-05
6265,80631,4,4,1,1.0487001418368891e-05
6266,97016,4,4,1,1.2068998330505565e-05
6267,97019,4,4,1,9.796000085771084e-06
6268,31501,7,4,1,1.1948999599553645e-05
6269,31506,5,4,1,1.1413998436182737e-05
6270,121630,5,4,1,1.048500053002499e-05
6271,114625,4,3,0,2.2189997253008187e-06
6272,56608,4,2,0,2.34400067711249e-06
6273,121635,4,4,2,8.659000741317868e-06
6274,121636,4,4,1,1.0180996468989179e-05
6275,23344,6,4,2,1.005000012810342e-05
6276,15161,4,4,1,9.020997822517529e-06
6277,88907,4,4,1,1.0076997568830848e-05
6278,64338,4,4,2,9.65500294114463e-06
6279,7009,4,4,2,9.07800131244585e-06
6280,88953,4,4,2,8.091003110166639e-06
6281,64393,4,4,2,8.937000529840589e-06
6282,15242,5,4,1,8.62700107973069e-06
6283,48019,6,4,2,1.080100264516659e-05
6284,15256,4,4,1,1.052400330081582e-05
6285,129948,4,4,1,1.0438001481816173e-05
6286,64417,5,4,1,1.0165000276174396e-05
6287,126838,8,3,0,5.191999662201852e-06
6288,23459,5,4,1,8.580002031521872e-06
6289,72616,5,4,1,1.034299930324778e-05
6290,23470,4,4,1,1.0842999472515658e-05
6291,89013,8,4,2,1.242800135514699e-05
6292,72634,7,4,1,1.0335999832022935e-05
6293,72637,4,4,1,9.932999091688544e-06
6294,80867,4,4,1,9.841998689807951e-06
6295,121832,4,4,1,9.57899828790687e-06
6296,42353,8,3,0,4.487999831326306e-06
6297,130046,4,4,1,1.0091000149259344e-05
6298,72703,5,4,3,1.0497002222109586e-05
6299,89120,4,4,1,1.3769000361207873e-05
6300,7209,4,4,1,1.074199826689437e-05
6301,89131,5,4,2,1.0959000064758584e-05
6302,48195,4,4,1,1.0755000403150916e-05
6303,56402,4,4,2,3.823599763563834e-05
6304,64631,4,4,1,1.1673997505567968e-05
6305,97408,6,4,2,1.121400055126287e-05
6306,64646,7,4,1,1.2167001841589808e-05
6307,72865,5,4,2,9.66900188359432e-06
6308,122078,4,4,2,9.724000847199932e-06
6309,48360,4,4,1,1.0055999155156314e-05
6310,98643,8,3,0,4.774999979417771e-06
6311,7462,6,4,3,9.953997505363077e-06
6312,32047,4,4,1,1.0076997568830848e-05
6313,81201,4,4,1,1.0765998013084754e-05
6314,32059,4,4,1,1.034199885907583e-05
6315,73036,4,4,2,8.909999451134354e-06
6316,32080,4,4,1,9.627001418266445e-06
6317,48466,7,4,2,1.0058996849693358e-05
6318,98635,5,3,1,1.3886998203815892e-05
6319,19400,8,3,0,7.233000360429287e-06
6320,12704,6,3,2,7.237998943310231e-06
6321,109378,6,3,1,7.41099938750267e-06
6322,23897,4,4,1,1.0792002285597846e-05
6323,48498,5,4,3,8.623999747214839e-06
6324,32124,4,4,2,8.973001968115568e-06
6325,81281,4,4,1,1.0645999282132834e-05
6326,15767,7,4,1,1.1854997865157202e-05
6327,130456,4,4,1,9.728999430080876e-06
6328,15770,4,4,1,1.022300057229586e-05
6329,81415,4,3,0,2.5469998945482075e-06
6330,122741,4,2,0,5.565001629292965e-06
6331,40353,4,4,3,9.028997737914324e-06
6332,97701,4,4,2,8.982999133877456e-06
6333,130477,4,4,1,1.1096999514847994e-05
6334,105902,4,4,1,1.034800152410753e-05
6335,105906,4,4,1,9.329000022262335e-06
6336,7614,5,4,1,9.149000106845051e-06
6337,48577,4,4,1,1.0407999070594087e-05
6338,24002,5,4,1,1.0314000974176452e-05
6339,114118,4,4,1,9.879997378448024e-06
6340,40400,6,4,2,9.979001333704218e-06
6341,40411,4,4,3,8.848001016303897e-06
6342,130545,5,4,1,1.0809002560563385e-05
6343,40444,4,4,1,1.036600224324502e-05
6344,122364,4,4,1,1.0134001058759168e-05
6345,122368,7,4,1,1.3123997632646933e-05
6346,130568,5,4,1,1.0820000170497224e-05
6347,32268,4,4,1,1.0288000339642167e-05
6348,32269,4,4,1,1.0277999535901472e-05
6349,105999,4,4,1,1.4389999705599621e-05
6350,73248,4,4,1,9.732000762596726e-06
6351,56878,4,4,1,1.0867999662877992e-05
6352,48688,4,4,2,7.823000487405807e-06
6353,40497,4,4,1,1.1249998351559043e-05
6354,97849,5,4,1,8.014001650735736e-06
6355,104154,12,3,0,8.207996870623901e-06
6356,32319,4,4,1,1.0100000508828089e-05
6357,40516,4,4,3,7.200000254670158e-06
6358,97861,4,4,1,9.955998393706977e-06
6359,106054,6,4,1,1.2147000234108418e-05
6360,73304,7,4,1,1.2073000107193366e-05
6361,81498,4,4,1,1.0334002581657842e-05
6362,15976,4,4,1,1.002999852062203e-05
6363,81615,4,3,0,2.429998858133331e-06
6364,56956,4,4,1,1.0118998034158722e-05
6365,130686,4,4,2,9.054998372448608e-06
6366,81544,4,4,2,7.870999979786575e-06
6367,81551,6,4,2,8.522001735400409e-06
6368,16021,4,4,2,9.735002095112577e-06
6369,48793,4,4,1,1.0455001756781712e-05
6370,65495,4,3,0,2.4820001272019e-06
6371,48795,4,4,1,1.0894000297412276e-05
6372,106139,4,4,1,1.0634001228027046e-05
6373,81566,4,4,1,9.519000741420314e-06
6374,97966,7,4,1,2.5241999537684023e-05
6375,97971,6,4,1,1.0020998161053285e-05
6376,81636,5,4,1,9.960996976587921e-06
6377,73452,4,4,1,1.0168001608690247e-05
6378,98034,5,4,1,1.1477000953163952e-05
6379,32510,4,4,1,1.032699947245419e-05
6380,81705,7,4,1,1.0201998520642519e-05
6381,8803,5,3,1,6.6350003180559725e-06
6382,109055,7,3,0,7.017999450908974e-06
6383,81708,4,4,1,1.1115000233985484e-05
6384,122670,4,4,2,9.0790017566178e-06
6385,32563,4,4,1,1.0671999916667119e-05
6386,24377,4,4,1,9.949999366654083e-06
6387,89924,4,4,2,8.502000127919018e-06
6388,89928,5,4,1,8.250000973930582e-06
6389,106340,4,4,1,1.0707000910770148e-05
6390,122743,4,4,1,1.0884999937843531e-05
6391,16250,5,4,1,1.2544001947389916e-05
6392,122755,7,4,0,1.1903000995516777e-05
6393,40857,4,4,2,1.0710999049479142e-05
6394,32672,5,4,1,1.4074001228436828e-05
6395,98238,5,4,2,1.0886000382015482e-05
6396,16343,4,4,1,1.065600008587353e-05
6397,90073,4,4,1,9.888000931823626e-06
6398,98463,8,4,2,1.1815998732345179e-05
6399,82245,5,4,1,1.0964999091811478e-05
6400,33099,9,4,1,1.3377000868786126e-05
6401,106844,9,4,1,1.048500053002499e-05
6402,58887,6,3,0,3.3090000215452164e-06
6403,65980,5,4,1,1.1133000953122973e-05
6404,66022,7,4,1,1.01529985840898e-05
6405,496,5,4,1,8.25999813969247e-06
6406,90630,10,4,1,8.217000868171453e-06
6407,80095,5,3,0,2.778997441055253e-06
6408,566,6,4,0,1.324299955740571e-05
6409,8779,6,4,0,6.537000444950536e-06
6410,25395,9,4,1,8.301001798827201e-06
6411,867,13,4,2,1.242800135514699e-05
6412,1105,5,4,1,4.916000762023032e-06
6413,91252,5,4,1,1.1166001058882102e-05
6414,44191,5,3,0,2.9389993869699538e-06
6415,71084,5,2,0,2.744000084931031e-06
6416,25717,8,4,1,9.991999831981957e-06
6417,58488,6,4,1,9.32200055103749e-06
6418,42485,7,4,3,7.902999641373754e-06
6419,50686,5,4,1,4.992998583475128e-06
6420,108270,8,4,2,1.1030002497136593e-05
6421,67348,6,4,1,1.1877000360982493e-05
6422,50987,9,4,1,9.335002687294036e-06
6423,108345,6,4,2,1.0436000593472272e-05
6424,124840,5,4,1,1.034299930324778e-05
6425,100404,10,4,0,8.512000931659713e-06
6426,84135,5,4,1,4.416997398948297e-06
6427,104322,6,3,1,6.490001396741718e-06
6428,67754,5,4,1,8.527997124474496e-06
6429,125102,5,4,1,6.656999175902456e-06
6430,59672,6,4,1,1.6335998225258663e-05
6431,100785,6,4,2,6.637001206399873e-06
6432,93329,6,3,0,5.924001015955582e-06
6433,84527,8,4,1,7.146001735236496e-06
6434,92876,5,4,1,5.097997927805409e-06
6435,92930,5,4,1,1.0219999239780009e-05
6436,36061,5,4,1,6.488000508397818e-06
6437,3293,5,4,1,7.161997928051278e-06
6438,52545,6,4,1,1.0579999070614576e-05
6439,20466,5,4,1,6.493002729257569e-06
6440,119089,6,4,1,1.002999852062203e-05
6441,94530,6,4,2,1.2078002328053117e-05
6442,110939,5,4,1,4.227000317769125e-06
6443,62238,11,4,2,1.0457999451318756e-05
6444,4971,8,4,2,1.0523999662837014e-05
6445,13179,5,4,2,1.0126997949555516e-05
6446,70562,8,4,1,6.803998985560611e-06
6447,54189,7,4,1,5.395999323809519e-06
6448,70718,6,4,0,7.929000275908038e-06
6449,54399,8,4,2,1.133399928221479e-05
6450,87168,5,4,1,7.831000402802601e-06
6451,46373,10,4,1,1.148799856309779e-05
6452,62825,7,4,1,8.778002666076645e-06
6453,21882,7,4,1,1.2306001735851169e-05
6454,95690,7,4,3,8.200000593205914e-06
6455,62948,5,4,1,1.2165997759439051e-05
6456,87728,6,4,1,1.2304000847507268e-05
6457,6170,10,4,0,1.3788001524517313e-05
6458,120951,10,4,1,1.0628999007167295e-05
6459,63827,6,4,2,1.0431998816784471e-05
6460,6545,8,4,0,7.192000339273363e-06
6461,72570,9,4,0,1.0354000551160425e-05
6462,72750,7,4,0,4.0000002627493814e-05
6463,113905,5,4,1,1.3225002476247028e-05
6464,97698,8,3,0,4.481000360101461e-06
6465,106709,7,4,0,7.70199767430313e-06
6466,43287,9,4,0,7.648999599041417e-06
6467,59688,10,4,1,1.136599894380197e-05
6468,78179,7,4,1,9.385999874211848e-06
6469,58079,12,4,0,1.2713000614894554e-05
6470,125058,5,4,2,9.018000127980486e-06
6471,70804,5,4,1,9.266001143259928e-06
6472,89027,8,3,0,6.5019994508475065e-06
6473,29131,5,4,1,1.0473999282112345e-05
6474,77827,5,5,1,1.499499921919778e-05
6475,128783,5,4,0,3.1660019885748625e-06
6476,100268,5,3,0,2.9270013328641653e-06
6477,41347,12,3,0,8.364000677829608e-06
6478,127838,12,3,1,9.16299904929474e-06
6479,65541,5,5,1,1.6255999071290717e-05
6480,65817,7,4,0,4.206998710287735e-06
6481,129112,6,4,1,5.685000360244885e-06
6482,77835,7,5,1,8.306000381708145e-06
6483,126990,5,5,1,1.5039000572869554e-05
6484,105441,5,4,0,2.830001903930679e-06
6485,20501,5,5,1,1.483999949414283e-05
6486,77848,5,5,1,1.4518998796120286e-05
6487,42578,5,4,0,3.068998921662569e-06
6488,88313,5,3,0,2.715001755859703e-06
6489,73758,5,5,3,1.4647001080447808e-05
6490,65568,5,5,1,1.4632001693826169e-05
6491,36643,5,4,0,2.910997864091769e-06
6492,8107,5,3,0,2.8699978429358453e-06
6493,124305,9,3,0,6.81899837218225e-06
6494,24701,9,4,0,8.740997145650908e-06
6495,94245,5,5,1,1.316000270890072e-05
6496,25350,5,4,0,3.082001057919115e-06
6497,36109,6,3,0,3.3559990697540343e-06
6498,55332,5,2,0,2.6559973775874823e-06
6499,48880,5,1,0,2.4229993869084865e-06
6500,58601,6,0,0,2.558997948653996e-06
6501,90152,5,5,1,1.533999966341071e-05
6502,24617,5,5,1,1.5159002941800281e-05
6503,28714,6,5,1,1.6043999494286254e-05
6504,82805,5,4,0,3.1000017770566046e-06
6505,37862,5,3,0,2.754000888671726e-06
6506,100408,9,4,1,1.0155999916605651e-05
6507,36911,5,5,1,1.4510998880723491e-05
6508,4320,5,4,0,3.0279989005066454e-06
6509,97554,5,3,0,2.9049988370388746e-06
6510,82966,5,2,0,2.5949993869289756e-06
6511,83563,8,4,2,1.1620999430306256e-05
6512,12338,5,5,1,1.6639001842122525e-05
6513,92388,5,4,0,3.098000888712704e-06
6514,39543,5,3,0,2.7149981178808957e-06
6515,16444,5,5,1,1.5490000805584714e-05
6516,16448,5,5,1,1.4077999367145821e-05
6517,32010,5,4,0,2.7270034479442984e-06
6518,4161,5,5,1,1.9703998987097293e-05
6519,16449,5,5,1,1.5262001397786662e-05
6520,53941,5,4,0,3.07300069835037e-06
6521,114761,5,5,2,1.5781999536557123e-05
6522,118860,5,5,1,1.5230998542392626e-05
6523,41036,6,5,1,1.5362998965429142e-05
6524,122962,5,5,1,1.4142999134492129e-05
6525,16194,5,4,0,2.9460024961736053e-06
6526,118950,5,3,0,2.5700028345454484e-06
6527,94291,5,5,1,1.3364002370508388e-05
6528,80527,5,4,0,2.978002157760784e-06
6529,24596,6,4,1,7.471000571968034e-06
6530,82010,5,5,1,1.4885001291986555e-05
6531,57434,6,5,2,1.3790999219054356e-05
6532,94304,6,5,2,1.4468998415395617e-05
6533,90216,5,5,2,1.345300188404508e-05
6534,45167,5,5,1,1.4392000593943521e-05
6535,127095,5,5,2,1.3526001566788182e-05
6536,41080,5,5,1,1.600099858478643e-05
6537,118311,5,4,0,3.1470008252654225e-06
6538,53942,5,3,0,2.811997546814382e-06
6539,28797,5,5,1,1.3509001291822642e-05
6540,11875,5,4,0,2.8909998945891857e-06
6541,11008,5,3,0,2.5080007617361844e-06
6542,118584,5,2,0,2.5269982870668173e-06
6543,28811,5,5,1,1.414399957866408e-05
6544,61583,5,5,1,1.3870998373022303e-05
6545,88120,5,4,0,3.002998710144311e-06
6546,110742,5,5,1,1.4973000361351296e-05
6547,730,5,4,0,2.8389986255206168e-06
6548,110743,5,5,1,4.540400186670013e-05
6549,45208,5,5,1,1.4936002116883174e-05
6550,106651,5,5,2,1.3958000636193901e-05
6551,93402,5,4,1,1.0560001101111993e-05
6552,29629,7,3,0,3.995999577455223e-06
6553,118940,5,5,2,1.4076998922973871e-05
6554,110756,5,5,1,1.6008998500183225e-05
6555,62077,5,4,0,3.0940027500037104e-06
6556,95767,5,3,0,2.8130016289651394e-06
6557,63116,5,2,0,2.531000063754618e-06
6558,31104,5,1,0,2.487999154254794e-06
6559,54589,10,1,0,4.658999387174845e-06
6560,98477,10,5,1,1.886799873318523e-05
6561,45230,5,5,1,1.4961999113438651e-05
6562,16559,5,5,1,1.467999754822813e-05
6563,111937,5,4,0,3.0809969757683575e-06
6564,31336,6,4,1,7.812999683665112e-06
6565,94388,6,5,1,1.4567001926479861e-05
6566,4279,5,5,2,1.3463999493978918e-05
6567,61629,5,5,1,1.485800021328032e-05
6568,98512,5,5,1,1.3691002095583826e-05
6569,12496,6,5,1,1.3849003153154626e-05
6570,80207,7,4,0,5.850997695233673e-06
6571,2214,7,4,1,1.0174000635743141e-05
6572,49364,6,5,2,1.2902997696073726e-05
6573,45271,5,5,2,1.3614000636152923e-05
6574,4312,5,5,1,1.5072000678628683e-05
6575,36568,5,4,0,3.429999196669087e-06
6576,123791,5,3,0,2.9369984986260533e-06
6577,4892,5,2,0,2.754000888671726e-06
6578,12505,5,5,1,1.4317000022856519e-05
6579,70714,5,4,0,2.9889997676946223e-06
6580,58647,5,3,0,2.77800063486211e-06
6581,117456,5,2,0,2.6239977160003036e-06
6582,61667,5,5,2,1.2730000889860094e-05
6583,61669,5,5,1,1.5104997146409005e-05
6584,131303,5,5,1,1.5491001249756664e-05
6585,72812,5,4,0,5.300000339047983e-06
6586,41193,5,5,1,1.414800135535188e-05
6587,77437,5,4,0,3.2340030884370208e-06
6588,8425,16,5,1,2.0490002498263493e-05
6589,92588,6,4,1,9.522002073936164e-06
6590,45303,6,5,2,1.048299964168109e-05
6591,65795,5,5,1,1.530599911347963e-05
6592,11728,5,4,0,2.9760012694168836e-06
6593,20741,5,5,1,1.4700002793688327e-05
6594,12549,5,5,1,1.4752000424778089e-05
6595,69904,5,5,1,1.8910002836491913e-05
6596,97676,5,4,0,3.5989978641737252e-06
6597,116079,5,3,0,2.882999979192391e-06
6598,98031,5,2,0,2.4239998310804367e-06
6599,115557,5,1,0,2.3569991753902286e-06
6600,103321,14,1,1,7.179998647188768e-06
6601,123153,5,5,1,1.3785000192001462e-05
6602,6532,7,4,0,4.183999408269301e-06
6603,33042,5,5,2,1.4585999451810494e-05
6604,20752,8,5,2,1.501400038250722e-05
6605,132697,5,4,1,1.0953997843898833e-05
6606,44392,7,4,1,1.2489999789977446e-05
6607,4380,5,5,1,1.470200004405342e-05
6608,37148,9,5,0,1.1789001291617751e-05
6609,74023,5,5,3,1.239199991687201e-05
6610,102698,6,5,1,1.525599873275496e-05
6611,302,5,5,1,1.618100213818252e-05
6612,31146,5,4,0,3.4849981602746993e-06
6613,65838,10,5,1,1.7248999938601628e-05
6614,65841,5,5,1,1.4174998796079308e-05
6615,112737,5,4,0,3.0230003176257014e-06
6616,31098,5,3,0,2.6600027922540903e-06
6617,8497,9,5,3,1.588800296303816e-05
6618,92178,11,4,1,1.1080999684054404e-05
6619,90025,5,4,1,9.671999578131363e-06
6620,8506,8,5,1,1.6948000848060474e-05
6621,59589,7,4,0,3.6910023482050747e-06
6622,121727,5,3,0,2.744000084931031e-06
6623,46069,5,2,0,2.615997800603509e-06
6624,8507,5,5,1,1.4945999282645062e-05
6625,114126,5,4,0,3.116998414043337e-06
6626,119158,6,4,1,3.785099761444144e-05
6627,62181,6,3,0,4.400000761961564e-06
6628,127292,5,5,1,1.5459001588169485e-05
6629,66727,5,4,0,3.0529990908689797e-06
6630,9888,5,3,0,2.8469985409174114e-06
6631,77985,7,3,0,6.153000867925584e-06
6632,69947,8,5,1,1.687500116531737e-05
6633,115009,5,5,1,1.4983997971285135e-05
6634,99521,5,4,0,2.93600169243291e-06
6635,129185,5,3,0,2.7949972718488425e-06
6636,82243,7,5,1,1.7853999452199787e-05
6637,90438,5,5,1,1.5071000234456733e-05
6638,94538,5,5,2,1.426499875378795e-05
6639,29005,7,5,1,1.791199974832125e-05
6640,108094,6,4,1,4.710500070359558e-05
6641,16731,5,5,1,1.8072998500429094e-05
6642,125231,5,4,0,3.5140001273248345e-06
6643,107713,5,3,0,2.887998562073335e-06
6644,128816,5,2,0,2.8389986255206168e-06
6645,119136,5,5,1,1.6113997844513506e-05
6646,55498,5,4,0,3.125001967418939e-06
6647,59177,5,3,0,2.6859997888095677e-06
6648,106851,6,5,1,1.5960002201609313e-05
6649,12645,5,5,1,1.8253002053825185e-05
6650,102758,5,5,2,1.4116998499957845e-05
6651,12646,5,5,1,1.4920999092282727e-05
6652,133098,5,4,0,3.268000000389293e-06
6653,53609,5,5,1,1.518800127087161e-05
6654,102764,5,5,3,1.092000093194656e-05
6655,4465,7,5,1,1.3050001143710688e-05
6656,17279,7,4,0,3.6530000215861946e-06
6657,76892,9,4,1,1.2339001841610298e-05
6658,53618,5,5,1,1.5522000467171893e-05
6659,16755,6,5,1,1.4469002053374425e-05
6660,106884,5,5,1,1.546400017105043e-05
6661,50463,5,4,0,3.0199989851098508e-06
6662,53644,5,5,2,1.3758999557467178e-05
6663,46068,11,4,0,8.489998435834423e-06
6664,64282,5,3,0,2.9699986043851823e-06
6665,10678,19,4,0,1.5454999811481684e-05
6666,107701,7,4,2,1.1996999091934413e-05
6667,123277,5,5,3,1.3238000974524766e-05
6668,131469,5,5,1,1.61219977599103e-05
6669,41366,10,5,0,1.4712000847794116e-05
6670,59806,9,4,1,1.3412001862889156e-05
6671,46025,8,3,1,9.818999387789518e-06
6672,39305,8,4,1,1.1437998182373121e-05
6673,98714,6,5,1,1.72159998328425e-05
6674,33945,5,4,0,3.1719973776489496e-06
6675,79656,5,3,0,2.6900015654973686e-06
6676,16796,5,5,1,1.4027998986421153e-05
6677,110334,5,4,0,3.0129995138850063e-06
6678,20899,5,5,3,9.972001862479374e-06
6679,423,5,5,2,1.4011999155627564e-05
6680,105444,5,4,1,7.818001904524863e-06
6681,29096,7,5,2,1.6396999853895977e-05
6682,101196,7,4,0,3.5660013963934034e-06
6683,98735,7,5,2,1.7859001673059538e-05
6684,4534,5,5,1,1.5202000213321298e-05
6685,94647,5,5,3,1.2610002158908173e-05
6686,65986,5,5,1,1.4448000001721084e-05
6687,106951,5,5,3,1.3222001143731177e-05
6688,102856,5,5,1,1.5198998880805448e-05
6689,123341,5,5,1,1.4509001630358398e-05
6690,79156,5,4,0,3.2480020308867097e-06
6691,13647,5,3,0,2.8890026442240924e-06
6692,131534,11,5,2,1.6058998880907893e-05
6693,29136,5,5,1,1.4215998817235231e-05
6694,12757,5,5,1,1.5001001884229481e-05
6695,35058,5,4,0,3.0910014174878597e-06
6696,119254,5,5,1,2.2869000531500205e-05
6697,41434,6,5,1,1.626099765417166e-05
6698,26899,5,4,0,3.3479991543572396e-06
6699,36136,5,3,0,2.7669993869494647e-06
6700,70109,7,5,1,1.6743000742280856e-05
6701,8692,8,5,1,1.3599998055724427e-05
6702,119286,11,5,1,1.444000008632429e-05
6703,102912,9,5,2,1.662599970586598e-05
6704,88046,6,4,1,1.0264997399644926e-05
6705,49665,10,5,2,1.9422997866058722e-05
6706,772,9,4,0,8.17299951449968e-06
6707,70146,5,5,1,5.847500142408535e-05
6708,39196,5,4,0,3.19299942930229e-06
6709,41477,5,5,1,1.4743000065209344e-05
6710,28253,5,4,0,3.040000592591241e-06
6711,41478,5,5,1,1.545300256111659e-05
6712,36368,6,4,0,7.167996955104172e-06
6713,70151,5,5,1,1.4410001313081011e-05
6714,25305,5,4,0,2.9999973776284605e-06
6715,8714,5,5,1,1.4929999451851472e-05
6716,49674,11,5,2,1.591199907124974e-05
6717,530,5,5,1,1.4399000065168366e-05
6718,30455,5,4,0,3.0480005079880357e-06
6719,97967,5,3,0,2.5940025807358325e-06
6720,119319,7,5,1,1.5843001165194437e-05
6721,29219,5,5,1,1.537599746370688e-05
6722,66086,6,5,1,1.3754000974586233e-05
6723,107049,5,5,1,1.4493998605757952e-05
6724,55095,5,4,0,3.163997462252155e-06
6725,67650,5,3,0,2.7669993869494647e-06
6726,27666,8,4,1,1.1771997378673404e-05
6727,45617,5,5,1,1.584699930390343e-05
6728,34525,5,4,0,3.020999429281801e-06
6729,115249,5,5,1,1.5650999557692558e-05
6730,53820,7,5,2,1.3003998901695013e-05
6731,82501,5,5,1,1.534200055175461e-05
6732,119374,5,5,1,1.4990997442509979e-05
6733,49744,6,5,1,1.4745000953553244e-05
6734,86609,7,5,2,1.3056000170763582e-05
6735,70231,9,5,1,1.6444002540083602e-05
6736,3073,12,4,0,6.831000064266846e-06
6737,62046,5,5,1,1.4814002497587353e-05
6738,41569,5,5,2,1.4598997950088233e-05
6739,29284,5,5,2,1.3020999176660553e-05
6740,74339,7,5,2,1.4684999769087881e-05
6741,115301,9,5,2,1.4471999747911468e-05
6742,41577,5,5,2,1.3519002095563337e-05
6743,17570,5,4,0,3.0230003176257014e-06
6744,62059,5,5,1,1.5682002413086593e-05
6745,127612,6,5,1,1.6779002180555835e-05
6746,88661,5,4,0,3.1039999157655984e-06
6747,103038,5,5,2,1.513499955763109e-05
6748,115328,5,5,1,1.532199894427322e-05
6749,114119,5,4,0,3.068998921662569e-06
6750,99024,5,3,0,2.6699999580159783e-06
6751,29315,5,5,2,1.4723002095706761e-05
6752,78469,5,5,1,1.4452001778408885e-05
6753,72292,5,4,0,3.017001290572807e-06
6754,90077,6,4,1,4.298999556340277e-06
6755,57993,6,5,1,1.4697001461172476e-05
6756,103052,5,5,2,2.4869001208571717e-05
6757,37526,5,5,2,1.4119999832473695e-05
6758,665,5,5,2,1.3993998436490074e-05
6759,123556,5,5,3,1.2765001883963123e-05
6760,86702,5,5,1,4.4601001718547195e-05
6761,127664,5,5,1,1.5631001588189974e-05
6762,116216,5,4,0,3.3659998734947294e-06
6763,116218,5,3,0,2.821998350555077e-06
6764,111616,5,2,0,2.5600020308047533e-06
6765,123581,7,5,1,1.5042001905385405e-05
6766,79402,6,4,0,3.606000973377377e-06
6767,66245,5,5,1,1.3376000424614176e-05
6768,104490,7,4,0,4.13400266552344e-06
6769,29384,7,5,1,1.610699837328866e-05
6770,39378,6,4,0,3.4389995562378317e-06
6771,90830,6,5,2,1.0423998901387677e-05
6772,113717,7,4,1,1.3027001841692254e-05
6773,14706,12,4,1,1.1318999895593151e-05
6774,21200,5,5,3,1.400700057274662e-05
6775,99031,5,5,1,1.5143999917199835e-05
6776,25304,6,5,1,1.6213998605962843e-05
6777,45793,5,5,1,1.4040000678505749e-05
6778,13046,5,5,1,1.487900226493366e-05
6779,94966,5,5,2,1.3207998563302681e-05
6780,17151,5,5,1,1.483999949414283e-05
6781,39582,5,4,0,3.1859999580774456e-06
6782,8961,5,5,1,1.484200038248673e-05
6783,67148,5,4,0,3.19199898513034e-06
6784,132884,5,3,0,2.945002052001655e-06
6785,75627,5,2,0,2.696000592550263e-06
6786,86789,5,5,1,1.4023000403540209e-05
6787,29984,5,4,0,2.9709990485571325e-06
6788,106000,5,3,0,2.682998456293717e-06
6789,106245,5,2,0,2.4940018192864954e-06
6790,127751,5,5,1,1.4416000340133905e-05
6791,78600,5,5,1,1.3994998880662024e-05
6792,38448,5,4,0,3.1579984351992607e-06
6793,20185,5,3,0,2.724998921621591e-06
6794,37944,5,2,0,2.3219981812871993e-06
6795,33937,11,4,1,1.0985000699292868e-05
6796,131855,5,5,3,1.07810010376852e-05
6797,131856,5,5,1,1.4653000107500702e-05
6798,112635,5,4,0,3.2269999792333692e-06
6799,6647,5,3,0,2.677999873412773e-06
6800,40762,5,2,0,2.6719972083810717e-06
6801,4881,5,5,1,1.5680001524742693e-05
6802,129826,5,4,0,2.8810027288272977e-06
6803,49939,5,5,3,1.3237000530352816e-05
6804,790,5,5,1,1.4208002539817244e-05
6805,17178,7,5,2,1.5385001461254433e-05
6806,3510,5,4,1,9.7699994512368e-06
6807,123704,6,4,1,1.0700998245738447e-05
6808,129862,7,4,1,8.69299765327014e-06
6809,90909,5,5,1,1.803499981178902e-05
6810,69227,5,4,0,3.2140014809556305e-06
6811,119581,6,5,3,1.3917000615037978e-05
6812,95839,5,4,1,1.0153999028261751e-05
6813,25388,5,5,2,1.5957000869093463e-05
6814,813,5,5,1,1.4547000318998471e-05
6815,127792,10,5,1,1.5738001820864156e-05
6816,17203,5,5,1,1.4714998542331159e-05
6817,66356,5,5,3,1.2604999938048422e-05
6818,123701,5,5,1,1.4376000763149932e-05
6819,119604,5,5,1,1.5143999917199835e-05
6820,58163,5,5,1,1.503000021330081e-05
6821,36066,5,4,0,3.4040022001136094e-06
6822,37787,5,3,0,2.925997250713408e-06
6823,55723,8,3,0,7.1780013968236744e-06
6824,58169,5,5,1,1.4317000022856519e-05
6825,45889,5,5,1,1.5841000276850536e-05
6826,66369,5,5,1,1.5250003343680874e-05
6827,123715,5,5,1,1.5385001461254433e-05
6828,49990,5,5,1,1.359100133413449e-05
6829,29844,5,4,0,3.1950003176461905e-06
6830,26352,5,3,0,2.7049973141402006e-06
6831,26395,5,2,0,2.5190020096488297e-06
6832,100024,7,3,1,8.770999556872994e-06
6833,41801,5,5,1,1.5720001101726666e-05
6834,120254,5,4,0,3.3190008252859116e-06
6835,67553,5,3,0,3.0189985409379005e-06
6836,49998,5,5,1,1.5336998330894858e-05
6837,41877,5,4,0,2.862998371711001e-06
6838,107344,5,5,1,3.912100146408193e-05
6839,13144,5,5,1,1.7606998881092295e-05
6840,34726,5,4,0,6.960999598959461e-06
6841,19776,5,3,0,2.986998879350722e-06
6842,118488,5,2,0,2.634998963912949e-06
6843,107353,5,5,1,1.5562000044155866e-05
6844,67921,5,4,0,3.082001057919115e-06
6845,23108,5,3,0,2.7269998099654913e-06
6846,21337,5,5,1,1.6084999515442178e-05
6847,37721,6,5,1,1.4862001989968121e-05
6848,51593,7,4,0,3.639997885329649e-06
6849,113759,7,4,1,5.35999788553454e-06
6850,115550,7,5,1,1.5214001905405894e-05
6851,62311,7,5,1,1.0511001164559275e-05
6852,872,5,5,1,1.456300014979206e-05
6853,64082,5,4,0,3.040000592591241e-06
6854,78704,6,5,2,1.5552002878393978e-05
6855,89317,5,4,1,4.369998350739479e-06
6856,37747,8,5,1,1.6308000340359285e-05
6857,131981,5,5,1,1.4698001905344427e-05
6858,26293,5,4,0,2.9139991966076195e-06
6859,92472,5,3,0,2.6419984351377934e-06
6860,29881,5,2,0,2.4369983293581754e-06
6861,82837,5,5,2,1.3029002730036154e-05
6862,119709,9,5,2,1.598399830982089e-05
6863,99230,7,5,2,1.6361998859792948e-05
6864,119711,5,5,2,1.3418997696135193e-05
6865,21407,5,5,2,1.3898999895900488e-05
6866,25507,5,5,2,1.334599801339209e-05
6867,119719,7,5,1,1.5802001144038513e-05
6868,21418,5,5,1,1.4491000911220908e-05
6869,95147,5,5,1,1.3877001038054004e-05
6870,107702,5,4,0,3.0390001484192908e-06
6871,25516,8,5,3,1.5202000213321298e-05
6872,50097,5,5,1,1.3827000657329336e-05
6873,112372,5,4,0,3.0560004233848304e-06
6874,37817,6,5,2,1.2659998901654035e-05
6875,82884,9,5,1,1.7139998817583546e-05
6876,13254,9,5,1,1.601999974809587e-05
6877,119764,5,5,1,1.3559998478740454e-05
6878,105318,5,4,0,2.968998160213232e-06
6879,119766,5,3,0,2.6699999580159783e-06
6880,33753,5,5,1,1.3646000297740102e-05
6881,128214,5,4,0,2.901000698329881e-06
6882,51142,9,4,1,1.1454001651145518e-05
6883,101625,7,3,0,5.6680000852793455e-06
6884,62425,7,5,1,1.0218998795608059e-05
6885,95198,6,5,2,1.9936000171583146e-05
6886,62431,5,5,1,1.5736000932520255e-05
6887,54245,5,5,1,1.5994002751540393e-05
6888,5107,5,5,3,1.176299701910466e-05
6889,9205,6,5,1,1.6754998796386644e-05
6890,132105,5,5,1,1.4891000319039449e-05
6891,109953,5,4,0,3.040000592591241e-06
6892,62483,5,5,1,1.4435001503443345e-05
6893,87061,5,5,1,1.517200144007802e-05
6894,95258,5,5,1,1.4823999663349241e-05
6895,17453,5,5,1,1.546199928270653e-05
6896,78901,5,5,1,1.5009998605819419e-05
6897,67930,5,4,0,3.2329990062862635e-06
6898,99386,7,5,2,1.5384001017082483e-05
6899,83005,5,5,1,1.4332999853650108e-05
6900,68445,5,4,0,3.064997144974768e-06
6901,62706,5,3,0,2.7509995561558753e-06
6902,96600,5,2,0,2.531000063754618e-06
6903,33855,5,5,1,1.5064997569425032e-05
6904,115784,7,5,2,1.5816000086488202e-05
6905,70730,5,5,1,1.4896999346092343e-05
6906,74834,5,5,3,1.0708998161135241e-05
6907,109791,5,4,2,9.252999007003382e-06
6908,88115,6,4,1,1.1415999324526638e-05
6909,10490,6,4,2,1.0342002497054636e-05
6910,15077,8,4,2,1.07790001493413e-05
6911,91221,5,5,1,2.141799996024929e-05
6912,5209,7,5,1,1.8585000361781567e-05
6913,30951,6,4,0,9.195999155053869e-06
6914,58458,6,5,2,1.4718996681040153e-05
6915,46170,7,5,1,1.3754000974586233e-05
6916,122213,6,4,1,7.471000571968034e-06
6917,97847,5,4,1,7.728001946816221e-06
6918,75875,10,3,0,4.427001840667799e-06
6919,86755,12,2,0,6.916998245287687e-06
6920,1116,8,5,0,1.1854997865157202e-05
6921,117466,6,4,1,8.031998731894419e-06
6922,132743,6,4,1,1.1078998795710504e-05
6923,33886,5,5,1,1.569099913467653e-05
6924,89249,5,4,0,3.744300192920491e-05
6925,1127,5,5,3,1.687400072114542e-05
6926,62568,5,5,3,1.2762000551447272e-05
6927,132373,5,4,1,8.180999429896474e-06
6928,42094,6,5,1,1.7419999494450167e-05
6929,83057,5,5,1,1.6760001017246395e-05
6930,5235,5,5,1,1.5420999261550605e-05
6931,21630,5,5,1,1.5072000678628683e-05
6932,66690,6,5,2,1.5033998352009803e-05
6933,58498,9,5,0,1.3758999557467178e-05
6934,5291,9,4,0,1.2559001334011555e-05
6935,99467,5,5,1,1.534200055175461e-05
6936,54414,6,5,1,1.5227000403683633e-05
6937,53599,9,4,1,8.803999662632123e-06
6938,115363,6,4,2,9.804000001167879e-06
6939,119959,5,5,1,1.4610002835979685e-05
6940,52140,5,4,0,3.268000000389293e-06
6941,68697,5,3,0,2.949000190710649e-06
6942,107678,8,5,2,1.6632999177090824e-05
6943,103587,5,5,1,1.5458001143997535e-05
6944,99500,5,5,1,1.5116002032300457e-05
6945,4006,5,4,0,2.920001861639321e-06
6946,111789,5,5,1,1.4092001947574317e-05
6947,95462,5,4,0,3.001998265972361e-06
6948,54448,8,5,1,1.2107000657124445e-05
6949,42164,10,5,3,2.028699964284897e-05
6950,48802,5,4,2,1.0454001312609762e-05
6951,87227,5,5,1,1.4481000107480213e-05
6952,120017,9,5,1,1.7696002032607794e-05
6953,50387,5,5,2,1.3756001862930134e-05
6954,42198,10,5,2,1.6197998775169253e-05
6955,126509,8,4,1,1.4752000424778089e-05
6956,124682,19,4,0,1.3984001270728186e-05
6957,126291,18,3,0,9.544997737975791e-06
6958,105609,10,3,1,9.340998076368123e-06
6959,107694,13,3,1,1.1615000403253362e-05
6960,34013,5,5,1,1.5497000276809558e-05
6961,68051,5,4,0,3.2370007829740644e-06
6962,74991,8,3,0,4.270001227268949e-06
6963,29923,7,5,1,1.5528999938396737e-05
6964,128229,6,5,1,1.4310000551631674e-05
6965,107759,5,5,1,1.4452001778408885e-05
6966,34032,6,5,1,1.5988996892701834e-05
6967,99575,5,5,1,1.8123999325325713e-05
6968,29958,5,5,3,1.2690998119069263e-05
6969,9494,6,5,1,1.602500196895562e-05
6970,27222,5,4,0,3.0960000003688037e-06
6971,55298,6,3,0,3.040000592591241e-06
6972,96802,5,2,0,2.558001142460853e-06
6973,72402,17,1,0,6.149999535409734e-06
6974,90000,6,0,0,2.531000063754618e-06
6975,46361,5,5,1,4.217300011077896e-05
6976,91686,5,4,0,5.9779995353892446e-06
6977,79131,5,5,2,1.6385998605983332e-05
6978,107805,5,5,2,1.3623000995721668e-05
6979,38173,5,5,2,1.678099943092093e-05
6980,75043,5,5,1,1.5794998034834862e-05
6981,87335,5,5,1,1.55870002345182e-05
6982,75047,7,5,1,1.354000050923787e-05
6983,50478,5,5,1,1.532600072096102e-05
6984,27579,5,4,0,3.0429982871282846e-06
6985,95540,5,5,1,1.5616002201568335e-05
6986,128315,5,5,2,1.5090001397766173e-05
6987,91459,5,5,2,1.2813001376343891e-05
6988,9542,5,5,1,1.3706001482205465e-05
6989,124243,5,4,0,3.0470000638160855e-06
6990,30023,5,5,3,1.1283002095296979e-05
6991,101806,7,4,1,9.624996891943738e-06
6992,17739,5,5,1,1.4597997505916283e-05
6993,95565,5,5,1,1.450699710403569e-05
6994,47675,5,4,0,3.1710005714558065e-06
6995,1367,5,5,1,1.499900099588558e-05
6996,1372,5,5,3,1.3803000911138952e-05
6997,103778,8,5,0,1.1375002941349521e-05
6998,128359,5,5,1,1.5787001757416874e-05
6999,65493,5,4,0,3.140998160233721e-06
7000,21867,6,5,1,1.454599987482652e-05
7001,116980,5,4,1,4.2339997889939696e-06
7002,107885,5,5,1,1.5325997082982212e-05
7003,96158,5,4,0,3.225999535061419e-06
7004,111999,5,5,2,1.4207998901838437e-05
7005,7476,6,4,0,8.207000064430758e-06
7006,44105,7,4,0,7.326998456846923e-06
7007,110385,6,4,2,7.090999133652076e-06
7008,3990,6,4,1,1.4678000297863036e-05
7009,1418,7,5,2,1.894000160973519e-05
7010,5515,5,5,1,0.00013972099986858666
7011,54906,5,4,0,3.7669997254852206e-06
7012,72774,5,3,0,3.2080024539027363e-06
7013,65262,5,2,0,2.707001840462908e-06
7014,9613,5,5,1,1.6550002328585833e-05
7015,92882,5,4,0,3.1480012694373727e-06
7016,103824,5,5,3,1.2172000424470752e-05
7017,9618,5,5,1,1.4689998351968825e-05
7018,5547,5,5,2,1.4068999007577077e-05
7019,132527,6,5,1,9.152001439360902e-06
7020,5563,7,5,3,1.4693003322463483e-05
7021,124352,5,5,1,1.4773999282624573e-05
7022,9671,5,5,1,1.4945002476451918e-05
7023,15615,5,4,0,3.078999725403264e-06
7024,101300,7,4,0,6.2019971664994955e-06
7025,5579,5,5,1,1.5262001397786662e-05
7026,38351,5,5,1,1.4744000509381294e-05
7027,81711,7,4,0,4.435001756064594e-06
7028,30160,10,5,2,1.6587000573053956e-05
7029,67791,6,4,1,1.0981002560583875e-05
7030,121943,8,4,1,1.1073996574850753e-05
7031,31904,5,3,0,4.554996849037707e-06
7032,31588,15,4,3,1.3670000043930486e-05
7033,42556,7,4,0,7.943999662529677e-06
7034,42453,14,5,2,1.8003000150201842e-05
7035,23472,7,4,0,9.569997928338125e-06
7036,80026,7,4,1,4.519299909588881e-05
7037,71127,5,5,3,1.2042000889778137e-05
7038,95704,6,5,1,1.0772997484309599e-05
7039,17885,8,5,2,1.5385001461254433e-05
7040,112097,6,5,1,1.0111998562933877e-05
7041,62959,7,5,1,1.4753000868950039e-05
7042,67064,5,5,2,1.3343000318855047e-05
7043,46589,5,5,1,1.657699976931326e-05
7044,101342,5,4,0,3.1330018828157336e-06
7045,13822,5,5,1,1.529200017102994e-05
7046,48362,5,4,0,2.993001544382423e-06
7047,2111,5,3,0,2.8809990908484906e-06
7048,58879,5,5,2,1.367900040349923e-05
7049,132621,5,5,1,1.4252000255510211e-05
7050,80093,5,4,0,3.121000190731138e-06
7051,15943,7,4,0,5.891000910196453e-06
7052,38415,9,5,1,1.780800084816292e-05
7053,130929,5,4,0,2.9939983505755663e-06
7054,91672,5,5,4,1.0510000720387325e-05
7055,132633,5,5,1,1.505100226495415e-05
7056,38432,9,5,3,1.3145996490493417e-05
7057,99874,8,5,1,1.2585998774738982e-05
7058,112181,5,5,1,1.5538000297965482e-05
7059,85970,5,4,0,2.8270005714148283e-06
7060,47263,5,3,0,2.7700007194653153e-06
7061,112183,5,5,2,1.454399898648262e-05
7062,17981,5,5,1,1.5243000234477222e-05
7063,83519,5,5,1,1.5141999028855935e-05
7064,9793,5,5,1,1.5957000869093463e-05
7065,108099,5,5,1,1.3521002983907238e-05
7066,90074,5,4,0,2.974000381072983e-06
7067,44675,5,3,0,2.681998012121767e-06
7068,44676,5,2,0,2.6000016077887267e-06
7069,42565,5,5,1,1.4134999219095334e-05
7070,42572,5,5,1,1.547899955767207e-05
7071,99916,7,5,1,1.5809000615263358e-05
7072,87637,5,5,1,1.5188998077064753e-05
7073,9814,9,5,0,1.4105000445852056e-05
7074,63072,5,5,1,1.4199998986441642e-05
7075,95841,5,5,2,1.2939999578520656e-05
7076,18022,5,5,1,1.4565997844329104e-05
7077,92881,5,4,0,3.1320014386437833e-06
7078,79467,5,5,1,1.9363000319572166e-05
7079,108141,5,5,1,1.4530000044032931e-05
7080,95889,5,4,0,3.0270020943135023e-06
7081,122854,5,3,0,2.8909998945891857e-06
7082,83567,6,5,1,1.642300048843026e-05
7083,124533,5,5,3,1.1112999345641583e-05
7084,18037,5,5,1,1.4511999324895442e-05
7085,132726,8,5,0,1.1481999536044896e-05
7086,108153,5,5,1,1.4779998309677467e-05
7087,116756,5,4,0,3.116998414043337e-06
7088,75388,6,5,3,1.3061002391623333e-05
7089,18047,6,5,1,9.821000276133418e-06
7090,75403,5,5,2,1.444500230718404e-05
7091,112273,5,5,1,1.423199864802882e-05
7092,46738,5,5,1,1.3321998267201707e-05
7093,30355,5,5,2,1.261599754798226e-05
7094,91796,8,5,1,1.622700074221939e-05
7095,95894,5,5,1,1.6787998902145773e-05
7096,13978,5,5,1,1.4679000742034987e-05
7097,132762,6,5,1,1.648800025577657e-05
7098,104093,10,5,1,1.6583999240538105e-05
7099,116385,5,5,1,1.4929999451851472e-05
7100,108193,5,5,2,1.2066000635968521e-05
7101,30370,10,5,2,1.4454002666752785e-05
7102,63140,8,5,4,4.4251999497646466e-05
7103,54951,5,5,1,1.5526999050052837e-05
7104,87719,8,5,1,1.5358000382548198e-05
7105,108201,6,5,2,1.5542002074653283e-05
7106,23867,5,4,1,1.0848001693375409e-05
7107,38575,5,5,2,1.4077999367145821e-05
7108,5811,7,5,1,1.4182998711476102e-05
7109,26308,6,5,2,1.598299786564894e-05
7110,83663,5,5,3,1.1729000107152387e-05
7111,9941,5,5,1,1.541299934615381e-05
7112,109605,5,4,0,3.483000909909606e-06
7113,120833,5,3,0,3.0179980967659503e-06
7114,78553,6,3,1,4.427001840667799e-06
7115,26330,5,5,1,1.5067998901940882e-05
7116,5854,5,5,1,1.4549001207342371e-05
7117,59103,5,5,1,1.4937999367248267e-05
7118,83697,5,5,1,1.5088000509422272e-05
7119,3580,5,4,0,2.7989990485366434e-06
7120,124668,9,5,3,1.658899782341905e-05
7121,63625,7,4,1,1.162699845735915e-05
7122,112384,5,5,1,1.3144999684300274e-05
7123,23919,5,4,0,3.036002453882247e-06
7124,104450,5,3,0,2.6950001483783126e-06
7125,118770,5,2,0,2.4430009943898767e-06
7126,19780,5,1,0,2.3430002329405397e-06
7127,112386,5,5,1,1.4560002455255017e-05
7128,2926,5,4,0,3.040997398784384e-06
7129,42754,5,5,1,1.4832003216724843e-05
7130,100103,10,5,0,9.315001079812646e-06
7131,83722,5,5,2,1.3742002920480445e-05
7132,67350,5,5,1,1.4504999853670597e-05
7133,38687,5,5,1,1.5191999409580603e-05
7134,93330,5,4,0,3.0810006137471646e-06
7135,80406,5,3,0,2.793000021483749e-06
7136,128804,7,5,3,1.0694999218685552e-05
7137,91970,5,5,1,1.5371002518804744e-05
7138,10055,5,5,1,1.4797999028814957e-05
7139,71496,5,5,2,1.3353997928788885e-05
7140,63309,6,5,3,1.1725001968443394e-05
7141,104273,5,5,1,1.4758999896002933e-05
7142,15613,5,4,0,3.1140007195062935e-06
7143,108991,5,3,0,2.725999365793541e-06
7144,18258,5,5,1,1.4395998732652515e-05
7145,133212,5,4,0,3.002998710144311e-06
7146,23347,7,3,0,3.517001459840685e-06
7147,1339,10,4,0,1.0751002264441922e-05
7148,59220,5,5,3,1.9479997718008235e-05
7149,22358,8,5,1,1.8324000848224387e-05
7150,83802,5,5,1,1.3936001778347418e-05
7151,132954,5,5,1,1.473500014981255e-05
7152,100192,8,5,2,1.4723002095706761e-05
7153,26474,7,5,4,1.0822001058841124e-05
7154,104300,5,5,1,1.4852001186227426e-05
7155,132975,5,5,1,1.4555997040588409e-05
7156,28299,5,4,0,2.978998963953927e-06
7157,124789,9,5,1,1.4162000297801569e-05
7158,104316,5,5,3,1.2517000868683681e-05
7159,55169,5,5,1,1.801599864847958e-05
7160,71558,5,5,2,1.2893000530311838e-05
7161,87947,5,5,1,1.4646000636275858e-05
7162,92044,5,5,1,1.3611999747809023e-05
7163,30614,11,5,1,1.2871998478658497e-05
7164,133025,5,5,1,1.310199877480045e-05
7165,59298,7,5,1,1.9154998881276697e-05
7166,42920,5,5,1,1.5145000361371785e-05
7167,47272,5,4,0,3.130000550299883e-06
7168,128937,6,5,1,1.5722001990070567e-05
7169,92085,6,5,1,1.5178000467130914e-05
7170,6074,6,5,1,4.006300150649622e-05
7171,100290,5,5,3,1.324400000157766e-05
7172,83906,10,5,2,1.7594000382814556e-05
7173,51145,5,5,1,1.4629000361310318e-05
7174,22570,5,4,0,3.326000296510756e-06
7175,71627,5,5,2,1.3442000636132434e-05
7176,133069,6,5,1,7.301001460291445e-06
7177,104398,5,5,1,1.3404998753685504e-05
7178,55249,7,5,1,1.3723998563364148e-05
7179,55316,12,4,1,1.1034000635845587e-05
7180,120798,5,5,1,1.5319998055929318e-05
7181,92134,5,5,1,1.5935998817440122e-05
7182,83943,5,5,1,1.9622999388957396e-05
7183,26826,5,4,0,3.3230026019737124e-06
7184,59367,7,5,2,1.576300201122649e-05
7185,30703,6,5,1,1.7416001355741173e-05
7186,59380,5,5,1,1.5503999748034403e-05
7187,116728,5,5,2,1.2225998943904415e-05
7188,34810,5,5,1,1.4790999557590112e-05
7189,71677,5,5,3,1.3176999345887452e-05
7190,133117,5,5,2,1.3649998436449096e-05
7191,67588,5,5,1,1.4467997971223667e-05
7192,96263,5,5,1,1.426900053047575e-05
7193,101749,5,4,0,3.4059994504787028e-06
7194,104545,5,3,0,2.8550020942930132e-06
7195,96602,5,2,0,2.6520028768572956e-06
7196,17201,18,4,1,1.5624998923158273e-05
7197,38922,5,5,1,1.541600067866966e-05
7198,120842,5,5,1,1.438699837308377e-05
7199,105037,5,4,0,3.211996954632923e-06
7200,80581,5,3,0,2.882999979192391e-06
7201,14362,5,5,2,1.3777000276604667e-05
7202,18460,5,5,1,1.528599750599824e-05
7203,55328,5,5,2,1.466199682909064e-05
7204,116782,7,5,1,1.5257999621098861e-05
7205,34864,5,5,1,1.4347999240271747e-05
7206,7292,5,4,0,3.1960007618181407e-06
7207,101559,5,3,0,2.6029993023257703e-06
7208,126167,6,3,1,3.864002792397514e-06
7209,34868,5,5,1,2.0460000087041408e-05
7210,88131,5,5,2,1.3174001651350409e-05
7211,55371,5,5,1,1.5048000932438299e-05
7212,92236,6,5,1,1.501199949416332e-05
7213,75852,11,5,2,1.6582001990173012e-05
7214,14415,6,5,1,1.5700999938417226e-05
7215,24435,8,4,0,4.639998223865405e-06
7216,121625,6,3,0,3.2809984986670315e-06
7217,112720,5,5,1,1.6558002243982628e-05
7218,75858,5,5,1,1.4825000107521191e-05
7219,49148,5,4,0,3.2179996196646243e-06
7220,73133,5,3,0,2.800999936880544e-06
7221,11867,5,2,0,2.5839981390163302e-06
7222,84053,5,5,1,1.8140999600291252e-05
7223,88167,5,5,1,1.5935998817440122e-05
7224,86007,5,4,0,2.9949987947475165e-06
7225,79978,5,5,3,1.4036999345989898e-05
7226,75882,5,5,2,1.2941000022692606e-05
7227,32562,6,4,0,9.704999683890492e-06
7228,96921,7,4,1,8.77000275067985e-06
7229,67692,5,5,2,1.338199945166707e-05
7230,34928,5,5,2,1.2722000974463299e-05
7231,43130,5,5,2,1.3992997992318124e-05
7232,19395,5,4,0,2.9850016289856285e-06
7233,79994,6,5,2,1.7333000869257376e-05
7234,2175,8,5,1,9.28099689190276e-06
7235,47247,10,5,1,3.510200258460827e-05
7236,89641,9,4,0,1.0853000276256353e-05
7237,114579,7,3,0,3.5470002330839634e-06
7238,106837,7,2,0,5.961999704595655e-06
7239,18586,5,5,1,1.663100192672573e-05
7240,59548,5,5,1,1.4572997315553948e-05
7241,44386,5,4,0,2.9650000215042382e-06
7242,102308,8,3,0,5.649999366141856e-06
7243,26787,5,5,1,2.405499981250614e-05
7244,120998,8,5,0,0.0005111350001243409
7245,14506,5,5,2,1.723400055197999e-05
7246,125105,5,5,2,1.4008997823111713e-05
7247,96456,5,5,4,1.5133002307265997e-05
7248,39113,5,5,1,1.5662000805605203e-05
7249,2254,5,5,1,1.640399932512082e-05
7250,39120,6,5,3,1.471699943067506e-05
7251,55506,6,5,2,1.5319998055929318e-05
7252,104667,9,5,1,1.1243999324506149e-05
7253,39251,9,4,0,8.01599890110083e-06
7254,55515,9,5,0,1.413200152455829e-05
7255,63711,5,5,1,1.4455999917117879e-05
7256,47331,5,5,1,1.634599902899936e-05
7257,63720,5,5,1,1.4332999853650108e-05
7258,63873,5,4,0,3.031000233022496e-06
7259,110539,5,3,0,2.697001036722213e-06
7260,72157,5,2,0,2.4420005502179265e-06
7261,116969,6,5,3,1.4133001968730241e-05
7262,117006,5,5,1,1.5607998648192734e-05
7263,100628,5,5,1,1.5317000361392274e-05
7264,51494,5,5,2,1.2661999789997935e-05
7265,59695,5,5,1,1.4230001397663727e-05
7266,55606,5,5,1,4.8087000322993845e-05
7267,92478,5,5,1,1.734400211717002e-05
7268,92480,5,5,2,1.4117002137936652e-05
7269,88485,6,4,0,4.851000994676724e-06
7270,117063,6,5,2,1.5191999409580603e-05
7271,88411,7,5,2,1.683699883869849e-05
7272,67938,5,5,2,1.4237000868888572e-05
7273,84332,6,5,3,1.0766001651063561e-05
7274,72049,5,5,1,1.5803001588210464e-05
7275,47504,11,5,2,1.8008999177254736e-05
7276,113046,8,5,2,1.717100167297758e-05
7277,39335,5,5,1,1.4790999557590112e-05
7278,88487,5,5,1,1.4248002116801217e-05
7279,93372,5,4,0,3.1840027077123523e-06
7280,3768,5,3,0,3.0379997042473406e-06
7281,39339,5,5,2,1.3720000424655154e-05
7282,33380,7,4,0,4.118999640922993e-06
7283,18860,5,5,1,1.5371999324997887e-05
7284,117169,8,5,0,9.039998985826969e-06
7285,123503,8,4,0,1.4769000699743629e-05
7286,81632,8,3,0,5.4770025599282235e-06
7287,117176,5,5,1,1.6166999557754025e-05
7288,117184,6,5,1,9.035997209139168e-06
7289,39367,5,5,1,1.5349000022979453e-05
7290,68050,7,5,3,1.2601998605532572e-05
7291,30028,7,4,0,3.1760027923155576e-06
7292,96729,5,5,1,1.408999742125161e-05
7293,18911,5,5,1,1.563700061524287e-05
7294,14864,5,5,1,1.3953002053312957e-05
7295,96800,5,5,1,1.4346998796099797e-05
7296,117306,5,5,2,1.369399979012087e-05
7297,72255,5,5,2,1.4415996702155098e-05
7298,23116,6,5,1,1.6243000573012978e-05
7299,64079,9,5,3,1.486100154579617e-05
7300,55906,5,5,1,1.5289002476492897e-05
7301,27245,5,5,1,1.563700061524287e-05
7302,15830,5,4,0,3.2339994504582137e-06
7303,31344,5,5,2,1.3208002201281488e-05
7304,27251,5,5,2,1.9224000425310805e-05
7305,86014,6,5,3,1.3904998922953382e-05
7306,10873,5,5,3,1.2205997336423025e-05
7307,19076,5,5,1,1.5161000192165375e-05
7308,19080,5,5,2,1.544900078442879e-05
7309,84620,5,5,1,1.5374000213341787e-05
7310,27282,5,5,1,1.4324999938253313e-05
7311,76439,5,5,1,1.5227000403683633e-05
7312,39578,5,5,1,1.4362001820700243e-05
7313,130439,5,4,0,2.991997462231666e-06
7314,64156,7,5,1,1.2992997653782368e-05
7315,118749,11,4,0,1.0243998985970393e-05
7316,96925,6,5,1,1.5787998563610017e-05
7317,125612,5,5,3,1.0675998055376112e-05
7318,2744,5,5,1,1.4941000699764118e-05
7319,32270,5,4,0,5.270001565804705e-06
7320,60104,5,5,1,1.4942001143936068e-05
7321,69525,5,4,0,3.2620009733363986e-06
7322,45045,5,3,0,2.7579990273807198e-06
7323,40215,5,2,0,2.5699991965666413e-06
7324,2765,6,5,3,1.31050001073163e-05
7325,121617,7,4,0,3.268000000389293e-06
7326,56014,5,5,2,1.4003002434037626e-05
7327,23258,5,5,1,1.556799907120876e-05
7328,27358,5,5,3,1.2505999620771036e-05
7329,96994,7,5,1,4.431700290297158e-05
7330,23267,5,5,1,1.8319002265343443e-05
7331,19174,5,5,1,1.572800101712346e-05
7332,72425,5,5,1,1.573599729454145e-05
7333,31466,5,5,1,1.3445001968648285e-05
7334,39791,5,4,0,3.188997652614489e-06
7335,101683,5,3,0,2.824999683070928e-06
7336,79654,9,4,0,1.2557000445667654e-05
7337,5964,9,3,0,3.797998942900449e-06
7338,116665,11,3,0,5.555997631745413e-06
7339,56062,7,5,2,1.7979000404011458e-05
7340,89801,5,4,0,3.384000592632219e-06
7341,31491,11,5,3,1.6253001376753673e-05
7342,64267,6,5,2,1.4821001968812197e-05
7343,97036,11,5,2,1.7862999811768532e-05
7344,27407,5,5,1,1.4311997801996768e-05
7345,47892,6,5,1,1.483799860579893e-05
7346,64276,9,5,1,1.700899883871898e-05
7347,105316,5,4,1,1.0650001058820635e-05
7348,114114,8,4,0,7.752998499199748e-06
7349,94299,14,4,0,8.895000064512715e-06
7350,102816,16,4,0,1.5224999515339732e-05
7351,47894,5,5,2,1.3793000107398257e-05
7352,129819,8,5,3,1.4068002201383933e-05
7353,15163,5,5,1,1.617800080566667e-05
7354,39743,5,5,1,1.4640998415416107e-05
7355,72512,5,5,1,1.459700069972314e-05
7356,101192,6,5,1,1.3484001101460308e-05
7357,84809,5,5,1,1.546500061522238e-05
7358,113483,5,5,1,1.4847999409539625e-05
7359,48876,5,4,0,2.972999936901033e-06
7360,117580,5,5,1,1.4953002391848713e-05
7361,31564,6,5,1,1.5231998986564577e-05
7362,12448,6,4,0,3.5080011002719402e-06
7363,120689,7,4,1,1.1998999980278313e-05
7364,84815,6,5,1,1.5060999430716038e-05
7365,88911,7,5,1,1.3016000593779609e-05
7366,88919,6,5,1,1.5510999219259247e-05
7367,88925,5,5,1,1.4184999599820003e-05
7368,35693,5,5,2,1.8078000721288845e-05
7369,129906,5,5,1,1.4729997928952798e-05
7370,97143,7,5,1,1.6950998542597517e-05
7371,72617,5,4,0,3.207002009730786e-06
7372,97687,6,3,0,3.268000000389293e-06
7373,86139,7,3,0,6.365000444930047e-06
7374,15630,20,3,0,1.1438001820351928e-05
7375,132390,9,3,1,9.212999430019408e-06
7376,19339,9,5,3,1.3463002687785774e-05
7377,35730,5,5,1,1.4929999451851472e-05
7378,11155,5,5,1,1.4494999049929902e-05
7379,28003,5,4,0,3.058001311728731e-06
7380,101267,5,5,1,1.4391000149771571e-05
7381,93838,5,4,0,3.245000698370859e-06
7382,15876,6,4,1,8.474999049212784e-06
7383,2964,7,5,1,1.5871999494265765e-05
7384,60312,5,5,1,6.592300269403495e-05
7385,35740,5,5,1,1.5190998965408653e-05
7386,11175,5,5,2,1.2545999197755009e-05
7387,27560,6,5,1,7.465998351108283e-06
7388,80809,5,5,3,1.1815001926152036e-05
7389,125867,5,5,2,1.369600067846477e-05
7390,80823,5,5,3,1.1775002349168062e-05
7391,93112,6,5,2,4.804199852515012e-05
7392,11197,6,5,3,1.3772001693723723e-05
7393,19391,5,5,1,1.5041001461213455e-05
7394,129984,7,5,2,1.6919002518989146e-05
7395,105409,5,5,2,1.4123997971182689e-05
7396,84935,5,5,1,1.6514000890310854e-05
7397,48076,6,5,2,1.2511001841630787e-05
7398,5130,8,4,0,9.642000804888085e-06
7399,97675,6,4,1,8.109000191325322e-06
7400,57474,8,4,1,1.2503001926233992e-05
7401,130002,6,5,2,4.991800233256072e-05
7402,101349,5,5,1,2.0005998521810398e-05
7403,39910,6,5,1,1.4779998309677467e-05
7404,89100,8,5,2,1.5648998669348657e-05
7405,101388,8,5,0,1.0730000212788582e-05
7406,117774,5,5,1,1.2645999959204346e-05
7407,117775,5,5,1,1.5697998605901375e-05
7408,3087,14,5,1,2.051699993899092e-05
7409,39960,6,5,1,1.4985002053435892e-05
7410,126397,5,4,1,4.172001354163513e-06
7411,109604,5,5,1,1.6204001440200955e-05
7412,27690,6,5,1,1.4536999515257776e-05
7413,72783,8,5,4,1.2118998711230233e-05
7414,64591,8,5,0,1.4319000911200419e-05
7415,68693,5,5,1,1.4337001630337909e-05
7416,60501,8,5,2,1.940099900821224e-05
7417,52320,7,5,1,1.2140000762883574e-05
7418,52322,5,5,1,1.669499761192128e-05
7419,19556,5,5,2,1.3784003385808319e-05
7420,27750,5,5,1,1.4261000615078956e-05
7421,109681,7,5,1,1.4612000086344779e-05
7422,40050,7,5,2,2.3616001271875575e-05
7423,97403,5,5,1,1.517000055173412e-05
7424,68736,5,5,1,1.5403998986585066e-05
7425,31875,7,5,3,1.2701002560788766e-05
7426,31878,6,5,1,1.1496998922666535e-05
7427,109712,5,5,1,1.5196001186268404e-05
7428,76948,5,5,1,1.553399852127768e-05
7429,89248,7,5,3,1.4551002095686272e-05
7430,36019,5,5,2,1.3892000424675643e-05
7431,105688,5,5,1,1.4594999811379239e-05
7432,117994,5,5,1,1.4342000213218853e-05
7433,101622,7,5,2,1.103799877455458e-05
7434,109822,5,5,2,1.4189998182700947e-05
7435,60678,5,5,1,1.4304998330771923e-05
7436,23816,9,5,4,1.168300150311552e-05
7437,32013,5,5,2,1.3957000192021951e-05
7438,89358,5,5,1,1.4485998690361157e-05
7439,15634,5,5,2,1.4956000086385757e-05
7440,122148,9,5,2,1.703100133454427e-05
7441,36141,5,5,1,1.5699999494245276e-05
7442,85298,5,5,1,1.211400012834929e-05
7443,44340,6,5,1,3.738699888344854e-05
7444,7480,8,5,2,1.9515999156283215e-05
7445,81219,5,5,3,1.312400127062574e-05
7446,105798,16,5,0,2.1471998479682952e-05
7447,97613,5,5,1,1.54310000652913e-05
7448,97618,6,5,2,1.5751000319141895e-05
7449,60756,5,5,1,1.4486002328339964e-05
7450,64865,9,5,2,1.5055000403663144e-05
7451,32105,5,5,1,1.5046000044094399e-05
7452,23914,5,5,1,1.531300222268328e-05
7453,68969,8,5,3,1.237800097442232e-05
7454,69519,7,4,0,6.6399989009369165e-06
7455,36217,5,5,2,1.3551998563343659e-05
7456,52613,12,5,0,1.278799754800275e-05
7457,97683,11,5,3,1.770499875419773e-05
7458,126356,6,5,1,1.5203000657493249e-05
7459,130461,5,5,1,1.5109999367268756e-05
7460,56746,8,5,1,1.7333000869257376e-05
7461,81327,5,5,1,1.518800127087161e-05
7462,114097,5,5,1,1.4982000720920041e-05
7463,105914,5,5,1,1.472000076319091e-05
7464,69057,7,5,2,1.4868997823214158e-05
7465,106412,5,4,1,4.035002348246053e-06
7466,122310,7,5,1,1.7235997802345082e-05
7467,40394,5,5,1,1.5343997802119702e-05
7468,32209,7,5,2,1.485800021328032e-05
7469,40405,5,5,1,2.3374999727820978e-05
7470,3550,6,5,2,9.576000229571946e-05
7471,122336,7,5,4,1.5648001863155514e-05
7472,52706,5,5,1,1.6104000678751618e-05
7473,122341,6,5,1,1.5889996575424448e-05
7474,93684,6,5,1,1.4881999959470704e-05
7475,130564,5,5,1,1.4484001439996064e-05
7476,89614,5,5,2,1.2354001228231937e-05
7477,114192,6,5,1,2.2079999325796962e-05
7478,60958,5,5,1,1.5145000361371785e-05
7479,118307,5,5,1,1.416500163031742e-05
7480,118308,5,5,1,1.4496999938273802e-05
7481,101929,7,5,2,1.5388999599963427e-05
7482,52785,5,5,2,1.3408000086201355e-05
7483,118326,5,5,1,1.4000997907714918e-05
7484,77369,5,5,1,1.54289991769474e-05
7485,32317,9,5,2,1.532800160930492e-05
7486,118349,5,5,1,1.655699816183187e-05
7487,11857,5,5,1,1.4166998880682513e-05
7488,69202,7,5,2,1.559200245537795e-05
7489,44631,6,5,1,1.719699866953306e-05
7490,93804,6,4,0,9.75500006461516e-06
7491,96890,7,4,1,4.735000402433798e-06
7492,114283,5,5,1,5.1301001803949475e-05
7493,130669,8,5,3,1.4992001524660736e-05
7494,93819,5,5,1,1.5451998478965834e-05
7495,56955,5,5,1,1.4772998838452622e-05
7496,130691,7,5,1,1.6417001461377367e-05
7497,118407,5,5,1,1.4017998182680458e-05
7498,89737,6,5,1,1.5458001143997535e-05
7499,118425,6,5,1,9.945997589966282e-06
7500,106138,8,5,2,1.4303997886599973e-05
7501,44701,5,5,2,1.2125998182455078e-05
7502,65197,5,5,1,1.3857999874744564e-05
7503,69433,5,4,0,3.383000148460269e-06
7504,85829,8,4,0,1.0596002539386973e-05
7505,57015,5,5,1,1.5204001101665199e-05
7506,40636,10,5,2,1.8509999790694565e-05
7507,122562,5,5,1,1.5065001207403839e-05
7508,81619,5,5,1,1.4862998796161264e-05
7509,20184,6,5,1,1.4070999895920977e-05
7510,130780,5,5,1,1.5370998880825937e-05
7511,40671,8,5,1,1.720000000204891e-05
7512,33657,9,4,0,4.844998329645023e-06
7513,20211,6,5,1,6.391001079464331e-06
7514,52982,8,5,1,1.6435998986708e-05
7515,126716,5,5,3,1.22540004667826e-05
7516,44803,6,5,3,1.3027001841692254e-05
7517,36618,5,5,1,1.5524998161708936e-05
7518,20245,5,5,2,1.3374999980442226e-05
7519,77605,5,5,1,1.3798999134451151e-05
7520,20262,8,5,1,1.534500188427046e-05
7521,53896,8,4,0,3.992001438746229e-06
7522,4910,9,4,0,8.678001904627308e-06
7523,85810,14,5,2,1.7933998606167734e-05
7524,16191,5,5,1,1.4862998796161264e-05
7525,69448,6,5,1,1.4422003005165607e-05
7526,48971,5,5,1,1.4757999451830983e-05
7527,40781,6,5,3,2.15580002986826e-05
7528,110425,5,5,1,1.601499752723612e-05
7529,110427,5,5,2,1.3095999747747555e-05
7530,40797,7,5,3,1.542599784443155e-05
7531,122718,9,5,2,2.0571998902596533e-05
7532,65408,14,4,0,6.6209977376274765e-06
7533,41,9,3,2,8.154001989169046e-06
7534,65392,6,5,2,1.2935000995639712e-05
7535,85874,5,5,1,1.4695000572828576e-05
7536,98170,5,5,2,1.3822002074448392e-05
7537,32663,6,5,3,9.827999747358263e-06
7538,73624,5,5,2,1.5244000678649172e-05
7539,90007,9,5,1,1.0496001777937636e-05
7540,4007,5,5,1,1.5239998901961371e-05
7541,8108,5,5,1,1.6967998817563057e-05
7542,16305,5,5,2,1.4173001545714214e-05
7543,16311,6,5,1,1.0162999387830496e-05
7544,85958,5,5,3,1.3837001461070031e-05
7545,32717,5,5,2,1.353499828837812e-05
7546,32722,5,5,1,1.4740999176865444e-05
7547,126933,5,5,2,1.3896999007556587e-05
7548,65497,5,5,2,1.3544999092118815e-05
7549,16346,5,5,1,4.042099681100808e-05
7550,57307,5,5,3,1.4514000213239342e-05
7551,116987,8,4,0,1.1288000678177923e-05
7552,65499,5,5,1,1.5978999726939946e-05
7553,8161,5,5,1,1.4222001482266933e-05
7554,69609,9,5,1,1.9292001525172964e-05
7555,118762,5,5,1,1.4929002645658329e-05
7556,45034,8,5,2,1.4492001355392858e-05
7557,81904,5,5,1,1.4244000340113416e-05
7558,65540,9,5,1,1.503100065747276e-05
7559,102412,7,5,2,1.4236000424716622e-05
7560,94250,7,5,0,1.6146997950272635e-05
7561,123762,7,4,0,3.7770005292259157e-06
7562,9810,7,3,0,3.225999535061419e-06
7563,57459,14,5,0,1.8858998373616487e-05
7564,20664,13,5,1,1.817600059439428e-05
7565,110817,7,5,1,8.490998880006373e-06
7566,98540,8,5,1,1.6294001397909597e-05
7567,310,6,5,1,6.6209977376274765e-06
7568,119097,8,5,0,1.5634999726898968e-05
7569,53636,7,5,2,1.0800999007187784e-05
7570,98724,6,5,1,1.1821997759398073e-05
7571,45554,8,5,1,1.1444000847404823e-05
7572,107093,18,5,1,2.242700065835379e-05
7573,62040,12,5,0,1.817600059439428e-05
7574,12890,16,5,1,2.4832002964103594e-05
7575,119410,13,5,1,1.836600131355226e-05
7576,98944,8,5,0,9.872001101030037e-06
7577,57988,8,5,1,1.5926998457871377e-05
7578,29334,7,5,1,1.4493998605757952e-05
7579,119452,6,5,1,8.982999133877456e-06
7580,29380,7,5,2,1.0211002518190071e-05
7581,131869,8,5,0,9.196002793032676e-06
7582,115537,9,5,0,1.2054999388055876e-05
7583,54206,6,5,2,2.0697996660601348e-05
7584,62418,10,5,2,1.5609999536536634e-05
7585,9212,7,5,3,1.32630011648871e-05
7586,103429,20,5,1,2.041400148300454e-05
7587,128114,7,5,1,1.5532001270912588e-05
7588,119958,10,5,1,9.699000656837597e-06
7589,33943,6,5,1,1.5143003111006692e-05
7590,128155,6,5,2,1.6376998246414587e-05
7591,70866,7,5,3,1.4607998309656978e-05
7592,5388,8,5,2,1.4365999959409237e-05
7593,128375,6,5,1,1.430300108040683e-05
7594,5539,6,5,2,1.4041997928870842e-05
7595,43002,6,4,1,7.806000212440267e-06
7596,133113,6,5,3,1.2508000509114936e-05
7597,84007,7,5,1,1.3251999916974455e-05
7598,84167,6,4,1,9.682000381872058e-06
7599,38300,7,4,1,1.0037001629825681e-05
7600,47208,8,5,1,1.6335998225258663e-05
7601,51852,6,4,0,3.201002982677892e-06
7602,92276,11,5,4,1.3386998034548014e-05
7603,96436,10,5,1,1.9221999536966905e-05
7604,43281,6,5,1,1.355399945168756e-05
7605,14878,8,5,0,1.3319997378857806e-05
7606,19023,8,5,0,4.1514002077747136e-05
7607,121611,9,5,0,9.16199860512279e-06
7608,15149,12,5,1,7.528000423917547e-06
7609,56119,6,5,1,1.0044997907243669e-05
7610,23769,9,5,0,8.453996997559443e-06
7611,110499,13,5,2,1.322199750575237e-05
7612,123201,25,4,1,1.5474000974791124e-05
7613,51539,16,3,1,1.0247997124679387e-05
7614,110529,8,5,1,9.017003321787342e-06
7615,2261,9,4,0,6.837002729298547e-06
7616,131237,7,5,2,1.4033998013474047e-05
7617,12904,10,5,1,2.251300247735344e-05
7618,45997,14,5,0,2.2956999600864947e-05
7619,10080,12,5,0,1.0372998076491058e-05
7620,19943,14,4,1,1.7606998881092295e-05
7621,81310,14,4,1,1.8233000446343794e-05
7622,64619,17,4,0,1.1768999684136361e-05
7623,59345,9,5,1,8.563001756556332e-06
7624,101457,12,5,1,1.7229998775292188e-05
7625,110592,6,6,1,2.1308998839231208e-05
7626,122895,6,6,1,2.313900040462613e-05
7627,69649,6,6,1,2.3041000531520694e-05
7628,81938,6,6,1,2.1756000933237374e-05
7629,122900,6,6,1,2.1390002075349912e-05
7630,20505,6,6,1,1.9409999367780983e-05
7631,73085,6,5,0,4.151999746682122e-06
7632,40778,6,4,0,3.3010001061484218e-06
7633,52199,6,3,0,3.1130002753343433e-06
7634,40783,6,2,0,2.683002094272524e-06
7635,78250,6,1,0,2.558001142460853e-06
7636,111877,6,0,0,2.515000232961029e-06
7637,86041,8,6,1,2.462900010868907e-05
7638,55719,8,5,0,4.272998921805993e-06
7639,90805,9,5,1,6.627000402659178e-06
7640,73765,6,6,1,2.6404999516671523e-05
7641,131523,6,5,0,3.670000296551734e-06
7642,110632,6,6,1,2.182899697800167e-05
7643,81964,9,6,1,2.2891003027325496e-05
7644,9572,6,5,0,3.6869969335384667e-06
7645,34729,9,4,0,4.389003152027726e-06
7646,76855,6,3,0,2.901000698329881e-06
7647,4445,6,2,0,2.844000846380368e-06
7648,125561,11,5,0,1.061999864759855e-05
7649,130549,8,5,0,1.0583000403130427e-05
7650,12286,17,5,1,2.0807001419598237e-05
7651,16246,7,5,1,8.917002560338005e-06
7652,41025,22,6,0,2.3281001631403342e-05
7653,99359,10,5,2,1.4123001164989546e-05
7654,69702,9,6,1,2.5571000151103362e-05
7655,127065,6,6,2,2.0340001356089488e-05
7656,77915,8,6,3,1.7035999917425215e-05
7657,49247,6,6,1,3.2239000574918464e-05
7658,22525,6,5,0,3.6819983506575227e-06
7659,49248,6,6,1,2.915900040534325e-05
7660,24674,6,6,1,5.105200034449808e-05
7661,42300,6,5,0,4.429999535204843e-06
7662,103785,6,4,0,3.7050012906547636e-06
7663,111622,8,4,1,8.52500306791626e-06
7664,57448,6,6,1,2.166299964301288e-05
7665,56195,6,5,0,3.873999958159402e-06
7666,114120,6,4,0,3.660003130789846e-06
7667,85103,6,3,0,3.377997927600518e-06
7668,19343,6,2,0,2.8889990062452853e-06
7669,109464,6,1,0,6.081001629354432e-06
7670,36198,6,0,0,2.495999069651589e-06
7671,36974,6,6,1,2.2812000679550692e-05
7672,36975,6,6,1,2.1649000700563192e-05
7673,121968,6,5,0,3.8520011003129184e-06
7674,45166,7,6,2,1.3905999367125332e-05
7675,57463,7,6,1,2.3366999812424183e-05
7676,130596,7,5,0,5.366997356759384e-06
7677,131520,6,4,0,3.3609976526349783e-06
7678,40012,6,3,0,3.1249983294401318e-06
7679,109338,6,2,0,2.8600006771739572e-06
7680,106,10,3,1,1.052000152412802e-05
7681,65657,11,6,1,2.3474000045098364e-05
7682,11020,8,5,0,4.66799974674359e-06
7683,53375,7,6,2,1.8251001165481284e-05
7684,49297,6,6,1,2.065700027742423e-05
7685,3421,6,5,0,3.946999640902504e-06
7686,26475,6,4,0,3.573000867618248e-06
7687,10156,6,3,0,3.110999386990443e-06
7688,95610,6,2,0,2.9619986889883876e-06
7689,6167,10,1,0,4.282999725546688e-06
7690,110741,6,6,1,2.2124000679468736e-05
7691,91808,6,5,0,4.071000148542225e-06
7692,11420,7,5,1,5.709000106435269e-06
7693,82071,6,6,1,2.036300065810792e-05
7694,111015,6,5,0,3.815999662037939e-06
7695,21011,6,4,0,3.4000004234258085e-06
7696,111986,6,3,0,2.9700022423639894e-06
7697,64572,6,2,0,2.8370013751555234e-06
7698,874,6,1,0,2.7149981178808957e-06
7699,49308,6,6,1,2.1058000129414722e-05
7700,106652,6,6,1,2.058900281554088e-05
7701,33760,6,5,0,3.899000148521736e-06
7702,84729,6,4,0,3.340999683132395e-06
7703,19446,6,3,0,2.7579990273807198e-06
7704,44688,6,2,0,2.691998815862462e-06
7705,20636,6,6,1,1.9571001757867634e-05
7706,29755,6,5,0,3.895998816005886e-06
7707,27950,10,4,0,5.529000191017985e-06
7708,122712,6,3,0,2.9660004656761885e-06
7709,9792,6,2,0,3.0009978218004107e-06
7710,26738,6,1,0,2.525997842894867e-06
7711,77982,6,6,2,1.86930010386277e-05
7712,157,7,6,1,2.2344000171869993e-05
7713,63179,7,5,0,8.851002348819748e-06
7714,45320,6,4,0,3.52500137523748e-06
7715,118948,6,6,1,1.949099896592088e-05
7716,6388,6,5,0,3.6279998312238604e-06
7717,70457,6,4,0,3.178996848873794e-06
7718,41304,6,3,0,2.77800063486211e-06
7719,37986,6,2,0,2.901997504523024e-06
7720,115086,6,1,0,2.5280023692175746e-06
7721,3203,8,2,1,6.389000191120431e-06
7722,16555,6,6,1,2.054799915640615e-05
7723,35112,6,5,0,3.459001163719222e-06
7724,29741,6,4,0,3.130000550299883e-06
7725,64068,6,3,0,2.673001290531829e-06
7726,90284,6,6,2,2.0176001271465793e-05
7727,102572,14,6,1,1.9608000002335757e-05
7728,19617,8,5,1,1.5764999261591583e-05
7729,24752,6,6,1,2.056700031971559e-05
7730,117779,6,5,0,3.7680001696571708e-06
7731,16561,7,6,1,1.4792000001762062e-05
7732,53427,7,6,2,2.063900319626555e-05
7733,4283,6,6,1,2.1527997887460515e-05
7734,4293,6,6,1,2.2576001356355846e-05
7735,94412,6,6,1,2.0403000235091895e-05
7736,38542,6,5,0,3.848999767797068e-06
7737,38818,6,4,0,3.4619988582562655e-06
7738,46232,7,4,1,6.368998583639041e-06
7739,92149,9,5,2,1.4612000086344779e-05
7740,51363,9,4,1,9.316001523984596e-06
7741,119523,8,5,1,4.602699846145697e-05
7742,57178,11,5,4,1.6358000721083954e-05
7743,106701,6,6,2,2.0698000298580155e-05
7744,1163,8,5,3,1.168200105894357e-05
7745,86236,6,6,1,2.145400139852427e-05
7746,64401,8,5,0,4.726000042865053e-06
7747,8413,10,6,1,2.479899922036566e-05
7748,1932,10,5,0,4.8719994083512574e-06
7749,131302,12,6,3,1.9931998394895345e-05
7750,82161,6,6,1,2.1929001377429813e-05
7751,81325,6,5,0,3.90399873140268e-06
7752,131324,6,6,1,2.167599814129062e-05
7753,107255,6,5,0,3.9240003388840705e-06
7754,26896,6,4,0,3.7230020097922534e-06
7755,11007,6,3,0,3.1570016290061176e-06
7756,123132,6,6,1,2.0108996977796778e-05
7757,111984,6,5,0,4.0240011003334075e-06
7758,36199,6,4,0,3.4999975468963385e-06
7759,63971,6,3,0,3.149998519802466e-06
7760,115440,6,2,0,2.8189970180392265e-06
7761,132982,6,1,0,2.6939997042063624e-06
7762,12547,6,6,2,1.671800055191852e-05
7763,20740,6,6,3,1.678400076343678e-05
7764,59889,9,5,0,9.863000741461292e-06
7765,82185,6,6,1,2.0585997845046222e-05
7766,82197,6,6,1,2.254799983347766e-05
7767,54172,6,5,0,3.878998541040346e-06
7768,80192,6,4,0,3.5180019040126354e-06
7769,116886,6,3,0,3.302997356513515e-06
7770,84188,6,2,0,2.9769980756100267e-06
7771,82198,6,6,1,2.173000029870309e-05
7772,96732,6,5,0,3.7099998735357076e-06
7773,126164,10,4,0,5.592999514192343e-06
7774,68834,6,3,0,3.0269984563346952e-06
7775,4376,9,6,1,2.400499943178147e-05
7776,106777,6,6,1,2.0814997697016224e-05
7777,2642,6,5,0,3.835997631540522e-06
7778,132970,6,4,0,3.2520001695957035e-06
7779,114970,7,6,2,2.22489979933016e-05
7780,72610,7,5,0,4.363999323686585e-06
7781,60690,11,4,0,6.143000064184889e-06
7782,28235,7,3,0,3.3329997677356005e-06
7783,6704,7,2,0,3.2520001695957035e-06
7784,20760,8,6,2,1.764999979059212e-05
7785,49033,6,5,3,1.7069000023184344e-05
7786,102686,8,6,2,1.852300192695111e-05
7787,8485,11,6,4,1.8039001588476822e-05
7788,43031,7,5,3,1.472200165153481e-05
7789,6529,19,5,1,2.3143002181313932e-05
7790,120884,12,5,2,1.588500163052231e-05
7791,112191,9,5,2,1.6026999219320714e-05
7792,131370,8,6,3,1.804999919841066e-05
7793,127276,6,6,1,2.2399002773454413e-05
7794,85848,6,5,0,3.917000867659226e-06
7795,57644,9,6,4,1.5519999578827992e-05
7796,20788,6,6,2,1.9788996723946184e-05
7797,127291,8,6,1,1.8613998690852895e-05
7798,42077,8,5,2,1.2278000212972984e-05
7799,69958,8,6,2,1.0540999937802553e-05
7800,333,10,6,3,2.235800275229849e-05
7801,41353,6,5,2,1.2140000762883574e-05
7802,4430,7,6,3,1.7752001440385357e-05
7803,12630,6,6,3,1.4376000763149932e-05
7804,106846,6,6,1,2.6002999220509082e-05
7805,101276,6,5,0,3.974000719608739e-06
7806,94562,6,6,1,1.9827999494737014e-05
7807,63176,7,5,0,4.258003173163161e-06
7808,90476,13,6,2,2.3149001208366826e-05
7809,119162,7,6,1,1.1629002983681858e-05
7810,106881,6,6,1,2.2764001187169924e-05
7811,20873,6,6,1,2.0439001673366874e-05
7812,41367,6,6,1,2.1218002075329423e-05
7813,123287,6,6,1,2.1813000785186887e-05
7814,76218,6,5,0,3.7420031731016934e-06
7815,66638,6,4,0,3.2959978852886707e-06
7816,9612,10,4,0,8.302002242999151e-06
7817,53661,7,6,1,2.012200275203213e-05
7818,37285,6,6,3,1.9000002794200554e-05
7819,41387,8,6,3,2.1007999748690054e-05
7820,98732,6,6,1,2.0453997422009706e-05
7821,80692,6,5,0,3.497003490338102e-06
7822,29997,6,4,0,3.66400126949884e-06
7823,37546,8,4,0,7.622998964507133e-06
7824,65978,6,6,1,1.9728999177459627e-05
7825,3432,6,5,0,3.6290002753958106e-06
7826,91617,6,4,0,3.331002517370507e-06
7827,99883,6,3,0,2.7899986889678985e-06
7828,64691,8,4,1,1.237199830939062e-05
7829,97586,7,5,0,2.9021997761446983e-05
7830,70075,6,6,1,2.2135998733574525e-05
7831,37315,8,6,1,2.249299723189324e-05
7832,32191,6,5,0,3.683999239001423e-06
7833,2738,6,4,0,3.0330011213663965e-06
7834,87692,6,3,0,2.9270013328641653e-06
7835,31361,6,2,0,2.7649984986055642e-06
7836,47447,7,1,0,2.868997398763895e-06
7837,85763,9,1,1,4.561999958241358e-06
7838,131525,6,6,1,2.105400199070573e-05
7839,115678,6,5,0,3.9049991755746305e-06
7840,64743,6,4,0,3.4179975045844913e-06
7841,97639,6,3,0,2.791999577311799e-06
7842,100626,6,2,0,2.8570029826369137e-06
7843,67864,6,1,0,2.824999683070928e-06
7844,46988,10,3,0,5.7729994296096265e-06
7845,37316,6,6,1,2.0875002519460395e-05
7846,115143,6,6,1,2.702499841689132e-05
7847,86506,6,6,1,2.2152999008540064e-05
7848,44080,6,5,0,3.668999852379784e-06
7849,102891,8,6,4,1.4327000826597214e-05
7850,95855,6,5,2,1.2053998943883926e-05
7851,45561,6,6,1,2.0735998987220228e-05
7852,83771,6,5,0,3.837998519884422e-06
7853,105085,6,4,0,3.4280019463039935e-06
7854,84056,9,4,0,7.68999962019734e-06
7855,2520,8,4,1,8.826002158457413e-06
7856,70144,6,6,1,1.981999957934022e-05
7857,27905,6,5,0,3.622000804170966e-06
7858,41475,7,6,2,2.0300998585298657e-05
7859,102928,6,6,1,2.105199746438302e-05
7860,115560,6,5,0,5.568999768001959e-06
7861,115217,6,6,1,1.9982999219791964e-05
7862,1240,6,5,0,3.5849989217240363e-06
7863,84319,6,4,0,3.21100014843978e-06
7864,107034,6,6,1,1.97040026250761e-05
7865,120559,6,5,0,3.9430015021935105e-06
7866,133277,6,4,0,3.2720017770770937e-06
7867,86746,7,4,1,6.210000719875097e-06
7868,8709,9,4,1,1.3778000720776618e-05
7869,86563,6,6,1,2.062000203295611e-05
7870,62200,6,5,0,3.6240016925148666e-06
7871,74279,6,6,1,4.760700176120736e-05
7872,53803,6,6,1,2.2775999241275713e-05
7873,6917,6,5,0,3.97700205212459e-06
7874,32416,8,5,0,7.375001587206498e-06
7875,1883,7,5,1,1.615799919818528e-05
7876,32302,9,5,0,1.0346997441956773e-05
7877,8751,10,6,2,2.3803000658517703e-05
7878,107057,6,6,1,2.214599953731522e-05
7879,572,6,6,1,2.185600169468671e-05
7880,27443,6,5,0,3.7200006772764027e-06
7881,94788,6,6,1,7.24220008123666e-05
7882,119373,6,6,1,2.3107997549232095e-05
7883,53838,7,6,2,2.216199936810881e-05
7884,78423,11,6,1,1.5184999938355759e-05
7885,39078,12,5,1,1.5199999324977398e-05
7886,116078,12,5,0,1.0640997061273083e-05
7887,17000,6,6,1,2.0297000446589664e-05
7888,85503,6,5,0,3.496999852359295e-06
7889,4882,6,4,0,3.2240022846963257e-06
7890,103018,10,6,0,1.3201999536249787e-05
7891,29294,6,6,1,2.146800034097396e-05
7892,62073,6,6,2,1.8180999177275226e-05
7893,45689,8,6,2,1.676399915595539e-05
7894,82555,10,6,2,2.0727999071823433e-05
7895,25212,6,6,1,2.0855000911979005e-05
7896,127613,6,6,1,2.1252999431453645e-05
7897,94847,12,6,1,1.9795999833149835e-05
7898,113901,6,5,1,1.39499970828183e-05
7899,131713,12,6,2,2.9928000003565103e-05
7900,91328,8,5,1,6.548001692863181e-06
7901,115331,6,6,1,2.113000300596468e-05
7902,107141,6,6,1,2.081500133499503e-05
7903,57991,6,6,1,2.0956002117600292e-05
7904,70282,6,6,2,1.8620001355884597e-05
7905,85851,7,5,0,4.206001904094592e-06
7906,119436,6,6,2,1.7114998627221212e-05
7907,29327,7,6,3,1.936799890245311e-05
7908,37523,9,6,4,1.718700150377117e-05
7909,56848,9,5,1,1.7827998817665502e-05
7910,33429,6,6,1,2.105199746438302e-05
7911,53916,6,6,1,2.156300251954235e-05
7912,37536,6,6,1,2.098500044667162e-05
7913,25258,6,6,1,2.2709999029757455e-05
7914,103750,6,5,0,3.851997462334111e-06
7915,19946,6,4,0,3.5630000638775527e-06
7916,127661,6,6,1,2.2406002244679257e-05
7917,4795,6,6,3,4.1403000068385154e-05
7918,123593,13,6,1,2.971099820570089e-05
7919,80198,6,5,0,4.003002686658874e-06
7920,17098,6,6,1,2.21800000872463e-05
7921,86758,9,6,2,1.8815997464116663e-05
7922,94958,6,6,2,1.9592000171542168e-05
7923,94962,7,6,1,2.070399932563305e-05
7924,5549,6,5,0,7.209000614238903e-06
7925,754,7,6,2,1.787899964256212e-05
7926,62198,9,6,2,1.9603001419454813e-05
7927,117493,7,5,3,1.3857999874744564e-05
7928,94967,6,6,1,2.054000287898816e-05
7929,70583,6,5,0,3.506997018121183e-06
7930,62201,6,6,1,1.8992999684996903e-05
7931,54752,6,5,0,3.477998689049855e-06
7932,79610,6,4,0,3.4770018828567117e-06
7933,73495,8,3,0,4.059002094436437e-06
7934,44622,23,3,0,1.2145999789936468e-05
7935,8955,6,6,1,2.1342999389162287e-05
7936,62202,6,6,1,2.006700015044771e-05
7937,38830,6,5,0,3.8059988582972437e-06
7938,23130,6,4,0,3.469001967459917e-06
7939,95536,6,3,0,3.197998012183234e-06
7940,8958,7,6,1,2.0667001081164926e-05
7941,115464,6,6,1,2.006099748541601e-05
7942,82708,6,6,1,2.1193998691160232e-05
7943,25373,6,6,1,2.1348001610022038e-05
7944,99105,6,6,1,2.0561001292662695e-05
7945,119594,6,6,1,2.0747000235132873e-05
7946,49963,6,6,1,1.9293001969344914e-05
7947,98088,6,5,0,3.6579986044671386e-06
7948,17944,6,4,0,3.2229982025455683e-06
7949,115502,6,6,1,2.1887997718295082e-05
7950,49974,6,6,1,1.979899752768688e-05
7951,107324,17,6,1,2.9324997740332037e-05
7952,41797,8,6,3,1.4770001143915579e-05
7953,108733,9,5,3,1.4159002603264526e-05
7954,64447,13,5,2,1.1071002518292516e-05
7955,70484,8,6,2,1.9933999283239245e-05
7956,58198,10,6,2,1.4220997400116175e-05
7957,84052,8,5,1,1.4932000340195373e-05
7958,58199,6,6,1,1.942200105986558e-05
7959,90981,11,6,0,1.6253998182946816e-05
7960,17263,7,6,3,1.6066998796304688e-05
7961,21369,6,6,1,2.079600017168559e-05
7962,890,6,6,1,2.0632000087061897e-05
7963,92832,6,5,0,3.64600055036135e-06
7964,91006,6,6,1,2.1252002625260502e-05
7965,125994,6,5,0,3.715998900588602e-06
7966,898,6,6,1,2.084099833155051e-05
7967,11417,6,5,0,3.793000360019505e-06
7968,2112,6,4,0,3.429999196669087e-06
7969,17295,6,3,0,2.9229995561763644e-06
7970,18686,6,2,0,2.730997948674485e-06
7971,19409,7,2,1,4.136996722081676e-06
7972,48350,12,1,1,5.546000465983525e-06
7973,41865,7,6,1,1.759999940986745e-05
7974,124315,8,5,0,4.070800059707835e-05
7975,32512,8,5,0,1.1725001968443394e-05
7976,17294,6,6,2,2.0337000023573637e-05
7977,66456,6,6,2,1.685399911366403e-05
7978,17305,9,6,2,1.6085999959614128e-05
7979,21405,6,6,1,2.0963001588825136e-05
7980,66461,7,6,1,1.485599932493642e-05
7981,54181,6,6,1,2.1108997316332534e-05
7982,120051,6,5,0,3.842000296572223e-06
7983,48203,6,4,0,3.4149998100474477e-06
7984,82870,6,6,1,2.0207000488881022e-05
7985,54198,7,6,2,1.7799997294787318e-05
7986,103365,6,6,1,2.166199919884093e-05
7987,2162,6,5,0,7.238999387482181e-06
7988,95180,6,6,1,2.047999805654399e-05
7989,25549,6,6,1,2.0587998733390123e-05
7990,6705,6,5,0,3.6230012483429164e-06
7991,46155,6,4,0,3.3340002119075507e-06
7992,111565,6,6,1,2.119300188496709e-05
7993,97018,6,5,0,3.6720011848956347e-06
7994,127969,7,6,1,2.084299921989441e-05
7995,60640,9,5,0,5.669997335644439e-06
7996,13709,7,4,0,3.7389982026070356e-06
7997,100452,9,3,0,4.9439986469224095e-06
7998,15029,9,2,0,3.7429999792948365e-06
7999,48358,7,1,0,5.142999725649133e-06
8000,73039,9,0,0,3.163000656059012e-06
8001,87036,9,6,0,1.3509998098015785e-05
8002,26994,11,5,0,1.4743000065209344e-05
8003,87038,6,6,2,1.8078000721288845e-05
8004,46088,6,6,2,1.9179002265445888e-05
8005,58390,6,6,1,2.1160998585401103e-05
8006,87076,11,6,1,2.332399890292436e-05
8007,103461,8,6,1,2.1628999093081802e-05
8008,66608,6,6,1,2.1233001461951062e-05
8009,29753,6,6,1,2.4722001398913562e-05
8010,32049,6,5,0,3.5860030038747936e-06
8011,9414,6,4,0,3.344001015648246e-06
8012,36758,6,3,0,2.9379989427980036e-06
8013,67551,6,2,0,2.688000677153468e-06
8014,33851,8,6,2,1.7570997442817315e-05
8015,126011,10,5,0,1.5355999494204298e-05
8016,78909,6,6,2,1.7951999325305223e-05
8017,119869,6,6,2,1.8890998035203665e-05
8018,1102,6,6,1,2.03869967663195e-05
8019,42065,8,6,1,2.0054001652169973e-05
8020,85750,8,5,0,4.161000106250867e-06
8021,13395,7,6,1,2.2831001842860132e-05
8022,39494,7,5,0,4.606998118106276e-06
8023,70743,12,6,2,2.3663000320084393e-05
8024,50264,12,6,1,1.2159001926193014e-05
8025,54365,6,6,1,2.2552998416358605e-05
8026,91232,7,6,1,2.2433003323385492e-05
8027,1121,6,6,1,2.2732001525582746e-05
8028,119907,6,6,1,2.038000093307346e-05
8029,5228,7,6,2,1.4892997569404542e-05
8030,107636,6,6,3,5.691700062016025e-05
8031,66683,6,6,1,2.2095002350397408e-05
8032,70784,6,6,1,1.9434999558143318e-05
8033,5273,6,6,1,2.0333001884864643e-05
8034,74905,7,6,2,2.1166000806260854e-05
8035,133260,8,5,2,1.695600076345727e-05
8036,54429,6,6,3,1.4347002434078604e-05
8037,25763,6,6,2,1.876500027719885e-05
8038,70829,6,6,1,1.9847000658046454e-05
8039,11191,7,5,0,4.195000656181946e-06
8040,124794,6,4,0,3.4850017982535064e-06
8041,112498,11,4,0,1.3733999367104843e-05
8042,99504,11,6,3,1.7115999071393162e-05
8043,87219,8,6,1,1.9079998310189694e-05
8044,25781,6,6,1,2.129700078512542e-05
8045,111802,10,6,1,2.394999683019705e-05
8046,62652,6,6,1,2.0142997527727857e-05
8047,54461,6,6,1,2.1620999177685007e-05
8048,107717,6,6,1,2.1200998162385076e-05
8049,70855,6,6,1,2.0537998352665454e-05
8050,103629,6,6,2,1.8008999177254736e-05
8051,7926,6,5,1,1.0561998351477087e-05
8052,42584,7,5,1,1.3728000340051949e-05
8053,102407,9,5,0,1.5687000995967537e-05
8054,59624,10,5,1,1.2610998965101317e-05
8055,62295,14,5,0,1.4199002180248499e-05
8056,33751,18,4,2,1.1959997209487483e-05
8057,9446,9,6,1,1.2976997822988778e-05
8058,99562,6,6,1,8.255200009443797e-05
8059,132347,7,6,2,8.900999091565609e-06
8060,75035,7,6,1,2.0122999558225274e-05
8061,124190,8,6,0,1.2650001735892147e-05
8062,21791,9,6,3,1.9131999579258263e-05
8063,116007,6,6,3,1.5834000805625692e-05
8064,75049,7,6,1,2.0647999917855486e-05
8065,75172,6,5,0,3.660003130789846e-06
8066,87512,6,4,0,3.278000804129988e-06
8067,111584,9,4,0,6.829999620094895e-06
8068,91456,6,6,2,1.7657999705988914e-05
8069,125942,7,5,0,7.4740019044838846e-06
8070,23832,7,5,1,1.4608998753828928e-05
8071,58707,6,6,1,2.1050000214017928e-05
8072,5462,9,6,1,1.9912000425392762e-05
8073,1368,6,6,1,2.2118998458608985e-05
8074,103768,6,6,1,2.0871000742772594e-05
8075,17764,7,6,1,1.8596998415887356e-05
8076,121696,6,5,1,4.8326997784897685e-05
8077,120166,7,6,1,2.2709002223564312e-05
8078,111993,9,6,2,2.3447002604370937e-05
8079,25985,6,6,2,1.8931001250166446e-05
8080,124294,6,6,1,2.136499824700877e-05
8081,38279,6,6,3,1.6426001820946112e-05
8082,58765,6,6,1,2.1096999262226745e-05
8083,21913,6,6,1,5.876399882254191e-05
8084,71074,8,6,1,2.4151999241439626e-05
8085,89630,10,5,1,7.394002750515938e-06
8086,71077,6,6,1,1.9617000361904502e-05
8087,114115,6,5,0,3.6380006349645555e-06
8088,87460,14,6,2,2.3999000404728577e-05
8089,1453,6,6,2,1.8014001398114488e-05
8090,1456,6,6,1,2.1431002096505836e-05
8091,9649,6,6,1,2.0247000065864995e-05
8092,126259,6,5,0,3.5199991543777287e-06
8093,34226,7,6,2,1.940500078490004e-05
8094,90063,8,5,2,1.1863001418532804e-05
8095,1461,6,6,3,1.927100311149843e-05
8096,34231,7,6,3,1.7430000298190862e-05
8097,68339,10,5,2,1.6177997167687863e-05
8098,20040,8,5,1,1.5361998521257192e-05
8099,87488,6,6,1,2.171300002373755e-05
8100,93872,6,5,0,3.540000761859119e-06
8101,9678,6,6,1,1.966600029845722e-05
8102,6845,6,5,0,3.838998964056373e-06
8103,125911,6,4,0,3.244000254198909e-06
8104,11519,10,4,0,1.6238001990132034e-05
8105,34107,7,3,1,1.0813997505465522e-05
8106,31259,7,5,1,1.664900264586322e-05
8107,6844,9,5,1,1.3984001270728186e-05
8108,75226,7,6,2,9.381001291330904e-06
8109,112091,6,6,2,1.7595000826986507e-05
8110,16336,6,5,1,1.2456999684218317e-05
8111,120292,6,6,1,2.100300116580911e-05
8112,103909,8,6,0,1.598800008650869e-05
8113,116230,9,6,1,2.2468997485702857e-05
8114,75282,6,6,2,1.880000127130188e-05
8115,79385,7,6,1,2.1605002984870225e-05
8116,79390,6,6,2,1.9825998606393114e-05
8117,63022,6,6,2,1.9914998119929805e-05
8118,112174,6,6,1,2.2030999389244244e-05
8119,91701,6,6,1,2.1207000827416778e-05
8120,67126,7,6,3,2.065700027742423e-05
8121,71223,8,6,2,1.8413000361761078e-05
8122,103995,6,6,1,4.853299833484925e-05
8123,26175,6,6,1,2.1373001800384372e-05
8124,22083,8,6,3,1.7490001482656226e-05
8125,17989,13,6,2,2.1425999875646085e-05
8126,71246,6,6,1,2.1584000933216885e-05
8127,93843,6,5,0,3.829998604487628e-06
8128,95828,7,6,1,2.284500078530982e-05
8129,116322,7,6,2,1.999700180022046e-05
8130,79466,6,6,1,2.1067000488983467e-05
8131,116331,6,6,1,1.9294999219710007e-05
8132,108143,7,6,1,1.6104000678751618e-05
8133,83570,13,6,1,2.7146998036187142e-05
8134,104409,6,5,0,3.878998541040346e-06
8135,38979,9,4,0,4.833997081732377e-06
8136,38980,6,3,0,3.3049982448574156e-06
8137,75380,8,6,1,1.7449001461500302e-05
8138,71297,6,6,1,2.101599966408685e-05
8139,112260,6,6,2,1.8833998183254153e-05
8140,42637,6,6,1,2.0180999854346737e-05
8141,95888,6,6,1,2.0977000531274825e-05
8142,14404,6,5,0,4.041001375298947e-06
8143,108189,6,6,1,1.994500053115189e-05
8144,104098,7,6,1,2.2762000298826024e-05
8145,112297,8,6,1,2.183499964303337e-05
8146,117451,9,5,1,7.047998224152252e-06
8147,64340,7,4,0,3.6570017982739955e-06
8148,34479,6,6,1,2.013600169448182e-05
8149,100029,8,6,0,1.1849999282276258e-05
8150,34494,13,6,2,2.3409000277752057e-05
8151,23798,10,5,0,5.445002898341045e-06
8152,18325,11,4,0,4.794001142727211e-06
8153,120527,6,6,2,2.199099981226027e-05
8154,112640,9,5,0,9.000999853014946e-06
8155,115902,8,5,0,1.107299976865761e-05
8156,56247,9,5,0,1.268900086870417e-05
8157,46800,6,6,1,2.0404997485456988e-05
8158,42716,7,6,1,1.7405000107828528e-05
8159,104164,6,6,1,1.9775001419475302e-05
8160,26347,9,6,3,1.8050002836389467e-05
8161,5871,6,6,2,1.949099896592088e-05
8162,26353,6,6,1,2.0909999875584617e-05
8163,85011,6,5,0,3.569002728909254e-06
8164,55043,6,6,1,2.025299909291789e-05
8165,9997,6,6,4,1.5645000530639663e-05
8166,30479,8,6,2,2.476800000295043e-05
8167,67344,9,6,2,1.3266999303596094e-05
8168,91923,10,6,2,2.2765998437535018e-05
8169,38675,8,6,1,2.0514002244453877e-05
8170,132889,6,6,1,2.2241001715883613e-05
8171,67359,7,6,1,5.109900303068571e-05
8172,120609,8,6,2,1.3838998711435124e-05
8173,101562,6,5,1,1.4936002116883174e-05
8174,112431,6,6,1,2.0906998543068767e-05
8175,76895,6,5,0,3.369998012203723e-06
8176,50992,6,6,1,2.1457999537233263e-05
8177,108342,7,6,6,1.768700167303905e-05
8178,38711,7,6,3,1.86930010386277e-05
8179,18247,8,6,3,2.3369000700768083e-05
8180,63310,6,6,1,2.0752002455992624e-05
8181,16195,6,5,0,3.7440004234667867e-06
8182,18399,7,5,1,8.931998308980837e-06
8183,23219,7,4,0,3.7140016502235085e-06
8184,65116,7,3,0,3.2700008887331933e-06
8185,5969,6,6,2,1.9882001652149484e-05
8186,18259,6,6,1,2.0662999304477125e-05
8187,100182,6,6,1,2.1979998564347625e-05
8188,108397,6,6,1,2.058800237136893e-05
8189,75633,13,6,1,2.2205000277608633e-05
8190,83833,6,6,1,2.1597999875666574e-05
8191,47506,6,5,0,3.7440004234667867e-06
8192,63356,6,6,2,2.0647999917855486e-05
8193,59277,6,6,1,1.910900027723983e-05
8194,79756,10,6,1,1.7310001567238942e-05
8195,128928,6,6,1,2.1788000594824553e-05
8196,3272,6,5,0,3.850997018162161e-06
8197,57192,6,4,0,3.3480027923360467e-06
8198,22440,7,6,1,1.637000241316855e-05
8199,1964,6,6,3,1.756199708324857e-05
8200,1984,8,6,4,1.7522001144243404e-05
8201,108486,6,6,1,1.9307000911794603e-05
8202,79818,7,6,2,2.0493000192800537e-05
8203,116683,9,6,2,2.138299896614626e-05
8204,83924,12,6,3,2.6419998903293163e-05
8205,75768,8,6,1,1.2275999324629083e-05
8206,47098,6,6,2,1.7916998331202194e-05
8207,124924,11,6,3,1.777299985405989e-05
8208,18444,6,6,1,2.0925999706378207e-05
8209,75789,6,6,1,2.103500082739629e-05
8210,30738,7,6,1,2.191899693571031e-05
8211,43032,6,6,1,2.028699964284897e-05
8212,71728,6,5,0,3.5989978641737252e-06
8213,92958,6,4,0,3.402001311769709e-06
8214,22560,7,6,2,1.1937998351641e-05
8215,6177,8,6,1,1.218299803440459e-05
8216,59433,6,6,1,2.0144998416071758e-05
8217,129065,7,6,1,1.941899972734973e-05
8218,71726,6,6,1,1.8708000425249338e-05
8219,30780,7,6,1,1.6251000488409773e-05
8220,34880,6,6,3,4.5446002332028e-05
8221,18500,9,6,3,2.4576002033427358e-05
8222,116806,6,6,1,2.138399941031821e-05
8223,35602,7,5,0,4.417001036927104e-06
8224,110484,6,4,0,3.2669995562173426e-06
8225,110486,6,3,0,2.9799994081258774e-06
8226,80383,9,3,0,7.634000212419778e-06
8227,84654,9,3,1,9.244999091606587e-06
8228,79943,6,6,1,2.2053998691262677e-05
8229,84037,15,6,0,1.9174000044586137e-05
8230,82156,14,5,2,1.7504000425105914e-05
8231,100424,9,6,1,2.180299998144619e-05
8232,11856,9,5,0,9.433999366592616e-06
8233,18507,6,6,1,2.1238000044832006e-05
8234,80190,6,5,0,4.241999704390764e-06
8235,84047,6,6,4,1.4097000530455261e-05
8236,47255,10,5,1,1.4496999938273802e-05
8237,125009,8,6,2,2.0070998289156705e-05
8238,79987,6,6,3,1.725100082694553e-05
8239,55412,6,6,2,1.7562000721227378e-05
8240,100479,6,6,1,2.0903997210552916e-05
8241,55424,7,6,3,1.8190003174822778e-05
8242,80002,6,6,1,2.4563996703363955e-05
8243,116869,6,6,2,2.0489998860284686e-05
8244,116876,6,6,1,1.9563998648663983e-05
8245,59535,6,6,1,2.1528001525439322e-05
8246,67728,9,6,1,2.2936001187190413e-05
8247,63646,8,6,1,1.6829999367473647e-05
8248,88224,9,6,1,2.2784999600844458e-05
8249,63671,7,6,1,2.136799957952462e-05
8250,26821,6,6,1,2.6757999876281247e-05
8251,104669,6,6,1,2.1194999135332182e-05
8252,116957,10,6,3,1.760400118655525e-05
8253,116959,6,6,1,2.205900091212243e-05
8254,55519,7,6,2,2.058700192719698e-05
8255,116971,6,6,1,2.0635001419577748e-05
8256,108785,6,6,1,2.244600182166323e-05
8257,112903,14,6,2,2.284199945279397e-05
8258,18699,8,6,2,1.3154000043869019e-05
8259,55565,8,6,2,1.990899909287691e-05
8260,6414,6,6,4,2.1207000827416778e-05
8261,92447,7,6,2,1.9216997316107154e-05
8262,6441,6,6,1,2.126400067936629e-05
8263,26931,12,6,3,2.0956998923793435e-05
8264,47522,13,5,0,1.537999924039468e-05
8265,67903,6,6,2,4.6918998123146594e-05
8266,59717,6,6,1,2.3095002688933164e-05
8267,84299,22,6,1,3.117099913652055e-05
8268,39244,6,6,1,2.2190000890986994e-05
8269,112973,6,6,1,2.211099854321219e-05
8270,67920,7,6,1,2.1929998183622956e-05
8271,15231,7,5,0,4.389999958220869e-06
8272,89462,6,4,0,3.5770026443060488e-06
8273,67927,6,6,1,5.516700184671208e-05
8274,92504,8,6,1,2.1365001884987578e-05
8275,51549,6,6,1,2.2421001631300896e-05
8276,51559,6,6,2,1.879599949461408e-05
8277,108918,6,6,1,1.9885999790858477e-05
8278,121210,6,6,1,2.1649000700563192e-05
8279,100733,6,6,3,1.590000101714395e-05
8280,55678,6,6,2,1.9546998373698443e-05
8281,14730,7,6,4,1.9768001948250458e-05
8282,63885,8,6,1,1.6726000467315316e-05
8283,18858,6,6,2,1.961599991773255e-05
8284,104880,6,6,1,2.1067000488983467e-05
8285,39346,6,6,1,2.0526000298559666e-05
8286,85995,6,5,0,3.974000719608739e-06
8287,68247,6,4,0,3.44999716617167e-06
8288,43457,11,6,0,1.8211998394690454e-05
8289,59864,6,6,1,2.035799843724817e-05
8290,10726,7,6,2,1.9323000742588192e-05
8291,18923,15,6,0,2.072500137728639e-05
8292,6637,11,6,0,1.944000177900307e-05
8293,56073,13,5,0,9.309998858952895e-06
8294,35317,13,6,2,2.1651001588907093e-05
8295,104953,7,6,4,1.7995000234805048e-05
8296,84488,11,6,1,1.924900061567314e-05
8297,39451,6,6,1,2.1135001588845626e-05
8298,2590,6,6,1,1.96109976968728e-05
8299,125471,11,6,1,2.2101001377450302e-05
8300,84522,6,6,1,2.2766998881706968e-05
8301,109103,7,6,1,7.890001143096015e-06
8302,47669,6,6,2,1.831500048865564e-05
8303,80440,6,6,1,1.9970000721514225e-05
8304,117307,6,6,1,2.046299778157845e-05
8305,14910,13,6,2,1.7815000319387764e-05
8306,113223,6,6,1,2.1895997633691877e-05
8307,105038,6,6,1,4.286699913791381e-05
8308,89604,6,5,0,6.9160014390945435e-06
8309,96865,7,6,3,2.03950003196951e-05
8310,47718,6,6,1,2.2108000848675147e-05
8311,88680,6,6,2,1.9585997506510466e-05
8312,109162,9,6,3,2.169299841625616e-05
8313,68451,6,5,2,1.3789998774882406e-05
8314,100974,6,6,1,2.0509000023594126e-05
8315,14958,7,6,1,2.0314000721555203e-05
8316,76406,7,6,1,2.4362001568078995e-05
8317,76408,6,6,2,1.8344002455705777e-05
8318,2693,9,6,1,2.25650001084432e-05
8319,10900,6,6,1,2.1045001631136984e-05
8320,96922,6,6,1,1.9920000340789557e-05
8321,56862,6,5,0,3.658999048639089e-06
8322,92826,10,6,1,2.126300023519434e-05
8323,68252,6,6,3,1.780800084816292e-05
8324,10915,6,6,1,1.9939001504098997e-05
8325,32753,6,5,0,3.848999767797068e-06
8326,43997,6,4,0,3.239998477511108e-06
8327,109159,15,5,0,1.5051999071147293e-05
8328,76451,10,6,0,1.5147001249715686e-05
8329,88744,9,6,1,1.111200253944844e-05
8330,55977,7,6,1,2.0598999981302768e-05
8331,27318,15,6,1,2.678400051081553e-05
8332,27349,6,6,1,2.1602998458547518e-05
8333,19173,7,6,2,1.8370999896433204e-05
8334,23283,6,6,3,1.6404999769292772e-05
8335,101108,6,6,1,2.1615000150632113e-05
8336,56058,6,6,3,2.354899697820656e-05
8337,23292,7,6,3,1.748000067891553e-05
8338,117523,20,6,2,2.7551999664865434e-05
8339,52768,11,5,1,2.1068000933155417e-05
8340,15124,6,6,1,2.172899985453114e-05
8341,118579,6,5,0,3.649998689070344e-06
8342,109333,6,6,1,2.0351999410195276e-05
8343,76571,8,6,2,2.0316001609899104e-05
8344,2844,6,6,3,2.0005998521810398e-05
8345,101173,6,6,1,2.0399998902576044e-05
8346,76598,6,6,1,2.2323998564388603e-05
8347,121655,6,6,1,2.119500277331099e-05
8348,68409,7,6,4,1.69039994943887e-05
8349,15440,8,5,0,1.1182000889675692e-05
8350,60219,10,6,2,2.338100239285268e-05
8351,6975,6,6,1,2.2307998733595014e-05
8352,31565,6,6,1,4.757300121127628e-05
8353,11085,6,6,1,2.1447998733492568e-05
8354,64335,11,6,3,2.142500306945294e-05
8355,27479,6,6,1,2.1430001652333885e-05
8356,39769,10,6,2,1.758500002324581e-05
8357,52068,8,6,1,2.300300184288062e-05
8358,68473,6,6,1,2.103600127156824e-05
8359,109439,10,6,1,2.444100027787499e-05
8360,56197,6,6,2,1.7361999198328704e-05
8361,101265,7,6,1,1.801799953682348e-05
8362,11159,7,6,1,1.2917000276502222e-05
8363,31644,8,6,2,2.0596002286765724e-05
8364,88994,6,6,3,1.6385998605983332e-05
8365,101287,6,6,1,2.1557003492489457e-05
8366,27587,8,5,0,5.265999789116904e-06
8367,101293,9,6,1,1.3105996913509443e-05
8368,39856,12,6,1,2.1411000489024445e-05
8369,123267,15,5,1,1.501500082667917e-05
8370,27573,8,6,3,1.879199771792628e-05
8371,11200,6,6,1,2.0587998733390123e-05
8372,97217,6,6,3,1.6255999071290717e-05
8373,93154,7,6,3,1.383500057272613e-05
8374,56292,9,6,0,1.27240018628072e-05
8375,3045,6,6,2,1.8372997146798298e-05
8376,93174,6,6,2,1.8230999557999894e-05
8377,15352,6,6,1,1.9864997739205137e-05
8378,113665,6,6,1,1.9881998014170676e-05
8379,113667,6,6,1,2.5127999833784997e-05
8380,60427,6,6,1,2.1490999642992392e-05
8381,19467,6,6,3,1.723300010780804e-05
8382,39955,6,6,4,1.9251998310210183e-05
8383,121897,6,6,3,1.716699989628978e-05
8384,117817,6,6,1,2.2060998162487522e-05
8385,3130,9,6,1,2.0930001483066007e-05
8386,48202,6,6,1,2.0999003027100116e-05
8387,40011,6,6,2,2.035899888142012e-05
8388,56413,6,6,1,1.9811999663943425e-05
8389,93283,6,6,2,1.8060000002151355e-05
8390,126055,8,6,1,1.6616999346297234e-05
8391,130153,6,6,1,2.0884999685222283e-05
8392,15467,9,6,3,1.6170000890269876e-05
8393,48243,10,6,2,9.398001566296443e-06
8394,76916,6,6,1,1.9257000531069934e-05
8395,85112,6,6,1,2.1798001398565248e-05
8396,23673,7,6,4,4.39609975728672e-05
8397,76930,6,6,1,2.3206997866509482e-05
8398,109701,6,6,1,2.1601001208182424e-05
8399,48277,6,6,2,1.9122002413496375e-05
8400,126108,6,6,1,2.228800076409243e-05
8401,44194,6,6,2,1.9536000763764605e-05
8402,27815,8,6,2,1.9137998606311157e-05
8403,3241,8,6,3,2.0608000340871513e-05
8404,28283,13,5,0,1.367499862681143e-05
8405,73754,7,4,1,6.647998816333711e-06
8406,62011,12,5,3,1.6371999663533643e-05
8407,57875,10,5,2,1.572399924043566e-05
8408,101973,10,5,2,1.3662000128533691e-05
8409,126945,8,4,1,1.2815999070880935e-05
8410,21005,11,5,3,1.3766999472863972e-05
8411,101560,6,6,1,2.0598999981302768e-05
8412,97470,6,6,1,2.0497001969488338e-05
8413,109780,6,6,1,2.0887000573566183e-05
8414,113879,8,6,1,1.553599940962158e-05
8415,122076,6,6,1,1.9954000890720636e-05
8416,36065,7,6,3,1.5721001545898616e-05
8417,117993,6,6,2,2.0076000510016456e-05
8418,113910,6,6,2,1.7763999494491145e-05
8419,98756,18,5,2,2.0971998310415074e-05
8420,27904,7,6,2,1.9844999769702554e-05
8421,32016,7,6,2,1.8644997908268124e-05
8422,52518,6,6,1,2.067500099656172e-05
8423,7477,6,6,1,2.63680012722034e-05
8424,126264,6,6,2,1.7796999600250274e-05
8425,122169,6,6,3,1.9756000256165862e-05
8426,48444,6,6,1,2.086200038320385e-05
8427,40275,6,6,1,2.049999966402538e-05
8428,126294,6,6,1,2.2311000066110864e-05
8429,56671,6,6,2,1.9453000277280807e-05
8430,89461,6,6,1,2.042699998128228e-05
8431,118148,6,6,2,1.5023000742075965e-05
8432,32156,22,6,0,2.214800042565912e-05
8433,3503,8,6,3,1.5911002265056595e-05
8434,122290,6,6,1,2.9603997973026708e-05
8435,122291,6,6,1,2.2035001165932044e-05
8436,101813,10,6,1,2.1780000679427758e-05
8437,85430,15,6,1,1.5718000213382766e-05
8438,101821,6,6,3,5.044399949838407e-05
8439,11719,8,6,2,2.325899913557805e-05
8440,77256,7,6,1,2.0043000404257327e-05
8441,7628,6,6,2,1.8540999008109793e-05
8442,114124,9,6,1,2.3565000446978956e-05
8443,44496,6,6,1,2.086200038320385e-05
8444,32232,7,6,4,1.888599945232272e-05
8445,114154,6,6,1,5.437899744720198e-05
8446,105970,6,6,2,2.341299841646105e-05
8447,65201,6,5,0,3.878001734847203e-06
8448,3579,10,6,3,2.0313000277383253e-05
8449,101892,6,6,1,2.0560997654683888e-05
8450,48645,7,6,2,1.4081000699661672e-05
8451,114190,7,6,2,1.768900256138295e-05
8452,7706,6,6,1,2.0835999748669565e-05
8453,101936,7,6,2,2.114200106007047e-05
8454,85563,6,6,1,2.1185998775763437e-05
8455,69184,10,6,1,1.1482999980216846e-05
8456,93763,6,6,1,2.1673000446753576e-05
8457,12186,6,5,0,3.851997462334111e-06
8458,77381,8,6,1,2.1482999727595598e-05
8459,126538,6,6,5,1.4089000615058467e-05
8460,32342,10,6,3,1.86950019269716e-05
8461,11870,7,6,2,2.1151001419639215e-05
8462,122470,10,6,2,2.3197997506940737e-05
8463,93806,6,6,1,2.566599869169295e-05
8464,69242,10,6,1,1.3892997230868787e-05
8465,81530,20,6,0,1.95480024558492e-05
8466,103021,7,5,2,1.2892000086139888e-05
8467,126587,16,6,2,1.7222999304067343e-05
8468,3710,6,6,1,2.05449978238903e-05
8469,3712,6,6,1,1.923300078487955e-05
8470,44679,6,6,1,2.159800351364538e-05
8471,56969,7,6,1,1.9130999135086313e-05
8472,3722,6,6,1,2.0364001102279872e-05
8473,65171,6,6,1,1.9515999156283215e-05
8474,122518,6,6,4,1.560099917696789e-05
8475,110259,11,6,1,2.4515000404790044e-05
8476,118452,10,6,0,1.3485998351825401e-05
8477,65213,6,6,2,1.619199974811636e-05
8478,3781,6,6,1,2.1514002582989633e-05
8479,118469,6,6,1,1.984200207516551e-05
8480,36570,8,6,0,1.4874996850267053e-05
8481,36571,6,6,1,2.3883003450464457e-05
8482,3812,6,6,1,2.2259002435021102e-05
8483,28389,7,6,1,8.558999979868531e-06
8484,69356,15,6,1,2.1999003365635872e-05
8485,89840,6,6,1,2.0543000573525205e-05
8486,3832,10,6,0,1.1437998182373121e-05
8487,44793,6,6,2,1.6288999177049845e-05
8488,44794,6,6,1,2.1342002582969144e-05
8489,69372,7,6,2,1.7895003111334518e-05
8490,24322,7,6,2,2.081500133499503e-05
8491,3849,10,6,3,1.3664001016877592e-05
8492,28431,6,6,1,2.0461000531213358e-05
8493,69399,6,6,2,1.73699991137255e-05
8494,89882,6,6,1,1.9049999536946416e-05
8495,69526,6,5,0,3.654997271951288e-06
8496,73795,11,5,0,1.4519999240292236e-05
8497,11753,14,4,0,1.0269999620504677e-05
8498,126746,6,6,3,1.645399970584549e-05
8499,12069,6,6,1,2.151999797206372e-05
8500,102191,11,6,3,2.0536997908493504e-05
8501,41946,10,5,2,1.5613000869052485e-05
8502,114482,7,6,2,1.5314999473048374e-05
8503,85822,7,6,1,1.4293000276666135e-05
8504,69446,13,6,3,2.3559001419926062e-05
8505,85834,7,6,2,1.9765000615734607e-05
8506,110412,6,6,1,2.0432999008335173e-05
8507,122710,7,6,2,9.207000402966514e-06
8508,106350,11,6,1,2.226799915661104e-05
8509,24593,11,5,0,8.43700036057271e-06
8510,98165,6,6,2,2.0917999790981412e-05
8511,28547,6,6,1,2.1619998733513057e-05
8512,36743,6,6,2,1.888199767563492e-05
8513,12172,12,6,0,1.367499862681143e-05
8514,61343,6,6,1,2.1339001250453293e-05
8515,57262,14,6,1,2.1413001377368346e-05
8516,57276,14,6,2,2.266899900860153e-05
8517,12225,6,6,1,2.053900243481621e-05
8518,122817,6,6,1,2.0798001060029492e-05
8519,110542,6,6,1,2.0163002773188055e-05
8520,53215,6,6,1,2.0698000298580155e-05
8521,4084,8,6,1,2.0894000044791028e-05
8522,131967,13,5,1,1.560700184199959e-05
8523,61472,9,6,2,1.799799792934209e-05
8524,77867,9,6,1,1.1888001608895138e-05
8525,86089,11,6,1,4.815400097868405e-05
8526,29536,16,5,0,1.1257001460762694e-05
8527,56967,7,5,2,1.730700023472309e-05
8528,110685,11,6,0,1.545100167277269e-05
8529,16527,9,6,0,1.6291000065393746e-05
8530,114854,10,6,0,1.4932000340195373e-05
8531,184,7,6,1,1.69019986060448e-05
8532,78028,7,6,2,1.4286997611634433e-05
8533,37093,8,6,1,2.292600038344972e-05
8534,106740,14,6,3,2.242299888166599e-05
8535,12544,8,6,2,2.1025000023655593e-05
8536,57647,8,6,0,1.5383000572910532e-05
8537,82238,9,6,3,1.7274000128963962e-05
8538,16879,11,6,1,2.1907999325776473e-05
8539,66100,7,6,1,2.2693999198963866e-05
8540,78479,7,6,1,8.27999974717386e-06
8541,94926,12,6,0,1.2157997844042256e-05
8542,58132,18,6,0,1.721700027701445e-05
8543,78695,9,6,0,1.881800199043937e-05
8544,58385,7,6,1,2.1970001398585737e-05
8545,70823,13,6,3,1.820399847929366e-05
8546,29934,10,6,4,1.9155999325448647e-05
8547,9564,8,6,1,6.676000339211896e-06
8548,91616,7,6,1,1.978900036192499e-05
8549,5732,19,6,1,2.3634001991013065e-05
8550,100150,11,6,1,1.9908002286683768e-05
8551,38881,10,6,4,2.006299837375991e-05
8552,14309,9,6,1,2.3257001885212958e-05
8553,83948,9,6,0,1.3911001587985083e-05
8554,133101,8,6,1,1.855700247688219e-05
8555,120859,9,6,3,1.9221002730773762e-05
8556,14429,7,6,1,1.3636999938171357e-05
8557,112734,9,6,3,2.0354000298539177e-05
8558,59578,10,6,1,9.803003194974735e-06
8559,105225,12,6,0,1.3321998267201707e-05
8560,105359,10,6,1,9.618997864890844e-06
8561,76784,27,6,5,3.0898998375050724e-05
8562,48312,7,6,1,1.3182001566747203e-05
8563,122288,8,6,2,1.94569984159898e-05
8564,52705,9,6,0,1.832999987527728e-05
8565,6870,14,6,1,2.6620000426191837e-05
8566,118403,9,6,1,1.4850000297883525e-05
8567,126983,7,7,1,2.8338999982224777e-05
8568,32777,7,7,1,5.705200237571262e-05
8569,86037,7,7,1,2.9909999284427613e-05
8570,26,10,7,5,2.480200055288151e-05
8571,77854,10,7,1,2.809899888234213e-05
8572,9676,7,6,1,2.0110001059947535e-05
8573,65571,7,7,1,2.9210001230239868e-05
8574,122929,7,7,1,2.7344001864548773e-05
8575,117780,7,6,0,5.137000698596239e-06
8576,62698,8,6,1,1.5112000255612656e-05
8577,4159,7,7,2,2.3993998183868825e-05
8578,94274,7,7,3,2.2795000404585153e-05
8579,16463,9,7,1,2.592499731690623e-05
8580,86117,7,7,1,2.593300087028183e-05
8581,85570,7,6,0,4.540997906588018e-06
8582,42169,8,5,0,4.416000592755154e-06
8583,59562,10,6,2,2.0927000150550157e-05
8584,102,7,7,2,2.2386000637197867e-05
8585,94313,10,7,1,2.4132998078130186e-05
8586,86146,8,7,2,2.327800029888749e-05
8587,28807,7,7,4,2.0538998796837404e-05
8588,98441,7,7,1,2.5212000764440745e-05
8589,9565,7,6,0,4.852001438848674e-06
8590,22586,9,5,0,5.021000106353313e-06
8591,102550,9,7,3,2.1222000214038417e-05
8592,90269,7,7,1,2.5893998099491e-05
8593,6619,7,6,0,4.816000000573695e-06
8594,101271,7,5,0,3.896999260177836e-06
8595,75546,13,6,0,2.6701000024331734e-05
8596,34218,17,6,1,2.1370997274061665e-05
8597,83393,17,6,2,1.6893998690648004e-05
8598,130507,14,6,3,2.2203999833436683e-05
8599,110755,9,7,1,2.4536999262636527e-05
8600,57511,13,7,1,3.090799873461947e-05
8601,93649,8,6,0,5.332996806828305e-06
8602,12466,7,5,0,4.083001840626821e-06
8603,29559,8,4,0,4.239002009853721e-06
8604,91253,7,3,0,3.3810028980951756e-06
8605,124249,7,2,0,3.224999090889469e-06
8606,88715,10,2,0,6.824000593042001e-06
8607,57514,7,7,3,2.2252002963796258e-05
8608,94392,7,7,1,2.6095000066561624e-05
8609,99472,11,6,0,7.040998752927408e-06
8610,83654,7,5,0,4.077002813573927e-06
8611,32100,7,4,0,3.616001777118072e-06
8612,85091,7,3,0,3.245000698370859e-06
8613,106205,11,4,0,1.3734999811276793e-05
8614,106688,7,7,1,2.695500006666407e-05
8615,58920,7,6,0,4.322999302530661e-06
8616,61632,9,7,2,2.781999864964746e-05
8617,94404,7,7,1,5.6936998589662835e-05
8618,45268,10,7,1,3.190200004610233e-05
8619,57559,22,7,3,3.112900230917148e-05
8620,30400,20,6,1,2.2172000171849504e-05
8621,108445,11,6,2,1.9021001207875088e-05
8622,9522,9,6,2,1.6574002074776217e-05
8623,61663,8,7,2,6.297299842117354e-05
8624,28907,12,7,1,2.6327001251047477e-05
8625,42766,11,6,1,2.4977998691610992e-05
8626,39443,8,6,0,9.998999303206801e-06
8627,73449,10,5,1,1.0616000508889556e-05
8628,82158,7,7,1,2.652100010891445e-05
8629,109217,7,6,0,4.846999217988923e-06
8630,54455,7,5,0,3.966000804211944e-06
8631,84025,7,4,0,3.4330005291849375e-06
8632,109371,7,3,0,3.4199983929283917e-06
8633,3584,9,3,0,7.555998308816925e-06
8634,130921,10,2,0,7.87799945101142e-06
8635,73966,9,7,1,2.4995999410748482e-05
8636,69887,8,7,1,1.2552998668979853e-05
8637,82176,7,7,1,2.9344999347813427e-05
8638,119041,12,7,3,1.9610000890679657e-05
8639,43098,14,6,1,2.2258001990849152e-05
8640,123148,9,7,1,3.144599759252742e-05
8641,70762,7,6,0,4.614001227309927e-06
8642,68735,12,6,0,9.684001270215958e-06
8643,16056,9,5,1,1.8216000171378255e-05
8644,25483,14,5,0,1.4158998965285718e-05
8645,342,12,6,1,2.138299896614626e-05
8646,10379,8,6,2,1.667899778112769e-05
8647,131342,7,7,4,1.866400270955637e-05
8648,49422,7,7,1,2.8467999072745442e-05
8649,123152,7,7,2,2.388700158917345e-05
8650,283,8,7,2,2.7529000362847e-05
8651,82207,7,7,2,2.4637000024085864e-05
8652,16681,10,7,3,2.8965001547476277e-05
8653,131376,7,7,1,2.8771999495802447e-05
8654,131398,7,7,1,2.837699867086485e-05
8655,80742,7,6,0,4.8670008254703134e-06
8656,119110,9,7,1,2.9169998015277088e-05
8657,109771,7,6,0,2.8884998755529523e-05
8658,69961,7,7,1,2.8888000088045374e-05
8659,29192,8,6,0,5.189998773857951e-06
8660,82927,7,5,0,3.985001967521384e-06
8661,62562,7,4,0,3.727000148501247e-06
8662,55413,7,3,0,3.359000402269885e-06
8663,64294,7,2,0,2.968001354020089e-06
8664,12623,7,7,1,2.8201000532135367e-05
8665,85080,7,6,0,4.736000846605748e-06
8666,7265,7,5,0,3.9000005926936865e-06
8667,57681,10,7,2,2.9101000109221786e-05
8668,4697,8,6,0,2.011700053117238e-05
8669,24916,8,7,4,2.306500027771108e-05
8670,53606,12,7,4,2.2370000806404278e-05
8671,119146,7,7,1,2.5138997443718836e-05
8672,64667,7,6,0,4.612000338966027e-06
8673,102766,7,7,1,2.773400046862662e-05
8674,123247,7,7,3,2.2666001314064488e-05
8675,61811,8,7,2,2.547899930505082e-05
8676,33141,8,7,2,2.170100196963176e-05
8677,37246,9,7,1,3.092199767706916e-05
8678,45439,7,7,1,2.7603000489762053e-05
8679,68855,7,6,0,9.175000741379336e-06
8680,17515,7,5,0,4.248999175615609e-06
8681,119790,9,6,2,7.9849996836856e-06
8682,119181,7,7,1,3.09329989249818e-05
8683,30168,7,6,0,5.350997525965795e-06
8684,129360,7,5,0,4.23500023316592e-06
8685,37290,7,7,1,3.094400017289445e-05
8686,12732,7,7,3,2.4979999579954892e-05
8687,65984,7,7,1,3.299899981357157e-05
8688,61896,7,7,1,2.6321002223994583e-05
8689,104043,7,6,0,6.761001714039594e-06
8690,76625,7,5,0,3.851000656140968e-06
8691,115144,7,7,1,2.8179998480482027e-05
8692,89014,7,6,0,4.912999429507181e-06
8693,74191,12,7,1,2.4741999368416145e-05
8694,98772,7,7,1,2.6704001356847584e-05
8695,118480,7,6,0,4.466997779672965e-06
8696,72556,7,5,0,3.915996785508469e-06
8697,28429,11,4,0,5.892998160561547e-06
8698,31261,10,5,1,1.295000038226135e-05
8699,98777,7,7,1,2.7403002604842186e-05
8700,41677,7,6,0,5.0389971875119954e-06
8701,60696,7,5,0,3.945999196730554e-06
8702,118328,9,5,0,1.4549998013535514e-05
8703,49638,8,7,4,2.402800237177871e-05
8704,66023,7,7,1,2.6656001864466816e-05
8705,104491,7,6,0,4.506000550463796e-06
8706,118379,7,5,0,3.7280005926731974e-06
8707,53214,7,4,0,3.5900011425837874e-06
8708,22807,7,3,0,3.135999577352777e-06
8709,6909,7,2,0,3.083998308284208e-06
8710,90604,8,7,5,1.8065002223011106e-05
8711,66040,7,7,1,5.763200169894844e-05
8712,119669,7,6,0,5.560999852605164e-06
8713,131589,7,7,1,2.737199974944815e-05
8714,50289,7,6,0,4.62999742012471e-06
8715,63626,7,5,0,4.026998794870451e-06
8716,114125,7,4,0,3.550998371792957e-06
8717,60808,11,3,0,5.804999091196805e-06
8718,38284,12,5,1,1.5781999536557123e-05
8719,518,7,7,1,2.7539001166587695e-05
8720,115213,9,7,1,2.594699981273152e-05
8721,130784,7,6,1,1.752899697748944e-05
8722,45584,7,7,3,2.1097002900205553e-05
8723,49686,7,7,1,8.258199886768125e-05
8724,5868,7,6,0,4.893001460004598e-06
8725,47723,7,5,0,4.1239982238039374e-06
8726,66075,7,7,2,2.2943000658415258e-05
8727,12833,7,7,1,2.9068000003462657e-05
8728,107042,12,7,1,3.0368999432539567e-05
8729,108419,7,6,0,5.056001100456342e-06
8730,117814,7,5,0,4.019999323645607e-06
8731,126848,7,4,0,3.592002030927688e-06
8732,14504,7,3,0,3.454999387031421e-06
8733,46457,8,3,1,5.560999852605164e-06
8734,12838,7,7,1,2.726299862843007e-05
8735,121003,7,6,0,5.007001163903624e-06
8736,107257,9,5,0,5.125002644490451e-06
8737,51257,8,5,1,1.0075000318465754e-05
8738,49702,7,7,1,2.6071997126564384e-05
8739,27444,7,6,0,4.421999619808048e-06
8740,57915,9,7,3,2.00809990928974e-05
8741,8800,11,7,1,2.2649001039098948e-05
8742,109618,15,6,0,2.638099977048114e-05
8743,111884,14,5,0,6.013000529492274e-06
8744,13393,35,6,1,2.523600051063113e-05
8745,57953,9,7,1,2.9102000553393736e-05
8746,30927,9,6,0,5.849997251061723e-06
8747,12204,7,5,0,4.063000233145431e-06
8748,17001,7,7,1,2.633199983392842e-05
8749,113008,7,6,0,4.413999704411253e-06
8750,10399,7,5,0,3.6389974411576986e-06
8751,45678,7,7,1,2.729999687289819e-05
8752,88932,7,6,0,7.946000550873578e-06
8753,101390,7,5,0,3.950000973418355e-06
8754,8817,7,7,1,2.7055000828113407e-05
8755,94838,8,7,1,1.7747999663697556e-05
8756,103032,7,7,1,2.7639998734230176e-05
8757,94842,7,7,1,2.839900116669014e-05
8758,98956,7,7,2,2.3579999833600596e-05
8759,70284,7,7,1,5.609099753201008e-05
8760,25231,7,7,1,2.8140999347670004e-05
8761,79649,7,6,0,4.647998139262199e-06
8762,70290,8,7,3,2.5624998670537025e-05
8763,115351,7,7,2,2.469999890308827e-05
8764,107159,8,7,3,2.1534000552492216e-05
8765,107163,7,7,1,2.836199928424321e-05
8766,62119,9,7,2,2.6234996767016128e-05
8767,2789,16,6,1,2.00120011868421e-05
8768,52219,9,5,0,5.193000106373802e-06
8769,50319,11,5,1,1.3026001397520304e-05
8770,120522,15,6,2,2.3606997274328023e-05
8771,29355,9,7,1,2.9758000891888514e-05
8772,70335,15,7,0,1.5322002582252026e-05
8773,41666,7,7,1,2.8734000807162374e-05
8774,90831,7,7,1,2.917500023613684e-05
8775,6332,7,6,0,4.818997695110738e-06
8776,45786,12,7,0,1.702399822534062e-05
8777,13025,7,7,1,2.752799991867505e-05
8778,83700,9,6,0,6.304999260464683e-06
8779,2381,18,6,0,1.8984999769600108e-05
8780,88950,9,6,1,1.0026000381913036e-05
8781,123618,8,7,4,1.655899905017577e-05
8782,126712,9,6,1,1.3174001651350409e-05
8783,78563,7,7,2,2.5969999114749953e-05
8784,107246,10,7,2,1.8579998140921816e-05
8785,8980,7,7,1,2.839299850165844e-05
8786,20417,7,6,0,5.000001692678779e-06
8787,90908,8,7,1,2.1924999600742012e-05
8788,58145,7,7,1,2.8172999009257182e-05
8789,58160,7,7,1,2.594699981273152e-05
8790,116049,7,6,0,4.5240012696012855e-06
8791,132631,7,5,0,3.8670004869345576e-06
8792,38557,7,4,0,3.458997525740415e-06
8793,80375,7,3,0,3.007000486832112e-06
8794,26900,7,2,0,3.277997166151181e-06
8795,49976,7,7,1,2.7311001758789644e-05
8796,85844,7,6,0,4.673001967603341e-06
8797,86840,7,7,1,2.8024998755427077e-05
8798,82754,7,6,0,4.929999704472721e-06
8799,86843,7,7,1,2.7869999030372128e-05
8800,14233,7,6,0,4.894998710369691e-06
8801,126053,7,5,0,4.139001248404384e-06
8802,82758,8,7,2,2.6546000299276784e-05
8803,29511,7,7,1,2.6663998141884804e-05
8804,1341,12,6,0,8.237999281845987e-06
8805,14715,10,6,0,9.381998097524047e-06
8806,115553,7,7,1,5.6297001719940454e-05
8807,130604,7,6,0,5.145000613993034e-06
8808,17277,10,7,1,2.1962998289382085e-05
8809,95104,25,7,1,4.1074999899137765e-05
8810,99462,11,6,2,2.035899888142012e-05
8811,31133,9,6,0,1.6583002434344962e-05
8812,49626,15,6,1,2.202500036219135e-05
8813,89857,12,6,0,4.950500078848563e-05
8814,118510,18,6,1,2.1669002308044583e-05
8815,58246,7,7,1,2.9273000109242275e-05
8816,904,10,7,3,2.7605001378105953e-05
8817,86923,9,7,3,2.263200076413341e-05
8818,29621,7,7,1,2.7602000045590103e-05
8819,29949,7,6,0,4.661000275518745e-06
8820,42304,8,5,0,4.53000029665418e-06
8821,15385,8,4,0,4.058001650264487e-06
8822,84325,7,3,0,3.240998921683058e-06
8823,25528,8,7,1,3.084900163230486e-05
8824,11476,9,6,0,5.820998921990395e-06
8825,78780,7,7,1,2.6600002456689253e-05
8826,66734,7,6,0,4.618999810190871e-06
8827,9979,7,5,0,3.769000613829121e-06
8828,34954,10,5,0,9.977997251553461e-06
8829,29644,7,7,1,2.6653000531950966e-05
8830,83091,7,6,0,4.565001290757209e-06
8831,119762,7,7,3,2.1792999177705497e-05
8832,37842,10,7,3,2.5581000954844058e-05
8833,115670,9,7,1,2.6310000976081938e-05
8834,82905,7,7,1,2.68320000031963e-05
8835,98780,9,6,0,5.738002073485404e-06
8836,79045,11,6,1,1.4080000255489722e-05
8837,87010,7,7,1,2.8538997867144644e-05
8838,66538,7,7,3,2.2717002138961107e-05
8839,50477,7,6,1,1.0096999176312238e-05
8840,119792,8,7,1,1.75300010596402e-05
8841,80361,8,6,2,2.0174997189315036e-05
8842,119797,7,7,1,2.7452002541394904e-05
8843,115707,11,7,1,2.8139998903498054e-05
8844,58366,7,7,1,2.7066002076026052e-05
8845,70666,7,7,1,2.7719997888198122e-05
8846,3776,7,6,0,4.8009969759732485e-06
8847,66637,7,5,0,4.170000465819612e-06
8848,54973,7,4,0,3.920002200175077e-06
8849,128013,7,7,1,5.890499960514717e-05
8850,42004,8,7,2,2.3828000848880038e-05
8851,107540,8,7,1,1.3450000551529229e-05
8852,62486,7,7,1,2.6095000066561624e-05
8853,88176,7,6,0,4.526998964138329e-06
8854,35318,7,5,0,4.318000719649717e-06
8855,64780,7,4,0,3.668999852379784e-06
8856,86021,11,4,1,1.3825003406964242e-05
8857,61795,11,3,0,4.543999239103869e-06
8858,46363,8,2,0,3.5609991755336523e-06
8859,95257,7,7,1,2.813299943227321e-05
8860,89645,7,6,0,5.142999725649133e-06
8861,25626,7,7,1,2.7086000045528635e-05
8862,103453,8,7,6,2.1810999896842986e-05
8863,115742,7,7,1,2.7495996619109064e-05
8864,29738,7,7,1,2.6005000108852983e-05
8865,32664,7,6,0,4.498000635067001e-06
8866,64191,7,5,0,3.7230020097922534e-06
8867,35656,7,4,0,3.5039993235841393e-06
8868,44245,7,3,0,3.09200186165981e-06
8869,52598,8,2,0,3.635999746620655e-06
8870,29740,7,7,1,2.839800072251819e-05
8871,119873,7,7,1,3.0507002520607784e-05
8872,83020,7,7,3,2.0550996850943193e-05
8873,25696,10,7,2,2.8477999876486138e-05
8874,62560,8,7,1,3.5606000892585143e-05
8875,129046,9,6,0,0.00012939299995196052
8876,50295,7,7,2,9.486499766353518e-05
8877,9335,7,7,1,2.960900019388646e-05
8878,80374,7,6,0,5.41800181963481e-06
8879,11275,7,5,0,4.143999831285328e-06
8880,11553,7,4,0,9.225001122104004e-06
8881,60820,7,3,0,3.3320029615424573e-06
8882,114473,7,2,0,3.1950003176461905e-06
8883,26205,7,1,0,2.878001396311447e-06
8884,82843,14,4,0,8.099999831756577e-06
8885,21628,7,7,1,2.6739002350950614e-05
8886,39144,7,6,0,4.9439986469224095e-06
8887,119960,7,7,1,2.7864000003319234e-05
8888,58532,19,7,1,2.9448001441778615e-05
8889,21937,8,6,2,1.4794000890105963e-05
8890,5286,7,7,2,2.277100065839477e-05
8891,132284,7,7,1,5.9074001910630614e-05
8892,42172,7,7,1,2.8039001335855573e-05
8893,33985,7,7,1,2.6880999939749017e-05
8894,108170,11,6,0,7.656002708245069e-06
8895,42204,7,7,1,2.8765000024577603e-05
8896,79077,8,7,3,2.2170999727677554e-05
8897,62708,7,7,1,2.9666996852029115e-05
8898,107766,8,7,1,2.461500116623938e-05
8899,87295,7,7,1,2.6893998438026756e-05
8900,120558,7,6,0,4.818000888917595e-06
8901,21768,8,7,1,2.1829000615980476e-05
8902,23119,7,6,3,1.2466000043787062e-05
8903,92933,10,6,0,1.8736998754320666e-05
8904,13577,7,7,2,2.2649001039098948e-05
8905,132364,11,7,0,2.1856998500879854e-05
8906,95535,7,7,1,2.6508998416829854e-05
8907,116018,7,7,1,2.958999903057702e-05
8908,128941,7,6,0,4.929999704472721e-06
8909,51964,7,5,0,4.1000021155923605e-06
8910,75059,8,7,1,2.9196999093983322e-05
8911,76893,7,6,0,4.8439978854730725e-06
8912,79157,7,7,1,2.8365000616759062e-05
8913,111931,14,7,1,2.2102998627815396e-05
8914,50505,15,7,3,2.480400144122541e-05
8915,34124,8,7,4,2.5819001166382805e-05
8916,42332,7,7,1,2.6790999982040375e-05
8917,26873,7,6,0,5.0720009312499315e-06
8918,27494,7,5,0,4.2530009523034096e-06
8919,95588,7,7,1,2.724699879763648e-05
8920,39447,7,6,0,4.665998858399689e-06
8921,5480,7,7,1,2.8083002689527348e-05
8922,60691,7,6,0,4.875000740867108e-06
8923,120188,7,7,1,2.9344999347813427e-05
8924,38285,7,7,1,2.617700010887347e-05
8925,129362,7,6,0,4.364999767858535e-06
8926,128403,7,7,1,2.8469999961089343e-05
8927,42401,11,7,1,2.5486999220447615e-05
8928,21928,11,7,2,2.6374997105449438e-05
8929,79278,7,7,1,2.8508999093901366e-05
8930,38321,9,7,1,3.0489998607663438e-05
8931,13748,10,7,1,5.324900121195242e-05
8932,101932,9,6,1,1.1279000318609178e-05
8933,132535,13,7,0,2.1151001419639215e-05
8934,71128,7,7,1,2.696799856494181e-05
8935,116194,7,7,1,2.685100116650574e-05
8936,91619,7,7,1,3.106599979219027e-05
8937,34457,7,6,0,5.121997673995793e-06
8938,1516,11,7,1,1.5064000763231888e-05
8939,128493,7,7,1,2.4920002033468336e-05
8940,38384,8,7,2,2.1174997527850792e-05
8941,75965,14,6,1,2.0895000488962978e-05
8942,130928,7,6,2,1.0948999261017889e-05
8943,83445,7,7,2,2.1624000510200858e-05
8944,124407,7,7,1,2.9965001886012033e-05
8945,18139,7,6,0,4.6579989430028945e-06
8946,132599,10,7,2,2.6290003006579354e-05
8947,71164,7,7,1,2.8597001801244915e-05
8948,68725,7,6,0,4.8959991545416415e-06
8949,58877,8,7,1,2.183600008720532e-05
8950,132619,7,7,2,2.2823001927463338e-05
8951,42512,9,7,3,2.2240998077904806e-05
8952,22035,8,7,3,2.7332000172464177e-05
8953,1558,7,7,2,2.6130001060664654e-05
8954,17977,8,7,2,1.865800004452467e-05
8955,26173,7,7,1,3.609200211940333e-05
8956,34391,7,7,2,2.2943000658415258e-05
8957,22110,9,7,3,2.480600232956931e-05
8958,46690,8,7,1,2.400499943178147e-05
8959,116328,10,7,3,2.4705001123948023e-05
8960,124599,9,6,1,1.8860999261960387e-05
8961,126758,7,6,2,1.0779996955534443e-05
8962,108139,16,7,1,3.382499926374294e-05
8963,44033,12,6,3,1.8340000679017976e-05
8964,86781,18,6,1,2.9308001103345305e-05
8965,79478,7,7,1,2.8260998078621924e-05
8966,26236,18,7,0,2.0735998987220228e-05
8967,112256,11,7,4,2.4230997951235622e-05
8968,71302,7,7,1,5.735200102208182e-05
8969,51980,7,6,0,5.362002411857247e-06
8970,46743,7,7,2,2.4517001293133944e-05
8971,75419,7,7,1,2.9532999178627506e-05
8972,72636,9,6,0,6.845999450888485e-06
8973,79515,9,7,1,2.6003999664681032e-05
8974,44659,13,6,0,1.7661997844697908e-05
8975,18082,7,7,1,6.817200119257905e-05
8976,124618,14,7,1,2.926500019384548e-05
8977,59094,8,7,1,2.3609998606843874e-05
8978,30422,8,7,1,1.154400160885416e-05
8979,55011,7,7,1,2.7940001018578187e-05
8980,39790,7,6,0,5.136000254424289e-06
8981,52371,7,5,0,4.047000402351841e-06
8982,112371,7,7,4,2.338100239285268e-05
8983,55040,8,7,1,2.794399915728718e-05
8984,67337,7,7,1,2.709700129344128e-05
8985,124683,7,7,1,2.826999843819067e-05
8986,64367,7,6,0,5.303998477756977e-06
8987,125735,7,5,0,4.615998477675021e-06
8988,71438,38,7,1,4.476299727684818e-05
8989,22300,7,7,1,2.6997000531991944e-05
8990,68020,7,6,0,4.76999775855802e-06
8991,68452,7,5,0,3.998997271992266e-06
8992,112418,9,7,4,2.4028999177971855e-05
8993,42791,15,7,1,2.508500256226398e-05
8994,120624,7,7,2,2.539100023568608e-05
8995,46902,23,7,4,2.9913000616943464e-05
8996,132925,11,7,1,3.066399949602783e-05
8997,2121,11,6,0,5.901998520130292e-06
8998,30547,7,7,1,2.787300036288798e-05
8999,59223,8,7,1,2.7609999960986897e-05
9000,5982,7,7,1,2.727000173763372e-05
9001,40741,7,6,0,4.654997610487044e-06
9002,116583,7,7,2,2.6124998839804903e-05
9003,1903,14,7,0,3.235300027881749e-05
9004,132976,7,7,1,5.519099795492366e-05
9005,6004,7,7,1,2.6167999749304727e-05
9006,124790,7,7,1,2.7427999157225713e-05
9007,10110,20,7,2,2.5751000066520646e-05
9008,14210,7,7,2,2.5412999093532562e-05
9009,6021,9,7,3,1.9795999833149835e-05
9010,14215,7,7,1,2.8787999326596037e-05
9011,87944,13,7,0,2.3526001314166933e-05
9012,124824,7,7,1,2.879800013033673e-05
9013,67482,10,7,0,1.3443001080304384e-05
9014,108446,7,7,1,2.973200025735423e-05
9015,63399,7,7,1,2.6526999135967344e-05
9016,128935,7,7,1,2.728500112425536e-05
9017,63401,7,7,1,2.7672998839989305e-05
9018,18344,13,7,0,1.806399814086035e-05
9019,34745,13,7,3,3.08620001305826e-05
9020,34749,8,7,3,0.00012185199739178643
9021,67552,7,7,1,3.458699939073995e-05
9022,56399,7,6,0,5.009002052247524e-06
9023,101954,7,5,0,3.916997229680419e-06
9024,2033,7,7,1,2.610700175864622e-05
9025,77048,12,6,0,8.162001904565841e-06
9026,44951,7,5,0,3.778000973397866e-06
9027,91186,12,4,0,5.308997060637921e-06
9028,23477,7,3,0,3.2480020308867097e-06
9029,99561,14,4,0,5.943002179265022e-06
9030,116069,15,3,0,5.566998879658058e-06
9031,2311,30,6,1,3.188400296494365e-05
9032,26624,21,7,4,2.9848000849597156e-05
9033,116754,10,7,3,2.147000122931786e-05
9034,83993,7,7,1,2.9392998840194196e-05
9035,96778,8,6,0,5.901998520130292e-06
9036,59444,8,7,3,2.060200131381862e-05
9037,122460,16,6,1,2.1623000066028908e-05
9038,67664,7,7,1,2.7917998522752896e-05
9039,71762,8,7,4,5.6294997193617746e-05
9040,125019,7,7,2,2.8426002245396376e-05
9041,88164,9,7,2,2.0243998733349144e-05
9042,85907,10,6,2,1.643299765419215e-05
9043,130284,8,5,3,1.3058001059107482e-05
9044,106619,9,6,1,1.0431002010591328e-05
9045,115731,12,6,2,2.0233001123415306e-05
9046,2164,7,7,2,2.496000161045231e-05
9047,59519,7,7,1,2.8996000764891505e-05
9048,55425,7,7,1,2.523600051063113e-05
9049,30849,10,7,2,2.615700213937089e-05
9050,133257,7,7,3,2.1919000573689118e-05
9051,39063,7,7,1,2.905400106101297e-05
9052,10398,7,7,1,2.7489000785863027e-05
9053,120992,9,7,2,2.580699947429821e-05
9054,2219,7,7,1,2.7567999495659024e-05
9055,84145,12,7,2,2.7154001145390794e-05
9056,109463,18,6,4,3.0465998861473054e-05
9057,59569,9,7,2,1.9456001609796658e-05
9058,116919,7,7,3,2.4394998035859317e-05
9059,2240,7,7,2,2.195499837398529e-05
9060,84180,7,7,1,3.093000123044476e-05
9061,15614,7,6,0,5.4770025599282235e-06
9062,40498,7,5,0,3.837998519884422e-06
9063,3889,7,4,0,3.2999996619764715e-06
9064,14548,11,7,2,2.553300146246329e-05
9065,26845,7,7,2,2.308499824721366e-05
9066,108769,8,7,2,2.4966997443698347e-05
9067,28529,7,6,0,4.19999923906289e-06
9068,80811,9,6,1,1.583199991728179e-05
9069,35055,10,7,1,2.096800017170608e-05
9070,125169,8,7,1,1.956000050995499e-05
9071,100624,7,7,2,2.4815999495331198e-05
9072,88339,19,7,0,2.190199666074477e-05
9073,14614,7,7,1,2.825699993991293e-05
9074,88349,7,7,1,2.8767997719114646e-05
9075,39219,7,7,1,2.848200165317394e-05
9076,92468,12,7,1,5.951200000708923e-05
9077,51517,15,7,2,3.305200152681209e-05
9078,66766,10,6,0,1.2384996807668358e-05
9079,59716,22,7,1,3.322400152683258e-05
9080,67928,7,7,1,2.891800249926746e-05
9081,51548,7,7,1,2.7190002583665773e-05
9082,63836,9,7,1,2.537099862820469e-05
9083,31078,7,7,1,2.6239002181682736e-05
9084,108917,12,7,4,2.0823001250391826e-05
9085,27009,8,7,1,3.138800093438476e-05
9086,108930,7,7,1,2.8841001039836556e-05
9087,14726,14,7,1,3.165700036333874e-05
9088,67985,10,7,3,2.0764000510098413e-05
9089,51638,9,7,2,2.6819998311111704e-05
9090,113082,7,7,1,2.7588997909333557e-05
9091,125380,10,7,2,2.4708002456463873e-05
9092,88923,9,6,1,2.1961001039016992e-05
9093,118146,7,6,1,1.6340000001946464e-05
9094,115518,14,6,0,1.1992000509053469e-05
9095,115980,10,5,1,1.0526000551180914e-05
9096,39371,9,7,1,1.4081000699661672e-05
9097,68044,10,7,5,2.0511000911938027e-05
9098,43470,7,7,1,2.926800152636133e-05
9099,92622,16,7,4,2.6305999199394137e-05
9100,6615,9,7,2,1.5467998309759423e-05
9101,39385,12,7,2,2.886400034185499e-05
9102,31197,10,7,1,2.990299981320277e-05
9103,72173,7,7,2,2.4796998332021758e-05
9104,92663,7,7,1,2.8838003345299512e-05
9105,104964,7,7,1,2.830599987646565e-05
9106,88584,7,7,1,2.767200203379616e-05
9107,35791,7,6,0,4.975998308509588e-06
9108,51722,8,7,3,2.0322000636951998e-05
9109,84491,10,7,1,3.31819974235259e-05
9110,39439,7,7,1,5.780300125479698e-05
9111,80405,8,7,3,2.2263000573730096e-05
9112,130006,8,6,1,2.0198000129312277e-05
9113,84514,7,7,1,2.8077000024495646e-05
9114,23741,7,6,0,5.240002792561427e-06
9115,39460,8,7,2,1.3932000001659617e-05
9116,73140,8,6,2,1.933399835252203e-05
9117,88649,7,7,1,6.408999979612418e-05
9118,51791,13,7,2,3.438500061747618e-05
9119,2649,7,7,1,2.877800216083415e-05
9120,69423,8,6,0,5.39699976798147e-06
9121,113252,7,7,1,2.7690999559126794e-05
9122,52208,7,6,0,4.249999619787559e-06
9123,15848,7,5,0,3.979999746661633e-06
9124,39526,10,7,0,1.7559999832883477e-05
9125,129642,7,7,1,2.6891997549682856e-05
9126,68454,8,6,0,5.6969984143506736e-06
9127,117362,11,7,0,1.928100027726032e-05
9128,39542,8,7,3,2.3339998733717948e-05
9129,27255,9,7,0,1.4476001524599269e-05
9130,44335,8,6,2,1.3903998478781432e-05
9131,96896,8,7,1,2.2939999325899407e-05
9132,76433,7,7,1,2.9238999559311196e-05
9133,68242,7,7,2,2.6162000722251832e-05
9134,92831,7,7,1,3.345100049045868e-05
9135,27297,7,7,2,2.710999979171902e-05
9136,35795,7,6,2,1.8168000678997487e-05
9137,72391,7,7,4,2.1490999642992392e-05
9138,56010,8,7,2,2.770200080703944e-05
9139,76509,7,7,2,2.2349999198922887e-05
9140,6880,9,7,1,2.540900095482357e-05
9141,92957,13,7,3,2.1177998860366642e-05
9142,121637,7,7,1,2.7117999707115814e-05
9143,84806,7,7,2,2.133000089088455e-05
9144,88906,7,7,1,2.9375998565228656e-05
9145,125775,7,7,1,2.84630004898645e-05
9146,19282,26,7,2,6.954300260986201e-05
9147,125786,8,7,3,3.097599983448163e-05
9148,7005,7,7,1,3.2476997148478404e-05
9149,48003,7,6,0,5.214002158027142e-06
9150,80752,8,7,2,2.4984001356642693e-05
9151,60271,12,7,5,2.361899896641262e-05
9152,84881,7,7,2,2.3484997655032203e-05
9153,15259,7,7,2,2.5859000743366778e-05
9154,97485,7,6,1,1.8000999261857942e-05
9155,87009,8,6,1,1.5497000276809558e-05
9156,121758,8,7,1,1.6435998986708e-05
9157,125855,7,7,1,2.7046000468544662e-05
9158,15268,14,7,2,2.541000139899552e-05
9159,27578,8,7,2,1.8842998542822897e-05
9160,19417,7,7,2,2.7047000912716612e-05
9161,39908,11,7,1,2.731900167418644e-05
9162,52204,10,7,2,2.688499807845801e-05
9163,52211,8,7,1,2.8346999897621572e-05
9164,52224,7,7,2,2.258300082758069e-05
9165,27650,7,7,2,2.7328002033755183e-05
9166,19461,10,7,3,1.9047998648602515e-05
9167,109593,14,7,2,3.126500087091699e-05
9168,23579,8,7,5,1.9999999494757503e-05
9169,113703,7,7,1,2.8113001462770626e-05
9170,80945,13,7,5,2.402199970674701e-05
9171,3124,7,7,1,2.7286998374620453e-05
9172,11337,7,7,1,2.70630007435102e-05
9173,72795,10,7,1,1.718199928291142e-05
9174,40041,11,7,0,1.9618997612269595e-05
9175,23685,7,7,1,2.6145000447286293e-05
9176,3207,9,7,1,2.6844001695280895e-05
9177,64666,7,7,1,2.9806997190462425e-05
9178,97442,8,7,2,2.1555002604145557e-05
9179,64679,7,7,1,2.7591999241849408e-05
9180,48301,7,7,1,5.6799999583745375e-05
9181,117969,12,7,0,2.516699896659702e-05
9182,8098,12,6,0,5.83200016990304e-06
9183,93396,7,7,1,2.8366001060931012e-05
9184,32724,7,6,0,4.805999196833e-06
9185,59448,9,6,0,8.661998435854912e-06
9186,105686,10,7,1,1.787299697753042e-05
9187,60802,9,6,2,1.8017002730630338e-05
9188,130277,7,7,1,2.7738999051507562e-05
9189,27884,7,7,1,3.295999704278074e-05
9190,109830,9,7,2,2.5781999283935875e-05
9191,97553,10,7,2,1.3150998711353168e-05
9192,32018,7,7,1,2.3659998987568542e-05
9193,60695,7,7,1,2.9545997676905245e-05
9194,11551,12,7,1,2.6649999199435115e-05
9195,36140,7,7,1,2.7870999474544078e-05
9196,130355,13,7,3,2.5552999431965873e-05
9197,103519,16,6,4,2.0865998521912843e-05
9198,105785,7,7,1,2.8474998543970287e-05
9199,11580,9,7,3,2.5112000002991408e-05
9200,48448,7,7,2,2.0647999917855486e-05
9201,40339,11,6,0,1.10889995994512e-05
9202,81221,7,7,3,2.2291998902801424e-05
9203,23890,7,7,1,2.8495000151451677e-05
9204,64856,8,7,1,2.6354002329753712e-05
9205,122201,13,7,1,2.6706999051384628e-05
9206,101921,9,6,2,2.0266001229174435e-05
9207,3430,8,7,3,2.1875999664189294e-05
9208,77181,9,7,0,1.950699879671447e-05
9209,89483,12,7,1,2.0296000002417713e-05
9210,56718,8,7,2,2.6882000383920968e-05
9211,48540,10,7,1,2.7385001885704696e-05
9212,19898,12,7,1,2.855500133591704e-05
9213,122308,14,7,1,2.4634999135741964e-05
9214,89548,9,7,3,2.189000224461779e-05
9215,69076,9,7,2,1.544900078442879e-05
9216,101845,8,7,1,3.098299930570647e-05
9217,52708,7,7,1,2.886600123019889e-05
9218,11754,7,7,1,2.6680998416850343e-05
9219,40443,7,7,1,2.778599809971638e-05
9220,73499,8,6,0,5.958001565886661e-06
9221,114623,7,5,0,3.968001692555845e-06
9222,106954,8,5,1,5.737998435506597e-06
9223,132803,8,4,1,7.675000233575702e-06
9224,77325,8,7,1,2.5348999770358205e-05
9225,7705,10,7,3,1.7957998352358118e-05
9226,118306,12,7,5,2.500899790902622e-05
9227,24100,7,7,1,2.8182999812997878e-05
9228,77370,7,7,1,2.837499778252095e-05
9229,73280,12,7,2,2.3082000552676618e-05
9230,97865,11,7,1,2.8901999030495062e-05
9231,7761,7,7,2,2.1438998373923823e-05
9232,56913,13,7,2,2.7816000510938466e-05
9233,32351,11,7,0,2.4237000616267323e-05
9234,28257,7,7,1,2.95389982056804e-05
9235,106111,7,7,3,1.997199797187932e-05
9236,69258,8,7,2,2.1295996702974662e-05
9237,56975,10,7,1,2.815600237227045e-05
9238,65170,9,7,2,3.054699845961295e-05
9239,32403,7,7,2,2.5678000383777544e-05
9240,122521,8,7,1,1.355499989585951e-05
9241,3775,8,7,2,2.6980000257026404e-05
9242,40640,7,7,1,2.825199771905318e-05
9243,3780,7,7,2,2.5248999008908868e-05
9244,11976,7,7,4,2.7312999009154737e-05
9245,122581,7,7,3,2.694100112421438e-05
9246,118513,8,7,1,2.3696000425843522e-05
9247,71552,13,6,0,1.7635997210163623e-05
9248,56774,14,5,0,1.2538999726530164e-05
9249,118520,7,7,1,2.791100268950686e-05
9250,52993,9,7,1,2.3939999664435163e-05
9251,44804,7,7,1,5.719399996451102e-05
9252,122637,28,7,0,3.0523002351401374e-05
9253,20241,11,7,5,2.1356998331611976e-05
9254,122654,7,7,2,2.461199983372353e-05
9255,40736,7,7,1,2.6568999601295218e-05
9256,48931,15,7,4,2.546500036260113e-05
9257,54011,12,6,2,5.693700222764164e-05
9258,106303,8,7,1,1.4191999071044847e-05
9259,77641,7,7,1,2.9648999770870432e-05
9260,57163,10,7,1,3.314200148452073e-05
9261,40790,10,7,3,2.5473000277997926e-05
9262,7103,13,6,0,1.2872002116637304e-05
9263,39218,18,6,0,1.3941000361228362e-05
9264,101475,11,6,0,1.3387998478719965e-05
9265,53091,9,7,2,2.4608001695014536e-05
9266,114535,8,7,2,2.5286000891355798e-05
9267,118643,8,7,1,2.9238999559311196e-05
9268,49019,8,7,3,2.5645000278018415e-05
9269,3967,7,7,1,2.86210015474353e-05
9270,28549,9,7,1,1.963300019269809e-05
9271,24455,11,7,1,2.6407000405015424e-05
9272,75264,16,6,2,2.8211998142069206e-05
9273,4012,8,7,2,2.471399784553796e-05
9274,36783,7,7,1,2.7540001610759646e-05
9275,122808,7,7,2,2.451300315442495e-05
9276,16313,7,7,1,2.885999856516719e-05
9277,65492,8,7,2,2.5170997105306014e-05
9278,16340,8,7,2,2.3702003090875223e-05
9279,126950,9,7,0,2.1236999600660056e-05
9280,20469,10,7,0,1.527199856354855e-05
9281,53243,7,7,3,2.7343001420376822e-05
9282,24607,12,7,2,2.7762998797697946e-05
9283,65599,9,7,0,4.6058001316851005e-05
9284,28751,9,7,1,2.3702999897068366e-05
9285,90258,12,7,0,2.3541000700788572e-05
9286,119015,11,7,1,2.10230027732905e-05
9287,127221,8,7,1,2.9306000215001404e-05
9288,106875,8,7,2,2.733799919951707e-05
9289,49539,12,7,2,2.8991998988203704e-05
9290,16783,11,7,4,2.1684001694666222e-05
9291,29075,10,7,1,2.7066002076026052e-05
9292,119190,12,7,1,2.523500006645918e-05
9293,123293,10,7,2,2.523500006645918e-05
9294,62102,9,7,1,2.801500158966519e-05
9295,82657,9,7,1,1.3910001143813133e-05
9296,8995,9,7,1,1.138600055128336e-05
9297,37865,9,7,1,2.2833002731204033e-05
9298,46063,15,7,5,2.277200110256672e-05
9299,95283,10,7,4,2.65260023297742e-05
9300,70770,13,7,2,2.6907000574283302e-05
9301,111794,8,7,1,8.86999987415038e-06
9302,103608,14,7,3,2.4810000468278304e-05
9303,39327,13,6,1,1.995999991777353e-05
9304,75055,10,7,1,2.5977999030146748e-05
9305,42322,9,7,1,2.549700002418831e-05
9306,103853,19,7,1,2.921100167441182e-05
9307,9654,12,7,0,2.1511998056666926e-05
9308,58934,8,7,1,2.6166999305132776e-05
9309,132669,9,7,1,2.258400127175264e-05
9310,59052,10,7,2,2.758200207608752e-05
9311,92012,13,7,0,2.447600127197802e-05
9312,120697,9,7,1,1.720100044622086e-05
9313,47096,9,7,1,1.8265000107930973e-05
9314,51211,12,7,0,3.3264001103816554e-05
9315,59503,8,7,1,1.6376001440221444e-05
9316,14528,14,7,2,2.201000097556971e-05
9317,49807,19,6,0,1.8131002434529364e-05
9318,67788,14,7,1,5.7983001170214266e-05
9319,121196,8,7,5,2.738399780355394e-05
9320,31163,17,7,2,2.3669999791309237e-05
9321,68081,9,7,0,1.9764000171562657e-05
9322,39446,9,7,1,2.274999860674143e-05
9323,113335,15,7,2,2.1457999537233263e-05
9324,2916,13,7,4,2.1898002160014585e-05
9325,76684,10,7,2,1.9899001927115023e-05
9326,95569,13,6,1,2.360500002396293e-05
9327,105366,10,7,0,2.3308002710109577e-05
9328,113594,8,7,1,2.5140001525869593e-05
9329,89173,8,7,1,2.905600194935687e-05
9330,64694,8,7,1,2.4218999897129834e-05
9331,122159,13,7,1,2.7588001103140414e-05
9332,40330,9,7,2,2.006499926210381e-05
9333,93720,15,7,2,3.507799920043908e-05
9334,85559,16,7,0,1.9688999600475654e-05
9335,98340,9,7,3,2.2585998522117734e-05
9336,106644,10,7,1,2.7346999559085816e-05
9337,74080,10,7,5,2.1479998395079747e-05
9338,49565,15,7,3,1.8167000234825537e-05
9339,66098,11,7,1,2.0441999367903918e-05
9340,33941,9,7,0,1.2120999599574134e-05
9341,117004,11,6,1,2.6327001251047477e-05
9342,59166,15,7,2,1.859099938883446e-05
9343,80421,11,7,3,2.053099888144061e-05
9344,97163,10,7,3,2.3833999875932932e-05
9345,62480,14,7,1,2.654200216056779e-05
9346,124823,11,7,4,1.9744999008253217e-05
9347,124928,8,8,1,3.257799835409969e-05
9348,124926,8,7,0,5.638001312036067e-06
9349,27319,8,6,0,4.888999683316797e-06
9350,40402,8,5,0,4.101999365957454e-06
9351,69903,8,4,0,3.7959980545565486e-06
9352,62017,8,3,0,3.6390010791365057e-06
9353,42318,8,2,0,3.158998879371211e-06
9354,38725,8,1,0,2.91700052912347e-06
9355,9674,14,4,0,6.722999387420714e-06
9356,20484,8,8,1,0.0005536969983950257
9357,43012,8,8,1,3.8453999877674505e-05
9358,64630,8,7,0,6.324997229967266e-06
9359,109602,10,7,0,1.3122997188474983e-05
9360,49159,10,8,3,3.149799886159599e-05
9361,13,12,8,4,2.9933002224424854e-05
9362,77838,8,8,1,4.020100095658563e-05
9363,73744,8,8,4,3.321999975014478e-05
9364,104400,8,7,0,5.549998604692519e-06
9365,73747,10,8,3,3.134199869236909e-05
9366,110624,8,8,1,3.338000169605948e-05
9367,3686,8,7,0,5.8490004448685795e-06
9368,62296,8,6,0,4.792000254383311e-06
9369,10000,8,5,0,4.326997441239655e-06
9370,121581,14,5,0,1.1449999874457717e-05
9371,66309,15,5,0,1.718500061542727e-05
9372,63430,14,4,0,1.1883999832207337e-05
9373,106888,12,4,0,1.0108000424224883e-05
9374,118116,17,7,1,2.2709002223564312e-05
9375,114265,23,7,2,3.545599975041114e-05
9376,51233,9,8,2,3.388400000403635e-05
9377,24616,11,8,2,3.228599962312728e-05
9378,4142,12,8,2,6.494400076917373e-05
9379,3766,10,7,1,2.388099892414175e-05
9380,49770,11,6,1,1.454399898648262e-05
9381,35630,15,6,0,1.766700006555766e-05
9382,18873,16,7,1,2.806499833241105e-05
9383,87415,11,7,2,3.0032999347895384e-05
9384,70570,14,7,1,8.428100045421161e-05
9385,98354,9,8,4,3.0643001082353294e-05
9386,129075,13,8,1,2.5703000574139878e-05
9387,22584,12,8,1,0.0001009740008157678
9388,98432,8,7,0,5.363999662222341e-06
9389,103999,9,7,1,2.33430000662338e-05
9390,53594,10,7,1,3.2627001928631216e-05
9391,77881,9,8,2,2.6296998839825392e-05
9392,14393,9,8,5,2.4499000573996454e-05
9393,43078,12,8,1,1.6755999240558594e-05
9394,79942,12,8,1,3.448400093475357e-05
9395,100425,8,8,1,3.726499926415272e-05
9396,20553,12,8,2,3.355599983478896e-05
9397,116813,14,8,2,2.806499833241105e-05
9398,75857,8,8,1,3.566899977158755e-05
9399,14422,8,8,2,2.860200038412586e-05
9400,49241,8,8,1,3.3833999623311684e-05
9401,79964,9,8,2,3.979099710704759e-05
9402,100450,9,8,2,3.197600017301738e-05
9403,88166,9,8,1,6.872200174257159e-05
9404,10347,8,8,2,3.7705998693127185e-05
9405,47213,8,8,3,2.6598001568345353e-05
9406,94855,12,7,2,2.1931999071966857e-05
9407,86126,10,8,3,2.5189998268615454e-05
9408,125040,8,8,1,3.4049000532832e-05
9409,113308,8,7,0,5.541001883102581e-06
9410,64678,8,6,0,5.162000888958573e-06
9411,105781,8,5,0,4.388999514048919e-06
9412,65719,8,4,0,4.106001142645255e-06
9413,55409,8,8,1,3.453899989835918e-05
9414,45229,8,7,0,5.328998668119311e-06
9415,45169,8,8,1,3.472900061751716e-05
9416,104405,8,7,0,5.3349976951722056e-06
9417,129146,9,8,4,3.7361001886893064e-05
9418,53371,8,8,1,3.3419000828871503e-05
9419,48002,8,7,0,5.418998625827953e-06
9420,32051,8,6,0,5.196998245082796e-06
9421,124535,8,5,0,4.499001079238951e-06
9422,124638,8,4,0,4.084002284798771e-06
9423,114812,8,8,3,3.219199788873084e-05
9424,57470,8,8,1,0.00016384199989261106
9425,102526,8,8,1,3.527999797370285e-05
9426,76752,8,7,0,5.5300006351899356e-06
9427,63616,17,8,4,3.6158999137114733e-05
9428,112833,28,7,1,3.120799738098867e-05
9429,60790,16,7,4,2.207899888162501e-05
9430,98431,17,8,2,2.726800084928982e-05
9431,104841,34,7,1,3.506199936964549e-05
9432,107216,11,7,3,2.1979998564347625e-05
9433,92609,14,7,1,2.6095000066561624e-05
9434,418,17,7,0,3.2503001420991495e-05
9435,108126,12,7,1,1.8176997400587425e-05
9436,114820,8,8,1,3.726800059666857e-05
9437,115218,8,7,0,5.750996933784336e-06
9438,127117,8,8,1,3.406900214031339e-05
9439,128370,8,7,0,5.714999133488163e-06
9440,27971,8,6,0,5.139998393133283e-06
9441,34333,8,5,0,4.382996849017218e-06
9442,9992,15,7,0,2.3667002096772194e-05
9443,69712,12,7,1,2.7303998649585992e-05
9444,16525,8,8,1,3.6837998777627945e-05
9445,8461,8,7,0,5.728998075937852e-06
9446,32158,8,6,0,4.959998477715999e-06
9447,12267,8,5,0,4.412999260239303e-06
9448,5145,8,4,0,4.344998160377145e-06
9449,3508,10,5,1,1.1413998436182737e-05
9450,28022,11,5,1,1.8915001419372857e-05
9451,30864,9,8,6,3.24180000461638e-05
9452,26065,18,7,2,2.3911998141556978e-05
9453,80019,8,8,1,3.236499833292328e-05
9454,90623,13,7,0,1.24100006360095e-05
9455,124368,9,7,1,1.9843999325530604e-05
9456,105979,11,6,0,7.095000910339877e-06
9457,73914,9,5,0,4.604000423569232e-06
9458,59760,9,4,0,4.4670014176517725e-06
9459,101748,9,3,0,3.6380006349645555e-06
9460,99841,14,5,1,2.0177001715637743e-05
9461,61590,11,8,1,3.348500104038976e-05
9462,98456,16,8,3,3.462099994067103e-05
9463,79412,11,7,0,1.7125999875133857e-05
9464,49305,9,8,3,2.3734999558655545e-05
9465,118937,18,8,1,5.0656999519560486e-05
9466,26780,8,8,1,3.56760028807912e-05
9467,118945,8,8,3,3.1005998607724905e-05
9468,22700,8,8,1,3.4996999602299184e-05
9469,114860,9,8,2,3.292399924248457e-05
9470,67759,12,8,2,3.400900095584802e-05
9471,113086,9,7,0,1.562100078444928e-05
9472,25910,14,6,1,2.0947001758031547e-05
9473,94389,8,8,1,6.317700172076002e-05
9474,3813,8,7,0,5.524001608137041e-06
9475,114151,10,7,0,1.003199940896593e-05
9476,129208,10,8,2,3.1838997529121116e-05
9477,130941,12,7,1,2.6652000087779015e-05
9478,4284,8,8,1,3.705800190800801e-05
9479,4308,8,7,0,5.652000254485756e-06
9480,54212,9,6,0,6.233000021893531e-06
9481,125116,10,8,1,1.810300091165118e-05
9482,30920,8,8,2,2.898800084949471e-05
9483,106703,12,8,1,3.74509982066229e-05
9484,99470,8,7,0,5.871999746887013e-06
9485,54630,8,6,0,5.18599699717015e-06
9486,35057,8,5,0,4.51199957751669e-06
9487,125318,8,4,0,4.056000761920586e-06
9488,87216,11,5,0,7.413000275846571e-06
9489,103861,17,4,0,8.208000508602709e-06
9490,26832,8,8,1,3.522100087138824e-05
9491,26833,8,8,1,3.536100120982155e-05
9492,69841,8,8,2,3.2762000046204776e-05
9493,47311,10,8,2,3.541100159054622e-05
9494,35026,13,8,4,3.1477000447921455e-05
9495,55511,8,8,2,2.9270999220898375e-05
9496,127195,8,8,3,3.837999975075945e-05
9497,28893,8,8,3,2.6964000426232815e-05
9498,108776,8,8,1,3.199999991920777e-05
9499,18665,11,8,1,3.170499985571951e-05
9500,76014,16,8,0,2.296199818374589e-05
9501,58719,12,7,1,2.5745001039467752e-05
9502,122128,17,7,2,2.7482001314638183e-05
9503,73308,13,7,1,2.546199903008528e-05
9504,80111,9,8,4,2.6630001229932532e-05
9505,80119,8,8,1,3.499299782561138e-05
9506,32004,8,7,0,5.625999619951472e-06
9507,26876,8,8,4,2.9844999517081305e-05
9508,102655,8,8,1,6.203500015544705e-05
9509,28019,8,7,0,6.071000825613737e-06
9510,65794,22,8,4,3.8105998100945726e-05
9511,99898,14,7,5,2.4499997380189598e-05
9512,67846,13,8,4,2.757699985522777e-05
9513,47371,11,8,4,2.5485998776275665e-05
9514,124056,14,7,2,6.782999844290316e-05
9515,69394,14,7,2,3.4241002140333876e-05
9516,125206,9,8,2,2.986599793075584e-05
9517,25905,8,7,2,2.4427998141618446e-05
9518,114967,8,8,2,3.275400013080798e-05
9519,65818,8,8,1,3.837800250039436e-05
9520,101055,8,7,0,6.119000317994505e-06
9521,19604,8,6,0,5.522000719793141e-06
9522,773,8,5,0,4.522000381257385e-06
9523,11095,16,6,1,2.4796998332021758e-05
9524,45344,8,8,1,3.617300171754323e-05
9525,47403,8,8,3,2.6843998057302088e-05
9526,90416,9,8,2,2.795799809973687e-05
9527,63796,8,8,2,3.787300011026673e-05
9528,39221,8,8,1,3.410700082895346e-05
9529,2966,8,7,0,5.456000508274883e-06
9530,64668,8,6,0,4.6770001063123345e-06
9531,64975,8,5,0,4.1099992813542485e-06
9532,92960,9,5,1,8.163002348737791e-06
9533,121140,17,6,2,2.5795998226385564e-05
9534,98629,13,8,2,3.698199725477025e-05
9535,72239,8,7,1,1.2898999557364732e-05
9536,92145,15,7,1,1.9155999325448647e-05
9537,24903,9,8,2,2.63660003838595e-05
9538,131400,8,8,1,3.4774999221554026e-05
9539,115563,8,7,0,5.721998604713008e-06
9540,55857,9,7,1,1.2848999176640064e-05
9541,90553,11,6,1,1.4909997844370082e-05
9542,2699,12,6,1,1.0930998541880399e-05
9543,53577,8,8,1,3.617299807956442e-05
9544,84300,8,8,1,6.26459986960981e-05
9545,58646,8,7,0,5.855999916093424e-06
9546,42499,8,6,0,5.013000190956518e-06
9547,100025,8,5,0,4.100998921785504e-06
9548,92500,8,4,0,3.999000909971073e-06
9549,131281,10,4,0,7.628001185366884e-06
9550,50188,11,4,1,1.0928000847343355e-05
9551,89560,11,4,1,1.4706001820741221e-05
9552,125161,18,6,1,1.7187998309964314e-05
9553,69965,9,8,1,2.154200046788901e-05
9554,69970,8,8,1,3.5987999581266195e-05
9555,122134,8,7,0,5.580001015914604e-06
9556,346,8,8,3,2.993999805767089e-05
9557,16730,8,8,1,3.6579000152414665e-05
9558,25998,8,7,0,5.800000508315861e-06
9559,61814,9,8,3,3.06330002786126e-05
9560,55675,15,8,6,3.0834999051876366e-05
9561,117121,22,8,5,3.840899807983078e-05
9562,124013,24,7,2,2.956400203402154e-05
9563,55683,9,8,4,3.322200063848868e-05
9564,123268,8,8,1,3.369000114616938e-05
9565,129417,10,8,1,3.106700023636222e-05
9566,1518,11,7,2,1.513499955763109e-05
9567,55358,10,6,0,6.281999958446249e-06
9568,51603,11,8,3,2.5412999093532562e-05
9569,14741,12,8,4,2.483900243532844e-05
9570,61846,14,8,5,2.764299642876722e-05
9571,130302,17,7,1,2.6106998120667413e-05
9572,20464,18,7,1,2.9179998819017783e-05
9573,65947,11,8,2,3.339699833304621e-05
9574,104865,8,8,1,3.397799810045399e-05
9575,25351,8,7,0,6.230999133549631e-06
9576,116348,11,6,0,7.261998689500615e-06
9577,10056,8,5,0,4.451998393051326e-06
9578,116228,10,5,0,8.723000064492226e-06
9579,38564,19,5,0,1.1116000678157434e-05
9580,25338,16,4,1,1.1821997759398073e-05
9581,124188,18,4,0,1.1623000318650156e-05
9582,60520,25,5,0,1.6255999071290717e-05
9583,88482,8,8,1,5.916599911870435e-05
9584,25851,8,7,0,8.769999112701043e-06
9585,65264,8,6,0,6.098001904319972e-06
9586,109907,15,7,0,1.881400021375157e-05
9587,131493,8,8,1,3.508100053295493e-05
9588,131497,8,8,1,3.409300188650377e-05
9589,74226,8,7,0,5.4770025599282235e-06
9590,79752,8,6,0,5.4340016504283994e-06
9591,117161,16,8,3,3.0047998734517023e-05
9592,93936,17,7,2,2.2811000235378742e-05
9593,55725,8,8,1,3.6114000977249816e-05
9594,30192,9,7,0,6.651000148849562e-06
9595,14213,8,6,0,5.322002834873274e-06
9596,55728,9,8,1,3.667800046969205e-05
9597,53684,8,8,1,3.669199941214174e-05
9598,82359,8,8,1,3.514299896778539e-05
9599,10719,8,7,0,5.403999239206314e-06
9600,80378,11,7,0,1.0391002433607355e-05
9601,61180,17,7,0,1.8031001673080027e-05
9602,119236,13,8,4,3.0315997719299048e-05
9603,49605,16,8,1,2.213600237155333e-05
9604,82381,14,8,2,2.4820001272019e-05
9605,3518,13,7,3,2.2640000679530203e-05
9606,39374,9,8,2,2.082699938910082e-05
9607,29142,10,8,5,2.8995997126912698e-05
9608,98776,11,8,2,3.245700281695463e-05
9609,99613,16,7,0,1.5420999261550605e-05
9610,14816,18,8,1,2.3559998226119205e-05
9611,16883,8,8,3,2.7699003112502396e-05
9612,6646,16,8,1,3.405299867154099e-05
9613,74234,11,8,5,2.850100281648338e-05
9614,90625,9,8,1,3.697099964483641e-05
9615,97391,9,7,0,6.438000127673149e-06
9616,131587,16,8,2,2.9326001822482795e-05
9617,102926,13,8,2,3.1527000828646123e-05
9618,10771,10,8,2,3.6447003367356956e-05
9619,25108,9,8,2,5.3465999371837825e-05
9620,45595,11,8,3,2.836400017258711e-05
9621,53795,15,8,2,3.0465998861473054e-05
9622,109251,20,7,0,3.323800046928227e-05
9623,43430,15,7,2,2.3710003006272018e-05
9624,55844,11,8,4,2.535800012992695e-05
9625,843,8,7,3,2.694999784580432e-05
9626,14887,9,8,2,2.3908996809041128e-05
9627,23082,13,8,3,3.355299850227311e-05
9628,123437,10,8,2,2.4208002287195995e-05
9629,18994,8,8,1,3.6531000660033897e-05
9630,6838,8,7,0,5.923000571783632e-06
9631,32447,11,7,0,1.6547997802263126e-05
9632,3778,10,7,1,1.211600101669319e-05
9633,6712,14,8,0,2.5025001377798617e-05
9634,12862,8,8,1,3.400399873498827e-05
9635,64063,8,8,1,3.518299854476936e-05
9636,119364,8,8,1,3.4736000088742e-05
9637,54887,10,7,0,7.306000043172389e-06
9638,42923,8,6,0,5.2340001275297254e-06
9639,88650,8,8,1,3.7885001802351326e-05
9640,29259,8,8,1,3.335499786771834e-05
9641,99349,8,7,0,5.343001248547807e-06
9642,19018,15,8,2,3.759800165425986e-05
9643,64081,10,8,1,3.122400084976107e-05
9644,70226,8,8,1,3.287700019427575e-05
9645,45654,8,8,1,3.825900057563558e-05
9646,100962,9,8,3,2.853700061677955e-05
9647,47717,8,8,2,3.433500023675151e-05
9648,74344,8,8,1,3.306700091343373e-05
9649,31340,11,8,1,2.68320000031963e-05
9650,29890,11,7,1,5.23349990544375e-05
9651,42149,10,7,1,1.9239996618125588e-05
9652,103034,12,8,0,2.3036998754832894e-05
9653,107130,10,8,1,2.894999852287583e-05
9654,635,12,8,4,3.0257997423177585e-05
9655,119421,8,8,1,3.575600203475915e-05
9656,7130,8,7,0,9.526000212645158e-06
9657,100992,8,8,4,3.736099824891426e-05
9658,127635,8,8,1,3.554700015229173e-05
9659,115353,8,8,2,3.3391002943972126e-05
9660,62700,8,7,1,2.5034001737367362e-05
9661,64153,10,8,1,3.1758001568960026e-05
9662,27292,12,8,4,2.9703998734476045e-05
9663,64158,8,8,1,3.608599945437163e-05
9664,94881,8,8,1,3.5744000342674553e-05
9665,25257,20,8,1,3.8768001104472205e-05
9666,117419,18,8,2,4.254500163369812e-05
9667,88752,8,8,4,3.197000114596449e-05
9668,125625,19,8,4,3.2567997550358996e-05
9669,70336,8,8,1,3.296299837529659e-05
9670,129732,13,8,2,2.7932001103181392e-05
9671,92880,9,8,2,3.226300032110885e-05
9672,90839,14,8,0,2.185199991799891e-05
9673,127705,8,8,2,3.472900061751716e-05
9674,43743,8,8,1,3.5417000617599115e-05
9675,68320,13,8,2,1.9602000975282863e-05
9676,119534,8,8,1,6.352900163619779e-05
9677,122274,8,7,0,6.821999704698101e-06
9678,76531,8,8,1,3.391199788893573e-05
9679,13086,8,7,0,5.366997356759384e-06
9680,73011,9,7,1,1.9745999452425167e-05
9681,27800,10,7,1,1.761800012900494e-05
9682,92915,8,8,1,3.82289981644135e-05
9683,70393,26,8,3,4.157600051257759e-05
9684,51982,13,8,1,3.81479985662736e-05
9685,6930,16,8,3,4.127899956074543e-05
9686,60611,15,7,1,3.114200080744922e-05
9687,1895,22,7,2,3.509299858706072e-05
9688,23317,9,8,4,2.6944999262923375e-05
9689,21275,8,8,1,3.605800156947225e-05
9690,100258,11,7,0,7.129001460270956e-06
9691,38295,8,6,0,4.997997166356072e-06
9692,103195,13,8,1,2.9652001103386283e-05
9693,90093,12,7,1,1.9757000700337812e-05
9694,119593,10,8,0,1.6723002772778273e-05
9695,123714,11,8,3,3.445900074439123e-05
9696,101212,9,7,1,1.983599941013381e-05
9697,101207,11,7,1,2.5074001314351335e-05
9698,90950,12,8,1,3.109799945377745e-05
9699,5143,10,7,4,2.4794000637484714e-05
9700,107343,10,8,1,2.7317000785842538e-05
9701,36531,10,7,1,2.9743998311460018e-05
9702,35664,9,8,1,3.888300125254318e-05
9703,78673,8,8,1,3.662800008896738e-05
9704,84823,11,8,3,3.14799981424585e-05
9705,9049,8,8,1,3.580599877750501e-05
9706,82776,10,8,2,3.0258997867349535e-05
9707,58419,10,7,2,5.278999742586166e-05
9708,95070,9,8,4,2.3944001441122964e-05
9709,115556,12,8,1,3.364000076544471e-05
9710,78699,8,8,1,3.252900205552578e-05
9711,26085,8,7,0,5.473997589433566e-06
9712,50687,8,6,0,4.555997293209657e-06
9713,115667,8,5,0,4.080997314304113e-06
9714,59081,8,4,0,3.8140024116728455e-06
9715,21374,8,8,1,3.662100061774254e-05
9716,76673,8,8,1,3.5835000744555146e-05
9717,72578,12,8,1,2.9356000595726073e-05
9718,105348,12,8,1,3.3214000723091885e-05
9719,58245,9,8,1,3.8747999496990815e-05
9720,56198,8,8,1,3.594500230974518e-05
9721,132973,10,7,0,7.393999112537131e-06
9722,80774,10,8,4,2.6806999812833965e-05
9723,56202,15,8,0,2.7586000214796513e-05
9724,123787,15,8,1,2.129399945260957e-05
9725,66454,10,8,2,3.0365001293830574e-05
9726,121760,11,8,1,3.1911000405671075e-05
9727,56225,8,8,1,3.835299867205322e-05
9728,81170,8,7,0,5.7440011005382985e-06
9729,42586,8,6,0,5.083002179162577e-06
9730,29737,8,5,0,4.610999894794077e-06
9731,46152,8,4,0,4.113000613870099e-06
9732,9268,8,3,0,3.7200006772764027e-06
9733,1188,8,2,0,3.483000909909606e-06
9734,52128,25,8,3,3.201300205546431e-05
9735,74659,8,8,3,3.044299955945462e-05
9736,17318,12,8,4,3.0287003028206527e-05
9737,99240,8,8,1,3.455399928498082e-05
9738,99879,8,7,0,5.734000296797603e-06
9739,62610,16,7,1,1.4187000488163903e-05
9740,48045,8,8,3,2.979999771923758e-05
9741,21421,9,8,1,3.459299841779284e-05
9742,86964,8,8,1,3.603200093493797e-05
9743,70581,11,8,2,4.5499000407289714e-05
9744,132712,10,7,1,2.7288999262964353e-05
9745,89020,8,8,1,3.7156001781113446e-05
9746,46013,15,8,1,3.3768999855965376e-05
9747,3010,10,8,1,3.443300010985695e-05
9748,5872,8,7,0,5.579000571742654e-06
9749,88984,12,7,0,1.0772000678116456e-05
9750,39876,8,8,2,3.2062998798210174e-05
9751,111569,8,8,2,3.2174000807572156e-05
9752,33757,8,8,1,3.3486998290754855e-05
9753,93157,8,8,1,3.425999966566451e-05
9754,109547,8,8,1,3.41260019922629e-05
9755,5099,17,8,0,2.466500154696405e-05
9756,5101,8,8,1,3.328199818497524e-05
9757,3167,8,7,0,5.506997695192695e-06
9758,59532,10,7,0,9.334999049315229e-06
9759,44019,12,8,4,3.099700188613497e-05
9760,54260,11,8,0,2.040599792962894e-05
9761,48118,8,8,4,2.6541998522588983e-05
9762,29687,8,8,3,2.6076999347424135e-05
9763,101371,8,8,1,4.17219998780638e-05
9764,105467,17,8,2,2.9147999157430604e-05
9765,21505,8,8,1,3.2911997550399974e-05
9766,99332,12,8,0,1.9410999811952934e-05
9767,31758,8,8,1,3.516699871397577e-05
9768,103447,14,8,0,2.2363998141372576e-05
9769,72744,16,8,0,2.7010999474441633e-05
9770,11401,24,7,3,2.60519991570618e-05
9771,58413,9,8,2,3.0872000934323296e-05
9772,50223,8,8,2,3.255399860790931e-05
9773,87089,8,8,1,3.382199793122709e-05
9774,123955,12,8,2,3.3750999136827886e-05
9775,117816,9,8,2,3.534200004651211e-05
9776,91196,9,8,1,3.884200123138726e-05
9777,11335,12,8,4,2.6233999960822985e-05
9778,78920,10,8,2,7.355599882430397e-05
9779,3147,8,8,3,2.7505000616656616e-05
9780,74853,11,8,2,2.649899761308916e-05
9781,38645,9,7,1,1.5505000192206353e-05
9782,37831,12,7,1,1.7430997104384005e-05
9783,129492,13,7,0,1.293099921895191e-05
9784,72815,9,8,3,3.210900104022585e-05
9785,111729,9,8,3,3.2324998755939305e-05
9786,35957,9,8,1,3.976299922214821e-05
9787,128856,9,7,0,6.9499983510468155e-06
9788,88727,13,7,1,3.134700091322884e-05
9789,70776,10,8,1,3.219599966541864e-05
9790,22042,10,7,0,5.197998689254746e-06
9791,110749,13,7,0,1.641999915591441e-05
9792,35961,10,8,1,2.2188000002643093e-05
9793,107645,10,8,4,2.769999991869554e-05
9794,93312,8,8,1,3.4480999602237716e-05
9795,52360,8,8,1,3.645300239440985e-05
9796,99466,14,8,1,2.5676999939605594e-05
9797,50312,10,8,2,2.4854001821950078e-05
9798,23691,9,8,3,3.166500027873553e-05
9799,99474,9,8,1,1.825700019253418e-05
9800,27796,11,8,2,3.109200042672455e-05
9801,66711,8,8,3,2.8782000299543142e-05
9802,40099,8,8,1,3.500099774100818e-05
9803,9387,8,8,1,6.477900024037808e-05
9804,99505,8,8,1,3.533099879859947e-05
9805,42170,8,8,1,3.927500074496493e-05
9806,74941,8,8,1,3.475099947536364e-05
9807,69527,8,7,0,5.791000148747116e-06
9808,87232,9,8,3,3.436900078668259e-05
9809,1216,15,8,4,3.249299697927199e-05
9810,126157,11,8,1,2.590999793028459e-05
9811,117971,8,8,1,3.41949998983182e-05
9812,36052,9,8,2,2.7341997338226065e-05
9813,25822,14,8,2,3.2175001251744106e-05
9814,9441,15,8,2,2.2919000912224874e-05
9815,95460,11,8,1,3.709300290211104e-05
9816,64740,16,8,1,2.5676999939605594e-05
9817,81610,21,7,1,1.3842000043950975e-05
9818,34021,12,8,1,2.666100044734776e-05
9819,94397,15,7,1,3.0036000680411234e-05
9820,34023,8,8,3,3.7171001167735085e-05
9821,64753,9,8,4,3.108300006715581e-05
9822,42228,8,8,1,3.5678000131156296e-05
9823,128248,9,8,5,2.2000000171829015e-05
9824,13572,11,8,1,3.0115003028186038e-05
9825,7430,8,8,3,2.924399814219214e-05
9826,91409,8,8,1,3.440499858697876e-05
9827,107993,9,7,0,7.13299959897995e-06
9828,85775,8,6,0,5.294998118188232e-06
9829,11536,9,8,2,2.6293000701116398e-05
9830,75037,8,8,2,2.9323000489966944e-05
9831,15646,10,8,2,2.5751000066520646e-05
9832,60714,8,8,2,2.785900142043829e-05
9833,120106,9,8,1,2.456199945299886e-05
9834,95533,8,8,1,3.395100065972656e-05
9835,48439,10,8,2,2.810400110320188e-05
9836,30018,10,8,1,2.8629001462832093e-05
9837,122191,13,8,0,1.902400254039094e-05
9838,40282,13,8,0,3.72239992429968e-05
9839,94634,14,7,0,6.859998393338174e-06
9840,32101,8,8,1,3.540499892551452e-05
9841,42342,8,8,1,3.632399966591038e-05
9842,23918,8,8,2,3.335699875606224e-05
9843,93559,8,8,1,3.358299727551639e-05
9844,93558,11,8,2,3.222599843866192e-05
9845,126549,8,7,1,2.041400148300454e-05
9846,2031,12,7,1,1.6222002159338444e-05
9847,32121,8,8,1,3.353200008859858e-05
9848,3529,8,7,0,5.7159995776601136e-06
9849,110335,8,6,0,5.087000317871571e-06
9850,3449,13,8,4,1.9297000108053908e-05
9851,91523,9,8,1,3.7412999517982826e-05
9852,56714,8,8,1,3.910500163328834e-05
9853,13707,12,8,1,2.900300023611635e-05
9854,125280,13,7,2,2.1689000277547166e-05
9855,28046,8,8,1,3.4585998946568e-05
9856,118173,11,8,2,3.14050012093503e-05
9857,28063,8,8,1,3.38789977831766e-05
9858,38313,12,8,1,3.728200317709707e-05
9859,93633,11,8,2,2.6892001187661663e-05
9860,77253,8,8,1,3.530699905240908e-05
9861,38343,20,8,3,3.6096000258112326e-05
9862,101836,10,8,1,5.456900180433877e-05
9863,97745,15,8,3,3.178299812134355e-05
9864,10191,12,7,1,2.0785999367944896e-05
9865,107988,14,8,5,2.591500015114434e-05
9866,81702,8,7,1,2.9929000447737053e-05
9867,30167,9,8,1,1.2453998351702467e-05
9868,67034,8,8,1,3.497699799481779e-05
9869,34270,13,8,0,3.005000326083973e-05
9870,106353,9,7,2,1.7012996977427974e-05
9871,77279,8,8,2,2.7445999876363203e-05
9872,28133,9,8,2,3.0849998438498005e-05
9873,1513,8,8,1,3.4683998819673434e-05
9874,81400,9,8,1,2.0489998860284686e-05
9875,103937,8,8,3,3.3315998734906316e-05
9876,79363,8,8,1,3.347100209794007e-05
9877,102364,8,7,0,5.359001079341397e-06
9878,91654,9,8,2,2.477000089129433e-05
9879,30224,9,8,2,2.8686001314781606e-05
9880,81435,8,8,2,2.896799924201332e-05
9881,124448,9,8,5,2.400499943178147e-05
9882,114208,12,8,4,3.448400093475357e-05
9883,7919,9,7,3,2.2677999368170276e-05
9884,22055,10,8,5,2.4262000806629658e-05
9885,9780,9,8,3,2.90080024569761e-05
9886,118331,8,8,1,3.4929998946608976e-05
9887,32318,8,8,1,3.3681000786600634e-05
9888,42566,8,8,1,3.295599890407175e-05
9889,118346,8,8,6,3.665300027932972e-05
9890,101996,8,8,1,3.4584001696202904e-05
9891,36464,12,8,1,2.6900001103058457e-05
9892,13946,8,8,1,6.389000191120431e-05
9893,97930,10,8,2,2.753899752860889e-05
9894,7821,9,8,3,2.180299998144619e-05
9895,118420,12,8,2,2.8101003408664837e-05
9896,5783,15,8,4,3.214100070181303e-05
9897,47608,23,7,2,2.8989998099859804e-05
9898,67225,12,8,1,4.423000063979998e-05
9899,98229,8,7,0,5.6340031733270735e-06
9900,3738,12,8,1,4.261399953975342e-05
9901,38567,8,8,2,2.8459999157348648e-05
9902,59376,10,7,0,5.583999154623598e-06
9903,18091,16,8,1,2.981999932671897e-05
9904,69303,13,8,2,4.100200021639466e-05
9905,118478,10,8,2,2.7672998839989305e-05
9906,67480,9,7,1,1.7277998267672956e-05
9907,16078,11,8,2,2.532199869165197e-05
9908,88052,10,7,2,2.5999001081800088e-05
9909,91858,18,8,1,3.834600283880718e-05
9910,9940,12,8,5,2.7018999389838427e-05
9911,42714,9,8,1,1.5528999938396737e-05
9912,52956,8,8,3,3.544400169630535e-05
9913,118493,9,8,3,2.974599919980392e-05
9914,3816,9,8,2,3.52019997080788e-05
9915,16108,8,8,1,3.44199979736004e-05
9916,77551,10,8,4,2.5576999178156257e-05
9917,104177,15,8,3,2.8837999707320705e-05
9918,3839,11,8,2,2.3232998501043767e-05
9919,104194,14,8,2,2.113799928338267e-05
9920,3842,11,8,3,6.110499816713855e-05
9921,89862,8,8,1,3.969800309278071e-05
9922,116486,13,8,3,3.1890998798189685e-05
9923,100108,8,8,1,3.4945998777402565e-05
9924,3853,8,8,1,3.442200249992311e-05
9925,128782,10,8,2,3.096299769822508e-05
9926,55054,12,8,0,3.897300121025182e-05
9927,98086,8,8,1,3.508999725454487e-05
9928,122663,12,8,2,3.247399945394136e-05
9929,108329,16,8,4,3.200799983460456e-05
9930,59180,8,8,3,3.1702998967375606e-05
9931,69420,10,8,3,3.0781000532442704e-05
9932,77620,8,8,2,3.3488999179098755e-05
9933,104248,8,8,1,0.00026827900001080707
9934,100152,9,8,1,3.88570006180089e-05
9935,24378,8,8,1,3.449600262683816e-05
9936,22330,14,8,5,3.254699913668446e-05
9937,48956,8,8,1,3.448700226726942e-05
9938,30524,11,8,3,3.354499858687632e-05
9939,46921,11,8,3,6.267400021897629e-05
9940,69455,9,8,3,2.784000025712885e-05
9941,53076,9,8,3,3.122400084976107e-05
9942,69471,13,8,2,3.269399894634262e-05
9943,116576,15,8,3,3.9502003346569836e-05
9944,112485,10,8,2,3.4358999982941896e-05
9945,22378,12,8,5,3.4343000152148306e-05
9946,92013,8,8,1,3.35730001097545e-05
9947,114543,9,8,4,3.0057999538257718e-05
9948,57202,8,8,1,3.9363003452308476e-05
9949,118645,8,8,4,3.396999818505719e-05
9950,20362,9,8,2,2.0169998606434092e-05
9951,98190,9,8,2,3.6716999602504075e-05
9952,32656,9,8,1,3.527100125211291e-05
9953,38816,14,8,2,3.934199776267633e-05
9954,42922,10,8,3,4.029200135846622e-05
9955,1965,8,8,1,3.518499943311326e-05
9956,10158,10,8,2,3.4688000596361235e-05
9957,92088,12,8,1,4.0367001929553226e-05
9958,81855,8,8,2,3.41220002155751e-05
9959,1991,9,8,2,2.3482996766688302e-05
9960,81864,11,8,4,3.469099829089828e-05
9961,55245,14,8,2,3.4100001357728615e-05
9962,1999,12,8,3,3.499899685266428e-05
9963,65532,9,7,2,2.050100010819733e-05
9964,104408,8,8,3,6.752099943696521e-05
9965,88030,11,8,4,1.99290007003583e-05
9966,14307,8,8,3,2.732099892455153e-05
9967,88038,9,8,2,3.09490023937542e-05
9968,104430,13,8,2,3.32689996866975e-05
9969,90099,8,8,4,2.481900082784705e-05
9970,114678,8,8,1,3.577200186555274e-05
9971,108537,8,8,2,3.0505001632263884e-05
9972,110586,10,8,2,2.9797000024700537e-05
9973,61497,9,8,2,1.8143000488635153e-05
9974,114749,11,8,1,3.0918999982532114e-05
9975,96326,18,8,2,3.451999873504974e-05
9976,108653,11,8,3,2.9026999982306734e-05
9977,30941,15,8,1,3.6445002479013056e-05
9978,14579,24,8,1,4.287600313546136e-05
9979,45343,13,8,1,1.4916000509401783e-05
9980,90450,9,8,3,2.9027996788499877e-05
9981,43371,10,8,0,1.8080001609632745e-05
9982,120187,10,7,0,6.786998710595071e-06
9983,76991,10,6,0,5.277997843222693e-06
9984,123243,10,6,1,1.0981999366777018e-05
9985,62834,13,5,0,1.4942001143936068e-05
9986,118429,15,7,1,1.9523002265486866e-05
9987,100721,9,8,2,3.678299981402233e-05
9988,106918,10,8,2,1.8564001948107034e-05
9989,53681,12,8,4,3.1253002816811204e-05
9990,2508,18,8,3,3.137599924230017e-05
9991,49641,10,8,0,1.600399991730228e-05
9992,51707,11,8,5,3.674600156955421e-05
9993,39435,12,8,1,3.0938001145841554e-05
9994,16915,12,8,3,2.66759998339694e-05
9995,78441,16,8,1,5.571899964706972e-05
9996,74402,9,8,1,3.5782002669293433e-05
9997,56205,14,8,1,3.126199953840114e-05
9998,11171,9,8,5,2.5634002668084577e-05
9999,95145,13,8,1,2.0243998733349144e-05
10000,89161,16,7,1,6.357600068440661e-05
10001,101378,12,8,1,2.5850997189991176e-05
10002,82947,21,8,5,3.56030031980481e-05
10003,128183,9,8,2,1.8892998923547566e-05
10004,89356,18,8,4,3.407400072319433e-05
10005,13590,11,8,4,2.7656999009195715e-05
10006,40225,16,8,1,2.8278998797759414e-05
10007,79176,14,8,3,2.8819998988183215e-05
10008,38276,15,8,0,1.9556999177439138e-05
10009,99930,15,8,1,4.177899973001331e-05
10010,120586,24,8,2,3.056800051126629e-05
10011,129116,12,8,1,2.8321999707259238e-05
10012,53358,10,8,6,2.5190998712787405e-05
10013,94364,10,8,1,2.0506999135250226e-05
10014,98712,13,8,0,1.8127997464034706e-05
10015,4526,12,8,2,2.7755999326473102e-05
10016,126976,9,9,1,4.426099985721521e-05
10017,100354,9,9,1,4.275399987818673e-05
10018,36020,9,8,0,7.047998224152252e-06
10019,42324,9,7,0,6.238999048946425e-06
10020,77825,9,9,1,5.241500184638426e-05
10021,127748,9,8,0,5.860001692781225e-06
10022,129024,15,9,1,3.606799873523414e-05
10023,116737,15,9,4,0.00014292600098997355
10024,77837,9,9,1,4.8313999286619946e-05
10025,128817,9,8,0,6.4639971242286265e-06
10026,4112,9,9,1,4.28769999416545e-05
10027,35033,10,8,0,1.8426999304210767e-05
10028,124945,10,9,1,4.303199966670945e-05
10029,86042,9,9,1,4.299400097806938e-05
10030,56180,9,8,0,6.371999916154891e-06
10031,69047,9,7,0,5.71300188312307e-06
10032,98151,9,6,0,5.170997610548511e-06
10033,106638,9,5,0,4.63199830846861e-06
10034,48192,16,5,0,1.5599001926602796e-05
10035,189,13,5,0,1.4221001038094983e-05
10036,47405,14,7,2,2.6458998036105186e-05
10037,91591,10,8,2,2.2500997147290036e-05
10038,86316,9,7,1,2.4223998480010778e-05
10039,20862,11,8,2,2.722000135690905e-05
10040,92189,21,9,1,4.1282000893261284e-05
10041,96304,21,9,0,4.4357002479955554e-05
10042,45105,9,9,1,0.00012435299868229777
10043,117378,9,8,0,5.8779987739399076e-06
10044,20814,9,7,0,6.0829988797195256e-06
10045,114627,9,6,0,5.8250006986781955e-06
10046,120631,9,5,0,4.84700285596773e-06
10047,64583,9,4,0,4.1810017137322575e-06
10048,124796,9,3,0,3.5900011425837874e-06
10049,43162,9,2,0,3.3290016290266067e-06
10050,58143,13,3,0,1.0664000001270324e-05
10051,61493,12,9,4,3.081500108237378e-05
10052,84026,9,9,1,4.244699812261388e-05
10053,53913,9,8,0,6.463000318035483e-06
10054,54440,9,7,0,6.083999323891476e-06
10055,82157,9,6,0,5.8059995353687555e-06
10056,88136,9,5,0,4.9439986469224095e-06
10057,57668,15,8,0,6.366199886542745e-05
10058,104966,16,8,0,2.7879999834112823e-05
10059,67643,10,9,5,4.6196000766940415e-05
10060,102456,21,9,2,4.4402997446013615e-05
10061,53082,10,8,1,3.2795000151963905e-05
10062,47176,9,9,1,4.239799818606116e-05
10063,117387,9,8,0,6.370002665789798e-06
10064,39903,9,7,0,5.550999048864469e-06
10065,114160,10,7,1,9.798000974114984e-06
10066,10194,10,6,0,5.293000867823139e-06
10067,86104,9,9,1,4.175999856670387e-05
10068,26151,9,8,0,5.844998668180779e-06
10069,77517,9,7,0,5.9689991758205e-06
10070,127066,9,9,1,4.5172000682214275e-05
10071,133228,9,9,1,4.228399848216213e-05
10072,127222,9,8,0,6.2590006564278156e-06
10073,59504,9,9,1,3.8594000216107816e-05
10074,9317,9,8,0,5.914000212214887e-06
10075,85942,9,7,0,5.727000825572759e-06
10076,69252,10,6,0,6.188998668221757e-06
10077,120029,18,8,0,2.5341003492940217e-05
10078,26084,16,7,2,3.804900188697502e-05
10079,121596,15,6,0,1.1316002201056108e-05
10080,81454,16,5,0,6.727997970301658e-06
10081,47299,12,6,0,1.283000165130943e-05
10082,74577,11,8,1,3.478300277492963e-05
10083,26736,9,9,3,4.317599814385176e-05
10084,49270,12,9,2,3.789000038523227e-05
10085,100478,9,9,4,3.782600106205791e-05
10086,30877,22,9,2,4.14910027757287e-05
10087,51359,9,9,1,4.073400123161264e-05
10088,15569,9,8,0,6.408001354429871e-06
10089,100100,9,7,0,5.691003025276586e-06
10090,101798,9,6,0,5.509002221515402e-06
10091,94916,9,5,0,6.936999852769077e-06
10092,83723,9,4,0,4.314002580940723e-06
10093,29947,12,6,1,1.6707002941984683e-05
10094,22313,22,8,2,4.3959000322502106e-05
10095,133279,9,9,1,4.296999759390019e-05
10096,80997,9,8,0,8.513998182024807e-06
10097,113826,9,7,0,5.8680016081780195e-06
10098,116129,9,6,0,5.026999133406207e-06
10099,17942,9,5,0,4.503999662119895e-06
10100,56957,9,4,0,4.2330029828008264e-06
10101,118943,9,9,1,4.077199992025271e-05
10102,52984,9,8,0,6.226000550668687e-06
10103,114972,9,7,0,5.714999133488163e-06
10104,79646,9,6,0,5.014000635128468e-06
10105,128877,9,5,0,4.713001544587314e-06
10106,21193,9,4,0,4.240002454025671e-06
10107,127744,9,3,0,3.9289989217650145e-06
10108,112631,9,2,0,3.5910015867557377e-06
10109,58157,10,2,1,5.645997589454055e-06
10110,114848,10,9,4,3.0423001589952037e-05
10111,16554,23,9,0,4.344199987826869e-05
10112,172,10,9,2,3.532399932737462e-05
10113,37045,12,9,2,3.601099888328463e-05
10114,128226,13,8,3,2.6809000701177865e-05
10115,78007,9,9,2,3.7427998904604465e-05
10116,127169,13,9,6,2.866799695766531e-05
10117,49348,10,9,1,4.1670002246974036e-05
10118,55495,9,9,1,4.62990028609056e-05
10119,49352,10,9,4,3.939099769922905e-05
10120,41161,11,9,1,1.835999864852056e-05
10121,117478,11,8,2,2.129399945260957e-05
10122,56407,11,7,0,1.2268999853404239e-05
10123,7989,15,8,3,3.826900137937628e-05
10124,30925,9,9,1,4.370299939182587e-05
10125,87501,9,8,0,6.484999175881967e-06
10126,28890,9,9,1,4.263700247975066e-05
10127,10679,9,8,0,6.153000867925584e-06
10128,75148,9,7,0,5.83400105824694e-06
10129,44648,15,7,0,2.792899977066554e-05
10130,78590,15,8,1,2.4269000277854502e-05
10131,26843,10,9,1,7.453199941664934e-05
10132,39143,11,9,1,4.778199945576489e-05
10133,23830,9,8,0,6.6350003180559725e-06
10134,88312,9,9,1,4.161900142207742e-05
10135,87633,9,8,0,6.28400084679015e-06
10136,119411,9,7,0,5.959998816251755e-06
10137,76107,12,8,1,8.108399924822152e-05
10138,37696,11,7,0,7.1639988163951784e-06
10139,39161,9,9,1,4.333800097811036e-05
10140,78443,11,8,0,8.251001418102533e-06
10141,5168,9,7,0,5.8149998949375e-06
10142,72804,9,6,0,5.778998456662521e-06
10143,119086,11,5,0,5.875001079402864e-06
10144,95532,9,4,0,4.353001713752747e-06
10145,8586,14,6,0,1.9303999579278752e-05
10146,12620,16,6,0,2.5089000700972974e-05
10147,76028,9,9,3,4.477999755181372e-05
10148,20732,14,9,3,4.1515002521919087e-05
10149,119042,9,9,1,4.453300061868504e-05
10150,33659,9,8,0,6.4160012698266655e-06
10151,3335,9,7,0,5.901998520130292e-06
10152,125192,10,9,1,4.2086001485586166e-05
10153,100620,13,9,3,3.641800140030682e-05
10154,29376,12,8,2,3.141900015179999e-05
10155,14612,11,9,2,3.5628003388410434e-05
10156,120494,10,8,2,2.3676999262534082e-05
10157,278,9,9,1,4.3800999264931306e-05
10158,128902,13,8,0,9.176001185551286e-06
10159,126158,9,7,0,5.971996870357543e-06
10160,69921,12,9,4,2.151899752789177e-05
10161,26922,12,9,3,3.703199763549492e-05
10162,112950,10,9,4,4.292499943403527e-05
10163,9394,10,8,0,6.056998245185241e-06
10164,131389,12,9,1,6.555200161528774e-05
10165,39238,12,9,4,3.064599877689034e-05
10166,88768,12,8,4,2.672900154720992e-05
10167,123099,22,8,1,3.773200296564028e-05
10168,69591,13,8,2,3.14839999191463e-05
10169,102731,12,9,2,3.27199995808769e-05
10170,353,9,9,1,4.2362000385764986e-05
10171,20903,9,8,0,5.88800321565941e-06
10172,84323,9,9,2,4.058500053361058e-05
10173,61806,9,9,1,4.1496001358609647e-05
10174,4542,9,8,0,6.89300213707611e-06
10175,60819,9,7,0,6.084999768063426e-06
10176,95284,9,6,0,5.493999196914956e-06
10177,106399,12,5,0,7.210001058410853e-06
10178,99107,13,5,0,1.007200262392871e-05
10179,4463,9,9,1,4.497299960348755e-05
10180,31362,9,8,0,6.022997695254162e-06
10181,4473,12,9,1,3.285800266894512e-05
10182,31099,9,9,1,4.571899989969097e-05
10183,126492,9,8,0,6.934998964425176e-06
10184,41357,9,9,2,4.0695002098800614e-05
10185,104166,10,8,0,1.3637003576150164e-05
10186,4511,11,9,2,4.391499896883033e-05
10187,98731,11,9,4,3.592500070226379e-05
10188,8626,10,9,4,2.422800025669858e-05
10189,61892,16,9,2,2.4114000552799553e-05
10190,100815,11,9,0,3.284500053268857e-05
10191,98770,11,9,2,4.198099850327708e-05
10192,10713,18,9,4,3.764799839700572e-05
10193,86499,29,9,1,6.756299990229309e-05
10194,82746,17,8,1,2.7707999834092334e-05
10195,56795,27,8,1,4.2096999095520005e-05
10196,86505,10,9,2,3.821800055447966e-05
10197,68077,13,9,2,3.881500015268102e-05
10198,16885,9,9,1,4.562499816529453e-05
10199,118654,14,8,0,1.1293999705230817e-05
10200,39418,19,9,3,3.865899998345412e-05
10201,69028,27,8,4,3.673000173876062e-05
10202,125454,19,8,3,3.3192998671438545e-05
10203,68629,25,8,3,3.823199949692935e-05
10204,16891,16,9,0,3.818700133706443e-05
10205,107004,10,9,1,4.533299943432212e-05
10206,53761,14,9,1,4.538500070339069e-05
10207,16901,9,9,1,4.7948000428732485e-05
10208,68292,9,8,0,6.3640000007580966e-06
10209,4684,11,8,1,8.565999451093376e-06
10210,97004,14,8,0,2.1967000066069886e-05
10211,33448,18,8,1,4.508599886321463e-05
10212,84506,17,9,4,4.781899770023301e-05
10213,86595,22,8,0,2.02309965970926e-05
10214,28862,20,8,1,3.291500252089463e-05
10215,29218,17,7,1,3.508600275381468e-05
10216,90970,18,8,1,3.4026998037006706e-05
10217,32506,16,8,1,6.741700053680688e-05
10218,94287,12,8,1,2.7744998078560457e-05
10219,79443,18,7,0,1.0828000085894018e-05
10220,73271,16,6,0,7.582002581330016e-06
10221,47424,22,8,3,3.579300027922727e-05
10222,120622,11,8,2,2.809799843817018e-05
10223,7004,10,8,4,1.7558002582518384e-05
10224,78368,14,9,2,3.896199996233918e-05
10225,6689,15,9,1,2.688699896680191e-05
10226,6695,10,9,3,3.506100256345235e-05
10227,8744,19,9,2,3.255000046920031e-05
10228,55850,9,9,1,4.400000034365803e-05
10229,14304,9,8,0,5.959002010058612e-06
10230,53802,12,9,0,1.8618000467540696e-05
10231,100913,9,9,1,4.1054998291656375e-05
10232,39527,9,8,0,6.332000339170918e-06
10233,44192,9,7,0,6.10999995842576e-06
10234,19779,9,6,0,5.490001058205962e-06
10235,122040,15,6,0,1.1586998880375177e-05
10236,36125,11,5,1,7.365997589658946e-06
10237,23896,13,5,1,1.9393999536987394e-05
10238,80433,12,9,1,2.015400241361931e-05
10239,113213,13,9,1,5.8253997849533334e-05
10240,80471,14,9,2,4.3833999370690435e-05
10241,123485,10,9,2,3.933400148525834e-05
10242,78432,9,9,4,2.8577000193763524e-05
10243,23140,9,9,1,4.39810028183274e-05
10244,126292,9,8,0,6.281003152253106e-06
10245,105077,22,9,3,4.256199827068485e-05
10246,72311,9,9,2,3.8766000216128305e-05
10247,73132,11,8,2,3.3895001251949e-05
10248,42697,12,8,0,1.1378997442079708e-05
10249,37733,15,8,4,8.27450021461118e-05
10250,103031,12,9,1,4.845800140174106e-05
10251,8825,10,9,4,3.581300188670866e-05
10252,29305,11,9,2,5.658400186803192e-05
10253,98940,10,9,2,2.8752001526299864e-05
10254,84609,18,9,3,3.5099998058285564e-05
10255,20438,13,8,2,3.05520006804727e-05
10256,7686,9,8,3,2.9446000553434715e-05
10257,103048,9,9,3,3.519899837556295e-05
10258,47772,10,9,2,4.438800169737078e-05
10259,113309,9,9,1,4.2118001147173345e-05
10260,64688,10,8,0,6.694001058349386e-06
10261,21162,14,9,4,3.518800076562911e-05
10262,29356,9,9,1,4.658399848267436e-05
10263,47796,10,9,2,3.910099985660054e-05
10264,21195,10,9,1,3.968300006818026e-05
10265,58068,10,9,1,4.2291001591365784e-05
10266,15847,9,8,0,6.2300023273564875e-06
10267,80600,16,9,2,4.460900163394399e-05
10268,27363,11,9,2,3.9602000470040366e-05
10269,45809,13,9,1,4.055599856656045e-05
10270,107253,10,9,2,2.678099917829968e-05
10271,64245,11,9,6,6.589999975403771e-05
10272,122386,21,8,1,4.018300023744814e-05
10273,30287,35,8,1,3.599800038500689e-05
10274,62637,14,8,6,3.296999784652144e-05
10275,41726,9,9,1,4.577300205710344e-05
10276,84740,12,9,1,3.995599763584323e-05
10277,115463,9,9,6,3.10240029648412e-05
10278,83835,10,8,1,2.5553999876137823e-05
10279,80647,9,9,1,4.204200013191439e-05
10280,101281,10,8,0,7.108999852789566e-06
10281,62225,9,9,3,3.993899736087769e-05
10282,58136,9,9,2,4.670899943448603e-05
10283,4893,9,9,1,4.5468001189874485e-05
10284,107297,13,9,1,3.084000127273612e-05
10285,122551,10,8,3,2.9392998840194196e-05
10286,97063,12,9,2,4.365300264908001e-05
10287,54970,12,8,1,2.2172000171849504e-05
10288,119804,13,8,1,1.4868001017021015e-05
10289,99765,15,8,1,2.9233000532258302e-05
10290,24665,20,8,1,3.185000241501257e-05
10291,64296,9,9,1,3.991799894720316e-05
10292,91658,9,8,0,5.820998921990395e-06
10293,23338,18,9,3,4.013500074506737e-05
10294,19505,10,8,2,2.716500239330344e-05
10295,72493,9,9,2,4.222499774186872e-05
10296,25400,10,9,1,6.331699842121452e-05
10297,60220,9,9,1,4.204200013191439e-05
10298,15311,10,8,0,7.103000825736672e-06
10299,76958,10,8,1,1.4946999726817012e-05
10300,64364,14,7,0,2.5975998141802847e-05
10301,100143,12,7,0,9.029001375893131e-06
10302,82751,10,9,2,3.5953999031335115e-05
10303,3334,12,8,0,1.9478000467643142e-05
10304,52037,10,9,2,4.041099964524619e-05
10305,58184,9,9,1,4.0068000089377165e-05
10306,23375,12,9,2,3.968899909523316e-05
10307,129881,10,9,6,3.153099896735512e-05
10308,64353,12,9,2,4.5601998863276094e-05
10309,82796,16,9,3,3.910400118911639e-05
10310,13169,10,9,3,3.379299960215576e-05
10311,42386,9,8,4,1.8391001503914595e-05
10312,66464,10,8,1,3.075499989790842e-05
10313,74612,16,9,1,2.494100044714287e-05
10314,124277,15,8,4,2.9622999136336148e-05
10315,66602,18,8,4,3.0298000638140365e-05
10316,42938,16,8,1,3.246100095566362e-05
10317,29557,9,9,4,2.9564998840214685e-05
10318,48014,11,9,2,4.3135998566867784e-05
10319,36094,11,8,1,1.7939000827027485e-05
10320,99798,10,8,2,1.895099921966903e-05
10321,25501,16,9,2,3.3140997402369976e-05
10322,82846,16,9,1,4.30410000262782e-05
10323,82848,9,9,1,4.289199932827614e-05
10324,1217,9,8,0,5.848000000696629e-06
10325,24324,11,8,0,4.220200207782909e-05
10326,20600,11,7,1,2.2461998014478013e-05
10327,128035,11,7,1,1.2971002433914691e-05
10328,46358,17,8,0,2.2209998860489577e-05
10329,9123,14,9,3,4.1660998249426484e-05
10330,117678,10,9,2,4.3578002077993006e-05
10331,25522,9,9,1,4.5611002860823646e-05
10332,35778,9,9,1,4.4634001824306324e-05
10333,48077,9,9,1,4.4475000322563574e-05
10334,104323,9,8,0,6.392998329829425e-06
10335,129998,22,9,0,3.0590999813284725e-05
10336,68930,19,8,0,3.2044998079072684e-05
10337,125913,10,9,1,4.623899803846143e-05
10338,121903,10,8,0,6.583999493159354e-06
10339,105440,9,9,1,4.3592001020442694e-05
10340,81505,9,8,0,5.94999801251106e-06
10341,131361,17,8,1,1.62840005941689e-05
10342,35812,9,9,1,4.682299913838506e-05
10343,98279,9,8,0,6.474001565948129e-06
10344,93158,9,9,1,4.2224000935675576e-05
10345,128929,9,8,0,5.783000233350322e-06
10346,127974,11,9,2,4.761099989991635e-05
10347,80872,11,9,3,3.8164002035045996e-05
10348,33777,12,9,3,3.0359999072970822e-05
10349,44022,9,9,1,4.276799882063642e-05
10350,17549,9,8,0,6.393001967808232e-06
10351,111615,9,9,3,4.026500027975999e-05
10352,23559,33,9,0,8.442100079264492e-05
10353,114402,13,8,3,2.401899837423116e-05
10354,61974,30,8,2,3.76860007236246e-05
10355,100536,41,8,2,4.859999899053946e-05
10356,119359,25,8,3,7.999199806363322e-05
10357,58050,10,8,4,2.532500002416782e-05
10358,103473,14,9,4,4.166799772065133e-05
10359,19510,10,9,1,4.384299973025918e-05
10360,31930,10,8,0,6.657999620074406e-06
10361,85432,10,7,0,5.422996764536947e-06
10362,119539,15,7,1,2.433099871268496e-05
10363,54355,11,6,1,7.796999852871522e-06
10364,118871,29,8,4,5.061599949840456e-05
10365,106785,24,7,0,2.429999949526973e-05
10366,113895,21,8,1,4.1270002839155495e-05
10367,101855,14,7,1,3.8457001210190356e-05
10368,81500,11,7,0,1.702699955785647e-05
10369,120112,14,7,0,1.8941998860100284e-05
10370,121916,17,9,3,4.365399945527315e-05
10371,5184,10,9,2,4.075399920111522e-05
10372,78915,12,9,4,4.0555001760367304e-05
10373,5187,15,9,1,5.096300083096139e-05
10374,58435,17,9,0,2.402400059509091e-05
10375,46150,9,9,1,4.085500040673651e-05
10376,3724,11,8,0,7.612998160766438e-06
10377,85741,9,7,0,6.021997251082212e-06
10378,57181,9,6,0,4.937999619869515e-06
10379,34127,12,7,1,6.83130019751843e-05
10380,89171,9,9,1,4.4373999116942286e-05
10381,60499,10,9,4,4.8234000132652e-05
10382,72789,10,9,1,4.464599987841211e-05
10383,64601,13,9,1,4.465899837668985e-05
10384,35930,12,9,2,4.122199970879592e-05
10385,121966,9,9,1,4.518100104178302e-05
10386,64754,9,8,0,6.6829998104367405e-06
10387,91246,16,9,2,3.9407997974194586e-05
10388,62595,12,9,2,4.539200017461553e-05
10389,85891,15,8,0,9.411000064574182e-06
10390,68748,11,9,4,3.829300112556666e-05
10391,122003,9,9,7,2.5540997739881277e-05
10392,116208,9,8,6,2.3223998141475022e-05
10393,25748,10,9,3,3.764699795283377e-05
10394,60575,9,9,5,2.85360001726076e-05
10395,111790,9,9,1,4.304499816498719e-05
10396,36458,9,8,0,6.330999894998968e-06
10397,69187,12,8,0,1.0906998795690015e-05
10398,66741,9,9,1,4.574699778459035e-05
10399,54458,10,9,3,4.7328001528512686e-05
10400,33984,9,9,1,4.587400326272473e-05
10401,93376,11,9,4,3.272500180173665e-05
10402,126159,9,9,1,4.38130009570159e-05
10403,50538,9,8,0,6.570000550709665e-06
10404,25831,11,9,3,4.611899930750951e-05
10405,126199,10,9,4,3.8451998989330605e-05
10406,107770,19,9,1,4.478199844015762e-05
10407,79109,9,9,1,4.455900125321932e-05
10408,21769,9,9,1,4.133200127398595e-05
10409,132368,17,9,0,2.5683999410830438e-05
10410,75033,21,9,3,5.028599844081327e-05
10411,107807,12,9,1,4.40379990322981e-05
10412,60712,10,9,3,4.3699001253116876e-05
10413,77107,10,9,5,3.617299807956442e-05
10414,114500,12,8,2,2.28729986702092e-05
10415,13646,9,9,3,3.304900019429624e-05
10416,32078,11,9,4,3.517900040606037e-05
10417,130384,19,9,3,4.695499956142157e-05
10418,58703,14,9,1,3.123799979221076e-05
10419,40274,12,9,3,4.3383999582147226e-05
10420,89427,9,9,2,4.122300015296787e-05
10421,23893,14,9,1,3.8214002415770665e-05
10422,130409,12,9,1,2.4272001610370353e-05
10423,42348,12,9,2,4.842799899051897e-05
10424,38257,12,9,3,4.5139000576455146e-05
10425,11635,9,9,2,6.665399996563792e-05
10426,11637,9,9,3,3.8457001210190356e-05
10427,118136,10,9,2,3.829200068139471e-05
10428,62850,9,9,1,4.309300129534677e-05
10429,1411,12,9,2,3.854000169667415e-05
10430,62858,12,9,0,1.9461000192677602e-05
10431,71671,20,8,0,1.8730999727267772e-05
10432,2641,12,7,0,7.948001439217478e-06
10433,60962,14,6,0,1.2110001989640296e-05
10434,67752,24,6,0,2.514999869163148e-05
10435,90012,17,7,1,2.0782001229235902e-05
10436,28048,9,9,1,4.1128001612378284e-05
10437,83362,11,9,4,3.1596999178873375e-05
10438,118182,9,9,1,4.2843999835895374e-05
10439,104289,9,8,0,6.112000846769661e-06
10440,83369,13,9,3,3.942900002584793e-05
10441,7599,9,9,5,3.5654997191159055e-05
10442,11700,21,9,1,4.840600013267249e-05
10443,64974,9,9,1,4.401199839776382e-05
10444,85460,9,9,4,3.538800228852779e-05
10445,81370,9,9,1,4.420700133778155e-05
10446,40415,9,9,2,3.60690028173849e-05
10447,56799,10,9,2,3.926700082956813e-05
10448,71138,12,9,1,2.8839000151492655e-05
10449,30180,9,9,1,4.4391999836079776e-05
10450,44516,12,9,0,6.090800161473453e-05
10451,19949,9,9,1,4.6772001951467246e-05
10452,110064,14,9,3,4.605000140145421e-05
10453,71157,15,9,4,3.362400093465112e-05
10454,69109,11,9,2,0.00012219900236232206
10455,54774,12,9,1,4.231899947626516e-05
10456,99833,12,9,4,4.255800013197586e-05
10457,30202,13,9,1,3.744300192920491e-05
10458,91646,11,9,5,2.6342000637669116e-05
10459,132623,9,9,2,4.31160005973652e-05
10460,91685,15,9,0,2.3266999050974846e-05
10461,97844,10,9,1,3.6732999433297664e-05
10462,38452,11,9,1,2.5683999410830438e-05
10463,71244,9,9,4,3.288999869255349e-05
10464,61009,20,9,4,4.646900197258219e-05
10465,42709,10,8,1,3.042800017283298e-05
10466,98449,18,8,0,4.632600030163303e-05
10467,132043,13,7,2,1.9361999875400215e-05
10468,43647,23,7,0,2.4067001504590735e-05
10469,27872,20,6,0,1.3236000086180866e-05
10470,27882,20,5,0,7.912000000942498e-06
10471,68375,23,6,3,2.4249999114545062e-05
10472,114183,33,7,1,6.894999751239084e-05
10473,115344,13,8,2,3.3607997465878725e-05
10474,46532,25,8,0,3.2586998713668436e-05
10475,67163,16,9,0,2.555200262577273e-05
10476,73315,10,9,4,3.7122001231182367e-05
10477,56952,9,9,2,3.855300019495189e-05
10478,18042,15,9,1,4.995700146537274e-05
10479,44666,16,9,1,4.0586997783975676e-05
10480,13950,11,9,1,3.425499744480476e-05
10481,81539,9,9,4,3.188499977113679e-05
10482,75398,18,9,3,3.736299913725816e-05
10483,65160,16,9,7,3.245799962314777e-05
10484,46733,9,9,1,4.24190002377145e-05
10485,30372,9,8,0,6.191003194544464e-06
10486,65511,11,7,0,8.520000847056508e-06
10487,110464,16,8,0,3.257500065956265e-05
10488,25621,13,7,0,1.3488999684341252e-05
10489,27652,15,6,0,6.866997864563018e-06
10490,107720,14,6,0,1.584199708304368e-05
10491,112272,10,9,1,4.5176002458902076e-05
10492,89746,9,9,1,4.45930018031504e-05
10493,34462,9,9,3,3.419300264795311e-05
10494,118438,9,9,1,4.377799996291287e-05
10495,122555,9,9,1,4.300999717088416e-05
10496,95940,9,9,2,4.09399981435854e-05
10497,128940,9,8,0,5.808000423712656e-06
10498,128709,27,9,0,7.391200051642954e-05
10499,120525,11,9,1,2.089600093313493e-05
10500,20181,12,9,0,2.2463998902821913e-05
10501,77542,11,9,0,1.8570000975159928e-05
10502,50918,10,9,3,3.873399691656232e-05
10503,12011,9,9,1,4.278599953977391e-05
10504,16110,9,9,2,4.549500226858072e-05
10505,5904,10,9,4,3.442299930611625e-05
10506,38697,16,9,1,4.925299799651839e-05
10507,12658,16,8,0,9.06100103748031e-06
10508,118639,9,7,0,6.206999387359247e-06
10509,14768,12,8,2,3.462099994067103e-05
10510,126769,12,9,3,3.762399865081534e-05
10511,42808,19,9,2,4.5118998968973756e-05
10512,42810,9,9,1,4.212500061839819e-05
10513,128851,21,9,1,4.5340999349718913e-05
10514,108376,16,9,0,3.288799780420959e-05
10515,106338,10,9,2,3.151299824821763e-05
10516,130919,26,9,1,4.173499837634154e-05
10517,6002,9,9,1,4.4456999603426084e-05
10518,130931,9,9,2,4.1489998693577945e-05
10519,98162,12,9,4,4.928999987896532e-05
10520,28538,9,9,3,3.910399755113758e-05
10521,73603,9,9,3,6.321199907688424e-05
10522,69515,10,9,1,4.177499795332551e-05
10523,71566,10,9,3,2.839599983417429e-05
10524,112529,9,9,1,4.31119988206774e-05
10525,73625,9,9,1,4.4132000766694546e-05
10526,47005,15,9,3,3.9893999201012775e-05
10527,108450,10,9,1,4.322099994169548e-05
10528,4005,14,9,1,4.181099939160049e-05
10529,122802,9,9,1,4.2272000428056344e-05
10530,10163,11,9,1,4.4907999836141244e-05
10531,122805,13,9,2,3.2604999432805926e-05
10532,10168,11,9,1,3.374000152689405e-05
10533,98234,10,9,3,3.744200148503296e-05
10534,94140,9,9,1,5.0085000111721456e-05
10535,71618,10,9,2,3.835900133708492e-05
10536,128969,12,9,4,2.689999746507965e-05
10537,51157,11,9,2,3.341000046930276e-05
10538,96963,16,8,6,3.8177000533323735e-05
10539,16349,9,9,2,3.632700099842623e-05
10540,126956,11,9,3,3.365700104041025e-05
10541,116720,14,9,2,4.116299896850251e-05
10542,90104,9,9,4,3.5969998862128705e-05
10543,122873,11,9,4,5.9039000916527584e-05
10544,117076,12,8,1,1.744199835229665e-05
10545,49147,10,9,2,3.4889999369625e-05
10546,81922,19,9,1,4.698300108429976e-05
10547,4531,12,8,0,2.6666999474400654e-05
10548,9080,18,8,0,7.01099997968413e-05
10549,96448,20,7,0,1.444000008632429e-05
10550,23648,25,6,0,3.0219998734537512e-05
10551,118568,14,7,0,1.982500180019997e-05
10552,57368,12,9,0,2.1462001313921064e-05
10553,77858,19,9,1,4.730999717139639e-05
10554,51265,10,9,1,1.430100019206293e-05
10555,92248,13,9,0,3.229000139981508e-05
10556,26764,23,9,2,3.481800013105385e-05
10557,129201,13,9,1,2.5276000087615103e-05
10558,84162,12,9,2,4.636499943444505e-05
10559,86266,18,9,1,3.604399898904376e-05
10560,49495,15,9,4,3.727100192918442e-05
10561,117094,17,9,2,2.6959998649545014e-05
10562,53617,14,9,1,2.8939000912941992e-05
10563,96641,11,9,1,4.547099888441153e-05
10564,100911,11,9,1,2.1362000552471727e-05
10565,121552,10,8,0,7.2599978011567146e-06
10566,3166,11,8,3,3.968300006818026e-05
10567,125563,12,9,0,3.8196001696633175e-05
10568,66300,23,9,0,8.014899867703207e-05
10569,95646,26,8,0,1.2776999938068911e-05
10570,94946,22,8,2,3.877299968735315e-05
10571,88981,17,9,3,3.713100159075111e-05
10572,52176,17,9,0,3.268199725425802e-05
10573,19428,16,9,0,2.672699702088721e-05
10574,109544,15,9,1,3.733799894689582e-05
10575,113780,14,9,3,3.276899951742962e-05
10576,9334,11,9,3,3.2973002817016095e-05
10577,68808,10,9,1,4.26500009780284e-05
10578,106355,10,8,0,6.6829998104367405e-06
10579,130272,19,9,2,4.770099985762499e-05
10580,75134,10,9,2,0.00018009300038102083
10581,71064,12,9,2,2.780499926302582e-05
10582,58831,24,9,6,4.678899858845398e-05
10583,99793,24,9,3,4.6753000788157806e-05
10584,79423,14,9,1,2.6608002372086048e-05
10585,63076,11,9,2,3.6161000025458634e-05
10586,30542,20,9,3,3.995599763584323e-05
10587,55195,17,9,4,3.460500010987744e-05
10588,90127,13,9,0,2.6664998586056754e-05
10589,65620,14,9,3,3.560500044841319e-05
10590,90251,27,9,2,4.351499956101179e-05
10591,43613,17,9,2,3.782100247917697e-05
10592,101682,13,9,1,2.3249998776009306e-05
10593,36244,27,9,1,4.190300023765303e-05
10594,63109,12,9,3,4.221000199322589e-05
10595,67587,10,10,2,5.2062001486774534e-05
10596,61449,10,10,3,3.671899685286917e-05
10597,18442,12,10,7,3.51149974449072e-05
10598,4110,19,10,3,3.198299964424223e-05
10599,28692,11,10,3,4.313200042815879e-05
10600,65566,10,10,1,6.290099918260239e-05
10601,65567,10,10,1,5.395100015448406e-05
10602,71856,12,9,0,1.0218998795608059e-05
10603,89093,10,8,0,6.694001058349386e-06
10604,107790,14,7,0,9.190000128000975e-06
10605,73007,10,6,0,5.763999070040882e-06
10606,65569,10,10,1,4.897899998468347e-05
10607,816,10,9,0,6.595000741071999e-06
10608,87493,10,8,0,6.622001819778234e-06
10609,87521,10,7,0,5.93299773754552e-06
10610,110650,10,6,0,5.734000296797603e-06
10611,70751,14,7,1,2.136499824700877e-05
10612,3691,13,7,1,1.8383998394710943e-05
10613,92194,10,10,4,4.7925997932907194e-05
10614,120865,10,10,3,4.710800203611143e-05
10615,28709,11,10,2,6.954199852771126e-05
10616,77863,12,10,1,5.27299998793751e-05
10617,122921,11,10,3,4.1948002035496756e-05
10618,54582,10,9,0,5.45400325790979e-06
10619,112937,17,9,3,4.420299956109375e-05
10620,95424,22,9,0,3.6411001929081976e-05
10621,20526,14,10,2,4.319799700169824e-05
10622,76498,18,9,1,4.194100256427191e-05
10623,116784,12,10,3,5.3712999942945316e-05
10624,45107,10,10,1,5.213700205786154e-05
10625,110648,13,10,3,4.870799966738559e-05
10626,116800,20,10,4,4.685100066126324e-05
10627,80745,14,9,1,3.623800148488954e-05
10628,38540,12,9,1,4.38919996668119e-05
10629,34883,10,10,1,4.9958998715737835e-05
10630,16113,13,9,0,9.793999197427183e-06
10631,96101,10,8,0,6.2870021793060005e-06
10632,82023,14,8,0,2.4010998458834365e-05
10633,78582,14,7,0,8.199000149033964e-06
10634,59459,17,10,1,2.9626000468852e-05
10635,86094,11,10,3,4.199799877824262e-05
10636,86096,10,10,1,5.066400262876414e-05
10637,52225,10,9,0,6.649999704677612e-06
10638,9483,10,8,0,6.1110004025977105e-06
10639,68246,12,9,1,1.3797001884086058e-05
10640,113244,16,9,1,0.0005965759992250241
10641,41031,16,9,1,3.559999822755344e-05
10642,88198,17,9,2,2.8510999982245266e-05
10643,20204,14,9,5,3.268499858677387e-05
10644,48969,20,9,1,4.438300311448984e-05
10645,92243,17,8,0,2.0471001334954053e-05
10646,28753,10,10,1,5.089100159239024e-05
10647,116949,10,9,0,7.065002137096599e-06
10648,41217,10,8,0,6.020000000717118e-06
10649,25533,10,7,0,5.855999916093424e-06
10650,123303,10,6,0,6.000998837407678e-06
10651,21010,10,5,0,5.287998646963388e-06
10652,30149,10,4,0,4.361001629149541e-06
10653,31103,10,3,0,3.754001227207482e-06
10654,59812,10,2,0,3.7770005292259157e-06
10655,3018,14,3,0,1.1671996617224067e-05
10656,127061,10,10,1,5.329100167728029e-05
10657,78672,10,9,0,6.689999281661585e-06
10658,64483,10,8,0,6.390000635292381e-06
10659,34957,10,7,0,1.2685002729995176e-05
10660,110682,10,10,1,5.228100053500384e-05
10661,62471,10,9,0,7.1020003815647215e-06
10662,113774,10,8,0,6.0919992392882705e-06
10663,63717,10,7,0,8.261999028036371e-06
10664,62707,10,6,0,5.780999345006421e-06
10665,46416,10,5,0,1.1456999345682561e-05
10666,63618,10,4,0,4.5339984353631735e-06
10667,110752,10,3,0,4.191999323666096e-06
10668,46461,10,2,0,3.806002496276051e-06
10669,47670,10,1,0,3.622000804170966e-06
10670,133211,15,10,5,3.8300000596791506e-05
10671,65627,12,10,2,4.922299922327511e-05
10672,63578,13,10,4,3.215000106138177e-05
10673,68284,19,9,7,3.242300226702355e-05
10674,64470,17,9,1,3.662900053313933e-05
10675,69726,13,10,2,5.8378998801345006e-05
10676,114789,10,10,1,0.0001530779991298914
10677,23910,10,9,0,8.012000762391835e-06
10678,122995,10,8,0,6.317000952549279e-06
10679,65643,10,10,1,5.336299727787264e-05
10680,45207,17,9,0,1.4511999324895442e-05
10681,88175,24,10,2,5.441800021799281e-05
10682,12410,10,10,1,5.25010000274051e-05
10683,57508,10,9,0,7.200997060863301e-06
10684,96450,10,8,0,6.0679994930978864e-06
10685,27408,10,7,0,5.927002348471433e-06
10686,82216,11,6,0,6.456000846810639e-06
10687,119533,17,7,0,4.4890999561175704e-05
10688,100476,11,10,4,3.89259985240642e-05
10689,101374,10,9,2,6.565299918293022e-05
10690,103201,12,9,6,2.898599996115081e-05
10691,127115,13,10,2,6.105099964770488e-05
10692,37910,13,9,0,9.020001016324386e-06
10693,116883,10,10,2,4.6369998017326e-05
10694,76954,11,9,1,2.6790999982040375e-05
10695,50544,17,9,0,2.2610998712480068e-05
10696,58706,12,9,1,1.3100001524435356e-05
10697,130407,22,9,1,3.266199928475544e-05
10698,90270,10,10,1,0.00012045299808960408
10699,108946,10,9,0,7.057999027892947e-06
10700,37832,10,8,0,6.900998414494097e-06
10701,46735,12,9,1,2.8118996851844713e-05
10702,110751,10,10,1,5.362100273487158e-05
10703,124297,10,9,0,7.1400027081836015e-06
10704,84128,10,10,1,5.492100171977654e-05
10705,122556,10,9,0,7.222999556688592e-06
10706,91179,10,8,0,6.368998583639041e-06
10707,49991,10,7,0,6.357000529533252e-06
10708,8804,10,6,0,5.8539990277495235e-06
10709,56039,10,5,0,5.2770010370295495e-06
10710,40784,10,4,0,4.679000994656235e-06
10711,747,10,3,0,3.93899972550571e-06
10712,12080,10,2,0,3.6870005715172738e-06
10713,2206,26,10,2,4.726399856735952e-05
10714,2220,10,10,1,4.934699973091483e-05
10715,20665,10,9,0,6.917998689459637e-06
10716,66730,10,8,0,6.276997737586498e-06
10717,46672,10,7,0,9.659997886046767e-06
10718,21149,10,6,0,8.270002581411973e-06
10719,7521,10,5,0,6.710199886583723e-05
10720,10565,10,4,0,9.037001291289926e-06
10721,39536,16,6,1,3.636600013123825e-05
10722,37141,35,9,3,4.888999683316797e-05
10723,47277,10,10,1,5.5928998335730284e-05
10724,20816,10,9,0,7.074002496665344e-06
10725,40675,11,8,0,6.391997885657474e-06
10726,38863,10,7,0,5.5919990700203925e-06
10727,27285,10,6,0,5.661000614054501e-06
10728,94399,10,5,0,4.964997060596943e-06
10729,68695,10,4,0,6.759997631888837e-06
10730,21205,10,3,0,3.90399873140268e-06
10731,45905,10,2,0,3.6230012483429164e-06
10732,113723,11,1,0,3.749999450519681e-06
10733,128153,10,0,0,3.0659975891467184e-06
10734,78002,11,10,4,4.869899930781685e-05
10735,69321,14,9,1,3.420999928493984e-05
10736,129204,10,10,1,6.376099918270484e-05
10737,15647,10,9,0,7.184000423876569e-06
10738,110795,16,10,3,4.6609999117208645e-05
10739,100574,10,10,1,5.680499816662632e-05
10740,127200,12,10,5,5.766200047219172e-05
10741,82144,11,10,1,3.112299964413978e-05
10742,35042,13,10,1,4.7477999032707885e-05
10743,116961,15,10,1,5.3830997785553336e-05
10744,88543,11,9,0,2.1778003429062665e-05
10745,81826,14,9,0,3.3057000109693035e-05
10746,91015,13,9,1,3.552899943315424e-05
10747,120161,16,8,0,1.6255999071290717e-05
10748,62586,19,8,1,1.9573999452404678e-05
10749,132387,13,9,0,2.402099926257506e-05
10750,92390,14,10,1,6.638299964834005e-05
10751,69863,15,9,0,0.0011804349996964447
10752,21136,12,8,1,3.0205999792087823e-05
10753,123121,29,10,1,6.312499681371264e-05
10754,6397,19,10,1,4.211200212012045e-05
10755,61703,12,10,2,5.2060000598430634e-05
10756,24842,10,10,1,5.371999941417016e-05
10757,51196,11,9,0,7.958999049151316e-06
10758,49421,31,10,2,5.7094999647233635e-05
10759,24847,15,10,1,2.440300158923492e-05
10760,20762,11,10,1,5.984699964756146e-05
10761,296,10,10,1,7.991500024218112e-05
10762,22836,10,10,1,4.998499935027212e-05
10763,82249,15,9,0,1.1279000318609178e-05
10764,9218,10,8,0,6.202997610671446e-06
10765,23898,10,7,0,5.9730009525083005e-06
10766,85784,24,8,0,2.4168999516405165e-05
10767,119099,10,10,2,4.372200055513531e-05
10768,92475,15,10,1,4.0728002204559743e-05
10769,115005,10,10,1,0.00010365500202169642
10770,88381,11,10,1,5.573700036620721e-05
10771,94747,12,9,0,7.773000106681138e-06
10772,59217,10,8,0,6.2399994931183755e-06
10773,115745,10,7,0,6.002999725751579e-06
10774,2968,12,6,0,7.323000318137929e-06
10775,25599,15,6,1,1.0121999366674572e-05
10776,35426,14,5,0,9.648996638134122e-06
10777,35946,20,6,2,2.0655003027059138e-05
10778,118958,16,5,0,2.152500019292347e-05
10779,74202,14,4,1,1.1529999028425664e-05
10780,80928,19,9,2,4.74580010632053e-05
10781,57666,19,10,3,6.800399933126755e-05
10782,115012,13,10,1,3.183900116709992e-05
10783,37867,11,9,0,2.091399801429361e-05
10784,4422,10,10,2,4.659999831346795e-05
10785,127302,12,10,6,5.740100095863454e-05
10786,47437,13,10,5,4.185000216239132e-05
10787,76111,12,10,3,4.391500260680914e-05
10788,60279,12,9,4,3.73799994122237e-05
10789,2389,12,10,2,4.2689000110840425e-05
10790,53591,11,10,1,5.547399996430613e-05
10791,11258,10,9,0,7.618000381626189e-06
10792,29026,15,10,5,5.338999835657887e-05
10793,103767,21,9,0,2.4471002689097077e-05
10794,79531,14,8,2,3.484699846012518e-05
10795,36562,19,9,0,0.0021861490022274666
10796,12539,18,8,0,1.6791000234661624e-05
10797,8546,29,9,2,5.1713999710045755e-05
10798,99959,17,9,5,5.542700091609731e-05
10799,97541,32,9,3,4.766100028064102e-05
10800,50448,25,9,2,4.7049001295818016e-05
10801,33127,10,10,1,5.79290026507806e-05
10802,61802,15,10,1,4.664400330511853e-05
10803,7140,20,9,1,3.958600063924678e-05
10804,27686,25,9,1,4.20280011894647e-05
10805,61805,11,10,1,5.715799852623604e-05
10806,74113,13,10,4,4.783900294569321e-05
10807,102818,10,10,1,6.263199975364842e-05
10808,47524,10,10,1,6.543600102304481e-05
10809,117988,10,9,0,9.104998753173277e-06
10810,123300,12,10,2,8.240399984060787e-05
10811,27062,24,10,2,5.834000330651179e-05
10812,109016,10,10,2,5.27989977854304e-05
10813,49630,11,10,1,6.439299977500923e-05
10814,35299,13,10,0,2.6842997613130137e-05
10815,25061,13,10,1,4.979299774277024e-05
10816,6648,10,10,1,5.2373998187249526e-05
10817,12012,10,9,0,7.366001227637753e-06
10818,131988,10,8,0,6.402002327376977e-06
10819,126770,10,7,0,6.206999387359247e-06
10820,102905,14,10,2,4.4022999645676464e-05
10821,55807,10,10,1,5.431500176200643e-05
10822,6659,12,10,1,5.1193001127103344e-05
10823,65266,10,9,0,7.3119990702252835e-06
10824,9263,10,8,0,6.40500002191402e-06
10825,103698,10,7,0,7.614999049110338e-06
10826,15617,10,6,0,6.213998858584091e-06
10827,1897,10,5,0,5.663998308591545e-06
10828,133066,10,4,0,4.884001100435853e-06
10829,32485,10,3,0,4.239998816046864e-06
10830,35029,14,4,0,1.3495002349372953e-05
10831,6655,15,3,0,6.279999070102349e-06
10832,34725,20,4,0,1.2858999980380759e-05
10833,39429,17,10,5,5.308099935064092e-05
10834,100888,10,10,2,4.544100011116825e-05
10835,47646,12,10,1,5.264100036583841e-05
10836,86579,21,10,3,4.864999937126413e-05
10837,39478,19,10,3,3.806200038525276e-05
10838,39480,11,10,1,5.581699952017516e-05
10839,68156,12,10,5,4.368399822851643e-05
10840,62018,10,10,1,5.0515998736955225e-05
10841,108488,10,9,0,7.348000508500263e-06
10842,112073,10,8,0,6.778998795198277e-06
10843,112075,10,7,0,6.359998224070296e-06
10844,63071,13,6,0,7.839000318199396e-06
10845,2643,10,5,0,5.2249997679609805e-06
10846,123458,10,10,1,5.3222000133246183e-05
10847,28394,10,9,0,6.7879991547670215e-06
10848,2630,11,10,4,4.5882999984314665e-05
10849,59980,24,10,4,4.5361000957200304e-05
10850,1444,19,9,0,3.40410006174352e-05
10851,25168,11,10,2,3.948700032196939e-05
10852,103567,24,9,3,4.7910998546285555e-05
10853,70225,15,10,2,5.0668997573666275e-05
10854,88658,10,10,1,5.2878000133205205e-05
10855,38633,10,9,0,7.231999916257337e-06
10856,2653,15,10,2,2.8346999897621572e-05
10857,82535,16,10,5,5.642199903377332e-05
10858,117370,17,10,2,4.554499901132658e-05
10859,94862,12,10,1,5.5204000091180205e-05
10860,99482,10,9,0,7.538998033851385e-06
10861,15769,10,8,0,6.638998456764966e-06
10862,59677,13,8,0,3.12470001517795e-05
10863,37791,15,8,0,1.2166001397417858e-05
10864,92817,12,10,3,0.0021736039998359047
10865,38446,10,9,3,4.2687999666668475e-05
10866,80531,11,10,4,4.45849982497748e-05
10867,56411,15,9,0,2.778999987640418e-05
10868,88734,15,10,2,5.666899960488081e-05
10869,109778,17,9,1,3.7912999687250704e-05
10870,2720,13,10,5,4.4184002035763115e-05
10871,109216,19,10,1,3.982199996244162e-05
10872,31397,11,10,2,5.1451999752316624e-05
10873,10926,16,10,4,4.9890997615875676e-05
10874,45747,10,10,1,6.186000246088952e-05
10875,29390,10,9,0,7.996000931598246e-06
10876,113336,10,10,1,5.7098000979749486e-05
10877,56042,12,10,2,4.35010006185621e-05
10878,101103,10,10,1,5.371000224840827e-05
10879,107724,12,9,0,1.0331001249141991e-05
10880,46664,10,8,0,6.569996912730858e-06
10881,101105,15,8,0,1.5123001503525302e-05
10882,78575,14,10,4,8.811700172373094e-05
10883,72434,13,10,4,5.893100023968145e-05
10884,58147,10,10,2,5.9178000810788944e-05
10885,68398,25,10,2,5.6056996982079e-05
10886,109600,16,9,0,3.448400093475357e-05
10887,82734,20,10,0,4.083399835508317e-05
10888,125745,14,10,2,2.919299731729552e-05
10889,52870,16,9,0,3.0142000468913466e-05
10890,20256,13,9,2,3.4115000744350255e-05
10891,49973,10,10,1,6.174300142447464e-05
10892,81618,10,9,0,7.541999366367236e-06
10893,119616,10,10,1,5.3167997975833714e-05
10894,60234,10,10,2,4.606900256476365e-05
10895,18236,14,9,3,3.781700070248917e-05
10896,122538,10,8,0,6.598998879780993e-06
10897,76618,10,10,2,5.3331001254264265e-05
10898,43887,13,10,3,4.377200093585998e-05
10899,119667,11,9,2,4.197899761493318e-05
10900,129905,12,10,5,4.511199949774891e-05
10901,56179,14,10,3,4.391800030134618e-05
10902,129910,10,10,1,8.567000259063207e-05
10903,116343,10,9,0,7.4260024121031165e-06
10904,50039,10,10,1,5.2897001296514645e-05
10905,4984,14,10,2,3.772200216189958e-05
10906,56194,11,10,3,8.019099914235994e-05
10907,32120,14,9,2,2.8025999199599028e-05
10908,66438,15,10,1,3.838799966615625e-05
10909,123798,11,10,2,5.240700193098746e-05
10910,31638,39,10,2,7.354700210271403e-05
10911,66469,10,10,1,5.014300040784292e-05
10912,29620,17,10,4,4.900200292468071e-05
10913,3008,10,10,3,5.50519980606623e-05
10914,72640,11,10,2,4.964300023857504e-05
10915,86978,17,10,0,4.223400173941627e-05
10916,64457,10,10,1,5.6057000620057806e-05
10917,48073,10,10,1,5.4194999393075705e-05
10918,82899,10,10,1,6.525099888676777e-05
10919,66518,11,10,1,7.55949986341875e-05
10920,60376,26,10,3,7.253700096043758e-05
10921,113652,16,9,4,2.785499964375049e-05
10922,62430,12,10,1,4.290700235287659e-05
10923,7146,12,10,2,3.906599886249751e-05
10924,80874,12,10,0,2.3714997951174155e-05
10925,37997,12,9,2,2.8823000320699066e-05
10926,96261,14,9,5,2.1631996787618846e-05
10927,58365,10,10,1,5.2583000069716945e-05
10928,132104,12,10,2,5.0016002205666155e-05
10929,130068,13,10,3,2.5119999918388203e-05
10930,19479,11,10,3,4.066800102009438e-05
10931,117789,10,10,1,5.5521002650493756e-05
10932,118134,10,9,0,7.243001164169982e-06
10933,89117,12,10,5,4.968999928678386e-05
10934,56366,18,10,1,3.362200004630722e-05
10935,66607,10,10,3,4.2552001104922965e-05
10936,78916,10,10,1,5.32810008735396e-05
10937,108330,10,9,0,7.1599970397073776e-06
10938,70729,12,10,6,4.5912998757557943e-05
10939,6082,11,9,2,3.259399818489328e-05
10940,60491,13,10,2,2.3545999283669516e-05
10941,85986,17,9,5,0.0021343839980545454
10942,74828,10,10,1,6.592299905605614e-05
10943,32719,10,9,0,8.924998837755993e-06
10944,101232,14,9,0,5.345699901226908e-05
10945,25211,13,9,1,3.0000999686308205e-05
10946,12471,16,9,1,3.3004998840624467e-05
10947,35917,10,10,1,6.203299926710315e-05
10948,60495,10,10,2,5.72280005144421e-05
10949,44111,12,10,1,5.6369000958511606e-05
10950,101465,10,10,1,6.580099943676032e-05
10951,76896,10,10,1,6.607500108657405e-05
10952,29807,11,10,2,4.080700091435574e-05
10953,15476,13,10,2,4.873500074609183e-05
10954,85113,10,10,1,6.171499990159646e-05
10955,27902,10,9,0,8.152001100825146e-06
10956,51066,13,9,0,1.4306999219115824e-05
10957,79517,14,9,0,6.822900104452856e-05
10958,3194,10,10,1,9.954900087905116e-05
10959,29829,13,10,6,4.2167997889919207e-05
10960,29833,12,10,1,4.708599954028614e-05
10961,5283,16,10,3,6.260199734242633e-05
10962,64676,10,10,4,5.472700286190957e-05
10963,101556,30,10,1,7.87089993536938e-05
10964,79035,10,10,3,4.93909974466078e-05
10965,107715,10,10,1,6.023500100127421e-05
10966,97476,13,10,2,5.1958999392809346e-05
10967,85187,15,10,2,5.367199992178939e-05
10968,60618,11,10,4,4.597700171871111e-05
10969,42223,10,10,1,5.879300078959204e-05
10970,79108,13,10,2,5.4461001127492636e-05
10971,56614,11,10,1,4.984800034435466e-05
10972,109896,10,10,2,5.793200034531765e-05
10973,44687,10,9,0,8.639999578008428e-06
10974,45565,14,9,1,2.5438999728066847e-05
10975,55331,12,9,1,5.2467003115452826e-05
10976,17736,13,10,1,5.362999945646152e-05
10977,25934,11,10,1,2.2719003027305007e-05
10978,87375,14,10,3,4.6008000936126336e-05
10979,52564,16,10,1,4.379399979370646e-05
10980,73044,16,10,1,6.2340001022676e-05
10981,36183,10,10,1,5.1293998694745824e-05
10982,1370,10,10,1,5.614700057776645e-05
10983,83295,21,10,3,5.774099918198772e-05
10984,71009,12,10,1,5.509000038728118e-05
10985,130454,18,10,3,5.833199975313619e-05
10986,85399,10,10,1,5.735899685532786e-05
10987,5666,10,9,0,6.603997462661937e-06
10988,40343,11,10,1,4.639100006897934e-05
10989,21920,16,10,3,4.402799822855741e-05
10990,5548,10,10,1,5.472700286190957e-05
10991,16116,10,9,0,7.493999873986468e-06
10992,118193,12,10,4,4.08650012104772e-05
10993,103857,22,10,0,3.734900019480847e-05
10994,69046,20,10,1,9.665900142863393e-05
10995,112059,23,10,3,5.5912998504936695e-05
10996,64973,14,10,3,3.680900044855662e-05
10997,93661,14,10,3,4.283399903215468e-05
10998,15840,11,10,3,4.568299846141599e-05
10999,101860,17,10,2,4.680900019593537e-05
11000,119195,15,9,1,3.707500218297355e-05
11001,116214,14,10,5,6.238400237634778e-05
11002,46583,12,10,4,5.378399873734452e-05
11003,58872,11,10,3,5.031399996369146e-05
11004,62967,11,10,3,4.762799653690308e-05
11005,83474,12,10,2,2.393600152572617e-05
11006,83492,10,10,1,5.3897998441243544e-05
11007,48707,11,10,3,4.464000085135922e-05
11008,20036,14,10,1,5.21080000908114e-05
11009,71240,16,10,2,7.314899994526058e-05
11010,3926,13,9,2,2.235500141978264e-05
11011,26187,10,10,1,0.0021595290018012747
11012,54859,12,10,2,6.044000110705383e-05
11013,87690,17,9,0,3.984900104114786e-05
11014,95832,10,10,3,5.352600055630319e-05
11015,81496,14,10,4,6.723399928887375e-05
11016,1826,12,9,1,4.3811000068672e-05
11017,65120,12,10,3,4.244199953973293e-05
11018,12058,17,9,3,5.3022002248326316e-05
11019,58984,16,10,2,4.4308002543402836e-05
11020,32379,11,10,2,4.4424999941838905e-05
11021,71296,30,10,2,5.703299757442437e-05
11022,3713,10,10,1,5.306200182531029e-05
11023,42633,27,10,1,6.878000203869306e-05
11024,93835,13,10,2,5.223400148679502e-05
11025,30352,12,10,4,4.8340996727347374e-05
11026,97956,13,10,1,9.114600106840953e-05
11027,40618,19,10,1,5.278499884298071e-05
11028,14009,11,10,1,2.6989997422788292e-05
11029,93889,10,10,2,4.3597003241302446e-05
11030,52949,10,10,1,5.2495001000352204e-05
11031,77530,10,10,1,5.515899829333648e-05
11032,3810,13,10,0,3.62920000043232e-05
11033,65263,10,10,1,4.856499799643643e-05
11034,12079,10,9,0,7.279999408638105e-06
11035,63225,27,10,2,4.920500214211643e-05
11036,20218,11,10,1,3.5296001442475244e-05
11037,44797,11,10,2,4.770899977302179e-05
11038,61196,10,10,1,5.501499981619418e-05
11039,20251,11,10,2,5.355699977371842e-05
11040,3877,22,10,3,4.696500036516227e-05
11041,92123,18,9,1,3.632299922173843e-05
11042,126760,11,10,1,5.882000186829828e-05
11043,22314,10,10,1,5.106599928694777e-05
11044,102198,11,10,1,2.083200160996057e-05
11045,126780,11,10,5,6.739999662386253e-05
11046,16222,10,10,1,5.352500011213124e-05
11047,114533,10,10,1,5.3168998420005664e-05
11048,114537,11,10,3,0.00011769900083891116
11049,108396,10,10,1,5.4922998970141634e-05
11050,118638,10,10,1,5.221399987931363e-05
11051,8057,14,10,1,4.035900201415643e-05
11052,46969,12,10,3,4.493400047067553e-05
11053,120705,10,10,1,5.682799746864475e-05
11054,128934,12,10,1,4.9492999096401036e-05
11055,12224,18,10,3,5.516900273505598e-05
11056,126924,11,10,3,4.4565000280272216e-05
11057,108494,14,10,0,4.776700006914325e-05
11058,128985,13,10,3,4.494400127441622e-05
11059,67548,21,10,0,4.2204999772366136e-05
11060,66750,27,9,0,4.276800245861523e-05
11061,118763,10,10,1,9.221999789588153e-05
11062,86003,10,10,1,6.49760004307609e-05
11063,126965,14,10,3,4.428899774211459e-05
11064,18459,14,10,0,3.732899858732708e-05
11065,84013,19,10,1,5.081799827166833e-05
11066,14382,17,10,3,3.7843998143216595e-05
11067,51262,15,10,3,3.9147998904809356e-05
11068,14413,19,10,1,5.172800229047425e-05
11069,53347,13,10,1,5.2546998631441966e-05
11070,94360,12,10,1,5.9799996961373836e-05
11071,127659,12,9,0,8.242997864726931e-06
11072,106698,11,10,1,2.07009979931172e-05
11073,84207,11,10,1,4.102000093553215e-05
11074,125204,22,10,4,4.736499977298081e-05
11075,67896,12,10,1,5.078199683339335e-05
11076,29835,12,9,0,8.193997928174213e-06
11077,81402,12,8,0,6.833000952610746e-06
11078,11925,14,8,0,2.3115000658435747e-05
11079,34539,12,7,0,7.480000931536779e-06
11080,40431,14,6,0,7.323000318137929e-06
11081,126989,14,5,0,6.4400010160170496e-06
11082,87083,16,4,0,7.741997251287103e-06
11083,55559,18,5,0,2.0721003238577396e-05
11084,22851,13,10,0,3.3954998798435554e-05
11085,96657,25,10,2,0.001977956999326125
11086,74130,19,10,0,2.926500019384548e-05
11087,113081,12,10,1,8.752099893172272e-05
11088,98761,11,10,1,6.137599848443642e-05
11089,6612,15,10,4,3.649599966593087e-05
11090,74207,11,10,2,9.408199912286364e-05
11091,123421,15,10,2,4.585599890560843e-05
11092,123609,17,10,4,5.2249997679609805e-05
11093,107251,17,10,2,4.478099799598567e-05
11094,103208,12,10,2,4.6069999370956793e-05
11095,66350,18,10,1,3.864799873554148e-05
11096,107317,26,10,1,4.664099833462387e-05
11097,25490,14,10,1,5.3656000090995803e-05
11098,94490,13,9,0,9.69999746303074e-06
11099,42413,16,9,1,2.1616000594804063e-05
11100,101332,18,10,0,3.687999924295582e-05
11101,33781,12,10,1,7.026999810477719e-05
11102,7432,12,9,0,1.2642998626688495e-05
11103,119833,27,10,2,4.478700066101737e-05
11104,105705,22,10,2,3.894199835485779e-05
11105,120257,12,10,3,9.202599903801456e-05
11106,28331,12,10,0,3.2242001907434314e-05
11107,114435,11,10,1,3.0191997211659327e-05
11108,18354,16,10,3,4.766500205732882e-05
11109,116742,13,11,3,5.391299782786518e-05
11110,104474,11,11,1,6.729200322297402e-05
11111,9506,17,10,0,1.574800262460485e-05
11112,48648,11,9,0,7.065002137096599e-06
11113,89755,11,8,0,6.07099718763493e-06
11114,19619,19,8,0,1.959699875442311e-05
11115,86901,26,10,1,3.464600013103336e-05
11116,77850,11,11,1,5.9869998949579895e-05
11117,132221,11,10,0,7.84499934525229e-06
11118,128903,11,9,0,6.946000212337822e-06
11119,21878,11,8,0,6.618996849283576e-06
11120,126861,11,7,0,6.956001016078517e-06
11121,36815,11,6,0,6.357000529533252e-06
11122,4319,11,5,0,5.049998435424641e-06
11123,86311,19,7,3,2.5112000002991408e-05
11124,70983,15,6,0,2.553300146246329e-05
11125,2421,18,5,0,2.044400025624782e-05
11126,106934,15,10,3,3.941199975088239e-05
11127,45086,12,11,1,6.530300015583634e-05
11128,129856,11,10,0,7.322003511944786e-06
11129,51545,11,9,0,6.951999239390716e-06
11130,61479,12,11,2,4.2255000153090805e-05
11131,80092,12,10,0,7.161997928051278e-06
11132,110635,11,11,1,5.685199721483514e-05
11133,4816,11,10,0,8.144001185428351e-06
11134,129949,11,9,0,6.465001206379384e-06
11135,5601,11,8,0,6.6590000642463565e-06
11136,30060,11,7,0,6.652997399214655e-06
11137,26091,11,6,0,6.155001756269485e-06
11138,97444,11,5,0,5.67700044484809e-06
11139,122863,11,4,0,4.5579981815535575e-06
11140,44256,11,3,0,4.465000529307872e-06
11141,44674,18,6,2,6.522900002892129e-05
11142,94743,20,5,0,9.659997886046767e-06
11143,98349,11,11,1,6.679299985989928e-05
11144,75004,11,10,0,7.681999704800546e-06
11145,32529,11,9,0,6.727997970301658e-06
11146,85779,11,8,0,6.28400084679015e-06
11147,34882,11,7,0,6.468999345088378e-06
11148,3910,11,6,0,6.050999218132347e-06
11149,82559,11,5,0,5.322002834873274e-06
11150,35157,13,4,0,5.871999746887013e-06
11151,6795,13,3,0,4.975998308509588e-06
11152,3569,15,6,1,2.756700268946588e-05
11153,38970,11,11,1,5.835100091644563e-05
11154,112071,11,10,0,7.86600139690563e-06
11155,75547,11,9,0,6.714999472023919e-06
11156,132974,11,8,0,6.884001777507365e-06
11157,113490,16,7,0,1.0349001968279481e-05
11158,4318,16,6,0,8.806000550976023e-06
11159,46295,11,5,0,5.347999831428751e-06
11160,38530,11,4,0,4.70700251753442e-06
11161,132845,16,3,0,5.7779980124905705e-06
11162,80996,25,3,0,1.0453000868437812e-05
11163,86872,47,7,1,5.76879974687472e-05
11164,100411,16,11,4,6.328300150926225e-05
11165,76400,14,10,2,4.29539977631066e-05
11166,20554,11,11,1,6.742700134054758e-05
11167,47194,17,11,5,6.486699930974282e-05
11168,127071,11,11,1,6.583600043086335e-05
11169,65638,11,11,1,6.10959978075698e-05
11170,67687,23,11,3,5.758599945693277e-05
11171,116866,11,11,1,9.63729980867356e-05
11172,103455,11,10,0,9.019997378345579e-06
11173,38806,11,9,0,7.1020003815647215e-06
11174,116894,11,8,0,6.771002517780289e-06
11175,48537,11,7,0,1.0419000318506733e-05
11176,57630,11,6,0,6.039001164026558e-06
11177,45194,14,11,5,5.796699770144187e-05
11178,28810,12,11,1,2.4640001356601715e-05
11179,116874,13,11,4,5.361800140235573e-05
11180,106635,18,11,0,4.854900180362165e-05
11181,127120,15,11,2,3.0262999644037336e-05
11182,55462,30,11,1,5.4437998187495396e-05
11183,82834,22,10,2,4.748399805976078e-05
11184,102361,17,10,0,4.1250001231674105e-05
11185,94435,22,9,0,1.1850999726448208e-05
11186,37088,29,10,1,4.992800313630141e-05
11187,70163,24,10,1,5.499899998540059e-05
11188,20901,13,10,2,5.1299000915605575e-05
11189,43451,13,9,0,8.808998245513067e-06
11190,15025,16,9,2,3.9321999793173745e-05
11191,12667,25,8,0,2.462799966451712e-05
11192,49251,17,8,1,2.7352001779945567e-05
11193,118487,13,10,1,3.582900171750225e-05
11194,51504,16,9,1,3.800699778366834e-05
11195,121002,17,11,1,9.121800030698068e-05
11196,125100,13,11,1,6.694900002912618e-05
11197,8377,14,11,2,5.260699981590733e-05
11198,65723,14,11,1,0.00022049499966669828
11199,45246,11,11,4,5.720300032407977e-05
11200,24768,11,11,1,7.904200174380094e-05
11201,57537,14,11,5,4.4601001718547195e-05
11202,30921,11,11,1,6.316500002867542e-05
11203,61664,11,10,0,7.967999408720061e-06
11204,2797,11,9,0,6.597998435609043e-06
11205,17280,11,8,0,6.5540007199160755e-06
11206,32675,13,8,1,2.0874002075288445e-05
11207,125136,25,11,3,6.348500028252602e-05
11208,105955,27,10,4,4.57479982287623e-05
11209,20693,11,11,1,7.286199979716912e-05
11210,63804,11,10,0,7.585997082060203e-06
11211,125940,11,9,0,6.968002708163112e-06
11212,61898,11,8,0,2.5017998268594965e-05
11213,38309,11,7,0,8.833998435875401e-06
11214,60108,11,6,0,7.37299706088379e-06
11215,61476,22,7,2,3.572200148482807e-05
11216,117262,21,10,1,4.32679989899043e-05
11217,131030,17,9,1,4.964199979440309e-05
11218,108762,11,11,3,5.7872999605024233e-05
11219,58109,15,10,1,1.949400029843673e-05
11220,121054,11,11,1,7.08110019331798e-05
11221,132882,11,10,0,8.491999324178323e-06
11222,71738,19,10,0,3.370999911567196e-05
11223,30320,13,10,2,1.836299998103641e-05
11224,16359,19,9,0,2.458999733789824e-05
11225,100254,13,8,2,1.4896999346092343e-05
11226,88082,17,7,0,1.3668999599758536e-05
11227,38226,16,7,1,1.690299905021675e-05
11228,119210,21,8,4,4.906599860987626e-05
11229,101890,37,8,3,6.368400136125274e-05
11230,114965,17,10,1,5.989399869577028e-05
11231,109192,12,10,7,4.258999979356304e-05
11232,73956,14,11,4,6.220299837877974e-05
11233,79360,19,10,0,1.3302997103892267e-05
11234,2277,17,11,5,9.280399899580516e-05
11235,80880,11,10,2,4.58249996881932e-05
11236,14570,22,11,2,5.778800186817534e-05
11237,6374,15,11,3,5.5058000725694e-05
11238,2312,11,11,1,8.801699732430279e-05
11239,73421,11,10,0,9.258001227863133e-06
11240,51985,11,9,0,8.300001354655251e-06
11241,131541,15,9,1,2.5593999453121796e-05
11242,59510,15,9,1,4.280700159142725e-05
11243,24841,20,11,0,4.6388002374442294e-05
11244,121100,16,11,2,5.6510001741116866e-05
11245,39186,15,11,4,4.1686002077767625e-05
11246,22805,11,11,1,7.5459000072442e-05
11247,46497,11,10,0,9.318002412328497e-06
11248,24853,13,11,7,7.003800055827014e-05
11249,53530,29,11,1,7.803300104569644e-05
11250,1881,17,10,1,6.0189002397237346e-05
11251,640,12,9,1,3.490800008876249e-05
11252,90213,30,10,4,6.446699990192428e-05
11253,47569,24,10,1,4.550800076685846e-05
11254,53079,17,10,1,5.0010999984806404e-05
11255,92454,11,11,1,6.391699935193174e-05
11256,43304,11,11,1,6.683800165774301e-05
11257,90408,13,11,1,4.534499748842791e-05
11258,125230,17,11,1,5.231500108493492e-05
11259,131975,22,10,2,5.130199861014262e-05
11260,110055,19,10,1,1.5132001863094047e-05
11261,8503,15,11,1,6.690699956379831e-05
11262,129359,11,11,1,6.894800026202574e-05
11263,25213,11,10,0,8.087998139671981e-06
11264,37697,11,9,0,7.220001862151548e-06
11265,101323,11,8,0,7.096001354511827e-06
11266,28711,12,8,1,1.3303000741871074e-05
11267,33109,11,11,1,5.902399789192714e-05
11268,43733,12,10,0,8.243001502705738e-06
11269,97542,11,9,0,6.64399703964591e-06
11270,92538,11,8,0,6.102000043028966e-06
11271,13878,12,7,0,6.6259999584872276e-06
11272,56879,11,6,0,6.073998520150781e-06
11273,112427,12,5,0,5.813002644572407e-06
11274,7816,12,4,0,4.903999069938436e-06
11275,55640,13,11,3,6.15699973423034e-05
11276,112982,23,11,2,0.00012368999887257814
11277,12633,15,11,2,5.76109996472951e-05
11278,35165,11,11,7,0.00012154299838584848
11279,113041,12,10,3,4.6627999836346135e-05
11280,102756,11,11,1,6.254899926716462e-05
11281,603,11,10,0,7.853999704821035e-06
11282,73253,11,9,0,7.176997314672917e-06
11283,45697,11,8,0,6.46200351184234e-06
11284,9980,11,7,0,6.274000043049455e-06
11285,33833,11,6,0,6.335998477879912e-06
11286,18357,11,5,0,5.451998731587082e-06
11287,59749,12,11,1,7.379700036835857e-05
11288,14694,11,11,1,6.685399785055779e-05
11289,109513,11,10,0,8.13999940874055e-06
11290,71440,11,9,0,6.818001565989107e-06
11291,89922,15,8,0,1.1075997463194653e-05
11292,128160,13,9,2,2.183800097554922e-05
11293,24771,14,9,2,2.2779000573791564e-05
11294,32738,21,9,2,2.3871001758379862e-05
11295,517,19,10,0,3.417599873500876e-05
11296,37231,11,11,1,6.442800076911226e-05
11297,16752,11,11,1,6.390799899236299e-05
11298,100730,11,11,1,0.0004420500008563977
11299,106894,11,11,1,6.166599996504374e-05
11300,103028,11,10,0,7.734000973869115e-06
11301,11198,11,9,0,1.038000118569471e-05
11302,9389,14,9,1,5.952100036665797e-05
11303,104850,12,11,5,5.686000076821074e-05
11304,74133,11,11,1,0.00035053300234721974
11305,39343,12,11,1,9.657500049797818e-05
11306,18878,11,11,1,6.439299977500923e-05
11307,64680,11,10,0,8.068000170169398e-06
11308,81900,11,9,0,7.013997674221173e-06
11309,51668,13,11,2,4.7812001866986975e-05
11310,70107,19,11,2,9.516600039205514e-05
11311,16881,11,11,1,6.437599950004369e-05
11312,122067,11,10,0,8.152997907018289e-06
11313,17971,11,9,0,7.203001587186009e-06
11314,128938,11,8,0,6.66299820295535e-06
11315,118007,13,9,1,4.916699981549755e-05
11316,16884,11,11,1,6.942199979675934e-05
11317,85668,11,10,0,7.42799966246821e-06
11318,20984,21,11,1,6.024200047249906e-05
11319,26433,14,10,4,3.82250000257045e-05
11320,110431,11,10,3,3.880599979311228e-05
11321,70142,12,11,7,4.1540999518474564e-05
11322,88576,13,11,1,6.635499812546186e-05
11323,1904,11,10,0,7.716000254731625e-06
11324,45603,14,11,3,6.200899952091277e-05
11325,34535,15,10,4,7.211699994513765e-05
11326,59946,27,11,5,5.913300265092403e-05
11327,16959,11,11,2,6.509399827336892e-05
11328,123456,18,11,5,4.4770000386051834e-05
11329,23110,11,11,1,6.55149997328408e-05
11330,78424,11,11,1,6.756500079063699e-05
11331,35428,11,11,2,5.2707000577356666e-05
11332,2662,18,11,1,5.891000182600692e-05
11333,107124,15,11,3,6.448800195357762e-05
11334,82557,11,11,1,6.230500002857298e-05
11335,115326,19,11,0,5.002000034437515e-05
11336,96909,12,11,4,5.938100002822466e-05
11337,53914,11,11,1,6.485499761765823e-05
11338,70800,11,10,0,8.76600097399205e-06
11339,113868,11,9,0,7.677001121919602e-06
11340,680,17,11,4,4.6557997848140076e-05
11341,121513,32,11,6,0.00011194300168426707
11342,41668,11,11,1,6.577699969056994e-05
11343,68291,13,11,4,3.813700095633976e-05
11344,58053,12,11,1,0.0001450300005672034
11345,41676,13,11,3,4.922900188830681e-05
11346,121553,11,11,1,0.0001380869980494026
11347,54352,11,10,0,7.444003131240606e-06
11348,38983,12,10,1,4.79949994769413e-05
11349,103120,20,11,1,5.756699829362333e-05
11350,15064,11,11,6,4.54379987786524e-05
11351,47831,12,11,3,6.519499947899021e-05
11352,96987,19,11,3,6.33609997748863e-05
11353,107306,18,10,1,3.801700222538784e-05
11354,132342,24,9,2,3.941399700124748e-05
11355,130091,23,8,1,5.802699888590723e-05
11356,66274,14,11,2,6.509500235551968e-05
11357,94960,11,11,2,5.369499922380783e-05
11358,27918,14,10,1,1.5057001292007044e-05
11359,123677,16,11,0,3.519899837556295e-05
11360,21292,16,11,3,5.8861998695647344e-05
11361,123695,22,11,2,6.194500019773841e-05
11362,49970,19,11,3,6.898300125612877e-05
11363,29945,12,10,1,3.448499774094671e-05
11364,58980,17,10,2,5.004400009056553e-05
11365,4930,18,11,2,5.938200047239661e-05
11366,29517,18,11,3,5.142699956195429e-05
11367,11091,14,11,2,5.133499871590175e-05
11368,112490,16,10,1,4.98650006193202e-05
11369,121939,14,10,2,5.175299884285778e-05
11370,21333,21,11,4,4.8357997002312914e-05
11371,88917,14,11,0,5.4208998335525393e-05
11372,9052,11,11,2,7.641399861313403e-05
11373,13152,14,11,4,6.154500078991987e-05
11374,80740,12,11,4,6.572300117113627e-05
11375,87716,19,10,5,5.9195001085754484e-05
11376,43891,11,11,2,6.516699795611203e-05
11377,55045,11,10,0,8.31500074127689e-06
11378,25535,11,9,0,7.325001206481829e-06
11379,114635,13,9,0,2.1257001208141446e-05
11380,50036,26,11,1,6.277600186876953e-05
11381,48906,19,10,3,5.6196000514319167e-05
11382,56206,11,11,1,6.451200169976801e-05
11383,33692,11,11,3,4.8380999942310154e-05
11384,101278,11,11,1,6.547400334966369e-05
11385,74656,11,10,0,7.919999916339293e-06
11386,5275,11,9,0,7.1260001277551055e-06
11387,26042,11,8,0,6.471000233432278e-06
11388,91657,15,8,1,1.8023998563876376e-05
11389,82175,15,7,0,1.4279001334216446e-05
11390,66459,12,11,2,5.4142998124007136e-05
11391,23461,11,11,3,5.904899808228947e-05
11392,23468,15,11,2,8.615200204076245e-05
11393,74680,24,11,1,5.0951999583048746e-05
11394,55167,26,10,3,5.545800013351254e-05
11395,70589,11,11,3,5.772999793407507e-05
11396,115992,11,10,0,8.220999006880447e-06
11397,25538,12,11,2,5.109500125399791e-05
11398,91556,14,10,1,4.528499994194135e-05
11399,25543,14,11,0,2.8508002287708223e-05
11400,11705,15,10,0,2.2412998077925295e-05
11401,86990,17,11,1,8.533699656254612e-05
11402,100260,11,10,0,7.915001333458349e-06
11403,78810,24,11,3,5.980700007057749e-05
11404,110422,16,10,3,4.6649001887999475e-05
11405,40350,16,10,1,4.768799772136845e-05
11406,37328,23,10,0,5.596200207946822e-05
11407,107633,18,10,5,3.214200114598498e-05
11408,3043,11,11,4,4.347299909568392e-05
11409,125928,19,11,2,4.0503000491298735e-05
11410,101365,11,11,3,8.050100223044865e-05
11411,46081,11,11,4,6.342699998640455e-05
11412,107542,11,11,1,6.801899871788919e-05
11413,87060,13,11,4,9.221099753631279e-05
11414,117788,11,11,2,6.0202000895515084e-05
11415,95261,11,11,3,5.0415001169312745e-05
11416,39968,12,11,1,5.1613002142403275e-05
11417,119847,15,11,0,3.0431998311541975e-05
11418,9276,17,11,2,4.464199810172431e-05
11419,35952,12,11,1,5.3747000492876396e-05
11420,27811,12,10,0,8.409999281866476e-06
11421,105840,12,9,0,7.614999049110338e-06
11422,52743,18,10,1,5.356900146580301e-05
11423,54401,11,11,2,5.379200229072012e-05
11424,124221,17,10,0,2.00120011868421e-05
11425,68739,12,11,1,5.741299901274033e-05
11426,52355,17,11,0,3.051199746550992e-05
11427,110672,15,10,0,3.9474998629884794e-05
11428,5253,20,11,3,4.840700057684444e-05
11429,38533,12,11,3,6.173099973239005e-05
11430,28298,15,11,1,5.8382996940054e-05
11431,19603,30,11,3,5.525599772226997e-05
11432,72150,20,10,4,5.0156002544099465e-05
11433,54423,16,11,2,6.969899914111011e-05
11434,71323,17,11,3,5.058199894847348e-05
11435,8349,17,11,0,5.800299913971685e-05
11436,68842,23,10,1,5.116900138091296e-05
11437,2217,17,9,0,9.824998414842412e-06
11438,55974,18,11,2,4.6162000217009336e-05
11439,125005,17,10,1,4.7314002586063e-05
11440,122536,18,11,7,5.011200119042769e-05
11441,57006,11,11,1,6.466299964813516e-05
11442,42674,13,11,3,5.0398000894347206e-05
11443,97463,13,11,6,4.6560999180655926e-05
11444,11963,14,11,5,7.112999810487963e-05
11445,40639,11,11,3,6.159600161481649e-05
11446,74951,22,11,0,4.155100032221526e-05
11447,77516,11,11,1,5.807300112792291e-05
11448,108160,12,10,0,8.213999535655603e-06
11449,36567,11,9,0,6.804999429732561e-06
11450,85820,12,8,0,6.613001460209489e-06
11451,94023,11,7,0,6.6969987528864294e-06
11452,77786,11,6,0,5.810001312056556e-06
11453,98282,18,8,0,2.5081997591769323e-05
11454,47306,21,8,1,3.097999797319062e-05
11455,114586,16,7,1,2.657100048963912e-05
11456,56689,16,10,4,3.874999674735591e-05
11457,7721,16,10,5,3.7862999306526035e-05
11458,93395,23,11,1,5.9556998166954145e-05
11459,1820,19,10,0,3.403300070203841e-05
11460,65517,22,10,1,5.3850999393034726e-05
11461,12501,12,11,1,3.567100065993145e-05
11462,120021,14,11,1,5.416700150817633e-05
11463,91863,17,11,2,6.969800233491696e-05
11464,97499,15,11,1,4.870100019616075e-05
11465,66267,17,11,3,3.569699765648693e-05
11466,120185,13,10,4,3.938099689548835e-05
11467,38632,25,11,4,8.035900100367144e-05
11468,118516,12,11,2,5.503599822986871e-05
11469,103674,11,11,1,6.386699897120707e-05
11470,36099,11,11,1,6.584600123460405e-05
11471,104197,13,11,2,5.4176998673938215e-05
11472,5898,17,11,3,4.9993999709840864e-05
11473,77581,11,11,1,5.8790003095055e-05
11474,58931,11,10,0,7.852999260649085e-06
11475,14093,13,11,6,4.9440001021139324e-05
11476,4880,14,11,5,5.0086000555893406e-05
11477,78104,21,11,0,3.402700167498551e-05
11478,29468,25,11,1,5.353199958335608e-05
11479,60708,12,11,3,6.690900045214221e-05
11480,38185,11,11,7,3.970699981437065e-05
11481,118068,11,11,1,6.601399945793673e-05
11482,70972,11,11,1,6.347199814626947e-05
11483,81724,16,11,2,9.142999988398515e-05
11484,75077,29,11,1,6.379199840012006e-05
11485,111967,15,11,2,4.52089989266824e-05
11486,104287,16,11,6,8.942800195654854e-05
11487,65895,13,11,1,3.4356999094597995e-05
11488,59753,15,11,0,2.7466001483844593e-05
11489,78191,16,11,0,2.4900000425986946e-05
11490,114648,14,10,2,5.991500074742362e-05
11491,36213,18,11,3,5.538699770113453e-05
11492,53110,17,11,4,5.7704000937519595e-05
11493,111996,11,11,1,6.520700117107481e-05
11494,13693,29,11,4,5.4891999752726406e-05
11495,120704,14,11,2,2.9912000172771513e-05
11496,81280,25,11,1,6.0269998357398435e-05
11497,32131,11,11,1,7.224799992400222e-05
11498,16261,11,11,1,6.682700040983036e-05
11499,63366,13,11,2,0.00010953499804600142
11500,14221,11,11,1,6.383800064213574e-05
11501,55182,16,11,1,6.720600140397437e-05
11502,118675,19,11,4,4.513500243774615e-05
11503,123284,18,11,3,6.566799856955186e-05
11504,38805,11,11,1,6.533099804073572e-05
11505,110587,11,10,0,7.896000170148909e-06
11506,87454,11,11,1,6.25629982096143e-05
11507,118174,11,11,1,6.673999814665876e-05
11508,19363,19,11,2,5.321599746821448e-05
11509,3649,12,10,0,7.595997885800898e-06
11510,36657,23,10,2,4.887599789071828e-05
11511,30630,12,11,2,6.797800233471207e-05
11512,124838,12,11,3,5.0566999561851844e-05
11513,104366,11,11,1,6.316700091701932e-05
11514,122292,11,11,1,9.286699787480757e-05
11515,102326,12,11,2,3.4996999602299184e-05
11516,26040,17,11,0,3.244200343033299e-05
11517,101318,15,11,2,4.8175999836530536e-05
11518,98759,21,11,0,7.430700134136714e-05
11519,14292,11,11,3,6.119299723650329e-05
11520,52693,22,11,1,5.071399937151e-05
11521,125399,12,11,5,3.8393001887016e-05
11522,69604,18,11,1,4.1802999476203695e-05
11523,32743,17,11,1,3.221199949621223e-05
11524,96235,11,11,1,6.42160011921078e-05
11525,110577,13,11,3,5.6470998970326036e-05
11526,86006,13,11,2,3.539300087140873e-05
11527,73207,11,11,3,4.759199873660691e-05
11528,28156,19,11,1,5.724400034523569e-05
11529,51713,14,11,1,2.9753999115200713e-05
11530,56837,12,11,1,9.362100172438659e-05
11531,87565,11,11,1,7.029100015643053e-05
11532,102417,16,11,0,4.011999772046693e-05
11533,17939,17,11,1,6.338299863273278e-05
11534,69144,11,11,1,6.364100045175292e-05
11535,87584,15,11,3,6.795499939471483e-05
11536,73762,19,11,2,4.818800152861513e-05
11537,24135,15,10,0,2.9932998586446047e-05
11538,88128,14,11,0,4.501799776335247e-05
11539,94792,13,11,1,6.602199937333353e-05
11540,77384,11,11,2,5.2770999900531024e-05
11541,77388,18,11,1,4.8714002332417294e-05
11542,95824,11,11,1,6.695699994452298e-05
11543,56925,11,11,4,8.44470014271792e-05
11544,128093,15,11,0,5.5356998927891254e-05
11545,95860,12,11,2,5.489700197358616e-05
11546,54904,11,11,3,9.476699779042974e-05
11547,132731,13,11,5,5.5328000598819926e-05
11548,42623,13,11,0,2.0441999367903918e-05
11549,27779,16,11,1,3.4288001188542694e-05
11550,95391,28,11,1,4.3348998588044196e-05
11551,21799,18,10,0,2.5381999876117334e-05
11552,40108,25,11,1,5.0514998292783275e-05
11553,113867,24,11,3,4.6630000724690035e-05
11554,95438,22,11,4,6.248200224945322e-05
11555,106721,16,11,3,5.84619992878288e-05
11556,58605,22,11,0,4.7875997552182525e-05
11557,58099,21,11,0,4.1704002796905115e-05
11558,11038,16,11,2,5.907800004933961e-05
11559,128806,14,11,1,3.432599987718277e-05
11560,56168,24,11,3,0.0024087130004772916
11561,108929,24,11,0,3.842699879896827e-05
11562,45462,21,11,0,5.6466997193638235e-05
11563,106409,23,11,3,7.05700003891252e-05
11564,9696,32,11,2,6.579600085387938e-05
11565,56822,27,11,1,5.0998998631257564e-05
11566,67585,15,11,1,2.8505000955192372e-05
11567,75794,21,11,1,5.4188996728044e-05
11568,86671,25,11,3,5.92399992456194e-05
11569,23306,18,11,2,4.20340002165176e-05
11570,50174,21,11,0,8.168699787347578e-05
11571,125044,16,11,3,4.7043999074958265e-05
11572,5523,23,11,1,5.1193001127103344e-05
11573,122883,13,12,5,0.00012239100033184513
11574,61452,15,12,1,9.328600208391435e-05
11575,83374,14,11,0,1.074299871106632e-05
11576,51215,14,12,5,5.9769001381937414e-05
11577,28933,17,11,1,4.863499998464249e-05
11578,68854,19,11,2,6.169900007080287e-05
11579,90128,12,12,1,7.278300108737312e-05
11580,117384,12,11,0,8.752998837735504e-06
11581,117443,12,10,0,7.542999810539186e-06
11582,20500,12,12,1,7.549200017820112e-05
11583,68078,12,11,0,8.522998541593552e-06
11584,98325,28,12,0,5.9250000049360096e-05
11585,20503,14,12,2,6.012800076860003e-05
11586,77847,27,12,1,9.204399975715205e-05
11587,14365,12,12,1,7.110599835868925e-05
11588,28251,12,11,0,9.19800004339777e-06
11589,3168,12,10,0,8.130999049171805e-06
11590,124669,12,9,0,7.441998604917899e-06
11591,55507,12,8,0,7.163002010202035e-06
11592,77960,12,7,0,7.321999873965979e-06
11593,3545,12,6,0,6.69799919705838e-06
11594,40412,12,5,0,5.568999768001959e-06
11595,68752,14,5,0,9.408999176230282e-06
11596,114187,22,8,0,3.514499985612929e-05
11597,104483,17,12,6,7.856499723857269e-05
11598,47880,16,11,5,4.692200309364125e-05
11599,51255,12,12,1,7.538900172221474e-05
11600,50449,12,11,0,9.252999007003382e-06
11601,97589,12,10,0,8.256000000983477e-06
11602,20248,18,9,0,1.9312999938847497e-05
11603,122497,18,8,0,1.0252999345539138e-05
11604,119093,18,7,0,1.149200033978559e-05
11605,119,18,6,0,9.039998985826969e-06
11606,82709,12,5,0,6.140999175840989e-06
11607,113666,12,4,0,5.20299727213569e-06
11608,47174,24,12,5,4.5723998482571915e-05
11609,122958,12,12,1,7.268800254678354e-05
11610,98636,12,11,0,8.620001608505845e-06
11611,122195,15,10,0,1.0962001397274435e-05
11612,107773,12,9,0,6.824000593042001e-06
11613,83441,13,8,0,7.525002729380503e-06
11614,56237,21,8,0,1.9470000552246347e-05
11615,44343,15,8,1,1.3404998753685504e-05
11616,40732,20,8,0,3.331100015202537e-05
11617,52041,20,7,0,2.576200131443329e-05
11618,127060,12,12,2,7.266399916261435e-05
11619,86103,15,12,9,8.973799776867963e-05
11620,79961,12,12,1,7.002799975452945e-05
11621,108366,13,11,0,1.5458997950190678e-05
11622,97725,21,10,0,1.5572997654089704e-05
11623,6996,12,9,0,7.284001185325906e-06
11624,62705,12,8,0,7.004000508459285e-06
11625,63238,13,8,1,9.327999578090385e-06
11626,9296,18,8,0,3.01670006592758e-05
11627,37743,21,8,1,1.635200169403106e-05
11628,107671,31,8,2,3.5229000786785036e-05
11629,113172,34,10,1,4.653900032280944e-05
11630,82788,13,11,2,4.3639996874844655e-05
11631,65637,15,12,5,5.149999924469739e-05
11632,120961,12,12,1,7.882299905759282e-05
11633,85909,12,11,0,8.601997251389548e-06
11634,89110,12,10,0,7.405997166642919e-06
11635,106636,12,12,1,6.751599721610546e-05
11636,109515,16,11,0,1.2059001164743677e-05
11637,23848,12,10,0,6.949001544853672e-06
11638,84882,12,9,0,7.471997378161177e-06
11639,67244,12,8,0,6.693000614177436e-06
11640,53084,17,7,0,1.2404001608956605e-05
11641,42675,12,6,0,6.788999598938972e-06
11642,128794,12,5,0,5.650999810313806e-06
11643,76463,19,4,0,1.1989002814516425e-05
11644,74359,14,5,1,1.260400313185528e-05
11645,96765,27,5,1,3.59799996658694e-05
11646,65012,37,10,3,4.503799937083386e-05
11647,49319,13,12,4,5.348000195226632e-05
11648,12462,17,12,0,6.577299791388214e-05
11649,77367,18,11,5,4.500099748838693e-05
11650,93855,16,11,0,2.6443998649483547e-05
11651,94385,12,12,3,5.9452999266795814e-05
11652,20666,12,12,1,7.78499997977633e-05
11653,61789,13,11,0,1.0514002497075126e-05
11654,114632,12,10,0,7.722002919763327e-06
11655,125119,19,12,1,4.08650012104772e-05
11656,45692,13,11,2,5.5774999054847285e-05
11657,39111,13,12,1,5.3469000704353675e-05
11658,121039,15,12,1,7.42980009817984e-05
11659,56954,12,11,1,2.088000110234134e-05
11660,60285,15,11,3,4.0516999433748424e-05
11661,63707,20,12,2,7.443899812642485e-05
11662,39140,27,12,2,5.9450998378451914e-05
11663,69864,12,12,1,6.912599928909913e-05
11664,131471,12,11,0,8.394999895244837e-06
11665,2766,12,10,0,7.451999408658594e-06
11666,26437,12,9,0,7.442002242896706e-06
11667,4029,12,8,0,6.813002983108163e-06
11668,109109,14,8,0,2.024999776040204e-05
11669,21566,16,7,0,1.3057997421128675e-05
11670,26436,14,6,0,7.210997864603996e-06
11671,6951,14,5,0,6.488000508397818e-06
11672,32400,14,4,0,5.6580029195174575e-06
11673,82170,14,12,1,6.349199975375086e-05
11674,4349,12,12,1,6.839699926786125e-05
11675,101383,15,11,0,1.1997999536106363e-05
11676,28300,12,10,0,7.555998308816925e-06
11677,295,12,9,0,7.022001227596775e-06
11678,85765,12,8,0,6.999001925578341e-06
11679,55555,12,12,1,0.00011349299893481657
11680,110239,12,11,0,9.274001058656722e-06
11681,104115,12,10,0,7.6260002970229834e-06
11682,59851,12,9,0,7.589998858748004e-06
11683,39193,12,8,0,6.862999725854024e-06
11684,87781,12,7,0,7.0789974415674806e-06
11685,39194,12,6,0,1.107099888031371e-05
11686,101229,12,5,0,5.914000212214887e-06
11687,80372,12,4,0,5.335001333151013e-06
11688,82184,20,12,1,6.526699871756136e-05
11689,120154,15,11,4,8.56019978527911e-05
11690,96530,17,12,3,5.896099901292473e-05
11691,39187,12,12,1,7.457600077032112e-05
11692,385,12,11,0,8.446000720141456e-06
11693,98056,12,10,0,7.923998055048287e-06
11694,43603,12,9,0,7.3310002335347235e-06
11695,115348,12,8,0,6.6970023908652365e-06
11696,42939,12,7,0,6.7110013333149254e-06
11697,51978,12,6,0,6.870002835057676e-06
11698,44344,12,5,0,5.6729986681602895e-06
11699,114284,12,4,0,5.4199990699999034e-06
11700,84818,12,3,0,4.5150009100325406e-06
11701,36741,12,2,0,4.132998583372682e-06
11702,4787,12,1,0,3.920002200175077e-06
11703,26909,12,12,1,7.414900028379634e-05
11704,131593,12,11,0,8.795999747235328e-06
11705,89646,12,10,0,7.992999599082395e-06
11706,92445,15,12,3,9.761800174601376e-05
11707,121965,16,11,2,5.217299985815771e-05
11708,86304,43,12,1,8.52310004120227e-05
11709,18909,15,11,2,5.2172003051964566e-05
11710,86312,12,12,1,7.508900307584554e-05
11711,28968,13,12,1,6.733199916197918e-05
11712,29194,12,11,0,8.532999345334247e-06
11713,7923,12,10,0,7.595001079607755e-06
11714,15227,12,9,0,6.743000994902104e-06
11715,15250,20,8,0,1.384799907100387e-05
11716,64576,16,7,0,1.1042000551242381e-05
11717,60651,12,6,0,6.6020002122968435e-06
11718,60814,12,5,0,9.909002983476967e-06
11719,90072,12,4,0,5.090998456580564e-06
11720,28430,12,3,0,4.362998879514635e-06
11721,111829,12,2,0,4.344001354184002e-06
11722,90455,16,1,0,5.1849965529982e-06
11723,9429,12,0,0,3.4420008887536824e-06
11724,69935,21,12,6,8.094099757727236e-05
11725,74060,12,12,1,6.588299947907217e-05
11726,81464,12,11,0,8.342001819983125e-06
11727,14289,12,10,0,7.224996807053685e-06
11728,4996,12,9,0,7.115002517821267e-06
11729,91131,12,8,0,6.419999408535659e-06
11730,89838,12,7,0,6.936999852769077e-06
11731,21276,12,6,0,6.275000487221405e-06
11732,17920,12,5,0,5.625999619951472e-06
11733,67961,12,4,0,4.5769993448629975e-06
11734,23307,12,3,0,4.172998160356656e-06
11735,105439,18,5,0,2.147300256183371e-05
11736,69969,13,12,3,5.8415000239619985e-05
11737,90452,12,12,1,0.00010053900041384622
11738,14686,12,12,1,8.332600191351958e-05
11739,352,13,12,1,6.705800115014426e-05
11740,24946,20,12,1,8.92589996510651e-05
11741,106882,12,12,1,7.672599895158783e-05
11742,65118,12,11,0,8.896000508684665e-06
11743,45449,13,12,2,5.8983998314943165e-05
11744,130110,17,11,3,5.052900087321177e-05
11745,41354,12,12,1,7.759499931125902e-05
11746,12925,12,11,0,8.62800152390264e-06
11747,103812,12,10,0,7.89800105849281e-06
11748,114483,12,9,0,6.9739980972371995e-06
11749,55200,12,8,0,7.090999133652076e-06
11750,118693,13,7,0,8.205999620258808e-06
11751,3532,16,10,3,5.788799899164587e-05
11752,35972,16,9,1,2.8020000172546133e-05
11753,123345,18,9,0,3.363900032127276e-05
11754,100418,28,11,2,4.493099913815968e-05
11755,12683,12,12,2,7.283100057975389e-05
11756,27175,13,11,0,1.0022999049397185e-05
11757,100778,16,11,1,2.447600127197802e-05
11758,49551,14,12,7,7.709800047450699e-05
11759,86417,14,12,2,4.976299896952696e-05
11760,10649,13,12,6,5.130199861014262e-05
11761,31138,15,12,1,7.896399984019808e-05
11762,127641,19,11,1,6.194900197442621e-05
11763,27308,16,11,2,4.5758999476674944e-05
11764,107032,19,11,0,3.35000004270114e-05
11765,58924,18,11,1,5.073400097899139e-05
11766,26301,17,11,2,5.727399911847897e-05
11767,12048,24,11,1,6.6230000811629e-05
11768,118573,24,10,1,5.2078998123761266e-05
11769,29091,14,12,4,5.4059000831330195e-05
11770,29974,22,11,1,4.795999848283827e-05
11771,9352,18,11,1,4.674500087276101e-05
11772,14762,23,12,4,5.576799958362244e-05
11773,91334,17,11,2,5.348599734134041e-05
11774,33202,15,12,1,8.344099842361175e-05
11775,108989,20,12,2,6.615000165766105e-05
11776,65982,12,12,3,0.00013301500075613149
11777,113087,12,12,1,7.604299753438681e-05
11778,122155,13,11,0,1.0263000149279833e-05
11779,6593,52,12,3,9.434799721930176e-05
11780,92626,12,12,1,7.775999984005466e-05
11781,110413,12,11,0,9.09800291992724e-06
11782,77785,14,10,0,9.408002370037138e-06
11783,51729,12,9,0,7.300997822312638e-06
11784,43744,12,8,0,7.470000127796084e-06
11785,46360,12,7,0,7.147998985601589e-06
11786,52139,12,6,0,6.769998435629532e-06
11787,86521,16,12,2,6.407100227079354e-05
11788,53759,16,12,6,4.463000004761852e-05
11789,80387,12,12,5,6.736900104442611e-05
11790,59925,16,12,5,5.340099960449152e-05
11791,14870,12,12,4,5.54530015506316e-05
11792,100897,21,12,3,6.469699656008743e-05
11793,109095,12,12,1,7.688299956498668e-05
11794,72235,12,12,1,7.620899850735441e-05
11795,126468,12,11,0,8.995000825962052e-06
11796,32410,12,10,0,8.39599670143798e-06
11797,112916,14,10,0,2.4483000743202865e-05
11798,29227,12,12,1,7.109200305421837e-05
11799,109101,16,12,1,6.434800161514431e-05
11800,80439,12,12,1,7.892200301284902e-05
11801,123457,12,12,1,7.261700011440553e-05
11802,16972,19,12,1,6.282899994403124e-05
11803,127565,12,12,1,7.242999708978459e-05
11804,2656,16,12,2,6.966900036786683e-05
11805,117383,14,12,5,6.351899719447829e-05
11806,111244,16,12,5,4.312699820729904e-05
11807,60164,15,11,3,7.882799764047377e-05
11808,124390,19,11,3,5.864500053576194e-05
11809,37519,26,12,3,5.954800144536421e-05
11810,96913,16,12,0,3.2375999580835924e-05
11811,129898,18,11,4,4.04050006181933e-05
11812,25995,14,11,3,3.746999936993234e-05
11813,107351,19,11,0,4.7011999413371086e-05
11814,123549,12,12,6,5.812499875901267e-05
11815,92829,13,12,1,7.878700125729665e-05
11816,74615,12,11,0,9.31699833017774e-06
11817,39718,13,10,0,8.402999810641631e-06
11818,30195,12,9,0,7.081001967890188e-06
11819,102194,13,8,0,7.5120005931239575e-06
11820,84942,19,9,1,3.077600194956176e-05
11821,12509,18,9,0,5.791500007035211e-05
11822,43469,18,8,0,9.884002793114632e-06
11823,118558,25,11,1,4.6646000555483624e-05
11824,65814,25,11,0,6.064399713068269e-05
11825,51876,15,12,5,5.373400199459866e-05
11826,25757,14,11,5,4.8152996896533296e-05
11827,98981,12,12,1,0.00010629900134517811
11828,53929,15,12,6,7.066999751259573e-05
11829,19113,28,12,6,6.371199924615212e-05
11830,47787,13,12,6,5.785300163552165e-05
11831,13031,14,12,2,6.697500066366047e-05
11832,51956,17,12,2,7.563799954368733e-05
11833,94969,13,12,1,7.882399950176477e-05
11834,78598,19,12,3,6.27999979769811e-05
11835,42668,17,11,2,4.424199869390577e-05
11836,54029,12,12,1,7.606999861309305e-05
11837,91403,12,11,0,9.241997759090737e-06
11838,41883,12,10,0,7.97999746282585e-06
11839,19877,12,9,0,7.438000466208905e-06
11840,54028,14,9,0,1.1853000614792109e-05
11841,46006,13,8,1,9.536997822578996e-06
11842,119585,14,12,1,3.0341998353833333e-05
11843,129367,15,11,0,1.4608998753828928e-05
11844,55345,14,11,1,1.5335001080529764e-05
11845,70733,22,10,0,2.8218000807100907e-05
11846,90043,19,10,1,4.216399975121021e-05
11847,98030,18,10,1,5.0693000957835466e-05
11848,42867,24,10,2,5.21889996889513e-05
11849,56214,19,9,1,4.606199945556e-05
11850,3708,23,11,2,5.434700142359361e-05
11851,50316,16,10,2,4.703400190919638e-05
11852,46108,29,11,3,5.845499981660396e-05
11853,27428,31,12,2,5.596300252364017e-05
11854,51318,22,11,2,6.209200000739656e-05
11855,115497,14,12,4,6.348900205921382e-05
11856,37704,19,12,1,6.392700015567243e-05
11857,74581,14,12,2,5.0729002396110445e-05
11858,23384,19,12,2,3.3537999115651473e-05
11859,101218,23,12,1,5.8420002460479736e-05
11860,11117,19,12,5,5.1263999921502545e-05
11861,41839,22,12,5,7.105199983925559e-05
11862,21368,12,12,1,0.00010276000102749094
11863,101672,12,11,0,9.325001883553341e-06
11864,13624,12,10,0,7.419999747071415e-06
11865,76894,12,9,0,6.663001840934157e-06
11866,18229,12,8,0,6.777998351026326e-06
11867,40848,12,7,0,7.317001291085035e-06
11868,895,12,12,4,6.106699947849847e-05
11869,91027,14,12,2,6.834000305389054e-05
11870,101270,14,11,0,9.406998287886381e-06
11871,99219,20,12,0,4.848400203627534e-05
11872,54182,12,12,1,7.49039973015897e-05
11873,86974,22,12,2,9.08050024008844e-05
11874,62406,12,12,1,7.333900066441856e-05
11875,76959,12,11,0,8.897997759049758e-06
11876,115675,12,12,5,6.205899990163743e-05
11877,127983,18,12,1,4.403899947647005e-05
11878,66544,13,12,6,6.183200093801133e-05
11879,46607,12,11,5,4.91620012326166e-05
11880,62450,12,12,8,5.293700087349862e-05
11881,54262,12,12,1,0.00010634499994921498
11882,31876,12,11,0,9.733001206768677e-06
11883,130550,12,10,0,7.792001269990578e-06
11884,16693,15,10,0,1.395299841533415e-05
11885,32053,14,9,0,1.414700091117993e-05
11886,64348,16,10,2,4.6478002332150936e-05
11887,70652,21,12,4,6.562199996551499e-05
11888,77378,22,11,1,5.168599818716757e-05
11889,27644,15,12,3,7.606199869769625e-05
11890,41992,25,12,2,4.2241001210641116e-05
11891,58381,23,12,2,5.429099837783724e-05
11892,111875,21,11,5,4.489599814405665e-05
11893,91154,12,12,1,7.284800085471943e-05
11894,40209,12,11,0,8.86699854163453e-06
11895,50428,12,10,0,7.609000022057444e-06
11896,91169,19,12,1,4.569999873638153e-05
11897,13353,56,12,2,7.012000060058199e-05
11898,91190,15,12,2,4.590900061884895e-05
11899,101436,14,12,5,5.4292002459988e-05
11900,54360,22,12,5,0.00011030599853256717
11901,108780,16,11,5,6.268399738473818e-05
11902,113753,13,12,1,4.22609991801437e-05
11903,27738,19,12,3,7.968399950186722e-05
11904,107618,15,12,4,4.507199992076494e-05
11905,91237,19,12,1,0.00012301199967623688
11906,133125,18,11,2,6.027899871696718e-05
11907,107097,15,11,1,4.5084001612849534e-05
11908,124032,20,12,2,9.47499975154642e-05
11909,122577,21,11,0,1.3492997823050246e-05
11910,33921,13,12,3,3.2278003345709294e-05
11911,67134,20,11,0,3.879199721268378e-05
11912,121988,21,12,1,4.6902998292353004e-05
11913,33932,17,12,5,8.761700155446306e-05
11914,87181,13,12,2,0.00011731100312317722
11915,116135,15,11,2,4.08650012104772e-05
11916,99481,13,12,2,5.760600106441416e-05
11917,31898,14,12,1,9.037299969349988e-05
11918,99568,14,12,3,3.9045000448822975e-05
11919,35044,14,11,1,4.414899740368128e-05
11920,120055,18,12,1,6.891299926792271e-05
11921,72972,14,12,3,5.2945997595088556e-05
11922,54541,25,12,0,6.438000127673149e-05
11923,46353,15,12,4,4.600999818649143e-05
11924,87336,12,12,1,7.435100269503891e-05
11925,97866,12,11,0,9.351999324280769e-06
11926,58666,20,12,5,7.329800064326264e-05
11927,60716,13,12,1,7.380199895123951e-05
11928,73006,12,12,1,9.537600271869451e-05
11929,54576,12,12,1,8.323400106746703e-05
11930,13622,21,12,1,3.930200182367116e-05
11931,81214,20,12,7,5.553499795496464e-05
11932,34908,24,11,2,4.076000186614692e-05
11933,42610,21,10,1,3.8468999264296144e-05
11934,109894,37,12,5,7.43589989724569e-05
11935,126295,12,12,1,7.301699952222407e-05
11936,120156,12,12,1,7.984900003066286e-05
11937,46445,17,12,6,9.66869993135333e-05
11938,128380,14,12,3,6.168999971123412e-05
11939,75156,15,12,3,6.333599958452396e-05
11940,28062,20,12,2,5.9284000599291176e-05
11941,11685,18,12,5,5.762600267189555e-05
11942,109997,21,12,6,8.828799764160067e-05
11943,19890,16,12,2,6.773399945814162e-05
11944,48575,13,12,1,7.253399962792173e-05
11945,105923,15,12,4,4.5572000090032816e-05
11946,98085,19,11,3,4.173900015302934e-05
11947,15829,15,12,3,6.116999793448485e-05
11948,3542,12,12,1,7.553099931101315e-05
11949,5599,12,12,2,7.916799950180575e-05
11950,83443,16,12,0,4.5723998482571915e-05
11951,105980,12,12,1,7.194700083346106e-05
11952,94026,12,11,0,9.144001523964107e-06
11953,108395,13,11,1,4.974699913873337e-05
11954,92477,13,10,0,8.614999387646094e-06
11955,52735,18,12,1,5.0546997954370454e-05
11956,14522,32,11,3,5.756000246037729e-05
11957,103938,12,12,1,0.00010676400052034296
11958,19970,16,12,5,5.3462998039321974e-05
11959,26147,13,11,5,4.446199818630703e-05
11960,79371,20,12,1,4.6285000280477107e-05
11961,42719,18,11,3,4.4944998080609366e-05
11962,48657,12,12,4,5.726600284106098e-05
11963,17941,14,12,1,4.349799928604625e-05
11964,73238,12,12,1,7.550299778813496e-05
11965,124458,19,12,3,5.29669996467419e-05
11966,10785,20,11,1,5.309500193106942e-05
11967,109118,17,11,1,4.266199903213419e-05
11968,26172,12,12,3,5.779799903393723e-05
11969,28246,22,12,3,6.657899939455092e-05
11970,32345,13,12,4,5.309799962560646e-05
11971,16168,17,11,4,4.733199966722168e-05
11972,91756,12,12,1,7.625899888807908e-05
11973,26591,12,11,0,8.827999408822507e-06
11974,77425,12,12,6,9.154099825536832e-05
11975,130674,17,12,3,4.7289999201893806e-05
11976,83811,17,11,1,5.4477000958286226e-05
11977,120437,18,12,2,6.568600292666815e-05
11978,36471,19,12,2,6.256200140342116e-05
11979,38529,15,12,1,7.246599852805957e-05
11980,7836,12,12,3,6.355699952109717e-05
11981,5799,14,12,3,4.996499774279073e-05
11982,11945,20,12,4,5.804199827252887e-05
11983,75457,25,12,3,5.5691001762170345e-05
11984,95937,13,12,3,6.916299753356725e-05
11985,124629,15,12,3,6.95550006639678e-05
11986,57050,26,12,1,7.539100261055864e-05
11987,36579,12,12,6,6.202900112839416e-05
11988,116453,19,12,4,9.555600263411179e-05
11989,52975,18,12,1,6.614399899262935e-05
11990,50940,13,12,2,7.890200140536763e-05
11991,110333,13,12,3,5.7339002523804083e-05
11992,12033,25,12,2,7.548199937446043e-05
11993,30476,16,12,4,6.313899939414114e-05
11994,122664,12,12,1,0.00015076999989105389
11995,14128,12,12,4,6.059500083210878e-05
11996,3894,16,12,3,6.22750012553297e-05
11997,5966,15,12,0,3.163899964420125e-05
11998,104272,13,12,5,6.694500189041719e-05
11999,16211,21,12,6,7.76330016378779e-05
12000,100187,16,12,0,3.7221998354652897e-05
12001,3937,16,12,3,6.563900024048053e-05
12002,26468,17,12,1,3.727100192918442e-05
12003,59237,21,12,3,5.8688998251454905e-05
12004,16235,13,12,2,8.452900146949105e-05
12005,55179,13,12,1,7.407799785141833e-05
12006,51090,12,12,3,6.930100062163547e-05
12007,71574,13,12,1,7.658299728063866e-05
12008,12185,25,12,1,5.328099723556079e-05
12009,8139,17,12,2,6.302300243987702e-05
12010,30698,21,12,0,4.382800034363754e-05
12011,118769,16,12,2,5.8862999139819294e-05
12012,23161,15,11,3,9.090999810723588e-05
12013,129018,13,12,4,4.8797999625094235e-05
12014,77819,14,12,5,5.8604000514606014e-05
12015,110644,16,11,3,4.89979975100141e-05
12016,51206,20,12,0,4.854299913858995e-05
12017,26797,23,11,0,2.2013999114278704e-05
12018,86058,19,12,2,9.224099994753487e-05
12019,24682,22,12,2,5.6229000620078295e-05
12020,125098,28,12,1,6.826800017734058e-05
12021,118966,20,12,5,6.870499782962725e-05
12022,24760,17,12,3,5.07930017192848e-05
12023,53486,15,12,3,6.720400051563047e-05
12024,39172,25,12,2,7.496599937439896e-05
12025,63769,20,12,0,5.343699740478769e-05
12026,93762,18,11,2,4.012499994132668e-05
12027,121831,21,11,0,1.7903999832924455e-05
12028,26972,23,12,6,8.410300142713822e-05
12029,82400,20,12,3,5.561099897022359e-05
12030,27281,29,12,5,0.00011751999772968702
12031,58023,15,12,5,6.948700320208445e-05
12032,17175,18,12,3,6.067399954190478e-05
12033,60187,19,12,3,6.086800203775056e-05
12034,56230,23,12,1,4.5382003008853644e-05
12035,125892,32,12,0,5.959899863228202e-05
12036,5063,22,12,3,6.525999924633652e-05
12037,72699,31,12,0,7.991099846549332e-05
12038,19508,14,12,1,3.306199869257398e-05
12039,29787,24,12,1,4.128000000491738e-05
12040,48310,30,12,2,5.208500078879297e-05
12041,3328,16,12,4,7.303399979718961e-05
12042,46439,16,12,2,6.115999713074416e-05
12043,71055,35,12,0,6.647000191151164e-05
12044,32217,15,12,4,5.052800042903982e-05
12045,71134,16,12,2,4.977699791197665e-05
12046,46698,25,12,0,6.192499859025702e-05
12047,122485,16,12,4,6.518499867524952e-05
12048,28321,14,12,2,7.636499867658131e-05
12049,112293,19,12,1,6.785799996578135e-05
12050,18176,15,12,3,6.0808997659478337e-05
12051,20355,16,12,4,5.351399886421859e-05
12052,88032,15,12,0,2.17140004679095e-05
12053,49569,15,12,1,3.836299947579391e-05
12054,90550,16,12,1,3.204700260539539e-05
12055,5060,24,12,3,5.3933999879518524e-05
12056,113773,27,12,2,9.46830004977528e-05
12057,97571,28,11,1,4.8104000597959384e-05
12058,78269,28,11,0,3.910699888365343e-05
12059,16219,20,12,3,4.4757001887774095e-05
12060,51756,24,12,3,8.77029997354839e-05
12061,10243,34,13,4,7.766799899400212e-05
12062,69648,15,13,3,5.958299880148843e-05
12063,63505,17,13,4,6.807699901401065e-05
12064,83998,15,13,7,5.203800174058415e-05
12065,28704,27,13,2,6.012000085320324e-05
12066,27633,23,12,3,5.365499964682385e-05
12067,77558,20,12,4,6.702600148855709e-05
12068,120894,15,13,2,6.628499977523461e-05
12069,130883,28,12,3,7.206100053736009e-05
12070,85962,15,11,1,8.502700075041503e-05
12071,23684,17,10,2,4.747099956148304e-05
12072,47271,28,12,2,6.73079994157888e-05
12073,1134,23,12,2,6.256199776544236e-05
12074,110341,16,12,4,5.630199666484259e-05
12075,113238,19,12,1,3.9300997741520405e-05
12076,124118,20,12,1,5.8170000556856394e-05
12077,108883,15,12,1,4.144400008954108e-05
12078,69703,13,13,1,9.017000047606416e-05
12079,8588,13,12,0,9.741997928358614e-06
12080,55370,13,13,1,8.705199797987007e-05
12081,6706,13,12,0,9.226998372469097e-06
12082,11477,13,11,0,8.656999852973968e-06
12083,18347,19,10,0,1.4622997696278617e-05
12084,29607,13,9,0,3.060000017285347e-05
12085,36133,20,9,0,2.1796000510221347e-05
12086,5212,24,10,0,3.196900070179254e-05
12087,55497,17,10,1,2.9599999834317714e-05
12088,92239,18,13,1,9.238599886884913e-05
12089,123698,13,12,0,1.073999737855047e-05
12090,25832,13,11,0,1.3287000911077484e-05
12091,27580,13,10,0,9.045998012879863e-06
12092,81552,13,9,0,8.082002750597894e-06
12093,12463,13,8,0,7.631999324075878e-06
12094,99469,13,7,0,7.632999768247828e-06
12095,76831,13,6,0,6.850998033769429e-06
12096,98057,13,5,0,6.26499968348071e-06
12097,29893,18,4,0,7.508002454414964e-06
12098,97704,16,4,0,1.2896998669020832e-05
12099,16700,14,3,1,1.1203999747522175e-05
12100,112312,22,4,1,1.8652001017471775e-05
12101,22316,19,3,0,9.428000339539722e-06
12102,16468,13,13,1,0.0001214259973494336
12103,91668,15,12,0,1.1584001185838133e-05
12104,78091,13,11,0,8.744002116145566e-06
12105,104155,13,10,0,7.677001121919602e-06
12106,14104,16,9,0,9.105999197345227e-06
12107,32744,13,8,0,7.556001946795732e-06
12108,67778,16,8,0,1.2954998965142295e-05
12109,89191,30,8,0,2.6817997422767803e-05
12110,60978,19,7,0,2.8627997380681336e-05
12111,94835,19,8,0,2.9861999792046845e-05
12112,72876,21,9,0,3.96979994548019e-05
12113,16480,19,13,4,7.114099935279228e-05
12114,57451,13,13,3,6.699300138279796e-05
12115,2160,13,13,1,7.852099952287972e-05
12116,48662,15,12,0,1.1001000530086458e-05
12117,53652,13,11,0,8.728002285351977e-06
12118,63715,18,10,0,1.2775002687703818e-05
12119,25775,18,9,0,1.0299998393747956e-05
12120,17029,13,8,0,7.645998266525567e-06
12121,81491,18,7,0,1.0143998224521056e-05
12122,86692,13,6,0,7.300997822312638e-06
12123,18995,13,5,0,6.220001523615792e-06
12124,54024,22,5,0,1.695600076345727e-05
12125,96359,22,4,0,8.637998689664528e-06
12126,71388,30,9,0,3.977799860876985e-05
12127,57475,13,13,1,0.00011037200238206424
12128,48879,13,12,0,1.0989999282173812e-05
12129,54244,13,11,0,9.095998393604532e-06
12130,39197,13,10,0,8.249997335951775e-06
12131,45345,13,9,0,1.3036002201260999e-05
12132,129853,13,8,0,7.702001312281936e-06
12133,508,13,7,0,7.598999218316749e-06
12134,50286,13,6,0,7.501999789383262e-06
12135,42202,13,5,0,6.315000064205378e-06
12136,42222,17,4,0,9.213999874191359e-06
12137,52196,13,3,0,5.22199843544513e-06
12138,60701,15,2,0,5.679001333191991e-06
12139,11109,16,2,0,1.0114999895449728e-05
12140,8445,27,12,4,6.0502003179863095e-05
12141,411,29,12,3,4.4514003093354404e-05
12142,133255,20,13,4,5.937300011282787e-05
12143,118930,13,13,1,8.620000153314322e-05
12144,128313,13,12,0,1.5044999599922448e-05
12145,120557,13,11,0,8.533999789506197e-06
12146,98589,13,10,0,7.613998604938388e-06
12147,90260,13,13,1,7.679999907850288e-05
12148,62843,13,12,0,9.716000931803137e-06
12149,80650,22,11,0,1.737300044624135e-05
12150,64405,19,10,0,1.0668998584151268e-05
12151,89167,13,9,0,7.916998583823442e-06
12152,72786,18,8,0,1.2306998542044312e-05
12153,91693,13,7,0,7.6219985203351825e-06
12154,92109,13,6,0,6.770002073608339e-06
12155,27751,13,5,0,6.0870006564073265e-06
12156,15831,13,4,0,5.187997885514051e-06
12157,118898,17,5,0,1.54269982886035e-05
12158,53533,21,5,0,1.2772001355187967e-05
12159,815,21,4,0,7.296999683603644e-06
12160,55713,30,12,5,6.628100163652562e-05
12161,119969,20,12,3,5.088699981570244e-05
12162,45221,21,12,3,8.793099914328195e-05
12163,59547,14,13,1,9.516399950371124e-05
12164,108409,13,12,0,1.0510000720387325e-05
12165,111887,15,12,0,1.4730001566931605e-05
12166,76963,16,12,0,1.984300251933746e-05
12167,47261,13,13,3,8.369599891011603e-05
12168,52297,19,12,1,7.989999721758068e-05
12169,64747,14,12,1,3.2206000469159335e-05
12170,82953,14,12,1,4.4288000935921445e-05
12171,84127,19,13,4,9.41399994189851e-05
12172,112814,29,13,6,6.272300015552901e-05
12173,64665,22,12,1,4.995400013285689e-05
12174,116478,20,12,3,4.906700269202702e-05
12175,276,31,12,4,5.5933000112418085e-05
12176,95062,20,12,2,6.29720016149804e-05
12177,116397,15,12,3,3.550800101947971e-05
12178,47290,18,13,2,0.0001081100017472636
12179,3675,20,12,1,5.5047999921953306e-05
12180,94403,17,13,0,5.14109997311607e-05
12181,110788,13,13,1,8.460500248475e-05
12182,26825,17,13,2,6.213199958438054e-05
12183,26830,18,13,1,5.7320001360494643e-05
12184,84179,15,13,1,9.509700248599984e-05
12185,129235,19,13,3,6.030000076862052e-05
12186,80089,34,13,3,6.651299918303266e-05
12187,35034,13,13,1,8.854100087773986e-05
12188,78705,13,12,0,9.952997061191127e-06
12189,128378,13,11,0,8.445000275969505e-06
12190,48197,13,10,0,8.47100091050379e-06
12191,82770,14,10,1,1.0610001481836662e-05
12192,61345,18,11,3,5.687999873771332e-05
12193,30952,13,13,1,0.00012711800081888214
12194,94445,27,13,0,4.7377001465065405e-05
12195,67827,39,13,3,9.029300053953193e-05
12196,82168,15,13,4,4.534899926511571e-05
12197,131352,17,13,5,8.886100113159046e-05
12198,6440,17,13,4,7.639999967068434e-05
12199,114994,16,13,7,7.476700193365104e-05
12200,114365,25,12,3,5.560799763770774e-05
12201,23702,34,12,1,6.66839987388812e-05
12202,22842,17,13,1,6.349199975375086e-05
12203,67901,13,13,1,8.844399781082757e-05
12204,4419,13,13,1,0.00012984500062884763
12205,29001,17,13,5,7.684400043217465e-05
12206,51554,15,13,3,7.824000203981996e-05
12207,92540,13,13,1,8.702999912202358e-05
12208,112070,13,12,0,1.0453000868437812e-05
12209,106880,16,13,1,5.99349987169262e-05
12210,20867,13,13,1,8.297499880427495e-05
12211,47046,13,12,0,9.583000064594671e-06
12212,118766,17,11,0,1.338199945166707e-05
12213,60694,16,10,0,9.42399856285192e-06
12214,119186,13,13,1,8.86310008354485e-05
12215,78235,28,13,3,6.130399924586527e-05
12216,84764,15,12,5,3.933999687433243e-05
12217,15990,22,12,2,5.750900163548067e-05
12218,125350,18,13,5,6.490200030384585e-05
12219,18867,14,13,2,8.53060009831097e-05
12220,45542,13,13,1,0.00011183199967490509
12221,125420,25,13,2,6.833400038885884e-05
12222,10767,30,13,1,6.568800017703325e-05
12223,49687,13,13,1,8.602600064477883e-05
12224,48193,13,12,0,9.643998055253178e-06
12225,74259,31,13,2,6.808900070609525e-05
12226,47640,16,13,2,6.367699825204909e-05
12227,14884,15,13,1,9.676099944044836e-05
12228,55849,15,13,5,6.742099867551588e-05
12229,76862,14,12,4,5.3345000196713954e-05
12230,29226,13,13,4,8.453700138488784e-05
12231,29228,13,13,1,8.205500125768594e-05
12232,31931,13,12,0,9.727002179715782e-06
12233,22036,13,11,0,8.56899714563042e-06
12234,6934,14,10,0,9.31999966269359e-06
12235,18257,15,11,1,5.5067001085262746e-05
12236,31097,21,10,1,2.6989997422788292e-05
12237,18505,16,10,2,1.8680999346543103e-05
12238,26849,18,9,0,2.459600000292994e-05
12239,121209,19,9,0,2.932999996119179e-05
12240,98871,18,13,4,4.6315999497892335e-05
12241,94787,19,13,3,5.878099909750745e-05
12242,4028,17,12,1,4.266900214133784e-05
12243,129609,13,13,1,8.557399996789172e-05
12244,42639,15,12,0,1.205999797093682e-05
12245,69511,19,11,0,1.355800122837536e-05
12246,80477,16,13,5,0.00010173200280405581
12247,100988,17,13,1,9.341400073026307e-05
12248,127626,20,13,1,5.97769976593554e-05
12249,92813,16,13,3,9.39780002227053e-05
12250,105110,13,13,1,8.233499829657376e-05
12251,90096,17,12,0,1.3818000297760591e-05
12252,50042,14,11,0,9.052000677911565e-06
12253,15275,13,10,0,8.43299858388491e-06
12254,113874,17,10,0,4.903000080958009e-05
12255,26359,16,10,2,4.866999734076671e-05
12256,65507,20,10,2,5.349500133888796e-05
12257,61624,18,10,1,4.393400013213977e-05
12258,96663,23,12,2,0.00011076900045736693
12259,98970,33,13,2,0.00012439300189726055
12260,14232,18,12,0,5.9858000895474106e-05
12261,88957,14,12,3,5.5100001191021875e-05
12262,51878,13,13,1,8.72470009198878e-05
12263,37992,13,12,0,9.762999980011955e-06
12264,46354,13,11,0,8.17399995867163e-06
12265,69058,13,10,0,8.043996786000207e-06
12266,42317,16,12,1,8.341399734490551e-05
12267,127716,16,11,0,1.052100196829997e-05
12268,45015,16,10,0,9.399998816661537e-06
12269,73223,19,12,1,8.026999785215594e-05
12270,5912,19,11,0,1.3355998817132786e-05
12271,58059,19,10,0,1.119399894378148e-05
12272,63019,19,9,0,1.044699820340611e-05
12273,125609,18,13,6,9.6697000117274e-05
12274,29353,18,13,5,6.558500172104686e-05
12275,34478,14,13,8,5.667000004905276e-05
12276,90800,24,13,3,8.147799962898716e-05
12277,64190,20,13,2,7.322799865505658e-05
12278,93890,13,13,1,8.934799916460179e-05
12279,66767,13,12,0,9.799998224480078e-06
12280,16075,13,13,4,6.80839984852355e-05
12281,29389,13,13,1,7.960400034789927e-05
12282,102117,13,12,0,9.581999620422721e-06
12283,11022,13,11,0,8.641000022180378e-06
12284,62946,17,11,0,3.323099736007862e-05
12285,87302,17,10,0,1.0703002772061154e-05
12286,85876,17,9,0,9.603998478269204e-06
12287,30062,17,8,0,9.457999112783e-06
12288,26908,18,9,1,2.827400021487847e-05
12289,89745,22,8,0,2.6367997634224594e-05
12290,55805,22,8,0,2.4696000764379278e-05
12291,87760,31,13,5,7.956599802128039e-05
12292,106833,33,12,4,0.00010836300134542398
12293,123602,16,13,0,8.27389994810801e-05
12294,99029,13,13,1,8.481999975629151e-05
12295,6871,13,13,1,8.450200039078481e-05
12296,58494,13,12,0,8.912000339478254e-06
12297,120626,14,12,1,2.0718998712254688e-05
12298,40666,22,13,5,7.385600110865198e-05
12299,109286,19,13,3,6.225499964784831e-05
12300,59111,27,13,0,5.0120001105824485e-05
12301,128266,19,12,1,3.0694998713443056e-05
12302,108261,15,13,8,7.634699795744382e-05
12303,51951,28,13,1,3.839700002572499e-05
12304,16163,22,12,1,5.08720004290808e-05
12305,97012,19,13,5,8.896800136426464e-05
12306,127734,22,13,5,8.907399751478806e-05
12307,72438,16,13,1,6.985900108702481e-05
12308,44791,13,13,1,7.972399907885119e-05
12309,84774,13,12,0,9.12899849936366e-06
12310,68728,14,11,0,9.454000974074006e-06
12311,30050,13,10,0,7.46500154491514e-06
12312,83466,13,9,0,7.4119998316746205e-06
12313,25521,19,11,0,2.4868000764399767e-05
12314,36604,13,13,2,7.469999763998203e-05
12315,43779,19,13,6,6.386499808286317e-05
12316,115459,22,13,1,4.6872999519109726e-05
12317,101695,33,12,0,7.20370007911697e-05
12318,27397,19,13,6,6.273599865380675e-05
12319,98980,41,12,1,4.6091001422610134e-05
12320,42758,19,13,2,7.128099969122559e-05
12321,10199,19,12,1,4.786700083059259e-05
12322,22280,26,13,3,7.807600195519626e-05
12323,103354,24,12,4,9.759000022313558e-05
12324,83244,22,11,3,4.601299951900728e-05
12325,105725,22,12,4,5.9250000049360096e-05
12326,108535,28,12,4,9.426000178791583e-05
12327,15122,31,11,3,6.53690003673546e-05
12328,34051,22,12,8,6.11100003879983e-05
12329,119569,21,13,4,6.828999903518707e-05
12330,69410,16,13,4,9.0334997366881e-05
12331,112430,18,13,0,5.0550999731058255e-05
12332,33604,14,13,6,8.206200072891079e-05
12333,29508,17,13,3,5.719199907616712e-05
12334,22342,17,13,3,8.022800102480687e-05
12335,60232,14,13,3,0.00017916599972522818
12336,115531,16,13,9,7.038799958536401e-05
12337,108363,18,13,9,8.935900041251443e-05
12338,124751,13,13,6,6.427799962693825e-05
12339,18255,15,13,4,8.974099910119548e-05
12340,46937,21,13,5,6.150200351839885e-05
12341,76634,14,13,3,6.667900015600026e-05
12342,16221,13,13,1,8.342000000993721e-05
12343,126935,13,12,0,9.151997801382095e-06
12344,44900,21,13,2,4.8950998461805284e-05
12345,16248,14,13,1,8.781400174484588e-05
12346,116603,23,13,1,5.602999954135157e-05
12347,55177,16,13,5,8.516500020050444e-05
12348,106377,19,13,5,6.812299761804752e-05
12349,21448,26,12,1,5.387599958339706e-05
12350,63479,18,13,2,5.921399861108512e-05
12351,124849,17,13,4,5.826800042996183e-05
12352,101298,21,13,2,6.993100032559596e-05
12353,78793,15,13,9,6.052199751138687e-05
12354,65498,13,13,1,9.429900092072785e-05
12355,110557,24,13,4,6.523199772345833e-05
12356,123878,13,13,2,7.95600026322063e-05
12357,98278,18,13,5,6.442099765990861e-05
12358,56733,24,12,3,5.159299689694308e-05
12359,127035,37,12,5,8.353799785254523e-05
12360,48104,20,13,4,0.00012133299969718792
12361,129004,16,13,1,3.1233001209329814e-05
12362,95213,15,13,3,4.836000152863562e-05
12363,53232,23,13,4,7.294900206034072e-05
12364,133109,15,13,5,5.270100155030377e-05
12365,6137,32,13,5,7.029900007182732e-05
12366,105471,13,13,5,7.039000047370791e-05
12367,87046,23,13,3,6.454400136135519e-05
12368,132121,24,13,2,5.9902999055339023e-05
12369,99327,16,13,3,7.508400085498579e-05
12370,51254,35,13,0,4.385699867270887e-05
12371,81974,28,13,0,6.872599988128059e-05
12372,111688,13,13,1,8.896500003174879e-05
12373,48201,15,13,1,7.56839981477242e-05
12374,112715,16,13,1,5.70050033275038e-05
12375,103500,13,13,2,7.88629986345768e-05
12376,120911,18,13,5,7.27379992895294e-05
12377,46435,16,12,3,6.472199675044976e-05
12378,52314,19,13,5,6.338700040942058e-05
12379,35933,16,13,0,4.771900057676248e-05
12380,79974,20,13,1,4.7187000745907426e-05
12381,116850,20,13,0,2.8907001251354814e-05
12382,42098,15,13,3,6.799599941587076e-05
12383,7287,19,13,3,7.269799971254542e-05
12384,31870,25,13,0,5.970500205876306e-05
12385,32109,20,12,0,2.8448997909436002e-05
12386,18585,27,13,1,4.2198997107334435e-05
12387,98471,21,13,6,9.337300070910715e-05
12388,36024,15,13,4,7.101600203895941e-05
12389,17606,15,13,2,7.806199937476777e-05
12390,95431,18,13,5,7.945600009406917e-05
12391,95442,15,13,5,7.817799996701069e-05
12392,3289,18,13,6,5.837299977429211e-05
12393,61659,35,13,0,8.0490000982536e-05
12394,89308,32,13,4,7.62310010031797e-05
12395,58635,18,13,2,7.616199945914559e-05
12396,52493,14,13,11,9.32910006667953e-05
12397,103701,16,13,2,7.733199890935794e-05
12398,60699,13,13,1,0.00011777700274251401
12399,118312,13,12,0,1.0645999282132834e-05
12400,23846,23,13,2,5.44380018254742e-05
12401,120103,14,13,5,7.477399776689708e-05
12402,89387,27,13,4,6.818600013502873e-05
12403,118065,13,13,3,6.956899960641749e-05
12404,25906,13,13,1,8.412800161750056e-05
12405,38219,25,13,4,5.519100159290247e-05
12406,5476,22,13,3,7.299199933186173e-05
12407,83303,13,13,1,8.426700151176192e-05
12408,9577,14,13,2,8.259899914264679e-05
12409,38251,24,13,3,5.2997998864157125e-05
12410,93554,32,13,1,8.268800229416229e-05
12411,75131,16,13,6,9.556599979987368e-05
12412,103811,18,13,1,3.304799975012429e-05
12413,100740,22,13,1,3.962399932788685e-05
12414,25993,28,13,6,7.031000131973997e-05
12415,56722,21,13,0,6.0752998251700774e-05
12416,50588,16,13,0,3.115299841738306e-05
12417,50592,22,13,1,5.3184998250799254e-05
12418,96680,29,13,3,7.747799827484414e-05
12419,50608,16,13,6,6.507899888674729e-05
12420,72114,40,13,2,0.00010352999743190594
12421,95680,20,13,1,5.946199962636456e-05
12422,11727,14,13,2,6.974200005060993e-05
12423,14802,17,13,3,5.01629983773455e-05
12424,64984,34,13,0,7.72989988035988e-05
12425,81394,20,13,1,5.4489999456563964e-05
12426,13821,14,13,7,8.563199662603438e-05
12427,129553,30,13,2,0.00012597599925356917
12428,36372,13,13,6,8.277199958683923e-05
12429,52762,32,13,6,8.553499719710089e-05
12430,63013,18,13,2,4.719299977296032e-05
12431,51769,19,13,3,5.0863000069512054e-05
12432,113711,16,12,2,4.2566000047372654e-05
12433,79418,19,13,1,4.0257000364363194e-05
12434,40508,17,13,4,5.521099956240505e-05
12435,85565,13,13,2,6.950000170036219e-05
12436,63073,13,13,1,8.146999971359037e-05
12437,114289,14,13,4,0.0001053039995895233
12438,20113,28,13,4,5.7011002354556695e-05
12439,38549,15,13,4,8.099999831756577e-05
12440,44696,26,13,1,8.169000284397043e-05
12441,108188,22,13,2,6.897200000821613e-05
12442,108191,13,13,1,8.387900015804917e-05
12443,56992,15,13,2,4.984699990018271e-05
12444,96928,17,13,1,9.632699948269874e-05
12445,106202,39,13,3,5.7634999393485487e-05
12446,128742,17,13,4,6.559400208061561e-05
12447,106223,31,13,5,7.666099918424152e-05
12448,50945,23,13,2,7.441900015692227e-05
12449,81792,17,12,1,9.373300053994171e-05
12450,4870,23,13,2,5.6505999964429066e-05
12451,100210,29,13,3,6.998100070632063e-05
12452,35739,20,13,1,7.749700307613239e-05
12453,51099,24,13,2,0.00010030900011770427
12454,114604,17,13,2,4.201499905320816e-05
12455,124874,29,13,0,5.085199882159941e-05
12456,69661,16,13,2,9.154700092040002e-05
12457,132217,21,13,1,7.767699935357086e-05
12458,93818,18,12,3,5.1425002311589196e-05
12459,100573,16,13,0,1.9737999537028372e-05
12460,36089,25,13,6,5.867100117029622e-05
12461,94560,24,13,3,5.654899723595008e-05
12462,65164,28,13,0,8.858699948177673e-05
12463,16102,25,13,2,7.184299829532392e-05
12464,7950,19,13,0,5.930800034548156e-05
12465,83959,18,13,3,6.135500007076189e-05
12466,110596,14,14,1,9.869999848888256e-05
12467,126982,15,14,3,8.240000170189887e-05
12468,37292,14,13,5,8.445999992545694e-05
12469,126984,14,14,1,9.363699791720137e-05
12470,10273,20,14,5,6.478299837908708e-05
12471,72231,21,13,6,7.232799907797016e-05
12472,41333,17,13,9,7.194100180640817e-05
12473,71727,14,14,1,8.496699956594966e-05
12474,106883,14,13,0,9.872001101030037e-06
12475,85910,14,12,0,8.487000741297379e-06
12476,66947,14,11,0,8.405000698985532e-06
12477,114152,14,10,0,3.299600211903453e-05
12478,86369,14,9,0,9.626997780287638e-06
12479,27172,14,8,0,7.77700188336894e-06
12480,19432,14,7,0,7.810998795321211e-06
12481,65985,14,6,0,6.889000360388309e-06
12482,33402,14,5,0,6.254998879740015e-06
12483,29423,14,4,0,5.428999429568648e-06
12484,21419,14,3,0,5.009002052247524e-06
12485,54351,14,2,0,4.499997885432094e-06
12486,42444,20,3,1,1.5645000530639663e-05
12487,71543,20,5,0,1.1310999980196357e-05
12488,49197,16,14,10,0.00010487300096428953
12489,57398,39,14,6,0.00010025400115409866
12490,30790,19,14,6,9.02519968803972e-05
12491,65610,15,14,5,7.448199903592467e-05
12492,22604,43,14,2,8.045100184972398e-05
12493,94290,16,14,1,9.446799958823249e-05
12494,86113,30,14,3,8.295100269606337e-05
12495,129132,14,14,3,9.39029996516183e-05
12496,30829,14,14,1,0.00013318099809112027
12497,40740,14,13,0,1.1580999853322282e-05
12498,93404,17,12,0,1.1945001460844651e-05
12499,131180,29,14,0,8.221499956562184e-05
12500,50670,22,13,3,4.445199738256633e-05
12501,62097,18,13,2,4.570500095724128e-05
12502,76040,16,13,1,6.522699914057739e-05
12503,60598,24,13,3,5.3744999604532495e-05
12504,129156,21,14,5,0.00012121799954911694
12505,88202,14,14,1,9.640600183047354e-05
12506,19167,14,13,0,1.0595002095215023e-05
12507,41132,15,14,3,8.939200051827356e-05
12508,127152,21,14,7,9.024300015880726e-05
12509,65718,18,13,3,0.00012068099749740213
12510,29200,24,12,0,1.9882998458342627e-05
12511,55901,33,11,1,7.944699973450042e-05
12512,85667,20,13,1,6.875400140415877e-05
12513,117751,21,13,3,4.6144999942043796e-05
12514,3566,22,12,3,4.276899926480837e-05
12515,130017,32,13,0,7.57509988034144e-05
12516,70275,55,13,2,0.00012427800174918957
12517,127780,53,13,1,6.769999890821055e-05
12518,84903,29,13,2,6.523499905597419e-05
12519,52967,24,13,1,5.258699820842594e-05
12520,51977,21,12,4,5.1023002015426755e-05
12521,56694,19,13,5,6.202100121299736e-05
12522,63665,15,14,2,3.796300006797537e-05
12523,8373,18,14,8,0.00010869399920920841
12524,123065,26,14,4,8.330199852935039e-05
12525,2241,14,14,1,0.00010272900181007572
12526,75972,26,14,4,9.157000022241846e-05
12527,107290,40,13,1,6.514499909826554e-05
12528,116941,29,13,2,5.5600998166482896e-05
12529,109204,35,13,1,7.56759982323274e-05
12530,121608,22,13,2,6.199999916134402e-05
12531,39108,25,14,5,7.548999928985722e-05
12532,121030,21,14,3,6.6612999944482e-05
12533,78026,14,14,1,9.385899829794653e-05
12534,98511,17,14,2,0.00011875600102939643
12535,69861,21,14,7,9.068999861483462e-05
12536,122594,23,13,3,0.00010054499944089912
12537,131309,18,14,5,6.94699992891401e-05
12538,13894,20,13,2,5.315400267136283e-05
12539,45294,23,14,3,8.185799742932431e-05
12540,121081,15,14,3,7.34349996491801e-05
12541,17651,16,13,1,2.8234000637894496e-05
12542,26883,30,14,4,9.771999975782819e-05
12543,12737,24,13,3,7.961500159581192e-05
12544,28943,24,14,3,6.811500134062953e-05
12545,94504,21,14,0,3.219499922124669e-05
12546,125235,16,14,0,2.302000211784616e-05
12547,123538,20,13,0,5.417300053522922e-05
12548,123541,18,12,0,2.0314000721555203e-05
12549,7620,24,13,4,7.473699952242896e-05
12550,119107,15,14,4,8.147599874064326e-05
12551,119153,16,14,3,0.00011634600014076568
12552,113013,14,14,3,9.791800039238296e-05
12553,37263,23,14,1,8.857200009515509e-05
12554,47527,14,14,6,7.918399933259934e-05
12555,100791,21,14,5,7.905200254754163e-05
12556,50470,23,13,0,4.8103000153787434e-05
12557,57793,26,14,5,7.729799835942686e-05
12558,59850,20,14,5,7.105699842213653e-05
12559,63964,17,14,10,0.00011301399717922322
12560,25057,19,14,9,7.860000187065452e-05
12561,35302,14,14,1,9.893400056171231e-05
12562,49669,15,14,4,6.685100015602075e-05
12563,121403,14,14,1,9.940100062522106e-05
12564,26170,14,13,0,1.0993000614689663e-05
12565,78470,14,12,0,9.169001714326441e-06
12566,12860,42,14,0,8.378500206163153e-05
12567,42659,36,13,0,6.282399772317149e-05
12568,38721,19,13,2,6.225700053619221e-05
12569,573,14,14,1,0.00010055899838334881
12570,51778,17,14,4,8.587800039094873e-05
12571,53829,15,14,1,0.00014316299711936153
12572,19016,22,14,4,8.484700083499774e-05
12573,88678,23,14,1,5.6749002396827564e-05
12574,129641,16,14,3,6.678099816781469e-05
12575,47029,21,13,5,5.7756002206588164e-05
12576,45675,15,14,5,0.00010343100075260736
12577,37488,18,14,2,7.901999924797565e-05
12578,12914,18,14,4,7.610800093971193e-05
12579,127604,26,14,2,7.137300053727813e-05
12580,21134,23,13,3,7.559000005130656e-05
12581,125766,28,13,3,6.79199984006118e-05
12582,24138,17,13,1,9.278899960918352e-05
12583,100990,14,14,1,0.00010143799954676069
12584,111232,24,14,0,5.006600258639082e-05
12585,117377,20,14,3,9.317199874203652e-05
12586,64132,16,14,1,9.876200056169182e-05
12587,72466,15,13,0,1.1549000191735104e-05
12588,98949,14,14,1,9.067499922821298e-05
12589,32665,14,13,0,9.976000001188368e-06
12590,49799,35,14,0,5.793200034531765e-05
12591,654,21,14,2,5.3986997954780236e-05
12592,23889,24,13,0,4.796200300916098e-05
12593,94866,18,14,0,3.387700053281151e-05
12594,127634,19,14,2,7.851500049582683e-05
12595,113426,16,13,3,4.279000131646171e-05
12596,10172,30,12,2,0.0001022769974952098
12597,66200,30,14,7,8.975200034910813e-05
12598,130825,28,13,5,5.8344998251413926e-05
12599,66875,44,13,1,7.23449993529357e-05
12600,83746,35,13,2,6.748299711034633e-05
12601,4390,27,13,3,6.033499812474474e-05
12602,113310,14,14,1,0.00011077599992859177
12603,87456,14,13,0,1.0824998753378168e-05
12604,60603,16,12,0,1.2036998668918386e-05
12605,54432,15,12,1,5.085500015411526e-05
12606,75233,19,12,1,8.836599954520352e-05
12607,119457,19,14,3,5.7239001762354746e-05
12608,64940,19,13,4,5.79979969188571e-05
12609,128407,19,12,1,1.4756999007659033e-05
12610,64925,26,12,1,3.713799742399715e-05
12611,6835,17,14,3,0.0001221570018969942
12612,64186,30,14,0,8.92530006240122e-05
12613,60116,14,14,1,9.850999776972458e-05
12614,119535,14,13,0,1.0914001904893667e-05
12615,31465,27,14,2,6.939400191185996e-05
12616,80831,37,13,1,7.447600000887178e-05
12617,115439,14,14,1,0.00010077899787575006
12618,33532,15,14,5,8.386700210394338e-05
12619,109678,22,13,0,1.9674000213854015e-05
12620,131840,15,14,6,8.942999920691364e-05
12621,97026,19,14,3,7.87050012149848e-05
12622,62221,14,14,1,0.0001231579990417231
12623,64292,20,14,7,9.650699939811602e-05
12624,127795,14,14,1,0.0001574099987919908
12625,121653,23,14,3,5.313400106388144e-05
12626,86838,22,14,0,4.5921002310933545e-05
12627,88889,16,14,5,8.767700273892842e-05
12628,49997,15,14,3,6.181699791341089e-05
12629,76621,17,14,1,0.00010079699859488755
12630,70485,14,14,1,9.322400001110509e-05
12631,13175,15,14,6,8.046899893088266e-05
12632,13181,16,14,1,3.0261999199865386e-05
12633,119683,14,14,1,0.00013348699940252118
12634,131980,14,14,1,9.399500049767084e-05
12635,118028,14,13,0,1.0550000297371298e-05
12636,38379,14,12,0,8.797000191407278e-06
12637,51143,14,11,0,4.512400118983351e-05
12638,83475,14,10,0,9.922001481754705e-06
12639,21457,14,9,0,7.981001544976607e-06
12640,5102,14,8,0,7.119000656530261e-06
12641,81324,21,8,0,2.4726999981794506e-05
12642,131986,27,10,2,5.993800004944205e-05
12643,78348,24,13,1,7.048800034681335e-05
12644,64403,17,14,0,1.7868002032628283e-05
12645,82904,23,14,1,6.03340013185516e-05
12646,89619,18,13,2,8.285399962915108e-05
12647,127967,21,14,5,6.307700095931068e-05
12648,21474,16,14,1,0.00010106899935635738
12649,21486,21,14,6,6.776400186936371e-05
12650,56310,15,14,9,0.00013941499855718575
12651,5157,16,14,3,0.00010497200128156692
12652,5167,14,14,1,9.939699884853326e-05
12653,3811,14,13,0,1.0823001503013074e-05
12654,93235,32,14,2,7.71569975768216e-05
12655,5166,21,14,4,9.231500007444993e-05
12656,61381,17,13,4,8.22000001790002e-05
12657,119863,27,14,2,7.02519973856397e-05
12658,19517,19,14,3,8.45159993332345e-05
12659,40000,14,14,1,0.0001235370000358671
12660,88015,14,13,0,1.1471001926111057e-05
12661,32122,14,12,0,9.638999472372234e-06
12662,25665,36,14,3,0.00011073199857492
12663,66632,30,14,2,8.025799979805015e-05
12664,40037,14,14,3,8.14279992482625e-05
12665,50310,19,14,3,9.476999912294559e-05
12666,36608,17,13,1,2.5544002710375935e-05
12667,97415,21,14,9,0.0001323789983871393
12668,93318,19,14,2,0.00012045600306009874
12669,63882,18,13,0,1.3565000699600205e-05
12670,17593,26,14,1,7.31999971321784e-05
12671,97859,20,13,3,5.271400004858151e-05
12672,132295,29,14,5,9.491699893260375e-05
12673,83142,21,14,7,7.776200072839856e-05
12674,23752,17,14,3,7.046600148896687e-05
12675,95456,21,14,4,0.00010531899897614494
12676,63352,21,13,4,7.40549985493999e-05
12677,79079,18,14,1,4.7964000259526074e-05
12678,17642,35,14,6,7.953599924803711e-05
12679,64784,25,14,2,8.419500227319077e-05
12680,64789,21,13,1,3.830900095636025e-05
12681,109843,16,14,5,8.183500176528469e-05
12682,99634,23,14,3,5.078100002720021e-05
12683,13652,14,14,2,9.934000263456255e-05
12684,103773,20,14,0,5.687299926648848e-05
12685,19839,17,14,2,6.814099833718501e-05
12686,42389,16,14,2,6.808699981775135e-05
12687,95649,14,14,1,0.00010550300066825002
12688,61342,14,13,0,4.7443998482776806e-05
12689,85409,29,14,1,9.262799721909687e-05
12690,112060,14,14,1,9.552100164000876e-05
12691,114111,20,14,3,7.956899935379624e-05
12692,42433,14,14,1,9.465699986321852e-05
12693,77252,15,14,2,9.65389990597032e-05
12694,79297,33,14,0,6.316600047284737e-05
12695,85455,22,14,1,0.00010748099884949625
12696,1986,18,13,0,1.288300336454995e-05
12697,79863,19,13,1,1.4469998859567568e-05
12698,86549,20,12,1,5.569399945670739e-05
12699,114709,29,13,5,6.728600055794232e-05
12700,64995,35,14,0,6.305799979600124e-05
12701,52726,20,14,4,5.3468000260181725e-05
12702,71163,17,14,2,8.691500261193141e-05
12703,48640,14,14,3,9.782900087884627e-05
12704,103942,15,14,3,7.478400220861658e-05
12705,126491,16,14,1,5.731599958380684e-05
12706,83507,24,14,6,5.463399793370627e-05
12707,97860,14,14,1,0.00010141899838345125
12708,59278,14,13,0,1.0664000001270324e-05
12709,56540,22,13,1,4.17990013374947e-05
12710,85774,16,13,1,4.044099841848947e-05
12711,92024,22,13,1,2.6934001652989537e-05
12712,95495,21,12,0,1.9107003026874736e-05
12713,12613,20,11,1,9.279900041292422e-05
12714,42564,20,14,2,6.73079994157888e-05
12715,99908,27,14,2,7.463799920515157e-05
12716,48712,24,14,0,5.446700015454553e-05
12717,67157,24,14,1,7.133700273698196e-05
12718,24174,16,14,1,5.1588998758234084e-05
12719,62873,16,13,0,1.2159001926193014e-05
12720,54099,16,12,0,1.1023999832104892e-05
12721,77450,31,14,4,9.917599891196005e-05
12722,110223,17,14,4,7.848899986129254e-05
12723,38589,16,14,5,9.42190017667599e-05
12724,97983,17,14,4,8.254299973486923e-05
12725,16091,30,14,0,4.391000038594939e-05
12726,89820,21,14,5,0.00010152799950446934
12727,104163,17,14,2,7.705899770371616e-05
12728,123889,21,13,1,6.196899994392879e-05
12729,122598,14,14,4,8.054899808485061e-05
12730,79595,20,14,5,6.3338997279061e-05
12731,95981,35,14,3,0.00010202500197920017
12732,108287,19,14,2,0.00010415400174679235
12733,118637,19,13,0,1.4078999811317772e-05
12734,63559,20,13,2,6.287300129770301e-05
12735,3851,14,14,1,9.037600102601573e-05
12736,14101,14,14,3,8.829299986246042e-05
12737,102166,20,14,2,5.681500260834582e-05
12738,16193,15,14,3,4.392199844005518e-05
12739,110411,21,14,4,7.954600005177781e-05
12740,98143,38,14,5,8.201200034818612e-05
12741,20331,21,14,3,6.0079000832047313e-05
12742,40839,22,14,2,8.097099998849444e-05
12743,81804,19,14,1,6.062700049369596e-05
12744,79758,17,14,1,0.00011310800255159847
12745,100286,20,14,7,7.076799738570116e-05
12746,8127,23,14,4,8.047799929045141e-05
12747,61375,34,14,0,5.361699732020497e-05
12748,8129,14,14,1,0.0001147639995906502
12749,116680,19,14,2,0.00012697300189756788
12750,69614,18,14,2,5.506799789145589e-05
12751,57429,20,13,0,2.228800076409243e-05
12752,71674,26,14,5,9.556099757901393e-05
12753,76597,26,13,0,1.7544000002089888e-05
12754,91037,22,13,4,5.5046999477781355e-05
12755,77830,18,14,2,7.111199738574214e-05
12756,49163,20,14,0,4.8523001169087365e-05
12757,53280,28,14,2,6.379499973263592e-05
12758,14397,19,14,1,4.234300286043435e-05
12759,53365,19,14,3,9.262499952455983e-05
12760,108712,40,14,1,7.085899778758176e-05
12761,35152,28,14,0,5.531100032385439e-05
12762,131647,24,13,1,7.725899922661483e-05
12763,119779,31,13,0,7.759200161672197e-05
12764,92513,41,14,2,0.00010992100214934908
12765,41321,26,14,1,7.134900079108775e-05
12766,20842,55,14,2,9.990200123866089e-05
12767,43379,21,14,1,6.759700045222417e-05
12768,67959,21,14,1,6.452899833675474e-05
12769,131639,28,14,12,8.475399954477325e-05
12770,10905,17,14,1,4.8367000999860466e-05
12771,111411,18,14,1,6.419499914045446e-05
12772,52171,19,14,1,3.839499913738109e-05
12773,25591,18,14,5,0.00010276099783368409
12774,31782,29,14,3,9.868199776974507e-05
12775,99755,27,14,3,7.01120006851852e-05
12776,7636,19,14,4,8.729199907975271e-05
12777,101940,21,14,3,7.449400072800927e-05
12778,110238,28,14,1,5.8048997743753716e-05
12779,77783,31,14,1,3.126500087091699e-05
12780,23129,33,14,4,0.00011187999916728586
12781,118393,28,14,0,5.597600102191791e-05
12782,108753,35,14,3,5.903099736315198e-05
12783,81925,17,15,1,0.0001208100002259016
12784,36466,18,14,0,1.6310001228703186e-05
12785,7359,24,13,0,2.0784998923772946e-05
12786,64796,18,12,0,1.190699913422577e-05
12787,79751,16,11,0,1.0534997272770852e-05
12788,95681,15,10,0,9.340998076368123e-06
12789,102618,15,9,0,8.753999281907454e-06
12790,106717,30,10,0,2.810500154737383e-05
12791,109053,20,9,2,0.00010012499842559919
12792,10834,38,10,1,5.594300091615878e-05
12793,128980,24,10,0,3.980000110459514e-05
12794,105961,37,11,2,0.00012780100223608315
12795,51229,40,11,1,5.656299981637858e-05
12796,59295,20,13,1,4.6485998609568924e-05
12797,126533,59,13,1,5.583299935096875e-05
12798,21737,32,13,2,0.0001046190009219572
12799,87412,22,14,5,8.923399946070276e-05
12800,100033,20,13,2,6.278799992287531e-05
12801,114509,24,12,1,5.796900222776458e-05
12802,65751,51,14,1,8.828399950289167e-05
12803,90919,24,14,4,9.509400115348399e-05
12804,73780,21,14,3,8.535099914297462e-05
12805,43015,15,15,1,0.00010947099872282706
12806,129031,17,15,5,8.136299948091619e-05
12807,122899,17,15,6,0.00012310999954934232
12808,112696,15,15,1,0.00011534100121934898
12809,124401,15,14,0,1.1315001756884158e-05
12810,29202,20,14,0,2.0171999494777992e-05
12811,94269,15,15,1,0.00010320599903934635
12812,88568,17,14,0,1.3131997548043728e-05
12813,11273,19,13,0,1.444400186301209e-05
12814,18650,17,12,0,1.0525000107008964e-05
12815,117422,15,11,0,9.28599911276251e-06
12816,115140,15,10,0,9.22000253922306e-06
12817,23903,19,9,0,1.2087999493815005e-05
12818,81361,15,8,0,8.099999831756577e-06
12819,32787,25,8,0,1.806399814086035e-05
12820,95045,19,8,0,1.7028996808221564e-05
12821,17731,26,7,0,2.143500023521483e-05
12822,105423,32,9,0,3.662900053313933e-05
12823,110601,26,10,1,6.37440025457181e-05
12824,85532,29,10,2,5.4510001064045355e-05
12825,88361,24,10,1,0.00010341600136598572
12826,73237,32,14,4,0.00010908100011874922
12827,122072,20,14,1,5.139099812367931e-05
12828,101178,24,14,0,3.464100154815242e-05
12829,9199,21,14,3,8.534599692211486e-05
12830,97953,36,13,2,8.11160025477875e-05
12831,89794,31,12,2,6.879499778733589e-05
12832,90113,20,13,4,8.043700290727429e-05
12833,34881,15,15,1,0.0001139209998655133
12834,125007,15,15,1,0.00014313499923446216
12835,126839,15,14,0,1.2256998161319643e-05
12836,24769,15,13,0,1.0540999937802553e-05
12837,45053,15,12,0,9.785999282030389e-06
12838,79055,15,11,0,8.914001227822155e-06
12839,72580,15,10,0,9.139999747276306e-06
12840,9442,15,9,0,8.685001375852153e-06
12841,36456,15,8,0,8.487000741297379e-06
12842,52231,20,9,0,2.1636999008478597e-05
12843,42067,18,8,0,1.7414000467397273e-05
12844,31883,24,12,3,6.944200140424073e-05
12845,55375,18,15,2,8.310300108860247e-05
12846,26526,34,14,5,8.293499922729097e-05
12847,69718,22,15,1,6.667900015600026e-05
12848,68722,26,14,3,6.331300028250553e-05
12849,112756,16,15,3,7.961799929034896e-05
12850,102523,26,15,4,8.08930017228704e-05
12851,125061,18,15,4,9.246899935533293e-05
12852,12449,15,15,1,0.00014744200234417804
12853,66234,15,14,0,1.2027998309349641e-05
12854,35599,15,13,0,1.0699000995373353e-05
12855,22698,15,15,1,0.0001481220024288632
12856,14692,15,14,0,1.2178999895695597e-05
12857,2238,15,15,1,0.00010802599717862904
12858,105687,15,14,0,1.1153999366797507e-05
12859,96449,15,15,1,0.00016583999968133867
12860,122816,15,14,0,1.3701999705517665e-05
12861,102200,15,13,0,1.0017000022344291e-05
12862,64835,15,12,0,9.610001143300906e-06
12863,96818,15,11,0,8.85099871084094e-06
12864,129946,15,10,0,8.467999577987939e-06
12865,50283,15,9,0,8.114999218378216e-06
12866,51193,15,8,0,7.590999302919954e-06
12867,52197,15,7,0,8.205999620258808e-06
12868,58183,15,6,0,7.271002687048167e-06
12869,101322,19,6,1,2.2360000002663583e-05
12870,15632,19,5,0,1.3928998669143766e-05
12871,65546,21,5,0,1.2579999747686088e-05
12872,27805,23,4,0,1.3111999578541145e-05
12873,104654,18,15,1,0.00011174800238222815
12874,51159,15,14,0,1.151000105892308e-05
12875,26299,15,13,0,1.0040999768534675e-05
12876,45861,16,13,1,5.002600300940685e-05
12877,131329,17,12,1,2.0449999283300713e-05
12878,59058,20,12,0,2.3665998014621437e-05
12879,6140,21,11,0,4.10190004913602e-05
12880,48049,22,11,1,2.7588997909333557e-05
12881,47731,25,12,1,4.863199865212664e-05
12882,49391,25,14,0,6.591900091734715e-05
12883,2262,15,15,1,0.00010474700320628472
12884,26324,15,14,0,1.190499824588187e-05
12885,25742,15,13,0,9.973999112844467e-06
12886,64669,15,12,0,9.47900116443634e-06
12887,46558,15,11,0,9.814000804908574e-06
12888,7629,15,10,0,9.782001143321395e-06
12889,22578,29,10,0,2.9787999665131792e-05
12890,97918,19,12,1,3.548099994077347e-05
12891,63437,26,13,3,7.770299998810515e-05
12892,92387,18,15,13,7.396000000881031e-05
12893,113751,23,14,3,6.262900205911137e-05
12894,102661,17,15,3,0.00010226399899693206
12895,57618,33,15,2,0.0001259199998457916
12896,2329,15,15,1,0.00012431800132617354
12897,78105,15,15,1,0.00010833899796125479
12898,109603,15,14,0,1.1232998076593503e-05
12899,108951,15,13,0,9.940002200892195e-06
12900,35111,31,15,8,9.400099952472374e-05
12901,102874,28,14,2,6.194500019773841e-05
12902,75731,45,14,3,7.681999704800546e-05
12903,43312,18,15,5,9.747699732542969e-05
12904,94513,21,15,4,0.00013195800056564622
12905,2372,19,15,6,9.63870006671641e-05
12906,76104,26,15,2,0.00015375200018752366
12907,55632,19,15,1,0.00011762999929487705
12908,106952,15,14,0,1.213500218000263e-05
12909,117352,15,13,0,1.0543000826146454e-05
12910,86656,15,12,0,9.796996891964227e-06
12911,6914,15,11,0,9.274001058656722e-06
12912,62426,15,10,0,8.56999758980237e-06
12913,85193,15,9,0,8.309001714223996e-06
12914,37945,15,8,0,7.802002073731273e-06
12915,98155,19,8,0,1.559000156703405e-05
12916,17595,19,10,1,3.148700125166215e-05
12917,122729,23,11,3,4.0572002035332844e-05
12918,16725,25,15,1,7.428099706885405e-05
12919,81166,29,14,2,6.482900062110275e-05
12920,33797,23,13,3,5.8670997532317415e-05
12921,102752,18,15,1,0.00011514700236148201
12922,47895,15,14,0,1.1912998161278665e-05
12923,61812,15,15,1,0.00010966899935738184
12924,3552,15,14,0,1.0840001777978614e-05
12925,87510,17,14,0,1.9019000319531187e-05
12926,45441,16,15,2,0.0001042930016410537
12927,16068,17,14,0,3.025499972864054e-05
12928,92559,15,15,1,0.00016560700169065967
12929,131491,32,15,6,7.705600000917912e-05
12930,10009,19,14,8,8.230399907915853e-05
12931,18864,25,15,1,8.423799954471178e-05
12932,100813,39,15,4,8.831100058159791e-05
12933,94726,23,15,3,9.279399819206446e-05
12934,13404,23,14,3,6.115199721534736e-05
12935,70453,30,14,1,6.497000140370801e-05
12936,80392,22,15,2,8.763399819144979e-05
12937,60637,31,14,1,9.756700092111714e-05
12938,96776,22,15,8,9.423799929209054e-05
12939,117259,16,15,6,0.00011806999827967957
12940,31255,26,15,0,7.010899935266934e-05
12941,113178,17,15,9,0.0001337610010523349
12942,29220,15,15,1,0.00010668100003385916
12943,51934,15,14,0,1.1430001904955134e-05
12944,116048,15,13,0,9.691000741440803e-06
12945,40324,32,12,0,2.3992997739696875e-05
12946,69037,15,11,0,9.551000403007492e-06
12947,63142,15,10,0,9.311999747296795e-06
12948,44329,19,10,0,1.6877998859854415e-05
12949,131849,21,11,0,2.5206998543580994e-05
12950,110747,23,13,3,5.223300104262307e-05
12951,27243,15,15,1,0.0001432210010534618
12952,127627,15,15,1,0.00010781699893414043
12953,43697,21,15,9,8.635199992568232e-05
12954,53943,15,15,1,0.00011352300134603865
12955,66685,15,14,0,1.1308002285659313e-05
12956,72415,17,15,6,9.328600208391435e-05
12957,23265,15,15,6,8.67039998411201e-05
12958,90850,19,15,2,9.317600051872432e-05
12959,113386,39,15,4,9.412700092070736e-05
12960,61193,20,14,6,6.818499969085678e-05
12961,83080,36,14,2,7.239800106617622e-05
12962,112362,20,14,8,8.929300020099618e-05
12963,27792,24,14,5,7.469900083378889e-05
12964,37937,35,14,0,7.186500079114921e-05
12965,782,30,15,3,9.728000077302568e-05
12966,789,17,15,4,8.178599819075316e-05
12967,58155,16,15,1,0.00011750299745472148
12968,91192,16,14,0,1.2619999324670061e-05
12969,51662,16,14,1,4.1993000195361674e-05
12970,29525,22,14,0,5.878500087419525e-05
12971,88881,28,15,2,6.522299736388959e-05
12972,99131,15,15,1,0.00011125599849037826
12973,6976,15,15,1,0.00014824900063103996
12974,11084,15,15,1,0.0001518440003565047
12975,97101,22,15,13,7.728399941697717e-05
12976,2906,28,15,2,0.00011715299842762761
12977,105336,22,15,6,9.838799815042876e-05
12978,11176,15,15,1,0.00011123899821541272
12979,66634,15,14,0,1.1688000085996464e-05
12980,5558,19,14,0,1.932000304805115e-05
12981,40407,17,13,0,2.9566999728558585e-05
12982,69375,17,12,1,2.4100001610349864e-05
12983,21755,22,14,3,3.531900074449368e-05
12984,124196,22,13,1,5.907000013394281e-05
12985,97207,19,15,2,0.0001351589999103453
12986,119739,18,15,11,6.828799814684317e-05
12987,39872,15,15,1,0.00010871699851122685
12988,52976,15,14,0,1.1514999641804025e-05
12989,110942,17,14,0,1.412799974787049e-05
12990,102725,17,14,1,1.7247999494429678e-05
12991,15309,36,15,3,6.0656002460746095e-05
12992,15342,24,15,8,8.650300151202828e-05
12993,126354,17,14,3,5.632499960483983e-05
12994,63284,30,14,5,8.552000144845806e-05
12995,44087,33,15,1,7.20429998182226e-05
12996,70713,28,15,8,0.0001005910016829148
12997,25672,17,15,8,0.00010070400094264187
12998,19553,19,15,1,0.00014135399760561995
12999,23780,15,14,0,1.2276999768801033e-05
13000,117867,16,15,5,8.67000017024111e-05
13001,105590,23,15,7,0.00010422299965284765
13002,56448,24,15,3,8.80859988683369e-05
13003,105610,15,15,1,0.00011506500231917016
13004,58985,15,14,0,1.1690000974340364e-05
13005,109834,18,14,1,8.270999751402996e-05
13006,101528,27,15,4,0.00011458600056357682
13007,130202,19,15,4,9.703899922897108e-05
13008,46294,19,15,7,7.024700244073756e-05
13009,15610,15,15,2,0.00014147999900160357
13010,19736,38,15,4,9.738600056152791e-05
13011,11560,17,15,2,8.849399819155224e-05
13012,42281,20,15,10,6.722000034642406e-05
13013,87340,15,15,6,0.00010390099851065315
13014,73004,18,15,4,0.00010940200081677176
13015,95534,15,15,1,0.0001014949993987102
13016,113964,37,15,10,0.00010861899863812141
13017,57035,23,14,9,7.522399755544029e-05
13018,107830,15,15,1,0.0001467969996156171
13019,77113,17,15,5,0.00014308000027085654
13020,87353,31,15,0,9.36699980229605e-05
13021,48454,27,15,0,6.264499825192615e-05
13022,1366,24,15,1,8.486799924867228e-05
13023,75098,30,15,1,5.0588001613505185e-05
13024,128369,36,15,1,7.735799954389222e-05
13025,105851,19,15,2,0.00012144699940108694
13026,9606,22,15,2,0.00011594600073294714
13027,105871,20,15,11,9.050600056070834e-05
13028,81296,37,15,2,0.00011185200128238648
13029,5824,40,14,2,9.936700007528998e-05
13030,19893,17,15,2,0.00010246799865853973
13031,93627,15,15,1,0.00011649699808913283
13032,3527,25,15,2,7.623600322403945e-05
13033,12218,19,14,1,7.468799958587624e-05
13034,108302,18,13,0,1.2159001926193014e-05
13035,128471,19,15,7,0.0001003440011118073
13036,58865,18,14,6,6.47610031592194e-05
13037,45365,19,14,7,0.00010646599912433885
13038,97754,18,15,1,0.0001239320008608047
13039,132589,36,15,3,0.00010471199857420288
13040,97788,32,15,2,8.912600242183544e-05
13041,56835,19,15,2,0.00010847399971680716
13042,30234,22,15,3,6.546800068463199e-05
13043,58919,31,15,1,5.369699647417292e-05
13044,69169,21,15,2,9.52279988268856e-05
13045,91700,15,15,1,0.00011071299741161056
13046,20126,30,15,3,0.00012069800141034648
13047,122543,21,15,1,6.440200013457797e-05
13048,69327,18,15,1,0.00010588900113361888
13049,79603,20,15,3,7.200199979706667e-05
13050,102132,21,15,3,0.00012024999887216836
13051,77560,17,15,2,0.00010217299859505147
13052,110363,21,14,0,2.9639999411301687e-05
13053,112410,25,15,2,5.444799899123609e-05
13054,24376,24,15,8,9.259299986297265e-05
13055,77634,17,15,2,9.807699825614691e-05
13056,42843,19,15,2,7.386899960692972e-05
13057,84968,28,14,3,9.571400005370378e-05
13058,22369,16,15,5,0.00011176200132467784
13059,96100,17,15,3,8.678900121594779e-05
13060,6017,21,15,5,0.00011829499999294057
13061,14230,24,15,1,7.958499918458983e-05
13062,106397,16,15,2,0.00012473700189730152
13063,51125,15,15,1,0.0001075530017260462
13064,59334,26,15,1,8.191900269594043e-05
13065,1582,27,14,0,4.261199865140952e-05
13066,57446,26,15,1,0.00010613199992803857
13067,22697,28,15,0,7.251599890878424e-05
13068,29996,26,14,0,1.634599902899936e-05
13069,67189,23,13,0,3.455700061749667e-05
13070,71329,28,14,1,6.347800081130117e-05
13071,63813,22,15,2,0.00010075200043502264
13072,47442,22,15,3,7.389100210275501e-05
13073,33108,20,15,1,6.517499787150882e-05
13074,131468,27,15,1,6.424599996535107e-05
13075,107023,16,15,2,7.8242999734357e-05
13076,93967,43,15,5,9.559200043440796e-05
13077,95251,21,15,3,7.486300091841258e-05
13078,25875,26,15,4,0.00010946899783448316
13079,11298,61,15,2,0.00011199299842701294
13080,129315,28,15,0,5.3473002481041476e-05
13081,81321,19,15,1,9.171900092042051e-05
13082,101422,18,15,4,7.896399984019808e-05
13083,70193,43,15,1,0.000104669998108875
13084,133188,42,15,4,8.536300083505921e-05
13085,62404,21,15,3,6.809700062149204e-05
13086,69190,16,15,1,0.00011274900316493586
13087,13259,19,14,0,1.7661001038504764e-05
13088,106121,24,14,0,2.084099833155051e-05
13089,44706,24,13,0,1.6717996913939714e-05
13090,129044,24,12,0,1.4820001524640247e-05
13091,4467,18,11,0,1.1643001926131546e-05
13092,6369,24,10,0,4.2342999222455546e-05
13093,107040,22,9,0,1.4496999938273802e-05
13094,103234,22,8,0,1.281000004382804e-05
13095,82803,24,7,0,1.2336000509094447e-05
13096,99454,18,6,0,9.740000677993521e-06
13097,46263,23,5,0,9.688999853096902e-06
13098,106392,22,5,0,1.4950997865526006e-05
13099,105345,28,11,1,8.662800246383995e-05
13100,84933,22,15,2,3.880499934894033e-05
13101,54477,21,15,4,7.276899850694463e-05
13102,121948,22,15,0,6.052199751138687e-05
13103,623,26,15,2,8.400900333072059e-05
13104,11270,20,15,7,8.664300185046159e-05
13105,80798,26,15,5,6.812300125602633e-05
13106,119998,39,15,2,8.835200060275383e-05
13107,18425,25,15,6,0.00011194900071131997
13108,120849,21,16,2,0.00013040900012128986
13109,28706,19,16,2,0.00017397099873051047
13110,56768,22,15,3,9.709699952509254e-05
13111,66880,22,15,4,5.909999890718609e-05
13112,28730,22,16,5,0.00011408800128265284
13113,53097,19,15,2,8.208500003092922e-05
13114,2109,32,16,0,9.020300058182329e-05
13115,85360,32,15,4,0.00010037699757958762
13116,124998,28,16,0,4.7599998652003706e-05
13117,35703,18,15,4,0.00014551599815604277
13118,104522,33,16,3,6.953499905648641e-05
13119,18575,30,15,3,5.840400262968615e-05
13120,3201,28,15,9,0.0001238570002897177
13121,72511,40,15,6,0.00016208599845413119
13122,4374,27,15,7,0.00010450700210640207
13123,15668,44,15,1,0.00010150600064662285
13124,112725,16,16,2,0.00012357000014162622
13125,74064,16,15,0,1.296499976888299e-05
13126,104548,19,16,0,0.00014424699838855304
13127,78633,21,15,0,3.7011999665992334e-05
13128,5050,42,15,1,0.00012376099766697735
13129,85977,20,15,0,7.415600339299999e-05
13130,18469,20,14,0,1.5318000805564225e-05
13131,18647,26,14,0,5.0673999794526026e-05
13132,66082,20,13,0,4.5020002289675176e-05
13133,81198,23,13,4,6.316599683486857e-05
13134,86332,37,14,0,6.208400009199977e-05
13135,104682,32,15,6,8.817299749352969e-05
13136,10397,32,14,2,7.419200119329616e-05
13137,18977,47,14,3,0.00010129899965249933
13138,65763,25,15,6,0.00011309299952699803
13139,36973,17,16,3,0.0001264099992113188
13140,53359,16,16,1,0.00012132499978179112
13141,23820,16,15,0,1.2426000466803089e-05
13142,101389,16,14,0,1.1014999472536147e-05
13143,13598,20,13,0,1.4295001165010035e-05
13144,349,17,13,1,2.7019999834010378e-05
13145,82850,19,14,3,4.084000102011487e-05
13146,60650,40,15,3,9.97990027826745e-05
13147,55408,16,16,1,0.00012869000056525692
13148,112751,16,16,1,0.00012095199781470001
13149,37253,16,15,0,1.1796000762842596e-05
13150,117170,16,14,0,1.0473002475919202e-05
13151,65939,16,13,0,1.7072998161893338e-05
13152,14529,16,12,0,1.0069998097606003e-05
13153,42501,16,11,0,9.842999133979902e-06
13154,25484,16,10,0,9.284001862397417e-06
13155,46033,16,9,0,9.326999133918434e-06
13156,62482,16,8,0,8.571001671953127e-06
13157,104263,16,7,0,8.945000445237383e-06
13158,5532,20,7,0,5.031600085203536e-05
13159,5459,26,15,2,9.010500070871785e-05
13160,102511,21,16,2,0.00014412900054594502
13161,120953,16,16,1,0.00012939400039613247
13162,80602,16,15,0,1.2794000213034451e-05
13163,47488,16,14,0,1.1449999874457717e-05
13164,72236,16,13,0,1.061999864759855e-05
13165,48272,19,13,0,1.8097001884598285e-05
13166,102530,16,16,1,0.0001311939995503053
13167,77821,16,15,0,1.3032000424573198e-05
13168,6064,16,14,0,1.1096999514847994e-05
13169,80758,30,14,1,7.600699973409064e-05
13170,15851,17,13,0,1.2427000910975039e-05
13171,94745,17,12,0,1.1528998584253713e-05
13172,18009,17,11,0,1.0443000064697117e-05
13173,3940,17,10,0,1.069400241249241e-05
13174,58187,21,12,0,2.6983001589542255e-05
13175,5807,21,11,2,5.0087001000065356e-05
13176,21466,28,11,1,3.654000101960264e-05
13177,21415,32,15,2,0.0001541780002298765
13178,6068,24,15,4,8.697800149093382e-05
13179,32186,29,15,8,9.230800060322508e-05
13180,73917,16,16,4,0.00012564799908432178
13181,2237,30,16,1,8.758300100453198e-05
13182,94408,20,16,8,0.0001315020017500501
13183,47314,17,16,2,0.00010640499749570154
13184,55508,16,16,1,0.00012381299893604591
13185,121052,22,16,2,0.00010953799937851727
13186,100578,19,16,6,0.0001238530021510087
13187,53501,18,16,3,0.00010316800035070628
13188,78579,17,15,2,4.502299998421222e-05
13189,119047,19,16,3,0.00013352699897950515
13190,28293,18,15,1,1.7348000255879015e-05
13191,47380,21,16,4,0.00011291900227661245
13192,117018,19,16,2,0.00012450299982447177
13193,74016,25,16,3,9.026900079334155e-05
13194,71989,22,16,0,0.00010974299948429689
13195,24896,16,16,1,0.00013193800259614363
13196,27125,16,15,0,1.2586999218910933e-05
13197,24897,16,16,1,0.0001294879984925501
13198,88404,29,16,4,0.00010046199895441532
13199,108906,23,16,3,0.00011130200073239394
13200,12656,31,16,2,7.827800072846003e-05
13201,121217,17,16,1,0.00013621499965665862
13202,89869,18,15,0,1.4336001186165959e-05
13203,65192,16,14,0,1.2165000953245908e-05
13204,16789,19,16,2,0.0001738559985824395
13205,41380,20,16,7,0.00012858099944423884
13206,70060,32,16,7,0.0001625199984118808
13207,76217,16,16,1,0.000126705999718979
13208,124431,16,15,0,1.2205000530229881e-05
13209,104329,16,14,0,1.0830000974237919e-05
13210,73218,17,13,0,1.1549000191735104e-05
13211,103463,16,12,0,9.969000529963523e-06
13212,23294,16,11,0,9.273000614484772e-06
13213,17153,17,10,0,9.625000529922545e-06
13214,106116,22,9,0,1.5475001418963075e-05
13215,12513,19,9,1,3.759299943340011e-05
13216,17979,23,12,2,7.573800030513667e-05
13217,121278,25,16,0,5.062399941380136e-05
13218,104896,25,16,2,0.0001299439973081462
13219,98771,16,16,1,0.00013284200031193905
13220,2518,16,16,4,0.0001200459992105607
13221,90618,32,16,3,9.819699698709883e-05
13222,25098,19,16,3,0.00012719900041702203
13223,26313,23,15,1,0.0001299640025536064
13224,43875,23,14,0,1.759399674483575e-05
13225,119326,17,16,2,0.0001069329991878476
13226,15558,17,15,0,1.3169999874662608e-05
13227,5519,20,15,5,0.00016475300071761012
13228,98865,19,16,6,0.00010363500041421503
13229,47667,18,16,8,8.804699973552488e-05
13230,62004,17,16,1,0.00012658199921133928
13231,37531,19,15,0,1.8614999135024846e-05
13232,99263,17,14,0,1.2882002920378e-05
13233,10804,25,16,0,8.528200123691931e-05
13234,62002,37,16,5,0.00010610399840516038
13235,89006,21,15,4,6.961599865462631e-05
13236,8777,16,16,2,0.00011963300130446441
13237,123477,28,16,2,0.00010578299770713784
13238,132629,19,15,0,8.397599958698265e-05
13239,118022,19,14,0,1.2702999811153859e-05
13240,111630,19,13,0,1.0787000064738095e-05
13241,90485,26,13,0,2.2043997887521982e-05
13242,6410,30,14,4,0.00010961400039377622
13243,117863,32,14,0,2.8806000045733526e-05
13244,62446,27,15,3,7.186299990280531e-05
13245,15677,26,15,6,0.00012340099783614278
13246,27242,23,16,2,6.37439989077393e-05
13247,27283,16,16,1,0.00020006100021419115
13248,10201,16,15,0,1.2855001841671765e-05
13249,101006,20,16,4,0.00010516600013943389
13250,53911,21,16,4,0.00014575399836758152
13251,98188,22,15,6,0.0001591809996170923
13252,101066,19,15,6,0.00010102300075232051
13253,80579,18,16,1,0.00013747800039709546
13254,56054,16,15,0,1.2815999070880935e-05
13255,29403,42,16,1,9.837799734668806e-05
13256,65191,30,15,3,8.035300197661854e-05
13257,10985,26,16,12,0.00014394100071513094
13258,81557,30,15,4,0.0001461790016037412
13259,47872,23,16,3,8.751600034884177e-05
13260,131843,23,16,1,9.852500079432502e-05
13261,113419,22,16,6,8.339299893123098e-05
13262,105227,23,16,1,9.524100096314214e-05
13263,45838,39,16,1,9.069999941857532e-05
13264,90899,19,16,3,9.139600297203287e-05
13265,39713,27,16,4,8.841500311973505e-05
13266,29942,32,15,0,6.328599920379929e-05
13267,11050,24,16,3,0.00011411499872338027
13268,129834,17,16,3,6.495300112874247e-05
13269,64304,28,16,4,0.0001277880000998266
13270,28402,28,15,7,0.00011129899939987808
13271,111407,31,16,4,0.00010550699880695902
13272,9011,46,16,1,0.00011746499876608141
13273,62282,37,16,4,0.00012751300164381973
13274,88905,24,16,0,5.7377001212444156e-05
13275,127828,16,16,1,0.000160908999532694
13276,66413,23,16,5,0.0001413530007994268
13277,74707,26,16,6,0.0001028990009217523
13278,46042,26,16,1,9.055400005308911e-05
13279,78813,18,16,4,0.00012662399967666715
13280,79052,19,15,5,0.00010655900041456334
13281,127996,28,16,3,9.558500096318312e-05
13282,33798,16,16,1,0.0001810689973353874
13283,101385,16,16,5,0.0001349359990854282
13284,62485,16,16,1,0.00012909100041724741
13285,74787,42,16,1,7.539500074926764e-05
13286,103465,16,16,1,0.000124530000903178
13287,56361,38,16,13,0.00013357100033317693
13288,9261,26,16,7,0.00014124200242804363
13289,91194,16,16,1,0.00016926199896261096
13290,66636,18,16,1,0.00013630700050271116
13291,40013,16,16,1,0.00012939500084030442
13292,73439,16,15,0,1.3130000297678635e-05
13293,54392,36,16,0,7.389999882434495e-05
13294,103749,30,15,3,8.046700168051757e-05
13295,105142,39,15,1,9.304900231654756e-05
13296,15759,48,15,7,9.556899749441072e-05
13297,124023,30,16,4,0.00010163899787585251
13298,87174,27,16,0,0.00012006299948552623
13299,17584,23,16,0,0.00012738300210912712
13300,23740,16,16,2,0.0001235109994013328
13301,60723,24,16,2,6.485400081146508e-05
13302,120125,17,16,6,0.0001270319989998825
13303,128338,23,16,6,7.08779989508912e-05
13304,105835,16,16,1,0.00012424899978213944
13305,26463,16,15,0,1.185700239147991e-05
13306,28027,23,16,0,6.074599878047593e-05
13307,5527,22,16,0,9.731000318424776e-05
13308,56742,40,16,1,8.475300273858011e-05
13309,41574,33,15,0,5.953200161457062e-05
13310,73474,25,15,3,7.037700197543018e-05
13311,15872,34,16,1,7.819499660399742e-05
13312,48642,16,16,2,0.00014006299898028374
13313,124430,30,16,2,9.238300117431208e-05
13314,122394,17,16,7,0.00012986300134798512
13315,73246,24,16,4,0.000141535001603188
13316,9806,26,16,7,0.00014471699978457764
13317,34417,39,16,5,0.00016008999955374748
13318,97906,16,16,2,0.00011824400280602276
13319,16008,30,16,3,0.00012608899851329625
13320,77460,17,16,1,0.00013583200052380562
13321,91807,31,16,1,0.00017150500207208097
13322,71547,19,15,0,8.089800030575134e-05
13323,59080,24,16,6,0.00010914700033026747
13324,9929,27,16,7,9.207800030708313e-05
13325,48868,16,16,1,0.00012369599789963104
13326,24330,16,15,0,1.2296000932110474e-05
13327,95982,16,16,1,0.00013264699737192132
13328,120629,20,16,2,0.00013785900227958336
13329,1870,18,16,2,8.638100189273246e-05
13330,124808,18,16,5,8.451000030618161e-05
13331,89994,20,16,6,0.00014738200115971267
13332,96145,32,16,7,0.00010157699944102205
13333,65449,70,16,4,0.0001618390015210025
13334,128957,34,16,3,8.763300138525665e-05
13335,67661,38,16,2,0.00011471699690446258
13336,34968,42,16,6,0.00012449399946490303
13337,51425,19,16,3,4.378499943413772e-05
13338,55552,18,16,5,0.0001026739992084913
13339,61744,34,16,7,0.00013135400149622
13340,82358,23,16,2,9.955199857358821e-05
13341,70201,19,16,6,8.769399937591515e-05
13342,113277,36,16,6,0.00010974700126098469
13343,66222,30,16,0,6.634899909840897e-05
13344,64253,30,16,2,0.00012046400297549553
13345,99251,19,16,5,7.937599730212241e-05
13346,101413,24,16,3,7.660499977646396e-05
13347,1589,24,16,7,7.888500113040209e-05
13348,12719,29,15,6,0.0001322780008194968
13349,75786,30,16,2,7.355599882430397e-05
13350,59398,24,17,2,4.60700030089356e-05
13351,18443,17,17,1,0.0001547559986647684
13352,108754,17,16,0,1.4084002032177523e-05
13353,83477,18,16,1,1.595000139786862e-05
13354,14347,29,17,5,0.0001424450019840151
13355,126258,22,16,3,8.34339989523869e-05
13356,30147,22,16,4,9.94990004983265e-05
13357,102414,25,17,1,0.0001532120004412718
13358,81489,17,16,0,4.7060999349923804e-05
13359,75458,17,15,0,1.402900306857191e-05
13360,3190,17,14,0,1.19440010166727e-05
13361,65949,19,15,1,6.318200030364096e-05
13362,10258,26,17,14,0.00010806200225488283
13363,57369,17,17,1,0.00013682500139111653
13364,55038,18,16,0,1.4779998309677467e-05
13365,69844,17,15,0,1.1688000085996464e-05
13366,58955,18,14,0,1.1739000910893083e-05
13367,22556,17,17,1,0.0001366280012007337
13368,106304,17,16,0,1.3444998330669478e-05
13369,82361,17,15,0,1.1987001926172525e-05
13370,16880,17,14,0,1.1781001376220956e-05
13371,116338,17,13,0,1.07769992609974e-05
13372,81970,17,12,0,1.0210998880211264e-05
13373,60314,17,11,0,9.871000656858087e-06
13374,58170,17,10,0,9.4620008894708e-06
13375,45693,17,9,0,9.123003110289574e-06
13376,52482,17,8,0,9.1479996626731e-06
13377,55384,17,7,0,9.53100243350491e-06
13378,101272,17,6,0,8.839000656735152e-06
13379,49365,17,5,0,7.902999641373754e-06
13380,126265,17,4,0,6.608999683521688e-06
13381,4932,19,3,0,7.598999218316749e-06
13382,97622,31,4,2,2.7158999728271738e-05
13383,12924,39,4,1,2.4237997422460467e-05
13384,6992,27,16,1,5.029900057706982e-05
13385,128027,23,16,1,4.8937999963527545e-05
13386,57,23,16,2,6.621699867537245e-05
13387,71719,17,17,1,0.0001584089986863546
13388,89821,17,16,0,1.3823999324813485e-05
13389,84032,22,17,2,0.00012779700045939535
13390,69697,18,17,9,9.773199781193398e-05
13391,104525,17,17,1,0.0001298179995501414
13392,44937,17,16,0,1.3272998330648988e-05
13393,28237,17,15,0,1.1629999789875e-05
13394,92978,17,14,0,1.075999898603186e-05
13395,95858,17,13,0,9.847000910667703e-06
13396,82217,17,12,0,1.0375999409006909e-05
13397,122273,17,11,0,1.0150000889552757e-05
13398,93026,17,10,0,9.449999197386205e-06
13399,107679,17,9,0,8.561997674405575e-06
13400,46374,17,8,0,8.981998689705506e-06
13401,93509,17,7,0,9.357998351333663e-06
13402,97939,17,6,0,8.78300124895759e-06
13403,17002,17,5,0,8.037997758947313e-06
13404,120167,17,4,0,7.103000825736672e-06
13405,103895,17,3,0,5.735000740969554e-06
13406,79518,17,2,0,7.514998287661001e-06
13407,99974,17,1,0,5.18599699717015e-06
13408,75467,17,0,0,4.647998139262199e-06
13409,110670,36,17,1,9.956100257113576e-05
13410,125017,25,17,3,0.00011092500062659383
13411,24673,18,17,1,0.00013770100122201256
13412,82159,17,16,0,1.3863998901797459e-05
13413,48446,17,15,0,1.1583000741666183e-05
13414,28139,17,14,0,1.1497999366838485e-05
13415,73553,24,16,3,5.470900214277208e-05
13416,112747,25,17,1,0.00014270999963628128
13417,88184,25,17,3,0.00011732400162145495
13418,116880,22,17,1,0.00014483899940387346
13419,122864,17,16,0,1.4622997696278617e-05
13420,15215,21,15,0,1.563600017107092e-05
13421,55852,18,14,0,1.3115000911056995e-05
13422,106224,17,13,0,1.1547999747563154e-05
13423,60274,19,12,0,1.3339998986339197e-05
13424,54559,17,11,0,1.0556002962403e-05
13425,23456,26,11,0,2.8629998269025236e-05
13426,74687,23,10,0,1.3079999916953966e-05
13427,125939,26,9,0,2.3315998987527564e-05
13428,76005,37,11,1,9.828800102695823e-05
13429,93801,30,10,1,4.3699001253116876e-05
13430,86557,28,9,0,2.8780999855371192e-05
13431,57495,32,17,5,0.00015713099855929613
13432,67108,33,16,2,9.403500007465482e-05
13433,12237,28,16,3,0.00010896599997067824
13434,82079,26,17,3,9.435599713469855e-05
13435,47275,19,17,4,0.00011425300181144848
13436,65467,20,16,5,8.819700087769888e-05
13437,110773,25,17,5,0.00014022899995325133
13438,97371,35,16,2,0.00010795599882840179
13439,18667,17,17,1,0.00015314600022975355
13440,63314,17,16,0,1.4871002349536866e-05
13441,73970,22,17,2,0.00013469199984683655
13442,6389,17,17,1,0.00013975099864182994
13443,116983,17,17,10,0.0001366500000585802
13444,24843,17,17,1,0.00013061899880995043
13445,128895,18,16,0,1.5329998859670013e-05
13446,41427,17,15,0,1.2067001080140471e-05
13447,71245,17,14,0,3.588099934859201e-05
13448,13112,19,13,0,1.4988996554166079e-05
13449,89033,20,12,0,1.4977002138039097e-05
13450,97389,17,11,0,1.0619001841405407e-05
13451,10200,17,10,0,9.439001587452367e-06
13452,98941,17,9,0,9.797997336136177e-06
13453,75283,17,8,0,9.073002729564905e-06
13454,24844,17,7,0,9.276998753193766e-06
13455,127293,17,6,0,8.27899930300191e-06
13456,29754,17,5,0,7.5169991760049015e-06
13457,105278,17,4,0,6.141999620012939e-06
13458,58768,19,4,0,1.2784999853465706e-05
13459,105034,39,5,0,4.150099994149059e-05
13460,1575,29,6,0,2.3871001758379862e-05
13461,78415,52,16,7,0.0001110419980250299
13462,115961,44,16,5,0.00010931100041489117
13463,98590,17,17,1,0.00013835900244885124
13464,101807,17,16,0,1.4013003237778321e-05
13465,109671,17,15,0,1.2311000318732113e-05
13466,32211,22,16,3,0.000143062999995891
13467,50124,22,15,0,1.6730002244003117e-05
13468,304,17,17,1,0.00017777799803297967
13469,45641,17,16,0,1.45820013131015e-05
13470,766,19,16,0,2.415899871266447e-05
13471,128820,19,15,1,2.483900243532844e-05
13472,92233,21,15,1,2.291000055265613e-05
13473,21404,27,16,0,6.168600157252513e-05
13474,29388,34,15,0,6.161899727885611e-05
13475,93517,27,14,0,1.8135000573238358e-05
13476,96190,25,15,1,6.271799793466926e-05
13477,79960,25,15,3,5.5499000154668465e-05
13478,109534,22,16,6,8.209899897337891e-05
13479,18662,24,16,7,8.51440017868299e-05
13480,71986,18,17,3,0.0001420760017936118
13481,122751,18,16,0,1.4913999621057883e-05
13482,83806,21,16,4,7.339299918385223e-05
13483,20416,23,16,2,9.110700193559751e-05
13484,55628,34,17,3,0.00010816799840540625
13485,93885,38,16,1,0.00014797399853705429
13486,96687,29,16,0,8.420000085607171e-05
13487,95700,36,16,0,7.718900087638758e-05
13488,40823,49,16,2,0.0001043010015564505
13489,66256,39,16,1,9.308700100518763e-05
13490,80213,22,17,2,0.00016499499906785786
13491,24932,30,17,0,0.00010830799874383956
13492,357,26,17,1,9.703399700811133e-05
13493,74096,17,17,1,0.00013401499745668843
13494,75050,17,16,0,1.3449996913550422e-05
13495,119216,17,15,0,1.1569001799216494e-05
13496,74347,25,15,0,4.218300091451965e-05
13497,23912,20,16,2,0.00013105700054438785
13498,16429,20,15,0,1.459800114389509e-05
13499,98647,20,14,0,1.3040000339969993e-05
13500,33759,20,13,0,1.1559000995475799e-05
13501,11725,20,12,0,1.176499790744856e-05
13502,14861,20,11,0,1.1599000572459772e-05
13503,133224,35,11,1,9.674399916548282e-05
13504,131396,40,10,0,5.2657000196632e-05
13505,119600,36,11,0,5.339099880075082e-05
13506,107608,29,13,1,5.659700036630966e-05
13507,43405,42,17,2,0.00016351799786207266
13508,119185,23,17,4,0.0001394339997204952
13509,21388,18,16,3,0.00011764699956984259
13510,67988,24,17,2,0.00011119900227640755
13511,117175,17,17,1,0.00015302600149880163
13512,106949,30,17,1,8.627200077171437e-05
13513,76232,42,17,5,0.00012108699957025237
13514,61358,27,16,6,0.00012560899995150976
13515,20975,22,17,1,0.00014562900105374865
13516,96870,18,16,0,1.940099900821224e-05
13517,94715,20,17,3,0.00014723300046171062
13518,31235,39,17,0,0.00010025799929280765
13519,109090,25,17,1,0.00017667700012680143
13520,89323,25,16,0,2.0669001969508827e-05
13521,130416,23,15,0,1.6207002772716805e-05
13522,17875,25,14,0,1.6846999642439187e-05
13523,66010,24,14,0,6.812599895056337e-05
13524,46863,28,15,2,0.00015930700101307593
13525,56894,30,15,0,0.0001087909986381419
13526,62832,30,16,1,0.00011594099851208739
13527,121839,28,16,5,0.0001590369975019712
13528,100908,17,17,1,0.00014616800035582855
13529,13079,17,16,0,1.473500014981255e-05
13530,19512,17,15,0,1.1846997949760407e-05
13531,124158,17,14,0,1.1205000191694126e-05
13532,6977,17,13,0,1.0812000255100429e-05
13533,86137,18,13,1,4.8588997742626816e-05
13534,29224,18,12,0,1.2055999832227826e-05
13535,25270,20,15,3,5.8761001128004864e-05
13536,57901,26,17,10,0.00014689399904455058
13537,111165,18,17,5,0.0001376549989799969
13538,96829,27,17,6,0.0001809250024962239
13539,64062,21,17,5,0.00015445499957422726
13540,2626,37,17,2,0.00011415299741202034
13541,118359,28,16,7,0.00010669000039342791
13542,57943,25,17,7,0.00010234299770672806
13543,103011,43,16,3,6.448999920394272e-05
13544,56664,38,15,1,8.489299943903461e-05
13545,119392,41,17,5,0.00013897300232201815
13546,103027,27,17,2,7.678499969188124e-05
13547,47735,26,17,1,0.00013868600217392668
13548,50911,41,16,3,0.00010807900252984837
13549,64124,27,17,6,5.773899829364382e-05
13550,87237,19,17,1,0.0001385080031468533
13551,3193,18,16,0,1.850300031946972e-05
13552,68639,26,16,1,0.00011830500079668127
13553,13039,27,15,0,4.13269990531262e-05
13554,127825,34,14,0,6.140899859019555e-05
13555,74919,28,14,1,4.72129977424629e-05
13556,101953,26,14,2,3.677899803733453e-05
13557,98315,62,14,1,8.734799848753028e-05
13558,105849,34,13,2,8.63960012793541e-05
13559,79337,39,13,2,6.921699969097972e-05
13560,50746,37,14,2,9.578599929227494e-05
13561,51062,39,14,2,8.774299931246787e-05
13562,93131,37,15,2,0.00011203600297449157
13563,63158,42,15,0,2.8037000447511673e-05
13564,38513,36,15,2,6.736599971191026e-05
13565,120732,46,15,2,0.00012618799883057363
13566,24527,36,15,2,5.903300188947469e-05
13567,96094,39,15,4,0.00016645900177536532
13568,99973,17,17,1,0.00015688400162616745
13569,118344,18,16,0,1.6136000340338796e-05
13570,30343,32,17,2,8.071600313996896e-05
13571,27478,27,16,2,8.719799734535627e-05
13572,70794,27,17,1,9.682200106908567e-05
13573,13453,43,17,3,0.0001910110004246235
13574,107152,23,17,6,0.00010750799992820248
13575,26769,24,17,1,0.00014530100088450126
13576,63240,17,16,0,1.4123001164989546e-05
13577,130018,17,15,0,1.198000245494768e-05
13578,92007,19,14,0,1.3308999768923968e-05
13579,85507,19,13,0,1.1991000064881518e-05
13580,115501,19,12,0,1.1441999959060922e-05
13581,60224,19,11,0,1.1397001799196005e-05
13582,66451,19,10,0,1.0820000170497224e-05
13583,76949,17,9,0,9.777002560440451e-06
13584,42576,18,8,0,9.404000593349338e-06
13585,9617,19,7,0,9.859002602752298e-06
13586,81315,19,6,0,1.4449000445893034e-05
13587,101841,24,5,0,1.01529985840898e-05
13588,114618,19,4,0,7.118000212358311e-06
13589,117297,22,4,1,1.47400023706723e-05
13590,109976,25,3,0,1.1583000741666183e-05
13591,46599,35,13,1,4.64429977000691e-05
13592,64147,21,17,5,0.00010396200013929047
13593,132760,17,17,1,0.00014725000073667616
13594,125595,37,17,6,0.000138103001518175
13595,54288,35,16,4,9.046999912243336e-05
13596,89881,20,16,4,0.00010160899910260923
13597,16299,31,16,7,0.00012180300109321252
13598,53950,20,16,3,0.0001221310012624599
13599,105118,28,17,5,0.00010813800327014178
13600,17566,17,17,1,0.0001422040004399605
13601,13441,17,16,0,1.3404001947492361e-05
13602,30631,17,15,0,1.2618002074304968e-05
13603,66769,17,14,0,1.1413001629989594e-05
13604,120095,17,13,0,1.0592000762699172e-05
13605,57000,25,15,0,2.9200000426499173e-05
13606,86368,24,14,0,3.2760999602032825e-05
13607,98765,22,14,2,9.99650001176633e-05
13608,7087,24,13,1,3.9284997910726815e-05
13609,9886,19,17,2,0.00016692500139470212
13610,29860,24,17,7,0.00011374799942132086
13611,59046,19,17,11,0.00014029399972059764
13612,5127,27,16,5,7.963799725985155e-05
13613,123570,20,17,7,0.00017698100054985844
13614,32443,26,17,2,0.0001221509992319625
13615,82623,26,17,2,6.434399983845651e-05
13616,124095,17,17,1,0.00019065000014961697
13617,77504,33,17,3,6.277699867496267e-05
13618,38595,26,17,6,0.00012636600149562582
13619,117632,26,16,0,1.955900006578304e-05
13620,3269,58,17,0,0.00011720499969669618
13621,121550,27,17,9,0.00013871799819753505
13622,100052,22,17,5,0.00013527800183510408
13623,29920,44,17,4,0.0001370919999317266
13624,26339,26,17,7,9.80180011538323e-05
13625,56558,24,17,11,0.00013344200124265626
13626,56051,18,17,1,0.00014998499682405964
13627,66803,26,17,4,0.0001070949983841274
13628,44790,36,17,3,0.00015079500008141622
13629,95996,27,17,6,0.00013089099957142025
13630,17663,42,17,0,0.0001004900004772935
13631,80642,29,17,4,0.00010794500121846795
13632,11529,17,17,7,0.00010108999777003191
13633,100106,17,17,1,0.0001530619992990978
13634,37659,18,17,1,0.00014186100088409148
13635,72987,19,17,4,0.00016814199989312328
13636,3998,21,16,2,0.0001399910033796914
13637,45858,19,17,2,8.193399844458327e-05
13638,12068,31,17,1,0.00011842200183309615
13639,34085,23,17,2,0.00010812800246640109
13640,113446,25,17,1,0.0001545229970361106
13641,38699,28,17,0,9.795399819267914e-05
13642,97069,21,17,3,0.00012651900033233687
13643,23861,26,17,3,0.00011363299927324988
13644,64317,33,17,4,0.00016706099995644763
13645,101308,22,16,9,0.00020582199795171618
13646,6974,17,17,5,0.00014266099969972856
13647,21839,17,16,0,1.5338999219238758e-05
13648,23779,18,16,1,3.625199678936042e-05
13649,84799,45,17,5,0.00012345900177024305
13650,54196,24,16,3,0.00010149000081582926
13651,37810,29,16,3,8.588300261180848e-05
13652,3393,27,17,8,0.00014915100109647028
13653,3908,17,17,1,0.00015061399972182699
13654,70478,27,17,2,0.00014203099999576807
13655,104278,17,17,1,0.00014808500054641627
13656,17243,23,17,10,0.00015307300054701045
13657,68444,26,17,4,9.280900121666491e-05
13658,95587,40,17,3,0.0001064710013451986
13659,118630,66,17,1,0.00020086400036234409
13660,117097,20,17,2,0.0001256239993381314
13661,86892,41,17,2,0.0001768670008459594
13662,46449,20,17,4,0.00010919299893430434
13663,72562,25,17,7,0.0001292000015382655
13664,19828,19,17,8,0.00010075300087919459
13665,121726,19,17,3,0.0001658789988141507
13666,5509,28,17,3,8.918199819163419e-05
13667,12166,17,17,1,0.00014036699940334074
13668,28045,24,17,5,9.214099918608554e-05
13669,11675,23,17,5,0.00010814499910338782
13670,118179,23,17,0,0.00013452400162350386
13671,90021,17,17,4,0.00010131399903912097
13672,7814,31,16,5,0.00010920400018221699
13673,50399,34,16,4,0.0001810489993658848
13674,9643,44,17,6,0.0002459329989505932
13675,91215,44,16,0,0.0001016589994833339
13676,128024,29,16,1,9.99490002868697e-05
13677,84910,30,17,2,0.00013000499893678352
13678,122806,17,17,1,0.00015614500080118887
13679,110519,27,17,5,0.0001231440000992734
13680,93626,18,17,1,0.00012821199925383553
13681,79303,22,16,0,4.0811999497236684e-05
13682,115137,37,17,4,0.00011443300172686577
13683,31862,49,16,3,0.00010925800233962946
13684,72650,23,17,0,4.012900171801448e-05
13685,50183,20,16,2,0.00011659899973892607
13686,67932,29,16,0,3.592600114643574e-05
13687,39882,19,17,6,0.00011433199688326567
13688,44495,24,17,4,0.00014003500109538436
13689,12249,26,17,3,9.348700041300617e-05
13690,49632,18,17,1,0.00010194299829890952
13691,35811,30,17,3,9.093200060306117e-05
13692,114148,18,17,7,9.512399992672727e-05
13693,19431,17,17,1,0.0001374300009047147
13694,128492,18,17,7,0.00012102000255254097
13695,102382,21,17,1,5.517799945664592e-05
13696,1519,17,17,1,0.0001435470003343653
13697,131056,23,17,5,0.00016347500059055164
13698,116209,17,17,1,0.00013287200272316113
13699,14336,30,17,9,0.00011759599874494597
13700,95242,59,17,4,0.00015397899915114976
13701,87054,30,17,1,6.961799954297021e-05
13702,34332,23,17,9,9.288699948228896e-05
13703,19484,20,17,10,0.00013798600048176013
13704,81958,22,17,9,0.0001514730029157363
13705,24106,18,17,7,0.00024753700199653395
13706,50220,22,17,7,8.59019964991603e-05
13707,74810,43,17,2,0.00010436699812998995
13708,39999,33,17,5,0.0001279480020457413
13709,27233,28,17,2,7.982800161698833e-05
13710,36454,19,17,2,0.00012602399874594994
13711,34922,24,17,0,0.0001125350026995875
13712,120443,23,17,2,6.281699825194664e-05
13713,88704,33,17,5,0.00011985200035269372
13714,49292,29,17,4,9.170199700747617e-05
13715,59173,25,16,6,5.5184998927870765e-05
13716,131737,27,17,3,8.63839995872695e-05
13717,87226,27,17,4,8.911499753594398e-05
13718,58062,18,17,2,0.00014481399921351112
13719,98020,42,17,2,9.694300024420954e-05
13720,60198,35,17,5,0.00016803800099296495
13721,23356,22,17,3,0.00010480799755896442
13722,16276,32,17,2,7.022399950074032e-05
13723,53248,18,18,1,0.00015371299741673283
13724,88987,18,17,0,1.4798002666793764e-05
13725,5734,18,16,0,1.4454999472945929e-05
13726,19951,18,15,0,1.764799890224822e-05
13727,55087,18,14,0,1.1237996659474447e-05
13728,47058,18,13,0,1.1418000212870538e-05
13729,21507,18,12,0,1.1579999409150332e-05
13730,642,18,11,0,1.0672996722860262e-05
13731,124233,18,10,0,1.0312000085832551e-05
13732,105972,18,9,0,9.979001333704218e-06
13733,14095,18,8,0,9.544997737975791e-06
13734,67139,18,7,0,1.034299930324778e-05
13735,84301,18,6,0,9.537001460557804e-06
13736,2684,18,5,0,8.098999387584627e-06
13737,59747,21,6,1,4.0661001548869535e-05
13738,118578,25,5,0,1.3271001080283895e-05
13739,21816,30,4,0,1.341600000159815e-05
13740,117464,27,4,0,1.6949998098425567e-05
13741,122852,34,16,2,6.982600098126568e-05
13742,18079,34,16,1,4.620300023816526e-05
13743,30730,32,18,2,0.00013805100024910644
13744,14363,18,18,1,0.00014842699965811335
13745,65454,23,17,0,2.044499706244096e-05
13746,44514,18,16,0,1.4085999282542616e-05
13747,3504,18,15,0,1.223800063598901e-05
13748,131987,18,14,0,1.117799911298789e-05
13749,46110,18,13,0,1.0496998584130779e-05
13750,25898,18,12,0,1.1364998499630019e-05
13751,131588,18,11,0,1.0403000487713143e-05
13752,38232,18,10,0,1.0030002158600837e-05
13753,56971,18,9,0,9.707000572234392e-06
13754,40764,22,8,0,1.3998000213177875e-05
13755,101174,18,7,0,9.365998266730458e-06
13756,23908,18,6,0,9.093997505260631e-06
13757,115004,18,5,0,7.668000762350857e-06
13758,120178,18,4,0,6.788999598938972e-06
13759,95691,18,3,0,6.0490019677672535e-06
13760,35596,40,9,1,5.704599971068092e-05
13761,55325,24,18,9,0.00015761900067445822
13762,98346,18,18,1,0.0001630040023883339
13763,84507,18,17,0,1.5019999409560114e-05
13764,92208,23,18,3,0.0001721660009934567
13765,84024,29,18,5,9.192200013785623e-05
13766,100412,18,18,1,0.0002251010009786114
13767,131654,20,17,0,1.592000262462534e-05
13768,105412,18,16,0,1.2266998965060338e-05
13769,102199,18,15,0,1.1795000318670645e-05
13770,56174,18,14,0,1.1495001672301441e-05
13771,23120,18,13,0,1.0584000847302377e-05
13772,38607,18,12,0,1.0514999303268269e-05
13773,45839,18,11,0,9.621999197406694e-06
13774,65522,18,10,0,1.4450997696258128e-05
13775,40419,24,11,3,5.872899782843888e-05
13776,82651,25,11,2,3.2068001019069925e-05
13777,15048,32,14,1,5.4146999900694937e-05
13778,15587,36,14,1,6.270999801927246e-05
13779,12405,26,18,9,9.355099973618053e-05
13780,39050,24,18,9,0.00015248199997586198
13781,67731,18,18,1,0.0001723669993225485
13782,64087,18,17,0,1.5986002836143598e-05
13783,109672,18,16,0,1.3597997167380527e-05
13784,93177,18,15,0,1.2014999811071903e-05
13785,50484,18,14,0,1.1724998330464587e-05
13786,74356,18,13,0,1.0818999726325274e-05
13787,110588,18,12,0,1.092000093194656e-05
13788,9488,18,11,0,1.0201001714449376e-05
13789,42199,18,10,0,9.549999958835542e-06
13790,58930,28,12,1,4.226599776302464e-05
13791,16536,21,18,5,9.950299863703549e-05
13792,43161,18,18,1,0.00016487499669892713
13793,43731,18,17,0,1.555299968458712e-05
13794,95051,23,16,0,1.964599869097583e-05
13795,57916,18,15,0,1.3274999218992889e-05
13796,62844,18,14,0,1.2030999641865492e-05
13797,111014,34,14,0,3.252199894632213e-05
13798,124653,23,13,1,4.173100023763254e-05
13799,95109,23,12,0,2.214699998148717e-05
13800,122105,22,12,0,2.2140000510262325e-05
13801,109229,34,11,1,4.6008000936126336e-05
13802,122740,30,10,0,8.486499791615643e-05
13803,1968,26,9,0,1.9291001081001014e-05
13804,110812,41,10,2,3.446999835432507e-05
13805,17447,38,13,2,0.00012799799878848717
13806,54148,32,15,3,8.635899939690717e-05
13807,45227,27,18,4,0.00013380600285017863
13808,45269,18,18,1,0.00016424699788331054
13809,101942,18,17,0,1.603299824637361e-05
13810,24829,23,18,1,0.00015227800031425431
13811,18696,23,18,3,0.00021220100097707473
13812,21300,23,17,0,2.0351999410195276e-05
13813,16961,21,17,3,0.00013780800145468675
13814,13069,18,18,1,0.00015205400268314406
13815,115786,18,17,0,1.4645000192103907e-05
13816,48050,18,16,0,1.2579999747686088e-05
13817,114982,19,15,0,1.4152999938232824e-05
13818,21542,19,14,0,1.4239998563425615e-05
13819,44388,19,13,0,1.7288002709392458e-05
13820,105107,20,13,1,1.719599822536111e-05
13821,22154,20,13,2,2.0665000192821026e-05
13822,70799,24,13,1,7.159300002967939e-05
13823,35662,28,16,1,5.531100032385439e-05
13824,122153,36,16,0,9.228399721905589e-05
13825,112650,42,16,1,0.00011161899965372868
13826,13581,32,16,2,0.0001314270011789631
13827,33068,40,17,7,0.00020633399981306866
13828,99126,36,17,5,8.612699821242131e-05
13829,113702,29,16,2,6.185100210132077e-05
13830,118549,29,18,6,9.597900134394877e-05
13831,46491,22,17,13,7.310500222956762e-05
13832,94486,33,18,6,0.0001414219987054821
13833,70424,31,18,1,0.00016173000039998442
13834,87675,42,17,1,0.00015640200217603706
13835,73497,18,18,1,0.0001652489991101902
13836,90403,18,18,1,0.00017161799769382924
13837,23692,18,17,0,1.5909001376712695e-05
13838,34456,18,16,0,1.3798999134451151e-05
13839,65523,18,15,0,1.3237997336545959e-05
13840,42294,18,14,0,1.1639000149443746e-05
13841,81188,42,18,5,0.00017034399934345856
13842,27943,34,18,9,0.00010714000018197112
13843,51496,18,18,1,0.00018902800002251752
13844,20056,18,17,0,1.5278998034773394e-05
13845,126251,28,18,0,0.00011279699901933782
13846,129324,18,18,7,0.00011620300210779533
13847,57645,18,18,1,0.0001734830002533272
13848,62098,18,17,0,1.5678000636398792e-05
13849,84629,18,16,0,1.3868997484678403e-05
13850,56171,18,15,0,1.3123997632646933e-05
13851,129842,34,18,5,0.00020002800010843202
13852,35141,32,17,0,8.360799984075129e-05
13853,113287,24,16,0,1.7976999515667558e-05
13854,61505,21,16,1,0.00012309299927437678
13855,38861,25,17,2,0.00010985700282617472
13856,68806,31,17,2,0.00010626600123941898
13857,35638,18,18,1,0.0002301679996890016
13858,74225,18,17,0,1.6109999705804512e-05
13859,40758,22,18,0,4.732100205728784e-05
13860,839,20,18,1,0.00017700800162856467
13861,107884,18,17,0,1.475500175729394e-05
13862,99144,22,18,16,0.00018520699813961983
13863,24394,18,18,1,0.00021100199955981225
13864,31117,18,17,0,1.687199983280152e-05
13865,102118,18,16,0,1.413100108038634e-05
13866,32718,18,15,0,1.3059001503279433e-05
13867,24139,18,14,0,1.2299999070819467e-05
13868,64985,18,13,0,1.2030999641865492e-05
13869,112344,18,12,0,1.1309002729831263e-05
13870,122187,18,18,1,0.00016009499813662842
13871,125916,18,17,0,1.455999881727621e-05
13872,75466,18,16,0,1.2606000382220373e-05
13873,87599,18,15,0,1.2282001989660785e-05
13874,62941,18,14,0,1.1174000974278897e-05
13875,105035,18,13,0,1.1158001143485308e-05
13876,54949,20,12,0,1.4241999451769516e-05
13877,86334,26,12,1,3.0089999199844897e-05
13878,80559,27,11,0,2.4966000637505203e-05
13879,2932,28,11,0,4.9408001359552145e-05
13880,51699,24,12,0,6.531499820994213e-05
13881,58776,26,12,0,1.9621002138592303e-05
13882,72153,41,12,0,8.73220014909748e-05
13883,116909,34,12,1,0.00013261799904285
13884,130510,32,16,3,0.00017542100249556825
13885,63822,27,18,2,9.655000030761585e-05
13886,107955,51,17,6,0.00014635900151915848
13887,116046,30,18,5,0.0001248299995495472
13888,43856,25,18,1,0.00012149200119893067
13889,59216,19,18,1,0.00018275799811817706
13890,17864,18,17,0,2.2905998775968328e-05
13891,52700,18,16,0,4.585900023812428e-05
13892,36457,18,15,0,1.432000135537237e-05
13893,58750,18,14,0,1.1502001143526286e-05
13894,50820,25,16,1,8.928500028559938e-05
13895,124746,29,17,3,6.532399856951088e-05
13896,90031,36,16,4,0.00016294899978674948
13897,13655,26,15,3,3.6143999750493094e-05
13898,92499,44,18,0,0.00011109700062661432
13899,60766,24,18,4,9.532599869999103e-05
13900,13161,22,18,4,0.00014950699915061705
13901,24943,22,18,4,0.00015309900118154474
13902,31088,29,18,7,0.00010750600267783739
13903,16751,29,18,2,0.00013062300058663823
13904,112500,18,18,1,0.0001697389998298604
13905,70524,37,18,1,0.0001295059992116876
13906,91521,47,18,3,0.00015966000137268566
13907,83872,20,18,5,0.0001466939975216519
13908,37283,22,18,15,0.00018287499915459193
13909,58787,36,18,6,0.00012697800048044883
13910,33189,21,18,2,7.3895000241464e-05
13911,3493,22,18,3,0.0001308840001001954
13912,67494,35,18,4,0.00012925999908475205
13913,4734,32,17,3,0.00013260700143291615
13914,90538,21,18,2,0.00019783899915637448
13915,102317,22,18,0,9.296200005337596e-05
13916,129634,20,17,10,9.761199908098206e-05
13917,11186,27,18,6,0.00013808999938191846
13918,43781,21,17,1,5.684600182576105e-05
13919,59833,19,18,6,0.0001329340011579916
13920,104897,18,18,1,0.00022305099992081523
13921,131012,43,18,2,0.00016134999896166846
13922,53703,45,18,2,0.00010036199819296598
13923,104391,34,18,7,0.0001588810009707231
13924,65484,42,18,7,0.000144934998388635
13925,93647,31,18,1,7.70699989516288e-05
13926,128480,26,18,4,0.00011632699897745624
13927,68577,53,18,7,0.00011871600145241246
13928,73714,23,18,4,0.00010206099977949634
13929,104437,22,18,3,0.00011164999887114391
13930,40098,40,17,5,9.271000089938752e-05
13931,93689,21,18,6,0.00011873900075443089
13932,87034,27,18,7,0.0001215880001836922
13933,50181,22,18,7,0.00012146300286985934
13934,105990,32,18,3,9.6850999398157e-05
13935,70687,18,18,1,0.00018948499928228557
13936,7206,18,18,1,0.00023691800015512854
13937,9769,61,18,7,0.00012883599993074313
13938,87596,25,18,2,9.599300028639846e-05
13939,44079,18,18,1,0.00015891099974396639
13940,78897,34,18,7,0.00011174499741173349
13941,76338,30,18,3,0.00015841400090721436
13942,118325,26,18,3,0.00010238499817205593
13943,23099,33,18,2,0.00012546499783638865
13944,111681,38,18,2,0.0001161660002253484
13945,1602,24,18,18,0.0001494409989390988
13946,117830,29,18,10,0.00016694200166966766
13947,31304,35,18,2,8.146599793690257e-05
13948,115796,18,18,1,0.0001845010010583792
13949,28247,18,18,1,0.000177956997504225
13950,117849,34,18,3,0.00016474099902552553
13951,44125,21,18,2,0.00017184099851874635
13952,93278,18,18,2,0.0001590329993632622
13953,113250,23,18,3,0.00020876499911537394
13954,9316,21,18,10,0.00013806299830321223
13955,29301,44,18,2,9.422199946129695e-05
13956,28377,85,17,5,0.00020344400036265142
13957,2328,45,17,4,0.00012601799971889704
13958,22134,25,18,6,7.7860000601504e-05
13959,52858,23,18,3,8.528000034857541e-05
13960,46732,26,18,3,0.00016538999989279546
13961,73000,25,17,3,0.00017164599921670742
13962,103328,23,17,5,0.0001661040005274117
13963,60559,33,18,5,0.00011587799963308498
13964,132244,31,18,2,0.00013822699838783592
13965,12446,42,18,2,0.00010594900231808424
13966,83129,26,17,5,9.575900185154751e-05
13967,7933,20,16,4,0.0001621430019440595
13968,40621,25,18,11,0.00019415899805608205
13969,46259,40,18,9,0.00018443999942974187
13970,109748,29,18,4,0.0001191769988508895
13971,120122,39,17,1,0.00012142299965489656
13972,54965,26,18,7,0.00011378399722161703
13973,7357,42,18,2,0.0001610610015632119
13974,66756,23,18,3,0.0001882559990917798
13975,124126,43,17,0,8.88559989107307e-05
13976,11973,28,18,6,0.00015394699948956259
13977,23749,32,18,1,9.826400128076784e-05
13978,128712,21,18,5,8.370999785256572e-05
13979,120012,53,18,1,0.0001546079984109383
13980,62679,47,18,3,0.00018160499894293025
13981,119135,82,17,2,0.00016425300054834224
13982,125664,45,18,6,0.00012205700113554485
13983,117986,47,18,1,0.0001460960011172574
13984,1250,30,18,5,0.00012970700117875822
13985,123634,18,18,1,0.0001940279980772175
13986,110325,22,18,8,0.00010122200183104724
13987,84727,46,18,3,0.00017381499856128357
13988,23289,31,18,6,0.00012873300147475675
13989,79101,56,18,3,0.00011812599768745713
13990,21762,22,17,1,9.941099779098295e-05
13991,63236,49,18,1,0.0001683670016063843
13992,9990,18,18,2,0.0001822420017560944
13993,64779,27,18,2,0.00010107900016009808
13994,36138,23,18,0,8.374600292881951e-05
13995,100138,30,18,0,6.041600136086345e-05
13996,35135,32,18,4,0.00010423899948364124
13997,27970,25,18,9,0.0001100310000765603
13998,53073,35,18,1,7.085399920470081e-05
13999,102397,39,17,1,9.029400098370388e-05
14000,29562,22,18,0,8.52230004966259e-05
14001,105568,31,17,0,0.00010151400056201965
14002,71650,26,16,0,4.140200326219201e-05
14003,17548,25,16,5,6.19589991401881e-05
14004,9151,35,17,2,8.485400030622259e-05
14005,90506,48,18,2,0.00011813699893536977
14006,44467,41,18,4,0.00013983600001665764
14007,86986,28,18,4,8.139100100379437e-05
14008,5597,51,18,1,0.00013101999866194092
14009,20977,24,18,1,0.0002118599986715708
14010,87025,22,18,5,8.14079976407811e-05
14011,4114,19,18,1,0.00015814500147826038
14012,88596,30,18,3,0.00012518500079750083
14013,93220,25,18,6,0.00013814799967803992
14014,93226,32,18,7,0.0002271939993079286
14015,69676,32,18,4,0.00016495599993504584
14016,9790,19,18,2,0.00010414000280434266
14017,73806,32,18,0,0.00018979200103785843
14018,46179,26,18,6,0.00010449699766468257
14019,25301,34,17,3,8.425999840255827e-05
14020,45670,36,18,1,0.00010966199988615699
14021,84640,34,18,4,9.966799916583113e-05
14022,89777,41,17,3,0.00012096100181224756
14023,15555,37,18,3,0.00014106600065133534
14024,82643,37,18,8,0.00017829399803304113
14025,3803,53,18,2,0.00011731600170605816
14026,125697,36,18,1,8.260699905804358e-05
14027,27406,27,17,1,0.0001088860008167103
14028,58633,29,18,9,0.00011106400052085519
14029,47890,21,18,5,9.221400250680745e-05
14030,54629,46,18,0,0.00016790600056992844
14031,119906,57,17,3,0.00016348799908882938
14032,73900,38,17,1,0.00010811899846885353
14033,24000,25,18,7,9.776400111149997e-05
14034,21478,34,18,1,8.672499825479463e-05
14035,27637,34,17,0,2.2814998374087736e-05
14036,112711,32,17,0,0.00010264899901812896
14037,37097,33,16,0,2.7014000806957483e-05
14038,9292,25,18,2,6.41250007902272e-05
14039,32776,27,19,6,0.00015912300295894966
14040,104458,24,19,11,0.00014336400272441097
14041,122897,21,19,1,0.00018741600069915876
14042,42767,19,18,0,1.603900091140531e-05
14043,75132,19,17,0,1.3187000149628147e-05
14044,18948,30,18,1,4.757300121127628e-05
14045,83197,31,18,1,9.681600204203278e-05
14046,101199,28,17,0,3.469600051175803e-05
14047,28018,30,16,2,7.056100002955645e-05
14048,118004,25,16,1,2.266899900860153e-05
14049,39465,27,15,1,3.2052001188276336e-05
14050,123968,34,14,2,5.4547002946492285e-05
14051,118058,42,14,0,4.236699896864593e-05
14052,118211,45,14,0,0.00010425000073155388
14053,92228,36,13,0,5.8287998399464414e-05
14054,27218,33,16,3,0.00021687600019504316
14055,64214,37,18,1,9.882999802357517e-05
14056,105780,67,18,4,0.00015825400259927846
14057,110618,29,19,1,0.00020051100000273436
14058,65203,19,18,0,1.6592002793913707e-05
14059,15123,19,17,0,1.4681001630378887e-05
14060,15846,26,17,0,0.0001251680005225353
14061,104449,34,17,0,5.543799852603115e-05
14062,92464,32,17,1,0.00012535499990917742
14063,97128,35,16,0,6.98750009178184e-05
14064,133084,32,16,0,9.553500058245845e-05
14065,29767,30,15,0,3.903700053342618e-05
14066,121863,48,14,0,7.233200085465796e-05
14067,17514,29,14,1,3.6559998989105225e-05
14068,119843,32,14,3,6.041699816705659e-05
14069,76727,45,15,0,4.827299926546402e-05
14070,92081,37,14,1,9.250799848814495e-05
14071,10732,26,15,0,4.7618999815313146e-05
14072,9409,45,16,1,9.803899956750683e-05
14073,12610,31,18,0,6.808099715271965e-05
14074,101002,38,17,3,0.00011277799785602838
14075,89124,21,19,1,0.00016232599955401383
14076,38347,26,18,0,2.455899812048301e-05
14077,80595,20,17,0,1.4636996638728306e-05
14078,3688,20,16,0,1.3631997717311606e-05
14079,3209,20,15,0,1.326400160905905e-05
14080,72170,20,14,0,1.2852000509155914e-05
14081,103552,23,13,0,1.5382000128738582e-05
14082,57650,19,12,0,1.1427000572439283e-05
14083,54017,20,11,0,1.1891999747604132e-05
14084,53786,20,10,0,1.0815998393809423e-05
14085,86067,20,9,0,1.0572002793196589e-05
14086,109164,20,8,0,1.0376999853178859e-05
14087,103476,21,7,0,1.0179999662796035e-05
14088,54555,21,6,0,9.77099989540875e-06
14089,54860,19,5,0,8.497998351231217e-06
14090,130391,29,5,0,1.780800084816292e-05
14091,107882,25,5,0,3.313900015200488e-05
14092,117455,29,5,0,1.6196998330997303e-05
14093,87591,55,18,1,0.00010380100138718262
14094,67625,22,19,7,0.0002018269988184329
14095,85037,37,19,4,0.00013288500122143887
14096,7212,34,19,2,8.502600030624308e-05
14097,31797,19,19,1,0.00017794300219975412
14098,111683,25,19,2,0.00022026099759386852
14099,126543,24,18,2,0.00016179700105567463
14100,59117,24,17,0,1.888499900815077e-05
14101,87165,23,16,0,4.6384997403947636e-05
14102,48435,27,17,2,8.041399996727705e-05
14103,3160,24,16,2,5.594200047198683e-05
14104,33400,34,18,3,0.00013484399823937565
14105,91666,28,18,0,4.723799793282524e-05
14106,72787,19,19,1,0.00017799499983084388
14107,114806,19,18,0,1.675100065767765e-05
14108,64336,19,17,0,1.4104000001680106e-05
14109,117019,19,16,0,1.2936001439811662e-05
14110,54411,19,15,0,1.3446999219013378e-05
14111,130414,19,14,0,1.2478998542064801e-05
14112,88220,19,13,0,1.1732998245861381e-05
14113,48105,19,12,0,1.2166998203611001e-05
14114,111711,20,12,1,2.8015998395858333e-05
14115,58455,27,12,0,3.035500049008988e-05
14116,57649,37,12,0,5.9108999266754836e-05
14117,80479,28,11,0,3.8578000385314226e-05
14118,21588,45,19,1,0.0002160260009986814
14119,86,19,19,2,0.00019585900008678436
14120,27311,28,18,1,7.141199967009015e-05
14121,132185,31,19,5,0.00011507499948493205
14122,15547,25,18,2,5.5499000154668465e-05
14123,40033,25,19,0,8.45239992486313e-05
14124,43105,29,19,5,0.00014255600035539828
14125,99514,22,18,8,0.0001574950001668185
14126,114642,30,18,3,0.0001175500001409091
14127,44135,37,19,1,0.00010488900079508312
14128,47999,47,18,3,0.0001059260030160658
14129,83058,19,19,1,0.00019458799943095073
14130,92579,19,18,0,1.7541999113745987e-05
14131,65520,19,17,0,1.5004003216745332e-05
14132,111933,19,16,0,1.8261998775415123e-05
14133,16698,19,15,0,1.4305998774943873e-05
14134,59053,19,14,0,1.3322998711373657e-05
14135,11479,19,13,0,1.253300069947727e-05
14136,69377,19,12,0,1.3487002433976158e-05
14137,83055,20,12,1,2.2434000129578635e-05
14138,61080,30,11,1,2.9532999178627506e-05
14139,25208,28,13,0,4.359099693829194e-05
14140,88663,33,13,1,0.0001404310023644939
14141,49024,41,16,3,9.774499994819053e-05
14142,93325,26,19,7,0.00018152400298276916
14143,105621,26,19,7,0.0001312179992964957
14144,116895,19,19,1,0.00018266199913341552
14145,24833,19,18,0,1.5943998732836917e-05
14146,110758,19,19,2,0.0001591139989614021
14147,112634,19,18,1,0.00011767499745474197
14148,111786,53,19,1,0.0001184130014735274
14149,48083,40,18,2,0.00016288500046357512
14150,46267,21,19,1,0.00018309200095245615
14151,75966,19,19,1,0.00016932900325627998
14152,117005,19,18,0,1.6257999959634617e-05
14153,131263,26,19,17,0.0001323569995292928
14154,118163,23,18,14,0.00015445200187969021
14155,48333,30,19,9,0.000119803000416141
14156,66768,19,19,1,0.00019482000061543658
14157,122066,30,19,7,0.0001363340015814174
14158,35031,21,19,0,0.00015933200120343827
14159,21729,19,19,1,0.00019355699987499975
14160,41190,22,19,6,0.00014843899771221913
14161,102633,24,19,9,0.00014049699893803336
14162,36197,49,18,2,0.00013307100016390905
14163,83434,27,18,9,0.00012038500062772073
14164,11866,34,18,7,0.00014790899876970798
14165,101610,41,19,4,0.00015519299995503388
14166,20483,40,18,4,0.00017604700042284094
14167,114844,51,18,0,4.897699909633957e-05
14168,108784,20,19,1,0.00019997600247734226
14169,118076,25,18,0,2.3077998775988817e-05
14170,106400,19,17,0,1.5240999346133322e-05
14171,5152,20,17,1,2.4113996914820746e-05
14172,28523,25,18,2,0.00014003899923409335
14173,122568,26,17,0,2.0207000488881022e-05
14174,58950,32,18,3,0.00021834800281794742
14175,117012,31,19,1,0.00014211400048225187
14176,64793,20,19,1,0.00021715700131608173
14177,79129,29,19,4,0.00018350299797020853
14178,70470,28,18,0,0.00012193300062790513
14179,101661,28,19,0,0.00010210199980065227
14180,87332,34,19,2,0.00020490400129347108
14181,20775,20,19,4,0.00020254700211808085
14182,80187,19,19,1,0.00018356399959884584
14183,58682,50,19,4,0.00015767700097057968
14184,6466,37,19,2,0.00011413900210754946
14185,51027,28,18,4,8.561700087739155e-05
14186,19149,49,17,1,9.928399958880618e-05
14187,27189,35,18,2,0.00016155800039996393
14188,122561,25,18,2,0.00011249900126131251
14189,61786,32,19,8,0.00018389099932392128
14190,84318,39,19,6,0.00014030800230102614
14191,20890,44,18,3,0.00014488799934042618
14192,77152,26,19,2,0.0001852649984357413
14193,32104,25,19,4,0.00020544399740174413
14194,38289,26,19,3,0.00017349399786326103
14195,14747,29,19,4,0.00014761899728910066
14196,64946,19,19,1,0.00020445300106075592
14197,21208,19,18,0,1.7715003195917234e-05
14198,131519,33,19,5,0.00012802799756173044
14199,34266,19,19,1,0.00021646700042765588
14200,65277,19,18,0,1.7605001630727202e-05
14201,15213,19,17,0,1.4747001841897145e-05
14202,54750,24,19,1,0.0002560210014053155
14203,51680,23,19,9,0.00014961200213292614
14204,63968,21,19,5,0.00020453599790926091
14205,51684,20,19,14,0.00024933600070653483
14206,32752,22,18,3,6.229400241863914e-05
14207,61929,39,19,9,0.0001484950007579755
14208,31458,27,18,8,0.00013769300130661577
14209,13805,37,19,4,0.0001548689979244955
14210,9068,42,18,2,0.00016870599938556552
14211,87548,19,19,1,0.00021307700080797076
14212,17919,45,19,4,0.00015962199904606678
14213,29274,45,18,2,0.0001269390013476368
14214,69245,24,18,1,7.325600017793477e-05
14215,132614,45,19,5,0.00017203300012624823
14216,61340,33,18,3,0.00014036900029168464
14217,90637,19,19,3,0.0002130129978468176
14218,88930,19,18,0,1.6500001947861165e-05
14219,69142,30,19,3,8.960200284491293e-05
14220,113222,29,19,3,0.0001934240026457701
14221,33615,23,18,7,0.00016433499695267528
14222,43725,56,18,1,9.810800111154094e-05
14223,84551,25,19,0,6.981499973335303e-05
14224,100937,29,19,8,0.00016130700169014744
14225,70216,51,19,2,0.00020228300127200782
14226,67147,27,19,3,0.00016063200018834323
14227,3658,34,19,2,0.0001515789990662597
14228,8796,53,19,4,0.00016451899864478037
14229,42589,22,19,1,0.00010053000005427748
14230,75359,34,19,7,0.000202011000510538
14231,98926,32,19,9,0.0001229230001627002
14232,35452,19,19,1,0.0001762549982231576
14233,31358,21,19,9,0.00014459199883276597
14234,61308,37,18,6,0.00017233799735549837
14235,124546,27,19,4,0.00010821400064742193
14236,104602,29,18,3,8.910399992601015e-05
14237,45121,34,18,1,0.00010674399891286157
14238,69274,40,17,2,0.00010885399751714431
14239,103989,41,18,2,0.0001258429983863607
14240,48773,58,19,0,0.00010643400310073048
14241,95878,28,19,10,0.00015925600018817931
14242,21130,37,19,7,0.0001156229991465807
14243,60329,26,18,3,9.456300176680088e-05
14244,17045,31,19,3,0.00014108499817666598
14245,54946,44,19,2,8.359500134247355e-05
14246,26287,28,19,6,0.00013691000276594423
14247,72370,38,19,7,0.00014472600014414638
14248,118468,38,19,10,0.00018968899894389324
14249,3829,30,19,2,0.00011933999849134125
14250,72464,44,19,5,0.00022651799736195244
14251,1867,34,18,2,0.00025082300271606073
14252,110356,36,19,5,0.00014430600276682526
14253,64277,19,19,1,0.00019071399947279133
14254,40728,30,19,5,0.00013241199849289842
14255,86816,37,19,7,0.00016180099919438362
14256,97057,27,19,13,0.00020544900326058269
14257,25385,31,19,6,0.00010668200047803111
14258,14129,19,19,1,0.00018628500038175844
14259,72498,19,19,2,0.00017157699767267331
14260,35637,21,19,2,0.00020597900220309384
14261,80691,34,19,8,0.00012800600234186277
14262,70456,23,19,1,0.00018956799976876937
14263,106501,24,18,0,2.0446997950784862e-05
14264,6393,23,17,0,1.994500053115189e-05
14265,86108,24,16,0,1.7018999642459676e-05
14266,30375,24,16,1,0.00012306400094530545
14267,9547,27,15,0,2.110700006596744e-05
14268,7031,27,15,0,6.771700282115489e-05
14269,117394,32,14,0,2.4242999643320218e-05
14270,77510,27,13,0,1.7613001546123996e-05
14271,12763,27,12,0,1.6186997527256608e-05
14272,119528,27,11,0,1.5425001038238406e-05
14273,86829,27,10,0,1.568999869050458e-05
14274,22427,30,13,3,7.787499998812564e-05
14275,119678,40,16,0,9.687299825600348e-05
14276,19562,40,16,2,0.00013134000255377032
14277,71484,19,19,10,0.0001897589972941205
14278,49989,33,19,1,0.00013627400039695203
14279,63304,19,19,1,0.00018418199761072174
14280,43870,37,19,1,0.0002007469993259292
14281,56607,38,18,0,3.2880998332984746e-05
14282,126830,46,19,4,0.00012112299737054855
14283,57217,25,19,11,0.00018521899983170442
14284,100237,45,19,9,0.00015940199955366552
14285,103309,28,19,4,8.474300193483941e-05
14286,79771,32,19,3,0.00014824000027147122
14287,96615,33,18,2,0.00013384900012169965
14288,49661,31,17,0,7.902399738668464e-05
14289,16427,45,17,7,9.682299787527882e-05
14290,23457,19,19,1,0.00019336600234964862
14291,86959,25,19,2,0.0001383259987051133
14292,3001,32,19,2,0.00011921699842787348
14293,63422,67,19,5,0.0001778980004019104
14294,67528,53,19,2,0.00015111000175238587
14295,114742,34,18,10,0.00013281800056574866
14296,129001,35,19,2,0.00012232099834363908
14297,102388,27,19,21,0.0003129559991066344
14298,44065,65,19,2,0.00017203899915330112
14299,23596,39,19,2,0.00018489699868950993
14300,32046,39,18,2,0.00016025100194383413
14301,4444,35,17,0,7.673200161661953e-05
14302,12350,22,19,3,0.00012675199832301587
14303,26726,36,19,4,0.00013686199963558465
14304,50278,29,19,3,0.0001234559967997484
14305,43128,35,19,5,0.00010899199696723372
14306,7291,22,19,0,0.0001168609996966552
14307,14465,54,19,3,0.00011909400200238451
14308,1178,31,19,3,0.00020320600015111268
14309,124078,32,19,7,0.00014806200124439783
14310,39092,37,19,2,0.00013510099961422384
14311,122037,29,19,3,9.80869990598876e-05
14312,90689,33,18,3,0.0001420760017936118
14313,21747,26,19,8,0.00013445299919112585
14314,91549,38,19,7,0.00010294000094290823
14315,91612,43,19,6,0.00014924199786037207
14316,120290,34,19,6,0.00010395800200058147
14317,93679,29,19,13,0.00014669899974251166
14318,66232,48,19,2,0.00014149799972074106
14319,61115,61,19,5,0.00018180299957748502
14320,105218,54,19,8,0.00022362900199368596
14321,45856,32,19,0,8.141000216710381e-05
14322,47976,23,19,8,0.00012352200064924546
14323,21382,32,19,0,5.649800004903227e-05
14324,71633,32,19,0,7.139800072764046e-05
14325,51192,32,19,8,0.00013876199955120683
14326,46144,56,19,2,0.0002315740021003876
14327,121959,34,19,1,0.00014602400187868625
14328,46572,46,19,3,0.00014246199862100184
14329,132781,33,19,5,0.00010913999722106382
14330,32095,43,18,2,8.861800233717076e-05
14331,50082,25,19,2,0.00017862599997897632
14332,21174,40,19,3,0.00017645199841354042
14333,100353,20,20,1,0.0002404019978712313
14334,12290,24,20,3,0.00024955099797807634
14335,120809,28,19,1,0.00019018499733647332
14336,86566,29,18,0,0.00023188499835669063
14337,12606,32,18,0,0.0001331999992544297
14338,5149,25,17,1,5.684799907612614e-05
14339,73242,36,17,1,0.00013012699855607934
14340,64627,33,16,1,6.0180998843861744e-05
14341,30453,35,16,1,0.00017646100241108797
14342,59587,35,15,0,2.4355998903047293e-05
14343,101635,41,16,0,0.00016194300042116083
14344,56877,44,16,0,3.790499977185391e-05
14345,66426,40,15,2,5.446700015454553e-05
14346,122908,32,15,1,9.990800026571378e-05
14347,99601,35,17,2,0.00010750000001280569
14348,73074,29,17,2,8.580999929108657e-05
14349,91178,48,19,0,0.0001253850023203995
14350,46091,21,20,1,0.00019351999799255282
14351,4544,21,19,0,1.9814000552287325e-05
14352,94756,21,18,0,1.6841997421579435e-05
14353,65564,48,19,0,0.00011291100236121565
14354,18450,22,20,23,0.0002761530013231095
14355,133142,29,20,1,6.70830013405066e-05
14356,46109,20,20,1,0.00017948599997907877
14357,60525,28,19,0,2.4695000320207328e-05
14358,69195,25,18,0,1.9590999727370217e-05
14359,107140,25,17,0,1.7534002836328e-05
14360,69200,26,16,0,2.4937002308433875e-05
14361,33925,25,15,0,1.6527999832760543e-05
14362,77283,25,14,0,1.582999902893789e-05
14363,27557,37,13,0,3.263300095568411e-05
14364,51968,25,12,0,1.5061999874887988e-05
14365,112873,28,11,0,1.5835998055990785e-05
14366,44021,22,10,0,1.301900192629546e-05
14367,94391,20,9,0,1.0847001249203458e-05
14368,68956,25,8,0,1.2289001460885629e-05
14369,9907,20,7,0,1.0522999218665063e-05
14370,132981,26,6,0,1.2125001376261935e-05
14371,73319,25,5,0,1.047999830916524e-05
14372,81969,38,6,0,1.6776997654233128e-05
14373,63640,49,7,0,4.276499748812057e-05
14374,47337,46,8,0,3.23370004480239e-05
14375,45319,66,7,1,4.8122001317096874e-05
14376,47045,56,12,4,8.202100070775487e-05
14377,67456,43,17,2,0.00010256699897581711
14378,78090,38,19,3,0.0001592740009073168
14379,95285,20,20,1,0.00020759399922098964
14380,43289,21,19,0,2.6754998543765396e-05
14381,29791,20,18,0,1.6359001165255904e-05
14382,97602,21,17,0,1.5820001863176003e-05
14383,83927,21,16,0,1.4959001418901607e-05
14384,122184,21,15,0,1.4765999367227778e-05
14385,115327,20,14,0,1.2926000636070967e-05
14386,110505,21,13,0,1.3080996723147109e-05
14387,20653,26,12,0,2.0247000065864995e-05
14388,96809,20,11,0,1.1698997695930302e-05
14389,124291,23,10,0,1.3927001418778673e-05
14390,108770,20,9,0,1.0940999345621094e-05
14391,319,23,8,0,1.1123996955575421e-05
14392,83565,21,7,0,1.1135001841466874e-05
14393,113246,20,6,0,9.379997209180146e-06
14394,98024,20,5,0,8.959999831859022e-06
14395,72624,21,4,0,8.00199995865114e-06
14396,9481,33,5,0,2.3990996851352975e-05
14397,56857,32,8,0,3.883799945469946e-05
14398,88122,20,20,1,0.0002962690014101099
14399,53944,20,19,0,2.0358002075226977e-05
14400,16442,30,20,9,0.00018428899784339592
14401,56381,27,20,2,0.00018556599752628244
14402,44099,30,20,7,0.00012464300016290508
14403,122957,27,20,16,0.000163610002346104
14404,94329,28,19,5,0.00016722999862395227
14405,128102,37,20,14,0.00030366899954969995
14406,110704,32,20,6,0.00017634300093050115
14407,15607,30,19,3,0.00014602800001739524
14408,29643,31,19,5,9.929600128089078e-05
14409,55539,34,19,3,0.00015018399790278636
14410,53738,35,19,8,0.00012868599878856912
14411,8305,20,20,1,0.00020492499970714562
14412,6270,34,20,5,0.0001251520006917417
14413,48256,20,20,1,0.00020529800167423673
14414,12418,25,20,7,0.00023377099932986312
14415,1158,20,20,1,0.00022879799871589057
14416,86522,20,19,0,1.951999729499221e-05
14417,64677,20,18,0,1.6516998584847897e-05
14418,43715,20,17,0,1.4591001672670245e-05
14419,58201,20,16,0,1.3442000636132434e-05
14420,106055,20,15,0,1.408799653290771e-05
14421,65938,20,14,0,1.2717999197775498e-05
14422,110798,20,13,0,1.2554999557323754e-05
14423,86235,20,12,0,1.2215001333970577e-05
14424,123244,20,11,0,1.1833999451482669e-05
14425,114112,20,10,0,1.1742999049602076e-05
14426,51556,22,9,0,1.3056000170763582e-05
14427,48957,20,8,0,1.049899947247468e-05
14428,52604,20,7,0,9.786002920009196e-06
14429,86893,20,6,0,9.7720003395807e-06
14430,91647,20,5,0,8.333998266607523e-06
14431,54410,29,20,12,0.00015268799688783474
14432,109257,25,19,5,0.00017370700152241625
14433,59821,26,18,1,0.00014495399955194443
14434,130429,30,18,3,9.149299876298755e-05
14435,48267,29,20,3,0.00018801100304699503
14436,61593,26,20,0,5.762400178355165e-05
14437,51360,20,20,1,0.00020052299805684015
14438,3336,20,19,0,1.8759001250145957e-05
14439,28064,20,18,0,1.6301997675327584e-05
14440,100886,20,17,0,1.4121997082838789e-05
14441,50479,20,16,0,1.3667999155586585e-05
14442,24176,20,15,0,1.3236000086180866e-05
14443,119217,20,14,0,1.2423999578459188e-05
14444,59189,21,14,1,5.873899863217957e-05
14445,98529,30,13,0,2.5280998670496047e-05
14446,88379,30,12,0,1.7488000594312325e-05
14447,28334,21,11,0,1.2597000022651628e-05
14448,100819,22,10,0,1.2481999874580652e-05
14449,19166,30,9,0,1.538000287837349e-05
14450,121133,23,9,1,7.83989999035839e-05
14451,108900,34,8,0,2.9164999432396144e-05
14452,121571,29,8,0,3.609200211940333e-05
14453,77148,33,7,0,1.3861001207260415e-05
14454,26840,30,19,5,0.00012333400081843138
14455,103894,48,19,4,0.00015402999997604638
14456,55404,56,19,1,0.00015143400014494546
14457,81353,33,19,7,0.00013207599840825424
14458,92662,60,19,2,0.00014643800022895448
14459,11913,59,19,3,0.0002114609997079242
14460,3762,58,19,4,0.00014410699805011973
14461,18225,53,19,3,0.00014607200137106702
14462,18137,52,19,8,0.00017195500186062418
14463,12008,36,19,1,6.38959973002784e-05
14464,97631,28,19,6,0.0002623250002216082
14465,94022,45,19,7,0.00019765599790844135
14466,132968,37,19,2,0.00010548100181040354
14467,76989,44,19,5,0.00015068200082168914
14468,26785,22,20,3,0.00016767399938544258
14469,3232,34,20,4,0.00012481999874580652
14470,64681,20,20,1,0.0003189170020050369
14471,92438,20,19,0,2.0800001948373392e-05
14472,21862,20,18,0,1.7129001207649708e-05
14473,15225,20,17,0,1.4843000826658681e-05
14474,111943,20,16,0,1.4161996659822762e-05
14475,122600,26,16,0,7.290700159501284e-05
14476,81937,34,15,0,2.5536999601172283e-05
14477,95857,26,14,0,1.7400001524947584e-05
14478,70041,27,14,1,2.2039002942619845e-05
14479,5555,33,15,1,0.0001253160007763654
14480,91812,30,16,5,7.111200102372095e-05
14481,76970,40,20,0,0.0001268480009457562
14482,133097,47,19,4,0.00011488800009828992
14483,83116,66,20,3,0.00017645299885771237
14484,13142,61,19,2,0.00020034599947393872
14485,111533,66,19,2,0.00015976500071701594
14486,17722,64,19,3,0.00011306099986541085
14487,51377,35,19,6,0.00014623200331698172
14488,81080,69,19,0,0.00014823700257693417
14489,34801,71,19,2,0.00018040699796983972
14490,178,22,20,4,0.00024051799846347421
14491,23736,58,20,2,0.00017101800040109083
14492,97471,20,20,1,0.00020924099953845143
14493,44237,60,20,7,0.00022530500064021908
14494,9978,40,19,7,0.00015030999929876998
14495,40720,33,19,6,0.00010958200073218904
14496,132576,36,18,10,0.00010637699961080216
14497,9428,27,20,5,0.00014498100063065067
14498,78070,39,20,4,0.0002744089979387354
14499,45900,45,19,8,0.0002002239998546429
14500,87909,42,19,4,0.00015552499826299027
14501,52480,27,19,14,0.00011397799971746281
14502,12548,20,20,1,0.00021158700110390782
14503,57624,32,20,3,0.00015334799900301732
14504,20766,23,20,2,0.00024773200129857287
14505,38196,25,20,8,0.0001430180018360261
14506,96570,27,20,13,0.00017614299940760247
14507,56713,25,19,8,0.00016148199938470498
14508,67899,31,20,2,0.0002094350020342972
14509,76273,28,19,4,0.00017944900173461065
14510,68434,29,19,1,0.00010024999937741086
14511,112172,27,19,3,0.0001254050002899021
14512,73033,24,20,5,9.319899982074276e-05
14513,98639,28,20,5,0.00018265299877384678
14514,79238,35,20,5,0.00021182000273256563
14515,50579,39,19,4,0.00021901699801674113
14516,130438,44,20,9,0.00024391400074819103
14517,7565,41,20,10,0.00014915400242898613
14518,89516,46,20,3,0.00011334800001350231
14519,35907,61,19,0,0.00017841400040197186
14520,108437,42,19,3,0.00026056100250571035
14521,8195,45,18,2,0.0002136129987775348
14522,101811,28,20,3,8.835699918563478e-05
14523,120249,37,20,5,0.0001713739984552376
14524,82365,23,20,2,9.776200022315606e-05
14525,39365,42,20,2,0.00016780300211394206
14526,99801,27,20,1,8.924900248530321e-05
14527,1500,32,20,1,0.0002120690005540382
14528,35303,20,20,1,0.0002182079988415353
14529,28135,25,20,7,0.0002513679974072147
14530,40440,29,20,3,0.000189042002602946
14531,101523,24,19,2,9.769099779077806e-05
14532,81647,32,19,0,3.279200245742686e-05
14533,25095,31,20,10,0.00016893700012587942
14534,60388,33,19,2,0.00012349200187600218
14535,119317,43,20,6,0.00013743299859925173
14536,81432,44,20,2,0.0001492629999120254
14537,34340,23,20,1,0.00020236099953763187
14538,129852,28,19,3,0.00017141999705927446
14539,74283,21,20,1,0.0002043879976554308
14540,7783,35,20,2,0.0001761069979693275
14541,67180,37,20,3,0.00017442700118408538
14542,57984,27,20,1,0.000261842997133499
14543,68239,24,20,4,0.00013311800285009667
14544,71711,35,19,3,7.437000022036955e-05
14545,43683,30,20,14,0.00020264400154701434
14546,65239,30,19,7,0.00010582600225461647
14547,14004,34,20,6,0.00012037000124109909
14548,127680,21,20,2,0.00023718300144537352
14549,74444,57,20,7,0.00017171100262203254
14550,26326,20,20,1,0.0002127820007444825
14551,42749,20,19,0,1.8938997527584434e-05
14552,69342,35,20,4,0.00017151899737655185
14553,44011,25,19,2,5.523699655896053e-05
14554,103136,25,20,3,0.0002319270024599973
14555,72584,21,19,1,8.417000208282843e-05
14556,50934,40,20,8,0.00015702800010330975
14557,114497,37,19,3,0.00013613999908557162
14558,118690,26,19,6,0.00010054700032924302
14559,75003,37,19,3,8.618699939688668e-05
14560,73393,38,19,6,0.00011164200259372592
14561,73479,38,19,2,0.00013162100003683008
14562,107121,40,19,6,0.00021485999968717806
14563,86916,40,19,4,0.0001369380006508436
14564,113401,33,20,6,0.0001374140010739211
14565,62219,32,20,9,0.00015535399870714173
14566,57295,34,19,4,9.871399743133225e-05
14567,130834,29,20,0,6.115699943620712e-05
14568,77617,25,20,10,0.00016653100101393647
14569,27442,51,20,1,0.00012449700079741888
14570,92998,35,20,6,0.0002460409996274393
14571,11080,30,20,11,0.00013715800014324486
14572,76616,39,20,6,0.0001413629979651887
14573,87885,67,20,2,0.00022918800095794722
14574,99165,47,20,4,0.000128037001559278
14575,101236,22,20,2,0.00021491200095624663
14576,122753,20,20,1,0.00020994100123061799
14577,63372,27,20,1,0.00016132499877130613
14578,36756,23,20,2,0.0002113310001732316
14579,123838,21,20,4,0.00018555800124886446
14580,59326,52,20,8,0.00016040399714256637
14581,105411,27,20,0,8.314699880429544e-05
14582,115672,22,20,2,0.00019468300160951912
14583,105437,30,20,4,0.00016191299800993875
14584,21054,58,19,9,0.0003280710006947629
14585,41418,55,19,1,8.285799776786007e-05
14586,40984,27,20,5,0.00020279800082789734
14587,106537,47,20,0,0.0001042849980876781
14588,93310,27,20,6,0.00012773299749824218
14589,155,35,20,14,0.00018008799816016108
14590,96525,30,20,7,0.00013103699893690646
14591,45331,42,20,3,0.00015086099665495567
14592,291,21,20,1,0.0002260250003018882
14593,1351,28,20,11,0.0001984189984796103
14594,92537,42,20,8,0.0002569470016169362
14595,113039,36,20,3,0.00013238600149634294
14596,26186,30,20,9,0.00022026999795343727
14597,7756,35,20,5,0.0001991259996430017
14598,94806,23,20,11,0.00019654100105981342
14599,91787,29,20,10,0.00019528900156728923
14600,35655,53,20,3,0.0001788039990060497
14601,7428,57,19,5,0.00016904700169106945
14602,12164,31,20,5,0.00017357700198772363
14603,36602,38,20,4,0.00011480600005597807
14604,8711,21,21,1,0.0002593690005596727
14605,8004,21,20,0,6.378899706760421e-05
14606,91485,21,19,0,1.994299964280799e-05
14607,95461,21,18,0,1.7778998881112784e-05
14608,78779,21,17,0,1.5493002138100564e-05
14609,46151,21,16,0,1.5036999684525654e-05
14610,9901,21,15,0,1.4032000763108954e-05
14611,45243,21,14,0,1.2976997822988778e-05
14612,70902,21,13,0,1.2617001630133018e-05
14613,124404,22,12,0,1.3827000657329336e-05
14614,109072,22,21,5,0.0002129319982486777
14615,42062,42,20,1,0.00013081200086162426
14616,130064,34,21,8,0.0002169660001527518
14617,113686,50,21,8,0.00020304999998188578
14618,52252,60,20,7,0.00018732700118562207
14619,38748,50,20,5,0.0001509549983893521
14620,77852,21,21,2,0.0002106929969158955
14621,20518,21,21,1,0.0002676799995242618
14622,61502,21,20,0,2.59830012510065e-05
14623,32323,21,19,0,1.8683000234887004e-05
14624,119462,21,18,0,1.7243997717741877e-05
14625,60754,21,17,0,1.4884000847814605e-05
14626,94524,29,16,0,2.397099888185039e-05
14627,8705,31,16,1,3.060099697904661e-05
14628,111539,23,15,1,2.327699985471554e-05
14629,91070,26,15,0,4.6313998609548435e-05
14630,42498,27,14,0,2.936599776148796e-05
14631,52217,28,14,2,4.3351003114366904e-05
14632,128838,32,14,1,8.055999933276325e-05
14633,78361,46,13,0,6.870500146760605e-05
14634,3645,30,12,0,5.283299833536148e-05
14635,58645,62,17,0,0.0001257779986190144
14636,130044,49,20,3,0.00017282200133195147
14637,88102,32,21,13,0.00019451299885986373
14638,20634,56,20,2,0.00012315899948589504
14639,22568,35,21,5,0.00020134899750701152
14640,15406,30,21,4,0.00017754700093064457
14641,35729,30,20,14,0.00011882000035257079
14642,126152,31,20,12,0.00016979399879346602
14643,113728,24,21,1,0.00030225500086089596
14644,19929,24,20,0,2.9770999390166253e-05
14645,79468,21,19,0,2.400499943178147e-05
14646,40014,21,18,0,1.9389997760299593e-05
14647,73910,25,18,0,3.2922001992119476e-05
14648,41127,25,17,0,2.0507999579422176e-05
14649,112393,25,16,0,1.9947998225688934e-05
14650,40425,25,15,0,1.782400067895651e-05
14651,23114,26,15,2,9.701399903860874e-05
14652,124311,28,16,0,6.384500011336058e-05
14653,69362,34,15,2,7.354899935307913e-05
14654,88393,43,15,2,0.00010642399865901098
14655,4492,40,16,3,9.551800030749291e-05
14656,70241,48,18,0,8.929199975682423e-05
14657,118377,56,18,1,0.00010028199903899804
14658,18941,52,21,2,0.0001709019998088479
14659,21073,28,21,12,0.0001866490019892808
14660,5272,28,20,0,2.2521999198943377e-05
14661,33367,24,21,1,0.00027920399952563457
14662,15611,21,20,0,2.7210000553168356e-05
14663,86268,32,20,0,3.973300044890493e-05
14664,52951,23,19,0,2.41919988184236e-05
14665,109695,32,18,0,2.41089983319398e-05
14666,12039,28,18,1,7.079399802023545e-05
14667,96504,38,17,1,0.00012403200162225403
14668,2556,33,16,0,2.9168000764911994e-05
14669,81564,32,18,0,4.856299710809253e-05
14670,85351,45,20,5,0.00013446700177155435
14671,82881,38,19,3,0.0001142390028689988
14672,28249,21,21,3,0.00024691699945833534
14673,26202,54,21,2,0.00016549700012546964
14674,100131,41,20,4,0.00011942299897782505
14675,97372,21,21,1,0.00023718000011285767
14676,89916,21,20,0,2.5473000277997926e-05
14677,33927,21,19,0,1.8700000509852543e-05
14678,37983,48,21,11,0.00018319499940844253
14679,76391,25,21,2,0.00019935200180043466
14680,23246,35,20,8,0.00017287000082433224
14681,60251,35,20,9,0.00015669300046283752
14682,25706,24,21,6,0.0001636239976505749
14683,78462,27,20,3,9.821999992709607e-05
14684,114795,28,21,0,0.00033174299824167974
14685,91109,34,20,0,5.023300036555156e-05
14686,127281,28,19,0,2.7802001568488777e-05
14687,30057,31,19,0,0.00015818300016690046
14688,37240,34,18,0,2.922599742305465e-05
14689,37310,31,17,0,2.0037001377204433e-05
14690,49359,31,16,0,2.0603998564183712e-05
14691,109007,31,15,0,2.044500070041977e-05
14692,55697,31,14,0,2.4927998310886323e-05
14693,84918,40,13,0,2.8655002097366378e-05
14694,13074,30,14,0,3.332900087116286e-05
14695,100970,31,13,1,5.7077999372268096e-05
14696,76929,43,13,1,5.800700091640465e-05
14697,49613,44,13,0,5.832299939356744e-05
14698,8070,40,12,0,4.717299816547893e-05
14699,47865,55,15,3,0.00021825500152772292
14700,76975,40,15,4,9.062000026460737e-05
14701,72603,37,20,3,0.00013068999760434963
14702,24197,33,20,8,0.00017021600069710985
14703,125038,35,21,7,0.00017711699911160395
14704,30317,42,21,3,0.00013253800352686085
14705,56437,63,21,3,0.00022934300068300217
14706,50983,50,20,6,0.00019483900177874602
14707,101052,43,20,3,0.00013504900198313408
14708,105161,48,20,3,0.00013602100079879165
14709,86651,39,21,11,0.0001913250016514212
14710,113283,24,21,3,0.00020936700093443505
14711,33126,34,20,4,0.00021414100046968088
14712,59528,33,21,2,0.00016971199875115417
14713,25230,44,21,3,0.00019276500097475946
14714,63858,49,20,2,0.00016524999955436215
14715,39062,41,21,4,0.00023918200167827308
14716,71874,43,20,4,0.00014667999857920222
14717,19772,61,20,5,0.00017148299957625568
14718,111072,46,20,3,8.113600051729009e-05
14719,126737,37,20,7,0.0001833239984989632
14720,87006,42,20,1,0.00016352900274796411
14721,132921,80,20,0,0.00019389299995964393
14722,91286,46,21,8,0.0001647690005484037
14723,119449,21,21,1,0.00024179100000765175
14724,56747,21,20,0,2.4666998797329143e-05
14725,102043,27,21,3,0.00015067999993334524
14726,127126,23,21,2,0.0002723910001805052
14727,15924,23,20,0,2.8615999326575547e-05
14728,120177,23,19,0,2.0665000192821026e-05
14729,5134,23,18,0,2.018700251937844e-05
14730,24972,23,17,0,1.701300061540678e-05
14731,32654,25,16,0,4.2359999497421086e-05
14732,63474,28,16,0,3.089900201302953e-05
14733,113260,29,19,2,8.864700066624209e-05
14734,107588,31,18,2,0.00012192899885121733
14735,21456,33,19,2,9.513500117463991e-05
14736,1697,37,21,8,0.00018507500135456212
14737,110257,28,21,3,0.00010699099948396906
14738,29880,41,21,6,0.00022759999774280004
14739,42472,63,20,6,0.00023986899759620428
14740,49344,48,21,8,0.00019003600027645007
14741,25895,39,20,2,0.00010325900075258687
14742,7612,42,20,4,0.00015552599870716222
14743,95941,21,21,1,0.00025235700013581663
14744,80585,25,21,1,0.0002643469997565262
14745,93385,31,21,1,0.00011766700117732398
14746,8912,49,21,7,0.00020634800239349715
14747,109267,25,21,4,0.00016620200040051714
14748,50675,29,20,5,0.0001491920011176262
14749,21209,21,21,1,0.00023525299911852926
14750,43737,30,21,1,0.00011795600221375935
14751,37918,38,20,1,0.00011338300100760534
14752,84204,33,21,9,0.00021100400044815615
14753,47857,21,21,1,0.00023399600104312412
14754,124146,21,21,1,0.0002343359992664773
14755,128298,21,20,0,2.5068999093491584e-05
14756,44483,22,20,1,0.00017916300203069113
14757,23163,22,19,0,1.956400228664279e-05
14758,118519,26,19,0,5.7616001868154854e-05
14759,105477,27,18,0,2.1856998500879854e-05
14760,41579,26,17,0,1.8615002773003653e-05
14761,47330,26,16,0,1.864200021373108e-05
14762,36611,26,15,0,1.8197999452240765e-05
14763,106916,26,14,0,5.1905000873375684e-05
14764,12055,28,14,0,2.7193000278202817e-05
14765,119543,26,21,9,0.00022796700068283826
14766,131835,32,21,13,0.00021838699831278063
14767,11006,35,21,14,0.00019431900000199676
14768,36098,21,21,2,0.00015364499995484948
14769,46857,33,21,1,0.0001570429994899314
14770,91402,21,21,1,0.0002450419997330755
14771,112912,29,21,7,0.00018794500283547677
14772,132376,21,21,1,0.00023749200045131147
14773,79644,31,21,2,0.0001893820008262992
14774,4415,58,21,5,0.0002067540008283686
14775,119615,32,21,15,0.00021065699911559932
14776,90938,60,21,7,0.00021692199879908003
14777,22171,40,20,7,0.0002076439996017143
14778,2368,68,21,7,0.0001906239995150827
14779,131914,43,21,8,0.00011964599980274215
14780,96083,59,21,4,0.00019613900076365098
14781,41862,40,20,3,0.00011614499817369506
14782,65369,30,21,14,0.0002524409974284936
14783,64859,21,21,1,0.00029940199965494685
14784,36704,30,21,1,0.00025209800151060335
14785,93588,21,20,1,0.00012322399925324135
14786,90068,23,20,1,8.570399950258434e-05
14787,7520,89,21,1,0.0002456440015521366
14788,128926,47,20,5,0.00014220099910744466
14789,93032,21,21,1,0.00024293399837915786
14790,131940,37,21,2,0.00010489600026630796
14791,48625,54,20,5,0.00016828300067572854
14792,41725,57,19,1,8.314599836012349e-05
14793,113004,79,20,4,0.00024330099768121727
14794,31187,49,20,5,0.00014032699982635677
14795,72857,43,20,4,0.00014670099699287675
14796,128363,32,21,8,0.00015590100156259723
14797,22892,46,21,7,0.00017987500177696347
14798,70510,30,21,6,0.00017467699944972992
14799,4459,43,21,7,0.0001764290027495008
14800,70002,51,21,2,0.0001867380015028175
14801,125815,32,21,12,0.00014159700003801845
14802,4995,23,21,6,0.00018258600175613537
14803,93579,37,21,1,8.063100176514126e-05
14804,133011,42,21,6,0.00023461399905500002
14805,62358,26,21,1,0.00013914200098952278
14806,43924,44,21,5,0.00015076700219651684
14807,6229,42,20,12,0.00014557900067302398
14808,45978,22,21,7,0.00019942899962188676
14809,54170,33,21,8,0.00017823799862526357
14810,31142,21,21,1,0.0002569419993960764
14811,79792,52,21,4,0.0001872790016932413
14812,132173,73,20,7,0.00015026700202724896
14813,64231,42,20,6,0.00020302900156821124
14814,91752,83,20,3,0.00016056499953265302
14815,109507,47,20,3,9.924500045599416e-05
14816,65977,38,21,3,0.0001580440002726391
14817,71703,45,20,9,0.0002033180026046466
14818,60750,62,20,3,0.0001608099992154166
14819,111557,33,20,4,0.00016714900266379118
14820,125910,63,21,1,0.00017053000192390755
14821,88541,31,21,13,0.00015915600306470878
14822,104415,21,21,1,0.0002362770028412342
14823,45549,24,21,4,0.00026273900220985524
14824,94705,49,21,6,0.000287116999970749
14825,124913,38,21,4,0.00018186699890065938
14826,42492,32,21,4,0.00021330299932742491
14827,122877,21,21,1,0.00034404799953335896
14828,1556,50,21,4,0.0001721580010780599
14829,25773,32,20,5,0.00015190200065262616
14830,83518,35,21,5,0.00012086199785699137
14831,114758,33,21,0,8.659800005261786e-05
14832,127054,50,21,5,0.00022522799918078817
14833,76888,40,21,1,8.01049973233603e-05
14834,24165,36,21,5,0.00011285100117675029
14835,7276,34,21,6,0.00015821299894014373
14836,91772,38,21,12,0.00021157499941182323
14837,19075,56,21,2,0.00019606999921961688
14838,106126,28,21,3,0.00026923699988401495
14839,54439,32,21,9,0.0001835529983509332
14840,48322,30,21,2,9.133300045505166e-05
14841,45266,45,21,2,0.00023698500081081875
14842,47828,52,21,6,0.00018273599926033057
14843,100593,42,21,1,0.0002427809995424468
14844,128401,47,20,2,0.00011927100058528595
14845,73489,42,21,5,0.00017455200213589706
14846,124181,40,21,6,0.00016413599951192737
14847,65829,28,21,4,0.0001740649968269281
14848,85296,47,21,2,0.0002062150015262887
14849,26976,22,21,8,0.00025483100034762174
14850,44385,46,21,2,0.00011232600081712008
14851,11104,33,21,13,0.00019878500097547658
14852,98698,84,21,2,0.0002269910000904929
14853,89558,30,21,1,9.086399950319901e-05
14854,73742,42,21,3,0.00011743499999283813
14855,120482,45,20,5,0.00017302699779975228
14856,108626,36,20,3,0.00013797800056636333
14857,64766,40,21,4,0.00014713299970026128
14858,30441,47,21,3,0.00030882999999448657
14859,25931,49,21,11,0.00019266500021331012
14860,23372,43,20,8,0.00017070799731300212
14861,93296,44,21,6,0.0001448420007363893
14862,5379,70,21,3,0.00019701999917742796
14863,93207,36,22,2,0.00019467200036160648
14864,49184,33,22,6,0.0002861379980458878
14865,87018,43,21,2,0.00014491199908661656
14866,20177,43,21,4,0.0001275750000786502
14867,43,22,22,1,0.00029922600151621737
14868,132630,22,21,0,2.8632999601541087e-05
14869,110487,22,20,0,2.521499845897779e-05
14870,59554,22,19,0,1.914600215968676e-05
14871,29896,22,18,0,1.7862999811768532e-05
14872,3685,22,17,0,1.603700002306141e-05
14873,82618,22,16,0,1.4650999219156802e-05
14874,1255,28,17,1,0.00010843199925147928
14875,108279,41,20,0,5.8621000789571553e-05
14876,106011,45,21,2,9.64539976848755e-05
14877,60642,30,20,8,0.00020554799993988127
14878,68469,65,21,3,0.00018451199866831303
14879,66946,90,21,1,0.00017815400133258663
14880,87779,49,21,11,0.0002028380004048813
14881,129070,37,22,1,0.0002903240019804798
14882,111665,28,22,1,0.0003075800013903063
14883,126489,22,21,0,2.83090012089815e-05
14884,43229,24,20,0,2.667299850145355e-05
14885,72829,29,21,2,4.1473998862784356e-05
14886,79224,45,20,1,6.0946000303374603e-05
14887,115084,37,20,2,8.830700244288892e-05
14888,4418,39,19,0,5.099400004837662e-05
14889,17565,35,18,2,4.616600199369714e-05
14890,14420,44,18,1,8.70910007506609e-05
14891,70970,43,17,2,6.223200034582987e-05
14892,84005,39,17,4,7.184599962783977e-05
14893,73081,43,16,1,5.833099930896424e-05
14894,89312,37,16,0,5.369700011215173e-05
14895,49525,67,16,4,0.00015184500080067664
14896,50460,42,15,1,6.691399903502315e-05
14897,51489,75,15,1,0.00019729500127141364
14898,82295,61,14,2,0.00010586999997030944
14899,131279,48,16,1,0.00014465599815594032
14900,126052,44,18,1,0.0001308860009885393
14901,7385,50,17,4,0.00010967199705191888
14902,77877,46,22,5,0.0002989790009451099
14903,42041,39,22,5,0.00018524300321587361
14904,81387,47,21,3,0.00012622899885172956
14905,113528,104,21,8,0.00022528200133820064
14906,77035,47,21,4,0.0001616139998077415
14907,13440,99,21,1,0.00021512599778361619
14908,94267,25,22,3,0.00022795599943492562
14909,3136,25,22,8,0.00023641000007046387
14910,79936,49,22,8,0.0002681159967323765
14911,114762,22,22,1,0.0002824850016622804
14912,44107,29,22,1,0.00026830299975699745
14913,65799,22,21,0,2.7196001610718668e-05
14914,127636,22,20,0,2.5310997443739325e-05
14915,128376,22,19,0,1.8674996681511402e-05
14916,114380,22,18,0,1.747699934639968e-05
14917,109551,22,17,0,1.5346999134635553e-05
14918,127984,22,16,0,1.4149998605716974e-05
14919,33778,22,15,0,1.412799974787049e-05
14920,77184,22,14,0,1.4653000107500702e-05
14921,114814,22,13,0,1.3232998753665015e-05
14922,125171,22,12,0,1.2781998520949855e-05
14923,4740,35,20,4,0.00014218199794413522
14924,104526,22,22,1,0.00028504500005510636
14925,105103,22,21,0,2.589099676697515e-05
14926,43705,22,20,0,2.3093001800589263e-05
14927,123340,22,19,0,1.8301001546205953e-05
14928,62680,22,18,0,1.7438000213587657e-05
14929,569,22,17,0,1.5654000890208408e-05
14930,103326,22,16,0,1.5311998140532523e-05
14931,98532,24,15,0,1.5940000594127923e-05
14932,27909,22,14,0,1.3585999113274738e-05
14933,62709,22,13,0,1.799900201149285e-05
14934,119102,22,12,0,1.2066997442161664e-05
14935,58649,22,11,0,1.1588999768719077e-05
14936,43704,31,10,0,2.0008999854326248e-05
14937,130154,22,9,0,1.2222000805195421e-05
14938,62710,22,8,0,1.0946001566480845e-05
14939,62711,22,7,0,1.0450999980093911e-05
14940,58650,22,6,0,1.022500146063976e-05
14941,58653,22,5,0,8.539002010365948e-06
14942,58651,22,4,0,7.496000762330368e-06
14943,9510,22,3,0,6.908998329890892e-06
14944,9557,28,3,0,1.4985002053435892e-05
14945,9452,32,6,2,3.00110004900489e-05
14946,95318,42,22,2,0.0001697670013527386
14947,15505,33,21,22,0.00032649700006004423
14948,103961,34,21,16,0.00015124600031413138
14949,26033,52,20,3,8.287899981951341e-05
14950,63105,68,20,3,0.00018847400133381598
14951,16607,63,21,2,8.678799713379703e-05
14952,24666,22,22,1,0.0002710330008994788
14953,48353,22,21,0,2.5511002604616806e-05
14954,108211,22,20,0,2.3369997506961226e-05
14955,97747,22,19,0,1.82310031959787e-05
14956,37149,22,18,0,1.7420999938622117e-05
14957,71441,22,17,0,1.4895998901920393e-05
14958,58974,22,16,0,1.3782002497464418e-05
14959,55180,22,15,0,1.4138997357804328e-05
14960,106413,22,14,0,1.4010998711455613e-05
14961,107772,22,13,0,1.3193999620852992e-05
14962,2680,22,12,0,1.2199001503176987e-05
14963,28386,22,11,0,1.2247000995557755e-05
14964,129843,22,10,0,1.2033997336402535e-05
14965,63171,22,9,0,1.1538999387994409e-05
14966,96242,22,8,0,1.0839001333806664e-05
14967,23474,26,7,0,1.3938999472884461e-05
14968,114611,26,7,0,1.801800317480229e-05
14969,1957,36,6,0,2.56669991358649e-05
14970,14708,24,5,0,1.3795000995742157e-05
14971,15051,24,4,0,1.31070009956602e-05
14972,113306,40,12,2,8.079300096142106e-05
14973,42744,33,21,0,9.265599874197505e-05
14974,126043,65,22,3,0.0002198189977207221
14975,107619,22,22,1,0.00028388200007611886
14976,83056,22,22,1,0.0003394169980310835
14977,27576,22,21,0,2.780299837468192e-05
14978,127089,33,22,5,0.00015638400145689957
14979,26895,43,21,10,0.00026834799791686237
14980,42531,63,21,5,0.00022132699814392254
14981,85107,23,22,1,0.00026724100098363124
14982,98226,22,21,0,2.761399809969589e-05
14983,45983,22,20,0,2.4982000468298793e-05
14984,101611,22,19,0,1.859099938883446e-05
14985,13623,22,18,0,1.878100010799244e-05
14986,35970,35,22,17,0.0002636839999468066
14987,22670,48,22,5,0.00020434000180102885
14988,59545,24,22,2,0.0001855610025813803
14989,90281,25,22,10,0.0002741429998422973
14990,53420,32,22,13,0.00013481000132742338
14991,1235,24,22,2,0.00030407799931708723
14992,28887,37,22,12,0.00023507100195274688
14993,99548,39,22,8,0.0002628840011311695
14994,121073,25,22,0,9.799100007512607e-05
14995,24445,24,21,0,3.166500027873553e-05
14996,420,34,20,0,8.539799819118343e-05
14997,115963,22,22,1,0.0002871249998861458
14998,107791,22,21,0,2.6903002435574308e-05
14999,38683,22,20,0,2.5248002202715725e-05
15000,80803,26,19,0,3.463100074441172e-05
15001,11194,22,18,0,1.9355997210368514e-05
15002,86116,23,18,1,3.0366001738002524e-05
15003,55094,26,19,1,8.439000157522969e-05
15004,29751,43,20,0,0.0001446819987904746
15005,103264,44,21,2,0.00015342299957410432
15006,113053,44,21,0,0.00019916599921998568
15007,14608,47,22,6,0.00015021400031400844
15008,51474,61,22,5,0.0002295990016136784
15009,107797,45,22,11,0.00021911099975113757
15010,92452,23,22,3,0.00028036900039296597
15011,101671,27,22,3,0.00020508599845925346
15012,6443,22,22,1,0.0002626549976412207
15013,50475,27,22,2,0.000335623997671064
15014,116404,27,21,0,3.296299837529659e-05
15015,91318,32,21,0,4.573900150717236e-05
15016,115003,35,22,6,0.00018539200027589686
15017,113079,40,21,4,0.00019415499991737306
15018,53580,25,22,1,0.0001283309975406155
15019,17756,31,22,1,0.0002334259988856502
15020,42341,25,22,9,0.00025478899988229387
15021,67955,37,22,1,0.00015487699783989228
15022,6540,22,22,1,0.0002647319997777231
15023,65937,30,22,9,0.00023168900224845856
15024,27031,27,22,2,0.0002362970008107368
15025,90577,60,22,8,0.00021733999892603606
15026,66018,31,22,8,0.000283918998320587
15027,85476,26,22,8,0.00017356299940729514
15028,88572,22,22,1,0.00029440800062729977
15029,49941,23,21,0,2.88459996227175e-05
15030,29909,30,21,1,6.407699765986763e-05
15031,53902,32,20,0,2.3928001610329375e-05
15032,10748,35,22,12,0.00022990399884292856
15033,19974,22,22,1,0.00026021099984063767
15034,120795,22,21,0,2.6992998755304143e-05
15035,45990,22,20,0,2.4203000066336244e-05
15036,68941,40,20,0,4.466500104172155e-05
15037,90645,41,22,3,0.00014403200111701153
15038,60043,59,21,3,0.00016840699754538946
15039,80408,22,22,1,0.00028456299696699716
15040,35377,24,22,1,0.0002607709975563921
15041,67122,45,22,5,0.00034042900006170385
15042,115281,31,22,1,0.00014318999819806777
15043,8797,22,22,1,0.0002479600007063709
15044,116330,32,22,6,0.0002868469964596443
15045,56985,30,22,8,0.00024443300208076835
15046,22174,25,22,5,0.00019002000044565648
15047,64173,25,22,13,0.0002354220014240127
15048,20143,51,22,6,0.0002629470000101719
15049,132801,48,22,5,0.000136847000248963
15050,90822,48,22,5,0.00020329100152594037
15051,132842,62,22,10,0.00021513799947570078
15052,22032,43,21,5,0.00012576500012073666
15053,77604,25,22,5,0.0002470579966029618
15054,82729,27,22,9,0.00015459199858014472
15055,93176,23,22,12,0.00020050199964316562
15056,59200,36,22,10,0.00022507500034407713
15057,101227,30,22,3,0.00011984099910478108
15058,6026,39,22,2,0.0001804490020731464
15059,40847,39,22,10,0.00023130400222726166
15060,36752,30,22,4,0.00017909300004248507
15061,121752,28,22,2,0.0001139940031862352
15062,16287,29,22,5,0.0001418490028299857
15063,30627,24,22,1,0.00015695899855927564
15064,93104,32,22,1,0.00010572699829936028
15065,82866,39,22,0,0.00010317899796064012
15066,120761,42,22,11,0.0002251309997518547
15067,8143,22,22,4,0.00020180899809929542
15068,3028,27,22,8,0.000341073999152286
15069,7128,38,22,10,0.00016422300177509896
15070,126975,38,21,3,0.00029321200054255314
15071,59019,32,21,6,0.00011285800064797513
15072,95194,32,22,16,0.0002098280019708909
15073,83964,24,21,4,0.00022256299780565314
15074,39741,39,21,6,0.0001301929987675976
15075,39902,30,22,3,0.0001051519975590054
15076,104414,26,22,8,0.00020610100182238966
15077,61429,57,22,11,0.00023427800260833465
15078,106523,60,22,2,0.0002780900031211786
15079,125993,84,22,5,0.00028082200151402503
15080,115795,31,22,5,0.00017178599955514073
15081,67670,24,22,1,0.00011289099711575545
15082,70781,29,22,6,0.000273618999926839
15083,35978,31,22,3,0.0004903859990008641
15084,66707,36,22,1,0.00022514200099976733
15085,86260,30,22,2,0.00018747300055110827
15086,41212,24,22,10,0.0003284819977125153
15087,77292,27,22,6,0.00017335900338366628
15088,46618,40,22,2,0.00014233099864213727
15089,99028,29,22,17,0.00026871199952438474
15090,89835,40,22,7,0.000259627999184886
15091,23529,41,22,4,0.00014118599938228726
15092,80327,41,22,8,0.00018659299894352444
15093,52228,24,23,1,0.00033123499815701507
15094,5052,23,22,0,3.103700146311894e-05
15095,79990,33,21,0,3.65189989679493e-05
15096,113042,23,20,0,2.615700213937089e-05
15097,128249,23,19,0,1.894100205390714e-05
15098,20756,24,19,1,2.6187000912614167e-05
15099,83825,50,18,0,8.900000102585182e-05
15100,21877,39,18,1,5.866499850526452e-05
15101,30843,36,18,2,7.134799670893699e-05
15102,37105,36,17,0,0.00010368800212745555
15103,76672,68,16,1,6.918600047356449e-05
15104,14874,36,15,0,2.478500027791597e-05
15105,19575,52,17,1,0.00010819499948411249
15106,124566,59,20,5,0.00016832400069688447
15107,122801,53,21,4,0.00021939799989922903
15108,73941,90,20,1,0.00016175299970200285
15109,68877,59,20,1,0.00015608300236635841
15110,15921,72,20,5,0.00017553499856148846
15111,60422,72,22,8,0.0002539870001783129
15112,56337,69,22,2,0.000148742001329083
15113,109942,59,22,7,0.00020396499894559383
15114,11664,59,21,0,0.00014473600094788708
15115,58926,24,22,2,0.0002727049977693241
15116,104589,86,22,5,0.00026500400053919293
15117,51015,49,22,4,0.0001653869985602796
15118,40321,71,22,5,0.0001881870011857245
15119,66058,38,22,3,0.00011393000022508204
15120,28341,36,22,6,0.00018548700245446526
15121,41996,23,23,1,0.0003669180005090311
15122,18138,23,22,0,2.7472000510897487e-05
15123,59168,23,21,0,2.489200051059015e-05
15124,599,23,20,0,2.900500112446025e-05
15125,93533,23,19,0,1.9227001757826656e-05
15126,102876,23,18,0,1.7834998288890347e-05
15127,107994,23,17,0,1.5515000995947048e-05
15128,38981,23,16,0,1.5061999874887988e-05
15129,40826,26,15,0,1.7129001207649708e-05
15130,102877,23,14,0,1.3576998753705993e-05
15131,124296,25,13,0,1.7172002117149532e-05
15132,86784,23,12,0,1.3313001545611769e-05
15133,92580,23,11,0,1.2959000741830096e-05
15134,131979,23,10,0,1.2491000234149396e-05
15135,94413,23,9,0,1.1848998838104308e-05
15136,104879,23,8,0,1.10889995994512e-05
15137,123880,23,7,0,1.0831998224603012e-05
15138,2856,23,6,0,1.0154999472433701e-05
15139,72816,23,5,0,9.289997251471505e-06
15140,130274,23,4,0,8.219998562708497e-06
15141,38447,23,3,0,7.424001523759216e-06
15142,5735,23,2,0,6.5349995566066355e-06
15143,132769,39,2,0,2.228099765488878e-05
15144,89114,23,23,1,0.000312746997224167
15145,123673,23,22,0,6.392400246113539e-05
15146,49701,23,21,0,2.6907000574283302e-05
15147,123674,23,20,0,2.4496999685652554e-05
15148,104422,30,19,0,2.5994999305112287e-05
15149,33885,23,18,0,1.83769989234861e-05
15150,94748,23,17,0,1.5919998986646533e-05
15151,5510,23,16,0,1.54310000652913e-05
15152,64791,23,15,0,1.4638997527072206e-05
15153,76640,30,14,0,1.8398997781332582e-05
15154,5516,23,13,0,1.4003999240230769e-05
15155,66428,35,12,0,2.0026000129291788e-05
15156,78061,23,11,0,1.3151999155525118e-05
15157,62638,23,10,0,1.2641001376323402e-05
15158,94531,23,9,0,1.211400012834929e-05
15159,43452,23,8,0,1.1226002243347466e-05
15160,5556,23,7,0,1.1129999620607123e-05
15161,101941,23,6,0,1.0349998774472624e-05
15162,36759,23,5,0,9.397001122124493e-06
15163,20804,23,4,0,7.992999599082395e-06
15164,6003,23,3,0,7.1119975473266095e-06
15165,15238,35,3,0,2.405399936833419e-05
15166,67060,60,7,0,6.362199928844348e-05
15167,18464,23,23,1,0.0003003979982167948
15168,17205,23,22,0,2.667700027814135e-05
15169,3242,23,21,0,2.4914999812608585e-05
15170,119745,29,20,0,3.183100125170313e-05
15171,25899,23,19,0,2.0168001356069e-05
15172,123203,23,18,0,1.8609996914165094e-05
15173,42284,24,17,0,1.6419002349721268e-05
15174,75401,23,16,0,1.5229998098220676e-05
15175,65989,27,15,0,1.9027997041121125e-05
15176,28813,23,14,0,1.4092001947574317e-05
15177,45787,23,13,0,1.3487999240169302e-05
15178,17440,27,13,0,2.5116998585872352e-05
15179,112612,32,17,1,8.520999836036935e-05
15180,90975,31,17,1,0.00013736199980485253
15181,19911,62,18,1,0.000138715000502998
15182,122571,33,17,5,0.000125753998872824
15183,3189,55,19,4,0.00020110200057388283
15184,14287,47,18,0,0.00010307100092177279
15185,91593,37,18,3,0.00011238099978072569
15186,15435,59,22,1,0.000160143001266988
15187,27771,61,22,4,0.00026281600003130734
15188,73865,66,22,5,0.0002722409990383312
15189,33181,50,22,2,0.00012037299893563613
15190,110974,45,22,3,0.00013599099838756956
15191,45098,28,23,3,8.620800144854002e-05
15192,59465,31,23,9,0.00017860299703897908
15193,110679,30,23,11,0.000155916997755412
15194,68692,34,23,10,0.00032943299811449833
15195,49684,28,22,6,0.00024059499992290512
15196,32307,23,22,4,9.75500006461516e-05
15197,124756,24,21,2,7.988599827513099e-05
15198,11412,28,20,4,0.00018946699856314808
15199,98150,29,19,5,0.0001665599993430078
15200,24152,37,21,2,9.652000153437257e-05
15201,45580,43,20,2,0.00014202500096871518
15202,103648,36,20,1,0.00018015399837167934
15203,62179,46,22,12,0.0001844119979068637
15204,3981,47,22,7,0.00020192299780319445
15205,62558,25,23,5,0.000259895998169668
15206,126860,26,22,9,0.0002393729992036242
15207,93910,31,22,1,7.359799928963184e-05
15208,97402,50,23,0,0.0002584870017017238
15209,24699,34,23,7,0.0002472630003467202
15210,87187,35,23,2,0.00034292099735466763
15211,77973,46,23,2,0.00021203800133662298
15212,67755,23,23,1,0.0003173650002281647
15213,41140,38,23,5,0.00025698699755594134
15214,132282,43,23,8,0.00018885600002249703
15215,67774,56,23,3,0.00016964699898380786
15216,90535,83,22,5,0.00027993699768558145
15217,122700,58,22,2,0.00013222000052337535
15218,92872,52,22,14,0.0002354099997319281
15219,98267,33,22,9,0.00017708800078253262
15220,12494,37,23,5,0.0001795999996829778
15221,127225,28,23,1,0.00035479000143823214
15222,51588,23,22,0,2.7635996957542375e-05
15223,109056,23,21,0,2.5088000256801024e-05
15224,118039,40,23,9,0.00022817599892732687
15225,83224,54,23,1,0.0001630589977139607
15226,126239,42,23,8,0.00017674400078249164
15227,119083,47,23,1,0.0001960620029421989
15228,34097,39,23,0,9.555699944030493e-05
15229,78777,41,22,1,0.00024436199964839034
15230,16690,33,23,8,0.00023199000133899972
15231,49458,75,23,2,0.00021853500220458955
15232,23070,87,22,4,0.00023856800180510618
15233,113976,36,23,12,0.0003569859982235357
15234,42299,26,23,1,0.0003251939997426234
15235,90671,24,22,0,2.971399953821674e-05
15236,108423,26,21,0,2.837499778252095e-05
15237,70417,25,20,0,2.7098998543806374e-05
15238,99129,24,19,0,2.0401999790919945e-05
15239,6995,24,18,0,2.013199991779402e-05
15240,50008,26,17,0,1.813900234992616e-05
15241,37949,38,18,0,9.859999772743322e-05
15242,62864,38,17,0,2.3630997020518407e-05
15243,10934,36,18,0,5.0448001275071874e-05
15244,79397,42,18,2,0.0001250060013262555
15245,105563,42,19,1,7.329200161620975e-05
15246,129256,51,19,4,0.00012824700024793856
15247,66698,34,18,5,0.00010027299867942929
15248,23106,38,18,8,0.00012697799684247002
15249,129129,48,18,1,6.08709997322876e-05
15250,5409,38,17,2,0.0001407349991495721
15251,130766,48,16,1,0.00014130599811323918
15252,98439,42,17,4,0.00014079600077820942
15253,25243,39,20,7,0.00021684500097762793
15254,64834,49,23,2,0.0002590730000520125
15255,53586,32,23,12,0.00027924599999096245
15256,110937,26,23,1,0.0001068560013663955
15257,105827,32,23,7,0.00016201999824261293
15258,103799,23,23,2,0.00029506799910450354
15259,384,45,23,1,0.0002692950001801364
15260,108944,39,23,6,0.0001871269996627234
15261,1436,26,23,5,0.00013158799993107095
15262,42414,23,23,1,0.00031305199809139594
15263,95663,32,23,2,0.00014467399887507781
15264,119215,30,23,8,0.0003299830023024697
15265,7151,36,22,0,4.306700066081248e-05
15266,115123,39,23,12,0.00025712900242069736
15267,5578,31,23,1,0.0001380520006932784
15268,51659,31,23,9,0.00027132000104757026
15269,58838,26,23,6,0.0002507579993107356
15270,67032,78,23,4,0.00023403299928759225
15271,118859,60,22,5,0.00023577899992233142
15272,129530,40,23,6,0.0001440839987481013
15273,102954,28,23,3,0.0002939830010291189
15274,111194,72,23,3,0.000415315997088328
15275,123487,23,23,2,0.00033437699676142074
15276,23139,43,23,1,0.00017677499999990687
15277,80491,41,23,16,0.00028974100132472813
15278,97904,48,23,8,0.00026047799838124774
15279,83580,35,23,0,8.659699960844591e-05
15280,110211,23,23,1,0.0003161549975629896
15281,109268,23,22,0,2.9899998480686918e-05
15282,20246,23,21,0,2.744400262599811e-05
15283,51963,23,20,0,2.4739001673879102e-05
15284,112615,35,20,0,4.1609997424529865e-05
15285,32073,33,19,0,3.416099934838712e-05
15286,57798,27,18,0,2.84630004898645e-05
15287,59537,29,17,0,2.9013997846050188e-05
15288,80123,35,17,0,0.00015493499813601375
15289,24401,46,16,0,3.4111999411834404e-05
15290,50586,43,18,2,0.00010833399937837385
15291,96512,42,21,3,0.00022192499818629585
15292,124585,28,23,11,0.00017135700181825086
15293,71689,37,22,7,0.0002054010001302231
15294,60077,23,23,1,0.0003128200005448889
15295,88912,23,22,0,2.7936999686062336e-05
15296,80576,41,23,7,0.00021606900190818124
15297,115425,36,22,2,0.00019778800196945667
15298,120926,44,22,0,4.564499977277592e-05
15299,131385,37,21,11,0.0001992069992411416
15300,63170,37,23,4,0.0003483850014163181
15301,115420,62,23,15,0.0002517730026738718
15302,60157,44,23,13,0.00017056500291801058
15303,105222,36,23,12,0.000289404000795912
15304,26393,46,23,14,0.0002332740004931111
15305,42793,30,23,4,0.00033168200025102124
15306,56117,46,23,7,0.00015951599925756454
15307,69839,62,22,16,0.0001857370007201098
15308,128832,41,23,14,0.0003154340010951273
15309,106331,37,23,6,0.0002223209994554054
15310,7019,56,23,3,0.00014242600082070567
15311,28535,30,23,6,0.00020214400137774646
15312,35707,24,23,5,0.00011040100071113557
15313,46981,54,23,5,0.00019402299949433655
15314,98216,44,23,6,0.00018177300080424175
15315,126919,23,23,2,0.0003345240002090577
15316,16332,23,23,1,0.0003358850008226
15317,9208,28,22,0,3.868799831252545e-05
15318,14302,39,23,14,0.00020851600129390135
15319,59362,32,23,8,0.0002809469988278579
15320,4343,37,22,7,0.00014275800276664086
15321,71717,34,23,3,0.00013962999946670607
15322,15575,31,22,9,0.00018583700148155913
15323,17485,57,23,8,0.00020990000120946206
15324,129106,46,23,5,0.00022705099763697945
15325,5223,34,23,0,0.0003543800012266729
15326,10793,35,22,0,3.867900159093551e-05
15327,23661,45,23,12,0.00026826899920706637
15328,112779,47,23,6,0.0002733920009632129
15329,27124,65,22,7,0.00021508400095626712
15330,74901,51,23,0,0.000117019000754226
15331,129193,31,23,5,0.00023750200125505216
15332,125184,46,23,4,0.00030400099785765633
15333,122139,25,23,1,0.000293483000859851
15334,87575,38,22,0,8.624600013718009e-05
15335,45696,28,22,3,0.00024580900208093226
15336,28002,77,23,2,0.00032040299993241206
15337,116173,47,23,6,0.0002431840002827812
15338,113622,57,22,7,0.00030472700018435717
15339,23789,39,22,6,0.000198049998289207
15340,86514,44,23,6,0.000252953999734018
15341,29186,53,23,9,0.00017962800120585598
15342,21084,44,23,7,0.000282541001070058
15343,5852,43,23,4,0.00016566799968131818
15344,121691,56,23,4,0.0002034659992204979
15345,17778,41,22,6,0.00013465500160236843
15346,84844,57,23,5,0.0002010770003835205
15347,97354,54,23,15,0.000195494998479262
15348,50353,48,23,4,0.00014172599912853912
15349,58594,54,23,6,0.00023134799994295463
15350,28164,42,23,4,0.00023282099937205203
15351,65595,62,23,7,0.00028875899806735106
15352,33526,53,23,6,0.0001827569976740051
15353,69879,32,23,6,0.0003518939993227832
15354,43739,32,22,0,3.6353998439153656e-05
15355,94380,36,23,8,0.0002976790019602049
15356,123395,47,24,10,0.00024019900229177438
15357,115231,37,24,4,0.0003023069984919857
15358,62501,37,24,10,0.0003402229995117523
15359,101871,38,23,11,0.0002742549986578524
15360,118779,39,23,3,0.00026425500254845247
15361,50619,49,22,4,0.00020105799922021106
15362,52517,54,22,5,0.00015495900152018294
15363,105191,51,23,6,0.0002811940030369442
15364,17603,39,23,3,0.00014594100139220245
15365,48487,41,22,12,0.0002880380015994888
15366,79408,31,24,2,0.00018057999841403216
15367,94259,35,23,0,4.030099808005616e-05
15368,107829,59,23,8,0.00031452699840883724
15369,80352,54,22,1,0.00023730499742669053
15370,38317,36,23,2,0.0001365690004604403
15371,91699,27,24,1,0.0003623569973569829
15372,88647,36,24,2,0.00023195399990072474
15373,49749,26,24,1,0.00035979699896415696
15374,34459,24,23,0,2.934799704235047e-05
15375,69400,24,22,0,2.6388999685877934e-05
15376,74866,31,23,0,7.512400043196976e-05
15377,53628,34,23,1,7.66139964980539e-05
15378,102352,36,22,2,7.908200132078491e-05
15379,20912,42,22,1,7.30480023776181e-05
15380,55369,35,22,2,8.233399785240181e-05
15381,15788,49,21,0,7.488200208172202e-05
15382,112221,36,21,1,0.0001682580004853662
15383,47110,50,23,2,0.00015177499881247059
15384,14439,30,24,5,0.000251043002208462
15385,114281,36,24,9,0.0001884560006146785
15386,18035,40,24,1,0.0004036979989905376
15387,72309,30,24,4,0.0002705870028876234
15388,2689,25,24,1,0.0003286479986854829
15389,115063,24,23,0,2.882699845940806e-05
15390,2760,24,22,0,2.598200080683455e-05
15391,128878,24,21,0,2.3731998226139694e-05
15392,93583,25,21,1,2.771900108200498e-05
15393,23638,27,20,0,2.7881000278284773e-05
15394,112383,31,19,0,3.082900002482347e-05
15395,44244,32,18,0,2.94740020763129e-05
15396,82214,31,17,1,9.584400322637521e-05
15397,38977,29,18,0,3.6151002859696746e-05
15398,54608,42,18,1,5.8017001720145345e-05
15399,93984,44,18,2,8.348499977728352e-05
15400,1852,45,23,10,0.00016991799930110574
15401,45199,36,24,2,0.0001409899996360764
15402,133276,46,24,5,0.00015265100228134543
15403,7325,76,24,9,0.00034722499913186766
15404,127676,36,24,5,0.0003782089988817461
15405,110787,40,23,0,5.221199899096973e-05
15406,56758,45,23,4,0.00025793899840209633
15407,27327,32,24,1,0.00042346000191173516
15408,71379,25,23,0,3.9668000681558624e-05
15409,115255,35,23,1,0.00012467899796320125
15410,68950,33,23,1,5.6508000852772966e-05
15411,59595,24,24,1,0.00041487899943604134
15412,124642,24,23,0,3.920699964510277e-05
15413,2253,29,24,3,0.000376757001504302
15414,132312,38,24,17,0.0003101369984506164
15415,76529,39,24,3,0.0003163979999953881
15416,39160,40,24,9,0.00020411999867064878
15417,116498,47,23,0,0.00017359500270686112
15418,101641,26,24,4,0.0004133000002184417
15419,43277,83,24,6,0.0002463710006850306
15420,32528,41,24,2,0.000391822999517899
15421,7967,27,24,4,0.00019692099886015058
15422,83797,29,23,0,0.0003297580005892087
15423,39949,30,22,1,7.569299850729294e-05
15424,128175,30,22,0,0.0001536089985165745
15425,123516,28,21,0,3.0154998967191204e-05
15426,78689,32,21,0,3.4927998058265075e-05
15427,1231,49,21,2,9.39839992497582e-05
15428,16379,32,20,2,3.843100057565607e-05
15429,50370,43,20,0,9.105999924940988e-05
15430,28964,32,19,1,4.4978998630540445e-05
15431,103415,40,19,6,0.00021342399850254878
15432,57894,48,19,2,0.00015126799917197786
15433,74827,48,21,1,0.00010922399815171957
15434,103096,54,21,5,0.00015668600099161267
15435,126092,81,21,1,0.00016752900046412833
15436,44365,48,23,7,0.00013202699847170152
15437,63924,43,23,8,0.00018257400006405078
15438,36148,24,24,1,0.00033374299891875125
15439,122164,34,24,10,0.0002475419969414361
15440,16697,29,24,5,0.000239606000832282
15441,132942,27,24,5,0.00019431900000199676
15442,102746,35,24,2,0.00010102200030814856
15443,80223,30,24,1,0.00014295299843070097
15444,68448,24,24,2,0.0003183449989592191
15445,125373,24,23,0,2.8997001209063455e-05
15446,20545,40,23,0,9.374599903821945e-05
15447,18904,91,23,4,0.000256650000665104
15448,51728,31,23,1,8.107199755613692e-05
15449,86460,64,23,4,0.00020302300254115835
15450,123339,59,23,5,0.0002500890004739631
15451,125793,26,24,1,0.0004163669982517604
15452,92001,35,24,5,0.00022326000180328265
15453,52589,69,24,5,0.000263668000116013
15454,99193,52,24,3,0.00024343399854842573
15455,27002,29,24,5,0.00028510400079539977
15456,126847,35,24,9,0.00017628800196689554
15457,68481,41,24,26,0.0005403699979069643
15458,64391,42,24,11,0.00024225500237662345
15459,70025,34,24,5,0.00027603499984252267
15460,16267,28,24,0,7.299400022020563e-05
15461,33763,30,23,2,0.0002202380019298289
15462,2962,71,24,1,0.00017420000222045928
15463,18168,58,23,2,0.0001537120006105397
15464,37784,76,24,4,0.0002930150003521703
15465,127393,55,24,10,0.0002268009993713349
15466,47528,24,24,1,0.0004142929974477738
15467,93610,29,24,2,0.0002140299984603189
15468,117676,88,24,4,0.00032189400008064695
15469,37805,46,24,4,0.00012738100122078322
15470,68025,25,24,1,0.00032113199995364994
15471,129980,30,24,3,0.0002794330030155834
15472,108545,35,23,1,0.0001344619995506946
15473,130460,35,23,0,0.00036718800038215704
15474,56048,36,22,0,4.030499985674396e-05
15475,115552,33,21,0,3.1650000892113894e-05
15476,20684,35,21,5,7.683199874009006e-05
15477,132723,38,20,0,4.0916998841566965e-05
15478,33593,55,20,3,0.00010241200288874097
15479,132706,39,19,1,0.00016272799985017627
15480,27348,46,20,1,0.0001580200005264487
15481,16232,53,22,2,0.0001268759988306556
15482,14207,87,23,3,0.00017641800150158815
15483,130102,45,23,1,0.00013041900092503056
15484,44479,36,24,4,0.00020737299928441644
15485,13246,56,24,8,0.0002589549985714257
15486,108482,50,24,11,0.0003299870004411787
15487,40393,55,24,6,0.0001611360021342989
15488,33095,32,23,8,0.0001645560005272273
15489,114645,28,24,2,0.0001512929993623402
15490,5088,52,24,1,0.00016438899911008775
15491,111596,38,24,14,0.00020831499932683073
15492,112886,43,23,9,0.0002272300007462036
15493,70637,88,24,4,0.000408176001656102
15494,125935,36,24,3,0.00015742500181659125
15495,109051,42,24,0,0.00015634099690942094
15496,56031,58,23,1,0.00022413799888454378
15497,79455,44,23,0,5.399700239649974e-05
15498,97147,31,23,1,0.0001650220001465641
15499,59157,30,23,1,9.978399975807406e-05
15500,88135,33,23,2,0.0003596499991544988
15501,24079,33,22,0,3.6695997550850734e-05
15502,127310,65,23,0,0.00012105600035283715
15503,81897,54,22,0,0.00016109699936350808
15504,34913,45,22,2,0.00034963199868798256
15505,85772,44,21,0,6.385400047292933e-05
15506,43465,52,21,0,5.448200317914598e-05
15507,31524,62,20,0,6.04170018050354e-05
15508,78024,43,19,4,0.00012689100185525604
15509,110481,46,18,0,4.608200106304139e-05
15510,56612,36,18,3,0.00013002800187678076
15511,60174,51,18,1,0.00017979099720832892
15512,555,70,19,1,0.0001589799976500217
15513,77229,80,20,1,0.00010279900016030297
15514,125774,39,23,2,0.0001690480021352414
15515,56829,36,24,9,0.00026059399897349067
15516,42001,28,24,2,0.0001690419994702097
15517,79892,49,24,11,0.00031814800240681507
15518,82965,48,24,6,0.00029329699827940203
15519,29421,66,23,2,0.0002746979989751708
15520,12832,44,24,6,0.00036523100061458535
15521,83453,53,24,1,0.0002250219986308366
15522,25138,39,24,2,0.0001637700006540399
15523,17983,28,24,8,0.0002257960004499182
15524,20031,71,24,4,0.0003282610014139209
15525,71366,55,24,6,0.0001748020004015416
15526,131272,34,24,13,0.00022911300038686022
15527,101581,25,24,1,0.00021626600209856406
15528,130779,41,24,1,0.00013403800039668567
15529,68381,64,24,2,0.00027712900191545486
15530,116545,50,24,5,0.00022397399879992008
15531,34676,67,24,19,0.00022205899949767627
15532,97201,51,24,2,0.00018101699970429763
15533,86483,77,24,9,0.00024216800011345185
15534,89072,30,24,2,0.00021997200019541197
15535,75280,58,24,2,0.0002793080020637717
15536,98853,49,24,16,0.00019351100127096288
15537,84585,43,23,9,0.0001973569997062441
15538,97841,42,24,7,0.00016605500059085898
15539,114015,46,24,2,0.0001375680003548041
15540,11165,31,23,3,0.00010178099910262972
15541,130053,31,24,3,0.00013825800124322996
15542,124140,38,23,4,0.00016519299970241264
15543,42259,41,22,5,7.067800106597133e-05
15544,84697,49,22,3,0.00015566699948976748
15545,59647,39,21,1,8.276099833892658e-05
15546,124862,42,21,2,0.0001297430026170332
15547,55755,52,20,3,0.0002598769970063586
15548,118743,64,19,1,0.00011059100143029355
15549,24308,52,19,2,5.4632000683341175e-05
15550,91453,61,19,3,7.733299935352989e-05
15551,81688,45,20,9,0.0001369340025121346
15552,86411,63,21,2,0.00018944800103781745
15553,32715,73,22,6,0.00016832000255817547
15554,61077,96,22,4,0.0002330310016986914
15555,15015,62,21,2,0.00010828900121850893
15556,91913,66,22,3,0.00016738200065447018
15557,49934,91,22,4,0.00020272300025681034
15558,18855,79,21,14,0.00023689999943599105
15559,66791,43,22,9,0.00022670899852528237
15560,88847,84,23,3,0.00011364199963281862
15561,46663,40,23,8,0.0002085430023726076
15562,80988,47,23,3,0.00016030400001909584
15563,58973,50,24,5,0.00018579699826659635
15564,132525,59,24,6,0.0003349149992573075
15565,121270,54,24,6,0.00017871700038085692
15566,27728,30,24,7,0.00022521600112668239
15567,107340,63,24,4,0.00030063800295465626
15568,46963,41,24,13,0.00027526299891178496
15569,124587,28,24,3,0.00020233499890309758
15570,88577,25,25,1,0.0003320399991935119
15571,109835,25,24,0,3.0093000532360747e-05
15572,125045,25,23,0,5.175199839868583e-05
15573,69228,25,22,0,2.5989000278059393e-05
15574,48190,25,21,0,2.5471999833825976e-05
15575,85838,25,20,0,2.452600165270269e-05
15576,105363,25,19,0,2.0785999367944896e-05
15577,24908,29,20,1,0.0002097770011459943
15578,86824,32,19,0,2.8143000236013904e-05
15579,132933,31,19,0,2.7603997295955196e-05
15580,45616,43,20,1,0.0002117139993060846
15581,33641,33,19,0,2.7169000532012433e-05
15582,39920,38,19,0,0.00015180699847405776
15583,48090,46,18,0,3.1194998882710934e-05
15584,44501,37,17,0,2.300100095453672e-05
15585,52699,38,16,0,2.3061998945195228e-05
15586,289,36,15,0,2.2031999833416194e-05
15587,22555,48,15,0,6.178900002851151e-05
15588,35790,59,19,4,0.00015690099826315418
15589,72194,55,25,5,0.00030659700132673606
15590,40745,31,24,5,0.00020219100042595528
15591,96164,40,23,2,0.00013800200031255372
15592,90668,56,24,10,0.00032405999809270725
15593,55356,61,23,8,0.00030633500136900693
15594,96429,43,24,2,0.0002657120021467563
15595,78038,48,24,7,0.00034581699947011657
15596,59176,46,24,3,0.0002752779982984066
15597,3,43,25,1,0.0003451330012467224
15598,111420,25,24,0,3.0110000807326287e-05
15599,93363,29,23,0,5.5238000641111284e-05
15600,60423,25,22,0,3.11679978040047e-05
15601,60813,25,21,0,2.593400131445378e-05
15602,88648,25,20,0,2.5155997718684375e-05
15603,116976,25,19,0,2.013300036196597e-05
15604,122926,25,18,0,1.9603001419454813e-05
15605,53719,46,17,0,3.1250998290488496e-05
15606,94648,25,16,0,1.6764002793934196e-05
15607,14354,46,15,0,2.801200025714934e-05
15608,49628,25,14,0,1.5179997717496008e-05
15609,122938,25,13,0,1.424799847882241e-05
15610,79722,51,13,0,3.655299951788038e-05
15611,54258,31,15,0,8.024300041142851e-05
15612,81823,51,14,0,2.9673999961232767e-05
15613,81840,51,13,0,2.6781002816278487e-05
15614,124092,51,12,0,2.8800997824873775e-05
15615,18610,31,11,0,1.7169997590826824e-05
15616,111983,44,10,0,2.1447998733492568e-05
15617,104877,39,9,0,1.874800000223331e-05
15618,96743,39,8,0,1.685600000200793e-05
15619,42853,32,7,0,1.5739002265036106e-05
15620,39491,39,6,0,1.4670000382466242e-05
15621,107466,62,7,0,3.9442998968297616e-05
15622,90117,50,25,8,0.000328602000081446
15623,118280,68,25,4,0.00020855500042671338
15624,120335,40,25,11,0.0002808130011544563
15625,107546,27,25,4,0.0004241759997967165
15626,74277,39,25,3,0.0003983589995186776
15627,91481,64,24,3,0.00025726899912115186
15628,51631,73,24,5,0.00031842200041865
15629,83770,56,24,2,8.116200115182437e-05
15630,62398,46,24,2,0.00011889400047948584
15631,33830,42,24,1,0.00010886500240303576
15632,5440,65,23,2,0.00019663900093291886
15633,125345,48,23,8,0.00018075200205203146
15634,123529,43,24,10,0.00022178500148584135
15635,14685,54,23,8,0.00018215400268672965
15636,55035,51,23,2,9.641999713494442e-05
15637,106037,82,23,1,0.00025902500055963174
15638,128146,62,24,4,9.682299787527882e-05
15639,51087,44,23,4,0.0001823210004658904
15640,33635,64,24,4,0.0002597410020825919
15641,47679,36,25,15,0.0003032649983651936
15642,34890,38,25,10,0.00026388400146970525
15643,6912,40,24,4,0.00021913499949732795
15644,75063,45,23,3,0.0002535780004109256
15645,56919,35,25,4,0.00031594100073562004
15646,125770,32,24,0,3.047800055355765e-05
15647,91484,34,23,0,3.101900074398145e-05
15648,63069,40,24,6,0.0002176589987357147
15649,109153,41,25,2,0.00012992300253245048
15650,105404,30,24,3,0.00033051900027203374
15651,71766,35,24,2,0.0002496939996490255
15652,82019,38,25,7,0.00021890399875701405
15653,16999,51,25,8,0.00028560999999172054
15654,81001,45,25,1,0.0001764189983077813
15655,87667,45,24,0,3.8972997572273016e-05
15656,20076,52,25,10,0.00026115100263268687
15657,112242,34,25,11,0.00022883999918121845
15658,41078,25,25,1,0.0004599130006681662
15659,73349,29,25,2,0.00024611700064269826
15660,36820,28,24,0,0.0003521590006130282
15661,11416,45,25,6,0.00040575999810243957
15662,73610,51,24,3,0.00028736300009768456
15663,11472,79,24,9,0.0002508350007701665
15664,104652,57,25,10,0.00025695500153233297
15665,52162,65,24,10,0.000210928003070876
15666,28994,45,24,5,0.00021859999833395705
15667,73438,53,25,10,0.00041905900070560165
15668,102672,41,25,9,0.00014885600103298202
15669,106774,44,25,15,0.00039749300049152225
15670,82767,63,24,3,0.00022591800006921403
15671,83773,25,25,1,0.0003669660000014119
15672,30049,31,25,12,0.00038951199894654565
15673,92004,25,25,4,0.00036317000194685534
15674,39789,69,25,13,0.0002839680018951185
15675,56184,33,25,3,0.00037991999852238223
15676,25471,58,25,6,0.00021097599892527796
15677,61827,60,25,3,0.00019637999866972677
15678,99717,104,25,5,0.0003551860027073417
15679,18339,35,25,8,0.00024058999770204537
15680,100772,38,25,31,0.0004449560001376085
15681,112041,64,25,9,0.00024943800235632807
15682,56266,54,24,9,0.00021606699738185853
15683,12203,44,25,9,0.00035340400063432753
15684,96186,39,25,6,0.00014928800010238774
15685,31561,43,24,2,0.0001718560015433468
15686,47556,41,25,6,0.00029979900136822835
15687,27617,28,25,3,0.000402421999751823
15688,8682,56,25,11,0.0002669100031198468
15689,82926,54,25,9,0.00019733100270968862
15690,74224,41,25,30,0.00041922499804059044
15691,85502,39,25,2,0.00027629599935607985
15692,11776,94,25,8,0.00034475899883545935
15693,3591,41,25,12,0.0003136449995508883
15694,130413,40,24,10,0.00028182299865875393
15695,55819,67,25,10,0.00027311899975757115
15696,25618,63,25,7,0.00025227800142602064
15697,28188,65,25,8,0.00035986999864690006
15698,23217,39,24,13,0.0004280160028429236
15699,25164,62,25,10,0.0002577220002422109
15700,5206,42,25,6,0.00021864400332560763
15701,52856,72,25,4,0.0002337890000490006
15702,48300,57,24,18,0.00028270300026633777
15703,78529,48,25,21,0.0003843730009975843
15704,62659,39,25,8,0.0001976019993890077
15705,27915,37,24,17,0.00028719900001306087
15706,110293,68,25,0,0.00019809800141956657
15707,61700,58,25,2,0.00019644200074253604
15708,132469,45,25,23,0.00034306100133107975
15709,50077,69,25,3,0.00017848599964054301
15710,72131,38,25,14,0.00026361299751442857
15711,40427,34,25,6,0.0004695669995271601
15712,2676,41,25,19,0.0003028550017916132
15713,26628,37,26,2,0.0004346770001575351
15714,96264,26,26,1,0.00041172400233335793
15715,3717,32,25,0,4.1385999793419614e-05
15716,131013,26,24,0,3.0278002668637782e-05
15717,23141,26,23,0,2.79990017588716e-05
15718,118800,33,26,11,0.0003386589996807743
15719,40995,40,26,6,0.0003266259991505649
15720,62063,33,25,4,0.00020556799790938385
15721,124765,31,25,8,0.0005582529993262142
15722,98345,26,26,2,0.0003942519979318604
15723,121909,50,25,1,0.00012961200263816863
15724,17454,26,26,1,0.000407947001804132
15725,123044,26,25,0,6.866500189062208e-05
15726,12042,26,24,0,3.112200283794664e-05
15727,95107,29,23,0,3.07019981846679e-05
15728,59626,26,22,0,2.7080997824668884e-05
15729,84463,26,21,0,2.639499871293083e-05
15730,43989,26,20,0,2.5239998649340123e-05
15731,38291,26,19,0,2.2233001800486818e-05
15732,4077,26,18,0,1.966399941011332e-05
15733,89647,26,26,1,0.00040735400034463964
15734,17287,26,25,0,3.3197000448126346e-05
15735,97443,26,24,0,3.0545998015441e-05
15736,6616,26,23,0,3.3560001611476764e-05
15737,115248,44,26,1,0.0004218639987811912
15738,19387,27,25,0,4.11790024372749e-05
15739,55050,37,24,0,3.707300129462965e-05
15740,74210,26,23,0,2.9708000511163846e-05
15741,65613,28,22,0,2.9877999622840434e-05
15742,54064,27,21,0,2.8488000680226833e-05
15743,83095,26,20,0,2.7134999982081354e-05
15744,5424,28,19,0,2.3574997612740844e-05
15745,32057,26,18,0,2.1628999093081802e-05
15746,5181,26,17,0,1.829499888117425e-05
15747,132878,26,16,0,1.8057999113807455e-05
15748,132879,26,15,0,1.7002999811666086e-05
15749,62348,31,15,0,2.8264999855309725e-05
15750,105997,56,15,0,6.456700066337362e-05
15751,113298,39,14,0,8.801999865681864e-05
15752,87579,33,13,0,3.308299710624851e-05
15753,55010,35,13,2,7.727599950158037e-05
15754,5180,55,13,0,6.688600115012378e-05
15755,11569,39,12,1,2.4950997612904757e-05
15756,125089,42,11,1,3.533900235197507e-05
15757,52526,44,19,1,0.00017946799925994128
15758,69643,96,21,4,0.0002534500017645769
15759,129608,58,22,2,0.00017597300029592589
15760,94817,75,25,3,0.00019706699822563678
15761,8156,57,25,6,0.0003695799969136715
15762,66535,48,25,5,0.00035188499896321446
15763,117811,48,26,12,0.00021200300034251995
15764,31796,35,26,9,0.00018528000146034174
15765,72772,30,26,9,0.00028601699887076393
15766,56398,39,26,1,0.00013259100160212256
15767,111181,60,26,12,0.0003316990005259868
15768,18018,32,26,1,0.00038931399831199087
15769,85090,41,25,1,0.00011448000077507459
15770,48227,42,26,10,0.0003640360009740107
15771,32432,36,25,12,0.00020023300021421164
15772,85420,41,25,7,0.00020450800002436154
15773,66157,99,26,8,0.0003213880008843262
15774,75887,26,26,1,0.000392546000512084
15775,8310,37,26,23,0.000379391000024043
15776,18553,69,26,2,0.00022669399913866073
15777,67223,55,26,8,0.00029428199923131615
15778,123034,34,26,29,0.00034608600253704935
15779,42293,29,25,11,0.00025216499852831475
15780,74399,45,26,12,0.00028957099857507274
15781,16032,56,26,6,0.00027688799673342146
15782,109732,33,26,52,0.0005298610012687277
15783,105651,51,26,4,0.000265765000222018
15784,38584,31,26,6,0.0004568250005831942
15785,88968,32,25,3,0.0003090489990427159
15786,107274,51,25,4,0.0001799890014808625
15787,97469,37,26,15,0.000568358002055902
15788,111580,40,25,0,5.465799767989665e-05
15789,103620,43,26,23,0.0003815540003415663
15790,76489,48,26,1,0.00017446299898438156
15791,53455,51,25,5,0.00016851400141604245
15792,83188,39,25,13,0.0002352070005144924
15793,109580,47,25,5,0.00011217499923077412
15794,7371,51,26,7,0.00026274099946022034
15795,122893,56,25,7,0.00024489099814672954
15796,38606,33,26,15,0.0004300279979361221
15797,41767,60,25,9,0.0002650320020620711
15798,93903,39,26,7,0.00020714000129373744
15799,50632,42,25,2,0.00016755700198700652
15800,100571,31,26,32,0.0021683039994968567
15801,68327,36,26,22,0.00046538400056306273
15802,3824,45,26,3,0.00022372799867298454
15803,97020,26,26,1,0.00039506400207756087
15804,96239,26,25,0,3.372399805812165e-05
15805,90404,26,24,0,3.4548000257927924e-05
15806,78778,26,23,0,2.9026999982306734e-05
15807,38694,26,26,2,0.00042397800280014053
15808,22834,26,26,1,0.00039653899875702336
15809,5959,66,26,3,0.00038703400059603155
15810,5979,26,26,1,0.0025499860021227505
15811,128381,26,25,0,3.8264999602688476e-05
15812,86364,54,26,7,0.00027886500174645334
15813,41308,50,26,0,0.0002104679988406133
15814,52064,32,26,5,0.0002876210019167047
15815,124779,51,26,6,0.00025682700288598426
15816,100728,34,26,2,0.0004645650005841162
15817,121722,91,26,3,0.0002567669980635401
15818,91025,53,26,1,0.00017281200052821077
15819,21912,64,26,16,0.0002990399989357684
15820,129945,43,26,4,0.0006887510025990196
15821,29083,40,26,0,0.0001547760002722498
15822,106913,44,26,12,0.0004337619975558482
15823,41899,33,26,11,0.0004162760014878586
15824,56241,40,26,0,0.0002462699994794093
15825,127410,44,26,12,0.0002081160018860828
15826,91060,56,26,6,0.0002279920008732006
15827,3547,27,26,1,0.0004744990001199767
15828,114140,37,26,3,0.00020955899890395813
15829,76259,47,26,8,0.0002960960009659175
15830,38374,56,26,27,0.00045465799848898314
15831,25066,30,26,2,0.00045302099897526205
15832,47094,61,26,3,0.0002932360002887435
15833,126466,47,26,10,0.0003445369984547142
15834,81932,51,26,4,0.0003476960009720642
15835,74336,74,25,2,0.00017170899809570983
15836,42825,35,25,2,0.00038503000178025104
15837,16265,35,24,0,3.842799924314022e-05
15838,42821,49,25,9,0.0003366190030646976
15839,79379,35,26,1,0.00022028700186638162
15840,125557,51,25,3,0.00019623799744294956
15841,13219,54,25,2,0.0002779099995677825
15842,7208,29,26,2,0.00015583100321236998
15843,106102,58,26,13,0.0003379119989403989
15844,99211,48,25,17,0.00033255599919357337
15845,39037,75,26,13,0.0002795610016619321
15846,22150,42,26,12,0.0002170289990317542
15847,68796,45,26,3,0.00026155199884669855
15848,114377,55,25,8,0.00025336999897263013
15849,127274,61,26,6,0.000361242000508355
15850,14126,64,26,18,0.000562874000024749
15851,112453,52,26,0,0.00011221499880775809
15852,87401,37,26,8,0.0002138780000677798
15853,7588,75,26,14,0.00040883900146582164
15854,22017,88,26,8,0.0003097949993389193
15855,74590,36,25,1,0.00018049899881589226
15856,96786,44,26,8,0.0003727220027940348
15857,33302,87,26,5,0.000292685999738751
15858,87128,74,26,2,0.0002789050013234373
15859,54901,53,26,9,0.000268741998297628
15860,1662,43,26,9,0.0002767730002233293
15861,32559,37,25,6,0.001054135002050316
15862,107236,88,26,9,0.00034269199750269763
15863,91541,43,26,6,0.00044457799958763644
15864,84424,75,26,15,0.00022568100030184723
15865,60115,38,26,4,0.0004326150010456331
15866,129538,45,27,1,0.0007343800025410019
15867,59040,45,26,0,5.2596999012166634e-05
15868,74753,119,27,3,0.0003204320018994622
15869,60425,27,27,1,0.00042382899846415967
15870,78008,27,26,0,3.547500091372058e-05
15871,111994,27,25,0,2.9773000278510153e-05
15872,63177,27,24,0,2.863900226657279e-05
15873,99456,27,23,0,2.9532999178627506e-05
15874,124033,27,22,0,0.00042775099791469984
15875,75348,27,21,0,5.361599687603302e-05
15876,4904,27,20,0,2.8228998417034745e-05
15877,48000,27,19,0,2.3946002329466864e-05
15878,59167,27,18,0,2.1463998564286157e-05
15879,115138,27,17,0,1.916199835250154e-05
15880,13117,37,21,2,0.00033003700082190335
15881,93121,35,20,0,3.2081999961519614e-05
15882,64460,39,20,7,0.0001995430029637646
15883,132020,55,23,6,0.00031100799969863147
15884,48006,54,23,4,0.000647142998786876
15885,132877,33,24,5,0.00021565600036410615
15886,15765,68,24,0,0.0003084919990214985
15887,59195,50,24,14,0.0005707219970645383
15888,95784,58,25,10,0.00020749499890371226
15889,34319,72,27,9,0.0002569290008977987
15890,112527,80,26,13,0.000348469999153167
15891,95564,47,26,9,0.0006370080009219237
15892,87160,69,26,11,0.0003590320011426229
15893,76432,40,26,5,0.0004033799996250309
15894,94878,33,26,11,0.0006910550000611693
15895,74008,68,26,8,0.00022960999922361225
15896,124763,43,26,7,0.000289250001515029
15897,20847,37,26,7,0.0002385379993938841
15898,78846,52,26,4,0.00021956500131636858
15899,3102,43,26,19,0.000360973001079401
15900,111396,54,26,0,0.00011305700172670186
15901,88600,27,27,1,0.00046764999933657236
15902,77368,27,26,0,3.471500167506747e-05
15903,12826,56,27,17,0.00030034999872441404
15904,84176,38,26,0,0.0001700610009720549
15905,884,33,26,1,0.0003104049974353984
15906,61620,51,26,2,0.00017194400061271153
15907,62116,40,26,1,0.00038188799953786656
15908,44072,33,27,1,0.0004858960019191727
15909,32473,31,26,0,4.322800305089913e-05
15910,92218,37,25,0,4.553400140139274e-05
15911,81358,27,24,0,3.122799898847006e-05
15912,83827,28,23,0,3.006400220328942e-05
15913,14359,35,23,0,4.440300108399242e-05
15914,36102,40,23,0,0.0001652489991101902
15915,129038,32,22,0,7.643800199730322e-05
15916,82896,47,26,3,0.0002361070000915788
15917,110634,28,27,2,0.00045447400043485686
15918,20016,67,27,6,0.0003483139989839401
15919,96233,56,26,1,0.00014467399887507781
15920,114785,47,26,17,0.00028762200236087665
15921,79187,44,26,5,0.00014975200247135945
15922,27194,30,27,1,0.0006154049988253973
15923,78781,27,26,0,4.0435003029415384e-05
15924,88,29,25,0,3.5240998840890825e-05
15925,107104,39,25,1,0.0010508370032766834
15926,57405,37,27,4,0.0005460899992613122
15927,108608,31,27,1,0.0004970939990016632
15928,26067,27,26,0,3.592799839680083e-05
15929,3337,27,25,0,3.213100353605114e-05
15930,66526,27,24,0,3.00069987133611e-05
15931,67893,30,23,0,3.3542000892339274e-05
15932,40772,27,22,0,3.0377999792108312e-05
15933,120174,46,21,0,5.350899664335884e-05
15934,58233,35,21,0,4.2587002099025995e-05
15935,83160,47,20,0,6.684899926767685e-05
15936,65753,35,19,1,7.449300028383732e-05
15937,116071,42,18,1,4.986600106349215e-05
15938,100456,30,17,0,2.4094999389490113e-05
15939,131018,38,17,1,4.56769994343631e-05
15940,113049,62,17,2,9.934899935615249e-05
15941,67471,61,17,0,0.000197741999727441
15942,8106,51,19,1,0.00011782699948525988
15943,75664,91,18,2,0.0001846470004238654
15944,110319,62,18,0,0.0001306729973293841
15945,129600,75,17,2,6.877500345581211e-05
15946,82498,75,18,0,0.0001363379997201264
15947,66511,58,17,0,0.00012522399993031286
15948,100315,72,18,1,0.00019341699953656644
15949,112605,109,22,7,0.00024160099928849377
15950,20965,101,26,6,0.0003358770009072032
15951,10054,51,26,7,0.0002543029986554757
15952,55583,83,26,1,0.00036739100323757157
15953,18506,27,27,1,0.0004444009973667562
15954,62539,57,27,2,0.00016986500122584403
15955,76880,49,27,1,0.00014847900092718191
15956,48032,40,26,7,0.0003471989984973334
15957,98896,82,27,29,0.00044190599874127656
15958,72274,41,27,3,0.0003847920015687123
15959,47205,28,27,3,0.0005207930007600226
15960,96364,29,26,0,4.587500006891787e-05
15961,121223,27,25,0,3.603300137910992e-05
15962,98417,28,24,1,3.9074999222066253e-05
15963,93172,35,24,1,0.00013789699733024463
15964,13773,41,24,0,9.877499905996956e-05
15965,107656,29,23,1,0.00035221699727117084
15966,47628,53,23,3,0.00015174200234469026
15967,110043,61,25,2,0.0004710909997811541
15968,34718,43,26,3,0.00015025800166768022
15969,52907,74,26,3,0.000340460999723291
15970,59276,49,25,3,8.422699829679914e-05
15971,78128,50,26,7,0.0003253820032114163
15972,103549,55,26,4,0.00019882499691448174
15973,103290,73,26,10,0.0003560820005077403
15974,94833,50,27,2,0.0003921390016330406
15975,99449,54,27,13,0.0004332450007495936
15976,79152,85,26,8,0.0003533099988999311
15977,22105,58,26,3,0.00025889199969242327
15978,83089,43,25,11,0.0002505770025891252
15979,82471,58,26,13,0.00027335199774825014
15980,44685,44,27,2,0.00021507099882001057
15981,123021,46,27,24,0.0004311400007281918
15982,78999,46,27,11,0.00040504999924451113
15983,79513,79,27,12,0.00037325599987525493
15984,123038,39,27,1,0.0004342079992056824
15985,64857,27,26,0,3.4564000088721514e-05
15986,31113,46,26,0,5.9214002249063924e-05
15987,9220,30,25,1,0.00022330100182443857
15988,52359,30,24,1,0.00020938300076522864
15989,91152,54,24,0,7.090500002959743e-05
15990,119270,33,23,1,0.000179817001480842
15991,6699,32,22,0,3.693200051202439e-05
15992,39808,62,22,0,8.520800111000426e-05
15993,21306,34,21,1,0.00013138199938111939
15994,73123,60,21,1,0.00015144599819905125
15995,102125,70,22,2,0.00014188699788064696
15996,36642,59,22,2,0.00019805099873337895
15997,60102,50,23,2,0.00037296500158845447
15998,92516,53,24,4,0.0004017769970232621
15999,12336,53,23,0,0.00021567599833360873
16000,23564,49,24,1,0.000259624001046177
16001,45083,67,24,0,0.00013768600183539093
16002,131565,59,26,7,0.0002503499999875203
16003,24637,91,26,7,0.00040426600025966763
16004,16043,27,27,1,0.0004797990004590247
16005,53056,32,26,0,7.793799886712804e-05
16006,93101,35,26,1,5.601500015472993e-05
16007,55066,28,25,1,0.00010100000145030208
16008,24751,85,27,4,0.000237584001297364
16009,4272,72,27,5,0.00035096500141662546
16010,114867,28,27,5,0.0003720940003404394
16011,29366,44,27,3,0.00022637099755229428
16012,128545,55,26,1,9.342699922854081e-05
16013,106050,51,25,2,0.0002954130031866953
16014,45683,44,24,0,4.348099901108071e-05
16015,89067,54,25,11,0.00025185699996654876
16016,128893,48,26,8,0.00034836099803214893
16017,101262,66,26,13,0.00038221800059545785
16018,119480,55,27,5,0.0002150999971490819
16019,129210,34,27,1,0.0004297070008760784
16020,101266,27,26,0,7.009500041021965e-05
16021,52207,31,25,0,3.6071996873943135e-05
16022,72423,27,24,0,2.9983999411342666e-05
16023,71553,27,23,0,3.0624996725237e-05
16024,63948,35,22,0,3.764099892578088e-05
16025,99178,27,21,0,3.387000106158666e-05
16026,6417,27,20,0,2.879800013033673e-05
16027,43005,31,19,0,2.7572998078539968e-05
16028,6541,27,18,0,2.167799902963452e-05
16029,129011,29,17,0,2.083400249830447e-05
16030,11040,27,16,0,1.881400021375157e-05
16031,12622,27,15,0,1.7469999875174835e-05
16032,33779,27,14,0,1.6214999050134793e-05
16033,27581,27,13,0,1.544900078442879e-05
16034,32325,30,13,0,2.5907000235747546e-05
16035,30418,39,13,0,3.9905997255118564e-05
16036,27400,35,13,0,3.7964997318340465e-05
16037,92297,62,19,4,0.00013683100041816942
16038,58364,75,19,3,9.721999958856031e-05
16039,114715,73,21,7,0.00024066100013442338
16040,1625,73,22,6,0.0001937160013767425
16041,122178,86,21,3,0.0002292259996465873
16042,35381,53,23,2,0.00015050799993332475
16043,126566,69,22,2,0.0002729679981712252
16044,95872,93,21,0,0.0001386660005664453
16045,98412,65,26,15,0.00035147100061294623
16046,103115,95,27,7,0.00038634899829048663
16047,56525,132,27,9,0.0003729050004039891
16048,119231,68,26,5,0.0001546970015624538
16049,37070,64,27,6,0.0002282310015289113
16050,78549,54,27,5,0.0002659269994182978
16051,9487,27,27,1,0.00042212100015603937
16052,109330,31,27,2,0.0004642569983843714
16053,114471,53,27,3,0.00048158900244743563
16054,46554,42,26,1,0.00016451700139441527
16055,99741,46,26,0,4.8639998567523435e-05
16056,128814,45,27,16,0.000555358001292916
16057,67891,27,27,1,0.0004373779993329663
16058,2889,47,27,17,0.00025600599838071503
16059,48471,29,27,1,0.00043495599675225094
16060,31076,44,27,9,0.0002435830028844066
16061,115700,43,26,7,0.000376646999939112
16062,43369,66,27,22,0.0003326799997012131
16063,73205,90,26,8,0.00036675299998023547
16064,62940,85,26,6,0.0003208349990018178
16065,9602,44,27,17,0.00030726299883099273
16066,6548,28,27,2,0.00045309000051929615
16067,38804,83,27,7,0.00030186599906301126
16068,107933,41,27,5,0.00030429899925366044
16069,48550,27,27,1,0.0004498609996517189
16070,10662,38,27,13,0.0004197689995635301
16071,63398,73,27,3,0.0002518420005799271
16072,128532,59,26,5,0.00024929799837991595
16073,51121,64,27,4,0.00023521800176240504
16074,83892,63,27,5,0.00020841600053245202
16075,103586,53,26,9,0.0003401479989406653
16076,70074,52,27,12,0.00024322799799847417
16077,69051,36,27,0,0.0001139170017268043
16078,100287,27,27,1,0.00045541399958892725
16079,74702,72,27,4,0.0003561890007404145
16080,43988,47,27,8,0.00031405099798575975
16081,12756,45,27,9,0.00027386700094211847
16082,76323,77,26,3,0.0001707640003587585
16083,53219,36,27,1,0.0001776350000000093
16084,115684,44,27,3,0.0008682879997650161
16085,78341,52,27,1,0.00019300799976917915
16086,20496,33,27,3,0.0005154819991730619
16087,27701,54,27,4,0.00038616699748672545
16088,50757,50,27,21,0.0003639050009951461
16089,116915,42,26,7,0.00031255599969881587
16090,10864,63,27,11,0.0004619919964170549
16091,118142,51,26,5,0.00025954900047509
16092,120947,64,27,6,0.00024552100148866884
16093,76098,57,26,13,0.0003020590011146851
16094,28821,35,27,1,0.0004167359984421637
16095,164,45,26,3,0.0003413220001675654
16096,121071,49,25,1,0.00012450699796318077
16097,12644,64,25,1,0.00012201899880892597
16098,53940,36,27,1,7.60830007493496e-05
16099,111828,46,27,19,0.0003722120018210262
16100,83694,39,27,7,0.00045221899927128106
16101,45818,44,27,10,0.00029183600054238923
16102,78627,49,27,7,0.0003756629994313698
16103,1334,34,27,3,0.00047849100155872293
16104,113481,87,27,10,0.0002592109995021019
16105,18876,34,27,1,0.00013798400323139504
16106,53784,70,27,11,0.00030840199906378984
16107,129622,69,27,2,0.00026536899895290844
16108,6387,42,27,4,0.00021490200015250593
16109,12795,65,27,8,0.00021677400218322873
16110,100352,95,28,9,0.0002984279999509454
16111,128598,76,27,15,0.00030355000126292
16112,93360,94,27,6,0.0002343500018469058
16113,73220,28,28,1,0.0004679039993789047
16114,13022,28,27,0,3.9473998185712844e-05
16115,108203,28,26,0,3.37209967256058e-05
16116,98545,28,25,0,3.0350998713402078e-05
16117,100606,36,25,0,0.00013158600268070586
16118,102376,35,24,0,3.880899748764932e-05
16119,17286,33,23,0,3.474799814284779e-05
16120,90151,39,22,0,4.174600326223299e-05
16121,114817,32,21,0,3.334900247864425e-05
16122,107601,34,20,0,3.0276001780293882e-05
16123,54225,36,19,0,3.359699985594489e-05
16124,74095,36,18,0,2.7112997486256063e-05
16125,17027,42,17,0,2.88439987343736e-05
16126,93603,34,16,0,2.3386000975733623e-05
16127,105595,33,15,0,2.0872001186944544e-05
16128,24504,34,14,0,2.0939998648827896e-05
16129,54090,38,13,0,2.2558000637218356e-05
16130,65461,35,12,0,1.9188002625014633e-05
16131,101579,34,11,0,1.831400004448369e-05
16132,86560,32,10,0,1.6616999346297234e-05
16133,55959,49,10,0,3.777999882004224e-05
16134,29798,50,17,0,0.00017499900059192441
16135,4044,50,16,0,3.534200004651211e-05
16136,4753,48,15,0,2.7344001864548773e-05
16137,41875,48,14,0,2.433400004520081e-05
16138,16957,69,16,3,0.00013340499936020933
16139,58040,58,18,1,9.56129988480825e-05
16140,88075,28,28,1,0.00043629300125758164
16141,32011,28,27,0,3.5516997741069645e-05
16142,36027,28,26,0,3.1931002013152465e-05
16143,123696,28,25,0,3.0524002795573324e-05
16144,58190,28,24,0,5.647799844155088e-05
16145,34952,29,23,0,3.5253997339168563e-05
16146,54972,28,22,0,6.0413000028347597e-05
16147,38820,36,21,0,4.131199966650456e-05
16148,69078,28,20,0,3.3649001125013456e-05
16149,72154,28,19,0,2.4412998754996806e-05
16150,111685,31,18,0,2.5985998945543543e-05
16151,93031,28,17,0,1.9573002646211535e-05
16152,66430,31,16,0,1.9448998500593007e-05
16153,45888,31,15,0,2.1968000510241836e-05
16154,62695,35,17,1,6.036999911884777e-05
16155,118396,54,19,1,0.0002009189993259497
16156,88042,60,18,0,0.00014257300063036382
16157,98933,43,17,2,0.00017001300147967413
16158,93824,41,17,5,0.00019349200010765344
16159,122722,42,16,2,0.00011459900269983336
16160,57096,53,16,0,4.78469992231112e-05
16161,112989,60,16,1,0.0001024310004140716
16162,79267,70,26,6,0.00018668899792828597
16163,88720,56,25,7,0.00042421399848535657
16164,43449,48,27,5,0.00027541300005395897
16165,30222,77,28,24,0.00047579300007782876
16166,120747,65,27,9,0.0003614189990912564
16167,86546,43,28,13,0.00034017200232483447
16168,15941,49,27,2,0.0002882489970943425
16169,97916,41,27,1,0.0002282030000060331
16170,61462,28,28,1,0.0004671889983001165
16171,115335,34,27,0,4.3818999984068796e-05
16172,38322,28,26,0,4.8977002734318376e-05
16173,54015,28,25,0,3.082599869230762e-05
16174,130166,28,24,0,5.3936000767862424e-05
16175,89121,28,23,0,3.368099714862183e-05
16176,87657,28,22,0,2.9376002203207463e-05
16177,58667,28,21,0,2.926800152636133e-05
16178,812,28,20,0,2.8114001906942576e-05
16179,109369,45,20,1,0.00012053400132572278
16180,85969,32,20,2,0.0001422889981768094
16181,83860,31,19,0,2.640000093379058e-05
16182,57410,39,22,1,0.00015490100122406147
16183,2924,48,23,4,0.00043372799700591713
16184,116685,40,23,2,0.00040541099951951765
16185,30700,40,22,0,4.5934000809211284e-05
16186,83421,51,24,1,0.00013461100024869666
16187,109415,64,27,2,0.0003100100002484396
16188,26647,61,28,3,0.00016457799938507378
16189,99370,44,28,8,0.00035059400033787824
16190,2984,84,27,2,0.0002008680021390319
16191,8332,56,27,13,0.0004911010000796523
16192,77999,55,27,3,0.00022623699987889268
16193,85755,52,26,6,0.0002836880012182519
16194,28415,44,27,2,0.00044903399975737557
16195,87316,33,27,2,0.00014500500037684105
16196,30775,53,26,3,0.0003982479975093156
16197,116780,45,28,3,0.00044773500121664256
16198,73784,43,28,1,0.0005052800006524194
16199,124693,28,27,0,3.872199886245653e-05
16200,25983,40,26,0,4.8156998673221096e-05
16201,72495,28,25,0,3.469900184427388e-05
16202,25247,28,24,0,3.467699934844859e-05
16203,94947,28,23,0,3.4115000744350255e-05
16204,98725,28,22,0,3.2451000151922926e-05
16205,66733,40,21,0,3.9610997191630304e-05
16206,131575,28,20,0,3.1038998713484034e-05
16207,67776,28,19,0,2.6446999981999397e-05
16208,55715,28,18,0,2.3325002985075116e-05
16209,67747,28,17,0,2.1154002752155066e-05
16210,96744,28,16,0,2.063599822577089e-05
16211,84457,28,15,0,2.032599877566099e-05
16212,92918,36,15,1,3.85390012525022e-05
16213,108283,34,14,1,0.00010992199895554222
16214,111788,32,13,1,8.032099867705256e-05
16215,23829,51,13,0,6.683099854853936e-05
16216,89611,43,12,2,4.518300193012692e-05
16217,65276,42,12,1,4.929699935019016e-05
16218,27142,51,16,5,0.0001794300005713012
16219,41157,74,25,8,0.0003522830011206679
16220,43227,105,26,10,0.00037999300184310414
16221,98621,91,27,4,0.00042031900011352263
16222,41935,45,27,5,0.0002669280002010055
16223,98571,103,26,2,0.00036363400067784823
16224,19546,66,27,12,0.0002507249992049765
16225,68213,66,27,10,0.00021398399985628203
16226,128657,52,26,10,0.00019723399964277633
16227,67240,45,27,12,0.00034370899811619893
16228,108722,41,27,10,0.0003305909995106049
16229,4851,69,27,6,0.00023994099683477543
16230,30588,64,27,6,0.00026790399715537205
16231,48071,91,27,4,0.0005256000004010275
16232,40126,69,27,4,0.00024041500000748783
16233,45773,61,27,4,0.0002595250007288996
16234,64967,64,27,5,0.0003273620022810064
16235,74305,29,28,1,0.0006998850003583357
16236,32840,73,28,13,0.00039410499812220223
16237,44934,74,27,17,0.00037154399979044683
16238,50096,98,27,7,0.0003488080001261551
16239,36361,56,27,9,0.00021430999913718551
16240,63570,49,27,16,0.000442536998889409
16241,17541,72,27,4,0.0004728419989987742
16242,130165,30,28,1,0.0004941139995935373
16243,60390,28,27,0,3.547700180206448e-05
16244,72233,30,27,0,0.00010667099923011847
16245,36476,28,28,1,0.0004467090002435725
16246,112983,28,27,0,3.445599941187538e-05
16247,19880,28,26,0,3.173100049025379e-05
16248,131496,32,27,2,0.00044652499855146743
16249,119977,31,26,0,3.8368001696653664e-05
16250,9863,78,28,21,0.0005120349997014273
16251,16523,56,28,16,0.00029138899844838306
16252,60056,38,28,4,0.00017947100059245713
16253,110931,32,27,0,0.00044063699897378683
16254,15351,36,27,1,0.0004406279986142181
16255,18600,30,28,2,0.0005792779993498698
16256,40649,38,28,8,0.0005244289968686644
16257,83151,46,28,4,0.0006361419982567895
16258,10184,42,27,9,0.0005447149997053202
16259,63868,47,27,2,0.00035891799780074507
16260,4713,47,27,0,8.343499939655885e-05
16261,86738,53,28,6,0.0004502539995883126
16262,59097,39,28,5,0.0006607270006497856
16263,74172,57,27,6,0.00039665599979343824
16264,112347,29,28,2,0.0006340260006254539
16265,101094,70,28,5,0.000300457002595067
16266,61686,68,28,3,0.0003215379983885214
16267,72439,28,28,1,0.0005644630000460893
16268,94979,43,28,12,0.000413780002418207
16269,58341,82,27,12,0.00035857300099451095
16270,66336,53,28,12,0.0003047899990633596
16271,72046,78,27,7,0.0005942749994574115
16272,126246,46,28,1,0.00039832600305089727
16273,95531,61,28,6,0.0003564910002751276
16274,26413,61,28,8,0.00034354699891991913
16275,116017,38,28,1,0.0002150309992430266
16276,102718,62,28,5,0.0002756410030997358
16277,27471,28,28,1,0.0004667270004574675
16278,9039,66,28,27,0.0004510219987423625
16279,128875,50,27,4,0.00027058200066676363
16280,120149,60,28,14,0.00028312200083746575
16281,107365,31,28,5,0.00059124000108568
16282,106865,42,28,9,0.00022625299970968626
16283,96118,65,28,9,0.00023091699767974205
16284,89487,32,28,3,0.00029278700094437227
16285,117135,60,28,12,0.00032912700044107623
16286,48561,44,27,22,0.0003111909973085858
16287,27550,47,28,1,0.00043356600144761615
16288,94624,50,28,8,0.00028854599804617465
16289,130476,44,28,12,0.0001729830000840593
16290,10154,69,28,4,0.0003476450001471676
16291,105392,61,28,2,0.00021395400108303875
16292,87656,53,27,11,0.00030213300124160014
16293,17436,66,27,11,0.0004043549997732043
16294,91130,48,27,3,0.00018811699919751845
16295,16329,34,28,23,0.00038850499913678505
16296,16842,69,28,18,0.0004207720012345817
16297,107002,66,27,9,0.00022738900224794634
16298,41451,40,28,13,0.00032212099904427305
16299,61651,57,27,3,0.00020571200002450496
16300,70665,67,28,5,0.00034069800312863663
16301,28682,71,28,16,0.00048603899995214306
16302,32298,69,28,11,0.00047604000064893626
16303,121928,50,28,42,0.00045793400204274803
16304,41058,57,28,9,0.0003930650018446613
16305,8859,81,28,2,0.0004062949992658105
16306,109770,37,28,21,0.00028375399779179133
16307,106292,42,27,18,0.00021657600154867396
16308,34524,48,28,8,0.0002621200001158286
16309,89848,47,28,21,0.0005193020006117877
16310,20322,44,28,8,0.00037088799945195206
16311,50537,93,28,11,0.0003774580000026617
16312,107581,80,28,12,0.00036915999953635037
16313,598,54,28,5,0.00028899799872306176
16314,66682,52,28,23,0.000576252001337707
16315,110210,128,28,13,0.0003667920027510263
16316,6331,61,27,10,0.00041588000021874905
16317,130756,62,28,3,0.00020772599964402616
16318,123642,48,28,11,0.0003507069995976053
16319,36290,51,28,4,0.00021792899860884063
16320,52398,44,27,5,0.0002601829983177595
16321,1482,49,28,11,0.0002403920007054694
16322,27613,84,28,3,0.00047026700121932663
16323,4815,53,28,6,0.0002875200007110834
16324,12600,81,28,11,0.00020275800125091337
16325,3468,68,28,4,0.00026882200108957477
16326,86233,68,28,1,0.00027994900301564485
16327,37230,76,28,8,0.00029587000244646333
16328,25036,74,28,13,0.00031681899781688116
16329,41567,60,28,6,0.00027221500204177573
16330,33883,74,28,19,0.0004280459979781881
16331,129025,29,29,1,0.000492832998133963
16332,65629,29,28,0,3.542400008882396e-05
16333,98230,29,27,0,3.273900074418634e-05
16334,4908,29,26,0,3.1282997952075675e-05
16335,98541,29,25,0,2.9306000215001404e-05
16336,24933,29,24,0,2.8039001335855573e-05
16337,47111,29,23,0,2.9670998628716916e-05
16338,66310,29,22,0,2.8948001272510737e-05
16339,18958,29,21,0,2.863899862859398e-05
16340,100188,29,20,0,2.6637000701157376e-05
16341,20418,29,19,0,2.4169999960577115e-05
16342,49540,29,18,0,2.6249999791616574e-05
16343,64838,29,17,0,1.964900002349168e-05
16344,8840,50,16,0,4.011999772046693e-05
16345,30667,29,15,0,1.8582999473437667e-05
16346,15760,29,14,0,1.7135000234702602e-05
16347,59807,29,13,0,1.604300268809311e-05
16348,1950,29,12,0,1.4857996575301513e-05
16349,131857,29,11,0,1.575699934619479e-05
16350,82616,29,10,0,1.5231998986564577e-05
16351,50105,35,9,0,2.0365998352644965e-05
16352,60472,29,8,0,1.3898999895900488e-05
16353,26149,29,7,0,1.3805001799482852e-05
16354,7829,51,6,0,2.0635001419577748e-05
16355,34732,33,5,0,1.610700201126747e-05
16356,47276,29,4,0,1.0470997949596494e-05
16357,124875,29,3,0,9.012997907120734e-06
16358,18451,29,2,0,7.902999641373754e-06
16359,7896,47,2,0,2.593800309114158e-05
16360,34011,51,1,0,2.0649000362027436e-05
16361,73755,29,29,1,0.000515784999151947
16362,92818,29,28,0,4.337099744589068e-05
16363,87486,29,27,0,3.417900006752461e-05
16364,55605,29,26,0,3.2170999475056306e-05
16365,13080,29,25,0,3.2923002436291426e-05
16366,21545,39,24,0,4.3662999814841896e-05
16367,40600,29,23,0,3.126099909422919e-05
16368,11590,29,22,0,3.0888000765116885e-05
16369,87129,29,21,0,2.9648999770870432e-05
16370,16542,29,20,0,3.092800034210086e-05
16371,76035,29,19,0,2.5970999558921903e-05
16372,130330,29,18,0,2.2677999368170276e-05
16373,76510,29,17,0,1.9965998944826424e-05
16374,87594,29,16,0,1.9262002751929685e-05
16375,48363,29,15,0,4.2085001041414216e-05
16376,44702,29,14,0,1.9713999790837988e-05
16377,114116,29,13,0,1.7764999938663095e-05
16378,80120,29,12,0,1.669699850026518e-05
16379,60580,29,11,0,1.6085999959614128e-05
16380,62199,29,10,0,1.5801000699866563e-05
16381,121898,29,9,0,1.4821001968812197e-05
16382,128086,34,10,0,3.158999970764853e-05
16383,66724,54,9,0,5.245400097919628e-05
16384,126298,35,8,0,3.0332001188071445e-05
16385,131292,49,9,0,4.99400011904072e-05
16386,84477,42,8,1,4.5072003558743745e-05
16387,30463,49,8,0,7.053399895085022e-05
16388,48569,48,11,1,6.216699694050476e-05
16389,76026,74,23,3,0.00022144099784782156
16390,25628,29,29,1,0.0005316560018400196
16391,21560,50,29,1,0.0004963610008417163
16392,62842,30,28,1,3.853399903164245e-05
16393,102282,36,27,0,3.908500002580695e-05
16394,121940,29,29,1,0.0005082829993625637
16395,101975,29,28,0,3.867099803755991e-05
16396,98962,29,27,0,3.535900032147765e-05
16397,121654,29,26,0,3.291500252089463e-05
16398,31471,29,25,0,3.099899913650006e-05
16399,109697,29,24,0,3.205499888281338e-05
16400,50244,52,27,4,0.00012744400009978563
16401,42886,52,27,2,0.00038533200131496415
16402,60075,85,27,0,0.00016185399726964533
16403,84660,52,27,3,0.0003835040006379131
16404,128312,52,26,3,0.00017277900042245165
16405,4148,41,26,0,0.00020134800070081837
16406,111082,58,27,6,0.00021127699801581912
16407,25203,71,27,7,0.0002424830017844215
16408,69318,48,27,4,0.00018879799972637556
16409,61571,67,28,12,0.0003143330031889491
16410,30625,64,28,7,0.0003969309982494451
16411,16035,41,28,7,0.0002844619993993547
16412,106611,82,29,6,0.00020289600070100278
16413,97815,75,28,6,0.000321660001645796
16414,121037,51,28,18,0.0006644380009674933
16415,12147,119,28,1,0.00032977199953165837
16416,24075,115,27,5,0.00031259800016414374
16417,107056,48,28,5,0.0005134909988555592
16418,37693,86,28,10,0.00038136500006658025
16419,58484,86,29,0,0.00021205500161158852
16420,59517,53,29,3,0.00043364299926906824
16421,75911,39,29,1,0.0005168610005057417
16422,125082,84,29,5,0.00034078400130965747
16423,4498,50,28,2,0.0002949209992948454
16424,114464,78,28,6,0.0003254690018366091
16425,9386,75,29,7,0.0002941309976449702
16426,48423,95,28,10,0.0002676229996723123
16427,8398,29,29,1,0.0005786060028185602
16428,25850,37,29,1,0.0005063839998911135
16429,14646,106,29,12,0.0004393070012156386
16430,126357,29,29,1,0.0005325379970599897
16431,31126,46,29,21,0.0004618169987224974
16432,82340,80,29,11,0.0003637120025814511
16433,129458,65,29,9,0.0003154360019834712
16434,37303,39,29,13,0.0006466630002250895
16435,82406,44,29,11,0.0006799959992349613
16436,112125,50,28,9,0.0002768439990177285
16437,68921,69,28,6,0.00022431300021708012
16438,74237,29,29,1,0.0005023569974582642
16439,542,32,29,1,0.0005088869984319899
16440,47674,52,29,8,0.00025294900115113705
16441,28224,46,29,62,0.0007727120027993806
16442,127564,147,29,7,0.0005056980007793754
16443,115666,104,28,10,0.000337949997629039
16444,12265,54,28,12,0.0004124389997741673
16445,30693,84,28,9,0.00045459299872163683
16446,76378,76,29,9,0.00030728399724466726
16447,40552,54,29,14,0.0004453469991858583
16448,101994,81,29,3,0.00044314399929135107
16449,122488,34,29,2,0.0005549070010602009
16450,645,31,29,0,8.982399958767928e-05
16451,92810,88,29,7,0.00042632899931049906
16452,32398,52,29,25,0.0005212050018599257
16453,95927,48,29,0,0.0005388360004872084
16454,129543,34,28,0,4.5775999751640484e-05
16455,9486,31,27,0,6.278000000747852e-05
16456,5444,32,26,0,3.7635996704921126e-05
16457,80041,38,25,0,5.719700129702687e-05
16458,114719,32,24,0,3.7554000300588086e-05
16459,114430,32,23,0,3.400599962333217e-05
16460,61326,36,23,1,8.320399865624495e-05
16461,72872,38,22,1,0.00011552400246728212
16462,59827,39,21,0,4.5177002903074026e-05
16463,48634,50,20,3,0.00010662999920896254
16464,55876,42,20,0,4.747200000565499e-05
16465,28384,43,20,1,8.625099872006103e-05
16466,49508,51,19,1,9.376600064570084e-05
16467,5883,42,18,2,0.00015491299927816726
16468,10899,56,18,3,9.461899753659964e-05
16469,12909,42,17,1,7.650499901501462e-05
16470,63005,70,16,1,7.775199992465787e-05
16471,88311,63,17,2,0.00011379999705241062
16472,96848,54,17,0,0.00010859399844775908
16473,29684,77,18,7,0.0002103670012729708
16474,113555,81,17,5,0.00018854299923987128
16475,126340,68,16,0,7.052300134091638e-05
16476,102950,77,16,1,0.00011075700240326114
16477,31389,82,19,5,0.00020763199790962972
16478,70413,111,27,3,0.00026926899954560213
16479,114576,56,28,8,0.0002380699988862034
16480,71218,103,28,5,0.00041310199958388694
16481,82069,85,28,12,0.00030978400172898546
16482,128697,75,29,12,0.00041117900036624633
16483,120507,50,29,25,0.0003829179986496456
16484,32457,54,29,7,0.00037634599721059203
16485,95952,67,29,9,0.0004045770001539495
16486,16092,29,29,1,0.0005445889983093366
16487,16093,29,29,1,0.00045841099927201867
16488,128775,76,29,11,0.0003584949990909081
16489,15973,99,28,7,0.0002848450021701865
16490,116514,61,29,5,0.000560278000193648
16491,131451,76,28,6,0.0003512920011417009
16492,54055,71,29,4,0.0003035219997400418
16493,811,57,29,14,0.00045977199988556094
16494,91969,60,29,53,0.0008547329998691566
16495,120646,61,29,14,0.0004318549981690012
16496,98586,56,28,20,0.000597874000959564
16497,109432,51,28,5,0.00022924799850443378
16498,119145,55,27,12,0.00033410600008210167
16499,17233,72,29,10,0.0004604919995472301
16500,66522,32,29,1,0.0005258959972707089
16501,126948,46,29,6,0.0006493069995485712
16502,3067,61,29,13,0.0002777679983410053
16503,21530,55,29,2,0.0005513529977179132
16504,59432,57,29,25,0.00039006699807941914
16505,88348,43,28,3,0.0005328049992385786
16506,43051,63,29,2,0.00015317799989134073
16507,80429,44,28,1,7.080000068526715e-05
16508,97387,68,29,10,0.00033034700027201325
16509,130230,60,29,13,0.0003024889992957469
16510,29062,69,29,15,0.0003270579982199706
16511,45637,38,29,6,0.0006013910024194047
16512,46716,68,29,5,0.0004399940007715486
16513,46741,31,29,1,0.0005704409995814785
16514,51897,57,29,6,0.00021374400239437819
16515,81700,61,29,11,0.0003968499986513052
16516,79811,54,29,16,0.0006733270020049531
16517,50163,61,29,8,0.00033890499980770983
16518,101024,47,29,16,0.0006236849985725712
16519,62130,42,29,37,0.00073258500196971
16520,8978,65,29,9,0.00027902500005438924
16521,100181,61,28,3,0.00031452899929718114
16522,8053,99,29,3,0.0003058299989788793
16523,26168,73,28,15,0.0005622979988402221
16524,73053,57,28,24,0.0006691810012853239
16525,67580,111,29,9,0.0007062509976094589
16526,99431,120,29,4,0.00037921500188531354
16527,77208,71,29,7,0.0002579160027380567
16528,49648,53,29,1,0.0005863309997948818
16529,14273,66,29,11,0.00035139200190315023
16530,26590,161,29,8,0.00044782999975723214
16531,67336,74,29,16,0.000340042999596335
16532,53034,90,29,11,0.00031284299984690733
16533,108850,67,29,5,0.00022708799951942638
16534,50148,55,29,11,0.0002692079979169648
16535,127016,78,29,11,0.0004149009982938878
16536,88074,70,30,8,0.0004673240000556689
16537,87563,69,30,3,0.0005911150001338683
16538,32595,74,29,7,0.0002217539986304473
16539,54289,30,30,1,0.0005389959987951443
16540,26477,32,29,0,4.6162000217009336e-05
16541,130759,30,28,0,3.530599860823713e-05
16542,16363,32,27,0,3.532499977154657e-05
16543,46798,30,26,0,3.2451000151922926e-05
16544,86596,30,25,0,3.1529001716990024e-05
16545,112419,30,24,0,3.136200029985048e-05
16546,14106,30,23,0,3.1146999390330166e-05
16547,114605,30,22,0,3.0053000955376774e-05
16548,29295,30,21,0,2.86210015474353e-05
16549,84185,34,20,0,3.366599776200019e-05
16550,92133,30,19,0,2.4794997443677858e-05
16551,109686,30,18,0,2.1943000319879502e-05
16552,42585,30,17,0,1.949199941009283e-05
16553,38887,33,16,0,4.626800000551157e-05
16554,21458,30,15,0,2.078999750665389e-05
16555,56173,52,14,0,3.541500336723402e-05
16556,112158,30,13,0,1.7439000657759607e-05
16557,6713,30,12,0,1.6589998267591e-05
16558,16270,34,11,0,1.8850998458219692e-05
16559,5899,30,10,0,1.546800194773823e-05
16560,64592,30,9,0,5.129199780640192e-05
16561,92015,30,8,0,1.4949997421354055e-05
16562,106415,30,7,0,1.381599940941669e-05
16563,61395,30,6,0,1.3459000911097974e-05
16564,131266,35,6,0,2.2488999093184248e-05
16565,110248,49,5,0,3.517799996188842e-05
16566,824,33,4,1,2.6091998734045774e-05
16567,101917,45,4,0,4.137099676881917e-05
16568,103171,33,3,0,1.9238999811932445e-05
16569,27160,43,30,2,0.00035443999877315946
16570,76946,51,29,0,7.059400013531558e-05
16571,106964,64,29,1,0.0002752370019152295
16572,112343,63,29,13,0.0003591550012060907
16573,79028,66,28,0,0.00011597400225582533
16574,21396,60,28,8,0.00045428700104821473
16575,66367,82,29,3,0.0002769470011116937
16576,109084,53,30,24,0.0007089799983077683
16577,108062,55,30,11,0.0003727809998963494
16578,70686,65,30,4,0.0005105339987494517
16579,71854,66,29,14,0.00025412999821128324
16580,78060,41,29,1,0.00010494500020286068
16581,120091,59,28,3,0.0003652340019471012
16582,18007,80,29,13,0.00032932400063145906
16583,95048,33,29,5,0.00040170899956137873
16584,59489,57,28,3,0.00017757299792720005
16585,87088,32,28,3,0.0005074159998912364
16586,107597,33,27,0,4.2241001210641116e-05
16587,107397,46,28,1,0.00012858999980380759
16588,128297,105,29,14,0.00043407500197645277
16589,95269,30,30,2,0.0005511659983312711
16590,76327,32,30,37,0.0008010839992493857
16591,36409,58,30,40,0.0005973970000923146
16592,96334,30,30,2,0.0005491240008268505
16593,102035,84,30,23,0.000517686999955913
16594,114865,51,30,9,0.0006298740008787718
16595,132286,30,30,1,0.0005880899989278987
16596,55500,43,30,5,0.0006053090000932571
16597,36044,88,30,9,0.0005223060034040827
16598,24354,87,29,5,0.00032566899972152896
16599,52947,55,30,4,0.00033768400317057967
16600,102795,56,29,6,0.0002947169996332377
16601,41199,32,30,5,0.0006431339970731642
16602,92914,96,30,10,0.0003903799988620449
16603,127219,62,30,6,0.00040166699909605086
16604,45823,47,30,5,0.00028613099857466295
16605,46400,93,29,41,0.0008128310000756755
16606,106387,70,29,22,0.0005830869995406829
16607,83720,81,30,14,0.00034966999737662263
16608,125302,70,29,12,0.0003573200010578148
16609,72984,30,30,1,0.0005160469991096761
16610,67357,41,30,8,0.00032290099989040755
16611,39720,36,30,1,0.0005301799974404275
16612,73275,36,29,0,4.516300032264553e-05
16613,68255,38,29,1,0.000489701000333298
16614,91552,38,28,0,5.340999996406026e-05
16615,119786,69,29,0,0.0002213260013377294
16616,25915,35,30,1,0.0005346190009731799
16617,56125,30,30,1,0.0005717240019293968
16618,71007,66,30,10,0.0003134440012217965
16619,13569,64,29,23,0.0005251350012258627
16620,49586,61,29,10,0.0003472140015219338
16621,80525,75,28,16,0.0005581339974014554
16622,30664,71,29,4,0.00035159300023224205
16623,85397,83,28,16,0.0006126480002421886
16624,13975,81,28,13,0.0005296060007822234
16625,41610,69,28,22,0.00035440500141703524
16626,71602,80,27,2,0.0003809100016951561
16627,101520,62,28,16,0.0003961629990953952
16628,11257,118,28,8,0.0003994609978690278
16629,56589,61,28,6,0.00017810600184020586
16630,92327,60,28,7,0.0002673229973879643
16631,57366,50,29,0,0.00016216400035773404
16632,108604,64,29,11,0.00022902000273461454
16633,114426,57,28,25,0.0003474490004009567
16634,108958,47,29,13,0.0006875860017316882
16635,82286,68,30,1,0.00026861299920710735
16636,120050,52,29,7,0.00038341500112437643
16637,55198,35,30,5,0.0005854689989064354
16638,57250,105,30,7,0.0005274069990264252
16639,98506,84,29,5,0.0004263579976395704
16640,128433,61,30,5,0.0004137600008107256
16641,77757,33,30,2,0.0004910190000373404
16642,13759,30,30,1,0.0006317469997156877
16643,123413,40,30,0,0.00015368700042017736
16644,130659,53,30,14,0.000570541997149121
16645,35441,43,30,5,0.0002754360029939562
16646,13962,43,30,1,0.0005079740003566258
16647,2803,48,30,30,0.0006045770023774821
16648,98067,44,30,7,0.0005982760012557264
16649,21281,39,29,4,0.0004968990033376031
16650,131993,34,29,6,0.0006763969977328088
16651,16896,34,31,3,0.00022889699903316796
16652,124934,31,31,1,0.0006182090000947937
16653,12621,31,30,0,4.1839000914478675e-05
16654,115711,31,29,0,4.212600106257014e-05
16655,40325,31,28,0,3.6440000258153304e-05
16656,36572,31,27,0,3.3992000680882484e-05
16657,63969,31,26,0,3.2514999475097284e-05
16658,125317,31,25,0,3.417700281715952e-05
16659,9266,33,24,0,3.4914999559987336e-05
16660,25627,31,23,0,3.357199966558255e-05
16661,61807,31,22,0,3.162199936923571e-05
16662,115221,31,21,0,3.1771000067237765e-05
16663,66311,31,20,0,3.072800245718099e-05
16664,121960,31,19,0,2.5836001441348344e-05
16665,108156,31,18,0,2.400900120846927e-05
16666,49307,48,17,0,5.909700121264905e-05
16667,115337,31,16,0,2.2766998881706968e-05
16668,61585,31,15,0,2.0316001609899104e-05
16669,112499,31,14,0,1.8774000636767596e-05
16670,95774,31,13,0,1.8623002688400447e-05
16671,115710,31,12,0,1.8480001017451286e-05
16672,45200,31,11,0,1.7352002032566816e-05
16673,73759,31,10,0,1.6619000234641135e-05
16674,87296,31,9,0,1.6278001567116007e-05
16675,10640,31,8,0,1.5685000107623637e-05
16676,107035,31,7,0,1.4766999811399728e-05
16677,107036,31,6,0,1.557400173624046e-05
16678,54796,31,5,0,5.116499960422516e-05
16679,89119,42,4,0,2.0423001842573285e-05
16680,118143,31,3,0,1.005000012810342e-05
16681,6837,43,4,1,3.287499930593185e-05
16682,107028,31,31,1,0.0006454829999711365
16683,92150,31,30,0,4.3964999349555e-05
16684,125232,31,29,0,3.782000203500502e-05
16685,64176,39,28,0,5.128900011186488e-05
16686,58935,31,27,0,3.5954999475507066e-05
16687,101189,39,26,0,4.6179000491974875e-05
16688,73617,42,26,1,6.231599763850681e-05
16689,110608,45,25,1,7.229100083350204e-05
16690,129887,42,25,0,5.73069992242381e-05
16691,72201,40,24,1,5.591999797616154e-05
16692,61195,40,23,0,5.9419999161036685e-05
16693,24465,59,23,1,8.988899935502559e-05
16694,89812,52,22,0,6.828500045230612e-05
16695,129140,53,21,1,8.768399857217446e-05
16696,74059,41,21,2,9.00899976841174e-05
16697,127591,57,20,1,0.0001227489992743358
16698,119748,49,21,7,0.00031972999931895174
16699,15181,85,24,3,0.0002075219999824185
16700,66553,76,28,8,0.0003444049980316777
16701,82130,80,30,7,0.000529629996890435
16702,128358,80,30,4,0.0004262869988451712
16703,75117,66,30,9,0.0003309460007585585
16704,128463,82,30,27,0.00061896099941805
16705,45732,109,30,10,0.0003920660019502975
16706,127193,72,30,11,0.0003679829969769344
16707,75607,103,30,12,0.00041537799916113727
16708,40208,85,30,4,0.00021478299822774716
16709,126451,106,30,6,0.0004153420013608411
16710,132206,60,30,5,0.000510598998516798
16711,34945,71,30,14,0.00048430600145366043
16712,129726,77,30,9,0.00029234500107122585
16713,119031,75,30,10,0.0003618950031523127
16714,80218,41,30,6,0.0005582980011240579
16715,28623,85,30,3,0.00032147700039786287
16716,55292,74,29,0,0.00020937500084983185
16717,121461,52,30,6,0.00025379199723829515
16718,22462,67,30,24,0.0007783699984429404
16719,100884,54,31,13,0.0006204099991009571
16720,48686,97,31,7,0.0006195229980221484
16721,88633,91,31,13,0.0006158830001368187
16722,84879,89,30,8,0.0002952310023829341
16723,107194,90,30,20,0.0006910730007803068
16724,119867,37,31,11,0.0007067259975883644
16725,24128,57,31,11,0.00020710399985546246
16726,21991,85,30,24,0.00045052100176690146
16727,30828,93,30,14,0.00043912600085604936
16728,80727,72,30,8,0.0003715820021170657
16729,57421,32,31,1,0.0006143039972812403
16730,75159,32,30,0,6.433299859054387e-05
16731,80021,32,29,0,3.985099829151295e-05
16732,88684,33,28,0,3.8158999814186245e-05
16733,119702,35,28,1,0.000439223997091176
16734,58712,35,27,0,4.246999742463231e-05
16735,83302,34,26,0,6.376699820975773e-05
16736,57186,35,25,0,3.960600224672817e-05
16737,57629,35,24,0,4.006099698017351e-05
16738,116901,37,24,0,0.00016355400293832645
16739,109385,37,23,0,0.00011834900215035304
16740,4173,62,31,25,0.00039701700006844476
16741,52817,81,31,3,0.0004760209994856268
16742,117734,98,30,8,0.0005307650026225019
16743,1801,57,30,14,0.00041377700108569115
16744,52321,31,31,1,0.0005765740024799015
16745,14716,31,30,0,7.355699926847592e-05
16746,39174,31,29,0,3.96270006604027e-05
16747,99455,31,28,0,3.510799797368236e-05
16748,124634,31,27,0,3.333100175950676e-05
16749,97974,55,26,0,5.9420999605208635e-05
16750,30194,31,25,0,3.358899994054809e-05
16751,102331,31,24,0,3.35040022036992e-05
16752,54021,31,23,0,3.3514003007439896e-05
16753,111497,31,22,0,3.235300027881749e-05
16754,83665,32,22,1,3.6147001083008945e-05
16755,49650,43,27,1,0.0005857030009792652
16756,8592,43,26,0,6.470399966929108e-05
16757,32406,43,25,0,5.8014000387629494e-05
16758,84657,44,24,0,9.39170022320468e-05
16759,23738,43,23,0,5.640699964715168e-05
16760,127085,39,31,2,0.0005281699995975941
16761,120454,43,31,2,0.00024136399952112697
16762,55233,75,30,26,0.00044992100083618425
16763,94138,81,30,3,0.0006158280011732131
16764,77580,66,30,8,0.00040666700078872964
16765,33428,54,31,8,0.0004637519996322226
16766,72380,43,31,7,0.0005331499996827915
16767,117953,111,31,10,0.0005793029995402321
16768,50385,80,31,10,0.0004388760025904048
16769,22780,68,30,6,0.00037290399995981716
16770,86744,36,31,1,0.0005966980024822988
16771,97209,31,30,0,4.1371000406797975e-05
16772,32791,36,30,1,0.00037600599898723885
16773,1356,36,29,0,4.84589982079342e-05
16774,18330,38,29,0,6.0908998420927674e-05
16775,102116,107,31,32,0.0006345719993987586
16776,28787,53,30,14,0.0003446429982432164
16777,62496,52,30,4,0.0005462120025185868
16778,27375,75,31,8,0.00039992000165511854
16779,102653,52,31,5,0.0003560129989637062
16780,27710,43,30,2,0.0007013270005700178
16781,45132,44,29,0,6.430199937312864e-05
16782,89603,46,28,0,5.798599886475131e-05
16783,59998,55,30,1,0.0006241020018933341
16784,42429,50,29,0,6.683100218651816e-05
16785,42919,57,28,0,6.921800013515167e-05
16786,29114,63,28,10,0.00023782400239724666
16787,92043,63,28,0,8.872800026438199e-05
16788,17861,63,28,5,0.00030410699764615856
16789,72959,61,31,0,0.00020341200070106424
16790,30502,73,31,9,0.0004686499996751081
16791,77098,61,31,50,0.0007105549993866589
16792,76078,31,31,1,0.0006992179987719283
16793,13109,46,31,28,0.0006314620004559401
16794,46914,59,31,1,0.0004427819985721726
16795,47432,43,31,8,0.000552196001081029
16796,9048,49,31,5,0.0004011879973404575
16797,117085,63,31,3,0.000423159002821194
16798,65889,79,31,3,0.00039210500108310953
16799,10639,118,30,8,0.0003029180006706156
16800,110955,91,31,3,0.0005141040019225329
16801,62346,74,31,6,0.00030493300073430873
16802,30126,91,31,8,0.0003817590004473459
16803,71118,91,30,6,0.00032580400147708133
16804,87485,66,31,9,0.00037195999902905896
16805,81881,41,31,17,0.0004284550013835542
16806,51406,50,30,7,0.0003084640011365991
16807,87520,31,31,1,0.0006542740011354908
16808,4065,74,31,8,0.0005277739983284846
16809,31445,87,30,6,0.0004531419981503859
16810,73340,78,29,7,0.0006448189997172449
16811,45384,67,29,6,0.0005260700017970521
16812,96726,127,29,2,0.00042990499787265435
16813,21627,100,29,8,0.0004529149991867598
16814,66502,103,30,8,0.0004876710008829832
16815,2588,93,31,11,0.0004487229998630937
16816,130643,51,31,42,0.0004914090022793971
16817,130184,65,31,5,0.0006576469968422316
16818,30972,95,31,5,0.0006041039996489417
16819,108818,95,31,12,0.00040736400114838034
16820,104241,92,31,6,0.0003716370010806713
16821,73543,86,31,4,0.00028978199770790525
16822,85323,62,30,10,0.0004696429969044402
16823,5019,71,31,3,0.00028822999956901185
16824,492,60,31,14,0.0004462530014279764
16825,26141,105,31,19,0.0006070700001146179
16826,100439,83,30,2,0.0004511619990807958
16827,5710,72,31,12,0.00041950900049414486
16828,1399,71,30,6,0.00034073500137310475
16829,24798,62,31,21,0.0004709329987235833
16830,112868,57,31,13,0.0003492440009722486
16831,53054,81,31,4,0.0004410399997141212
16832,75171,76,31,1,0.0004224779986543581
16833,117255,122,31,3,0.0004247479992045555
16834,31928,67,31,19,0.0004493199994612951
16835,108248,119,31,2,0.0004941959996358491
16836,21228,94,30,22,0.0006678240024484694
16837,81761,146,30,5,0.0005020549979235511
16838,36688,101,31,8,0.00038345400025718845
16839,31290,57,30,8,0.0002559610002208501
16840,123233,75,31,6,0.00031513300200458616
16841,118261,118,30,5,0.0003961410002375487
16842,92062,43,31,12,0.0004028369985462632
16843,15381,79,31,18,0.0005380290022003464
16844,36442,86,31,10,0.00035717699938686565
16845,93096,103,31,17,0.0004701180005213246
16846,72960,32,32,1,0.0007088109996402636
16847,115260,32,31,0,4.5886001316830516e-05
16848,80015,35,30,0,4.642400017473847e-05
16849,70130,48,30,0,6.881599983898923e-05
16850,45183,41,29,0,5.733400030294433e-05
16851,103706,46,31,3,0.0007658219983568415
16852,20852,47,31,16,0.0007516769983340055
16853,92163,93,32,2,0.0004277379994164221
16854,54746,138,31,5,0.000506978998600971
16855,109317,66,32,35,0.0005654419983329717
16856,128262,59,32,13,0.0003796279997914098
16857,83488,50,32,3,0.0004887700015387964
16858,26915,37,32,2,0.0007091999978001695
16859,25177,35,31,0,5.1857001380994916e-05
16860,95893,36,30,0,4.8294998123310506e-05
16861,81625,34,29,0,4.349500159150921e-05
16862,92108,42,29,0,0.0004214469990984071
16863,107622,38,30,2,0.0003308449995529372
16864,86252,44,30,1,0.000776936998590827
16865,96351,49,29,1,0.0001334000007773284
16866,116567,59,28,2,0.00044411400085664354
16867,22236,76,28,1,0.00023245899865287356
16868,6790,74,27,1,0.00017147399921668693
16869,72004,48,26,1,0.00011969000115641393
16870,117773,68,25,0,9.734799823490903e-05
16871,55000,49,25,1,0.00012310899910517037
16872,48745,69,25,0,0.0003115359977527987
16873,29732,79,25,2,0.00031123900043894537
16874,75539,80,26,1,0.00013839200255461037
16875,10564,98,27,4,0.0003067600009671878
16876,77436,62,26,1,0.00013625199790112674
16877,70898,81,25,1,0.00013997199857840315
16878,68233,92,25,4,0.0003236979973735288
16879,37653,143,24,0,0.0003783710017160047
16880,22653,92,24,6,0.00032725100027164444
16881,25962,88,25,6,0.0003214940006728284
16882,91401,136,26,4,0.00036754699976881966
16883,13944,125,27,4,0.00034550200143712573
16884,71947,108,26,7,0.00023436999981640838
16885,31063,137,27,6,0.00037249699744279496
16886,65114,138,27,11,0.0004603630004567094
16887,88012,162,27,2,0.00045609299922944047
16888,22767,142,30,3,0.0005943099968135357
16889,39577,127,31,8,0.00046245699923019856
16890,41119,74,31,23,0.0004473939989111386
16891,37036,136,31,25,0.0005650179991789628
16892,79712,132,30,8,0.0005431380013760645
16893,36969,93,30,21,0.0006242819981707726
16894,103169,125,31,11,0.0005520850027096458
16895,71541,76,31,16,0.0004342940010246821
16896,102277,192,31,2,0.00042443400161573663
16897,92552,77,31,16,0.0004875470003753435
16898,229,107,30,9,0.0004425920014909934
16899,42143,130,30,17,0.0005738670006394386
16900,105901,87,31,9,0.0004846049996558577
16901,24500,107,31,19,0.0006362029998854268
16902,48115,54,31,3,0.00022932099818717688
16903,87547,79,31,4,0.0005332029977580532
16904,107534,109,31,3,0.0003656410008261446
16905,24261,136,31,13,0.0005714089966204483
16906,27385,79,31,18,0.0007313720016099978
16907,115062,73,31,36,0.0007052639994071797
16908,35363,41,32,16,0.00035266700069769286
16909,102203,36,32,3,0.0006756819966540206
16910,58172,33,32,1,0.0006395210002665408
16911,130441,35,31,0,5.438200241769664e-05
16912,48546,38,30,0,4.828500095754862e-05
16913,2515,60,29,0,8.09580014902167e-05
16914,57263,32,28,0,3.733899939106777e-05
16915,85952,40,27,0,4.818200250156224e-05
16916,119952,46,27,0,5.952900028205477e-05
16917,86528,41,26,0,0.00014171099974191748
16918,89109,37,25,1,5.469199822982773e-05
16919,87344,41,24,0,4.5393997424980626e-05
16920,117071,48,24,1,0.0004630249968613498
16921,48255,53,23,0,6.11850009590853e-05
16922,119434,56,22,0,7.803200060152449e-05
16923,122347,50,22,0,0.0002884249988710508
16924,107852,64,21,0,0.0002311669995833654
16925,80593,61,20,0,0.0003351070008648094
16926,116697,59,19,0,5.123499795445241e-05
16927,62650,68,19,0,0.0001176389996544458
16928,116893,74,19,0,0.0002393300019321032
16929,131043,99,19,0,0.0002237920016341377
16930,104961,77,18,0,5.87719987379387e-05
16931,54885,96,17,0,6.888200005050749e-05
16932,54795,75,18,1,0.00019583099856390618
16933,72490,79,17,0,5.345699901226908e-05
16934,131167,71,16,3,0.00011517900202306919
16935,82610,74,15,0,7.336999988183379e-05
16936,58216,87,16,1,0.0001305840014538262
16937,110455,69,19,3,0.00016744800086598843
16938,130322,71,18,1,7.911200009402819e-05
16939,43303,87,30,3,0.0003086520009674132
16940,109363,95,29,19,0.0006401390019163955
16941,118133,91,28,0,9.969499660655856e-05
16942,72738,96,31,8,0.0005831149974255823
16943,86721,65,32,8,0.0005300949997035787
16944,113825,95,31,16,0.0005754030025855172
16945,15223,46,30,6,0.0003299309973954223
16946,125316,102,31,10,0.0004680109996115789
16947,100548,46,32,1,0.0006488899998657871
16948,78800,39,31,0,8.176399933290668e-05
16949,16042,40,30,0,5.2565999794751406e-05
16950,97491,54,29,0,7.376299981842749e-05
16951,77194,58,29,1,8.166599945980124e-05
16952,75761,40,28,0,5.411099846241996e-05
16953,39597,51,28,1,0.00012668300041696057
16954,19695,47,27,0,6.529299935209565e-05
16955,120321,60,26,1,0.00021225899763521738
16956,73216,55,25,0,6.935100100236014e-05
16957,70035,47,24,0,0.0001474759992561303
16958,54239,67,24,0,9.695300104795024e-05
16959,3377,57,24,0,0.00010749200009740889
16960,71482,64,23,1,0.00039485099841840565
16961,14783,53,23,1,8.427799912169576e-05
16962,17097,63,22,2,0.00024284900064230897
16963,22833,71,22,2,0.00011860699669341557
16964,76830,79,21,3,0.00014665199705632403
16965,5665,79,20,1,0.0002249730023322627
16966,107436,93,19,1,0.00018552000256022438
16967,133062,77,18,0,5.782200241810642e-05
16968,35020,119,19,1,0.00016060800044215284
16969,93530,54,19,2,0.00018357299995841458
16970,123670,83,18,0,0.00013505699826055206
16971,95558,75,20,1,0.00021882299915887415
16972,78328,133,19,2,0.0003154799996991642
16973,9103,107,18,0,0.00019097800031886436
16974,105528,86,18,3,0.00017255199782084674
16975,91843,95,17,2,0.00015267200069501996
16976,46229,108,17,4,0.00026404199888929725
16977,20598,108,18,4,0.00021369100068113767
16978,104544,79,17,1,0.00013254700024845079
16979,10479,78,25,8,0.00034773299921653233
16980,51847,101,30,7,0.0005619510011456441
16981,21271,91,31,11,0.00040146999890566804
16982,103492,108,32,4,0.0003983770002378151
16983,127816,80,32,10,0.0005741290005971678
16984,75612,46,32,7,0.0006775850015401375
16985,82587,77,31,17,0.0004913510019832756
16986,123389,70,31,39,0.0006475940026575699
16987,116319,79,32,31,0.0007887840001785662
16988,105314,100,32,12,0.0005224029991950374
16989,6831,139,31,10,0.0005227520014159381
16990,108392,67,32,12,0.0005491010015248321
16991,35690,77,32,3,0.0004713060006906744
16992,62058,56,32,11,0.0006321850014501251
16993,118896,108,32,13,0.0004633669996110257
16994,49009,90,32,20,0.0005512269999599084
16995,116722,37,32,2,0.0005701779991795775
16996,38898,42,32,12,0.00043594900125754066
16997,100021,130,31,10,0.000509303998114774
16998,47128,82,31,6,0.0007856320007704198
16999,21192,73,31,3,0.0003762560008908622
17000,37378,118,31,12,0.0007097460002114531
17001,79633,37,31,3,0.00018902500232798047
17002,116724,32,32,1,0.000646222000796115
17003,73842,108,32,14,0.0006047850001777988
17004,89969,122,32,5,0.0005197880018386059
17005,66995,130,31,6,0.00043559200275922194
17006,61393,63,31,11,0.0006124989995441865
17007,19325,113,31,30,0.0006135399999038782
17008,131320,42,32,7,0.0006534439999086317
17009,27145,33,32,1,0.0006501390016637743
17010,122652,82,32,19,0.000514979001309257
17011,92577,68,32,10,0.0007002020029176492
17012,92075,49,31,1,0.00020809499983442947
17013,121891,88,32,31,0.000589371000387473
17014,50340,87,32,10,0.00041562499973224476
17015,111271,73,32,16,0.000684575003106147
17016,8615,70,32,3,0.0004264150011294987
17017,101744,113,31,10,0.00039141099841799587
17018,16665,117,31,62,0.001076630000170553
17019,80554,73,32,9,0.0004779009977937676
17020,105834,47,31,7,0.0002905930014094338
17021,126063,68,31,6,0.0005929939979978371
17022,8620,48,32,15,0.0008109640002658125
17023,3634,128,32,20,0.000586055000894703
17024,54131,91,31,4,0.0004539600013231393
17025,99690,81,31,31,0.0005804289976367727
17026,127948,72,31,38,0.0006862169975647703
17027,34618,83,32,14,0.0006234720021893736
17028,14824,72,31,9,0.0004953030002070591
17029,89915,43,32,2,0.00018770599854178727
17030,106685,78,32,13,0.0006129130015324336
17031,49737,78,31,22,0.000499771998875076
17032,99520,49,32,1,0.00016652699923724867
17033,50122,64,32,6,0.000892613003088627
17034,34200,139,31,43,0.0009452280028199311
17035,29258,95,32,23,0.0005229109992797021
17036,37716,77,32,25,0.0005722030000470113
17037,17689,92,31,12,0.0005100179987493902
17038,59801,51,31,18,0.0005414490005932748
17039,129446,82,31,14,0.0005322709985193796
17040,89538,87,31,24,0.0006807399986428209
17041,104976,85,31,2,0.0003706229981617071
17042,34009,87,31,26,0.0004304189969843719
17043,66006,57,32,3,0.0005642310024995822
17044,17377,132,32,7,0.0004233350009599235
17045,8303,80,32,9,0.0005076889974588994
17046,79860,107,32,26,0.000657699001749279
17047,95482,58,32,12,0.0005949250007688534
17048,5638,115,32,16,0.0010572480023256503
17049,125733,110,31,15,0.0005064180004410446
17050,24392,59,31,21,0.0005488669994520023
17051,96596,70,31,21,0.0005014960006519686
17052,93798,124,30,13,0.0006040760017640423
17053,64909,96,32,10,0.000593528999161208
17054,42895,50,32,9,0.0003824129998974968
17055,125842,100,32,7,0.0005493169992405456
17056,120678,128,31,16,0.0006341090011119377
17057,80276,109,31,18,0.0005418159998953342
17058,3420,123,31,14,0.0006190159983816557
17059,6058,90,32,14,0.0006059280021872837
17060,121399,178,32,12,0.00046691199895576574
17061,89458,129,31,21,0.0009449909994145855
17062,70854,134,30,16,0.0006036640006641392
17063,75314,138,31,24,0.0007359990013355855
17064,72889,59,31,56,0.0008424690022366121
17065,77129,87,31,34,0.0007318680000025779
17066,15695,76,31,1,0.00028720299815176986
17067,45242,86,31,15,0.0005195840021769982
17068,116126,94,31,43,0.0007774389996484388
17069,59069,60,32,2,0.00020645200129365548
17070,106176,59,32,2,0.00030899999910616316
17071,76915,72,31,8,0.00042092500007129274
17072,94915,100,30,4,0.00025549599740770645
17073,6908,96,30,9,0.0005380580005294178
17074,36528,102,29,6,0.00047543400069116615
17075,78671,123,32,7,0.0004980040030204691
17076,79570,61,32,23,0.0004992160029360093
17077,72291,55,32,5,0.00031610700170858763
17078,126194,67,32,23,0.0005071550003776792
17079,69493,85,32,5,0.0005641919997287914
17080,32267,82,32,29,0.0004884879999735858
17081,31756,210,32,10,0.0008259509995696135
17082,56494,98,32,3,0.0002051230003417004
17083,9193,92,32,6,0.00024064899844233878
17084,47763,101,32,14,0.0006627959992329124
17085,63500,43,33,2,0.00017652099995757453
17086,35348,72,33,27,0.0007713740014878567
17087,129355,56,32,29,0.0007309020002139732
17088,26150,33,33,1,0.0007570900015707593
17089,58191,33,32,0,4.8120000428752974e-05
17090,66368,33,31,0,4.1538998630130664e-05
17091,38305,33,30,0,6.711600144626573e-05
17092,28536,33,29,0,4.153400004724972e-05
17093,15224,33,28,0,4.0587998228147626e-05
17094,120774,33,27,0,3.594199733925052e-05
17095,38297,33,26,0,3.648900019470602e-05
17096,121131,52,33,13,0.0008987959990918171
17097,41283,123,32,5,0.0006163479993119836
17098,86062,34,33,1,0.000688699001329951
17099,57807,37,32,0,5.08720004290808e-05
17100,87506,34,31,0,4.261900176061317e-05
17101,58486,36,30,0,4.0242000977741554e-05
17102,51751,54,30,1,7.438000102411024e-05
17103,128150,37,29,0,0.0001568119987496175
17104,130288,37,28,0,4.320900188758969e-05
17105,116947,56,30,3,0.0006750309985363856
17106,110711,51,29,1,0.00019897500169463456
17107,13870,100,33,17,0.0006512269974336959
17108,65927,58,32,31,0.0005087089994049165
17109,26933,33,33,1,0.0007126769996830262
17110,77373,39,33,5,0.0005825349981023464
17111,53568,68,33,8,0.00026355600130045786
17112,105799,33,33,1,0.00073293300010846
17113,131409,36,33,1,0.0007330350017582532
17114,50010,33,33,1,0.0006513789994642138
17115,112476,92,33,4,0.0003312640001240652
17116,19812,98,33,23,0.0005250249996606726
17117,51306,54,33,4,0.0007754530015517958
17118,129483,52,32,8,0.0005135050014359877
17119,96635,78,33,30,0.0006381950006471016
17120,54430,33,33,1,0.0006455269976868294
17121,130238,37,33,1,0.0006379440019372851
17122,70618,63,33,8,0.00036748400088981725
17123,59151,73,32,10,0.000609160000749398
17124,118103,100,32,7,0.0005611359993054066
17125,53890,99,32,2,0.0002544090020819567
17126,83003,67,31,7,0.0004023930014227517
17127,47327,64,33,16,0.0006785400000808295
17128,92395,38,33,21,0.0006983040002523921
17129,107757,47,33,36,0.0008058829989749938
17130,54526,106,32,42,0.0008520359988324344
17131,56302,61,33,59,0.001351431001239689
17132,92927,43,33,12,0.0008573779996368103
17133,86787,37,33,1,0.0003948129997297656
17134,70950,96,33,13,0.000661967002088204
17135,22070,74,33,22,0.0008055199978116434
17136,114249,102,33,28,0.0009756129984452855
17137,54350,142,33,15,0.0006914269979461096
17138,99969,54,33,80,0.0012089150004612748
17139,87214,86,33,14,0.0009437669978069607
17140,83653,129,33,27,0.0008741350029595196
17141,41473,107,33,6,0.00042940899948007427
17142,112695,112,32,0,0.00032810599805088714
17143,24583,112,33,10,0.000546251998457592
17144,106763,109,33,3,0.000777122000727104
17145,84257,59,33,48,0.0008831290033413097
17146,49236,84,33,15,0.0005460710017359816
17147,51825,134,33,8,0.0005945480006630532
17148,113210,84,32,8,0.000376375002815621
17149,62470,68,33,20,0.0006922399988980033
17150,132888,42,34,1,0.0008089580005616881
17151,103718,42,34,1,0.0008296180021716282
17152,82806,34,33,0,5.146600233274512e-05
17153,25037,34,32,0,4.28060011472553e-05
17154,101095,34,31,0,4.0905000787461177e-05
17155,69601,46,33,1,0.00012497300122049637
17156,18252,38,34,2,0.0008023469999898225
17157,87629,99,34,4,0.0007681110000703484
17158,54856,105,34,25,0.0007867849999456666
17159,11633,116,33,31,0.0006919320003362373
17160,72658,50,33,11,0.0007975430016813334
17161,88903,64,33,13,0.0005352779990062118
17162,125267,108,34,11,0.0008033409976633266
17163,41813,65,34,0,0.00016621499889879487
17164,51704,41,33,0,6.777299859095365e-05
17165,116366,91,33,4,0.0003076449975196738
17166,78174,48,34,2,0.0008462059995508753
17167,83560,132,34,11,0.0008105930028250441
17168,131704,147,34,30,0.0009730459969432559
17169,109819,79,33,44,0.0011213850011699833
17170,18642,120,33,36,0.0009085050005523954
17171,44866,162,33,15,0.0008758590010984335
17172,116380,105,33,17,0.000759204998757923
17173,48189,236,33,15,0.0007799330014677253
17174,103934,68,34,6,0.0005583010024565738
17175,72555,105,33,17,0.0008024519993341528
17176,21859,69,33,22,0.0007434350009134505
17177,78764,114,33,19,0.0007975150001584552
17178,1713,79,34,19,0.0007669189981243107
17179,60088,80,34,4,0.0005733749967475887
17180,124358,43,34,3,0.0006932309988769703
17181,123876,67,34,43,0.0008388630012632348
17182,49700,59,34,3,0.00027102000240120105
17183,72770,71,34,30,0.0011838339996756986
17184,94043,48,33,40,0.0008918739986256696
17185,25732,94,33,32,0.0007637800008524209
17186,120476,53,32,34,0.0008235069981310517
17187,71466,91,32,54,0.0013166499993531033
17188,10503,86,33,23,0.0004916709985991474
17189,16019,72,34,11,0.000991570999758551
17190,80063,77,34,91,0.001538002001325367
17191,71494,53,34,28,0.0008231959982367698
17192,69901,35,35,1,0.0008567889999540057
17193,12720,35,34,0,4.835700019611977e-05
17194,46460,37,34,1,0.0006818879992351867
17195,72975,35,35,1,0.0007788610018906184
17196,67855,45,35,1,0.0009152450002147816
17197,42373,51,34,0,7.684199954383075e-05
17198,19501,51,33,0,6.391399801941589e-05
17199,56944,48,32,0,5.660099850501865e-05
17200,55913,51,31,0,5.941500057815574e-05
17201,39815,50,30,0,5.812299787066877e-05
17202,19611,51,29,0,5.730399789172225e-05
17203,80281,45,28,0,5.0151000323239714e-05
17204,74290,51,27,0,5.934599903412163e-05
17205,110392,50,26,0,5.222799882176332e-05
17206,8561,51,25,0,5.074599903309718e-05
17207,30014,51,24,0,5.144399983691983e-05
17208,19407,51,23,0,5.022699770051986e-05
17209,43712,39,22,0,4.07070001529064e-05
17210,114255,45,21,0,4.360999810160138e-05
17211,113737,51,20,0,4.63619981019292e-05
17212,11978,38,19,0,5.476400110637769e-05
17213,90954,44,18,0,3.421500150579959e-05
17214,80358,49,17,0,3.2783002097858116e-05
17215,19819,51,16,0,3.177799953846261e-05
17216,86133,51,15,0,3.082100010942668e-05
17217,29430,51,14,0,2.900500112446025e-05
17218,122476,39,13,0,2.2904998331796378e-05
17219,21757,38,12,0,2.0927000150550157e-05
17220,50009,35,11,0,1.933599924086593e-05
17221,14402,45,10,0,2.417699943180196e-05
17222,69883,39,9,0,1.9257000531069934e-05
17223,84737,51,8,0,2.4431999918306246e-05
17224,90462,51,7,0,2.241999754915014e-05
17225,74839,40,7,1,2.4444001610390842e-05
17226,8344,85,10,1,0.0001333190011791885
17227,22289,55,35,19,0.0010841000002983492
17228,108820,36,35,1,0.0008662920008646324
17229,86783,35,34,0,5.288099782774225e-05
17230,77374,35,33,0,4.437499956111424e-05
17231,49011,39,32,0,5.479500032379292e-05
17232,100754,37,31,0,4.9406000471208245e-05
17233,91033,35,30,0,4.345900015323423e-05
17234,59720,35,29,0,4.2810999730136245e-05
17235,49138,56,30,0,0.00012056199921062216
17236,103173,39,29,3,0.00014874299813527614
17237,34090,46,30,1,8.81650012161117e-05
17238,129807,99,30,2,0.0001720200016279705
17239,1690,85,29,3,0.0006932280011824332
17240,52412,70,32,2,0.00023123099890653975
17241,106786,35,35,1,0.0007874100010667462
17242,47398,50,35,1,0.0009302639991801698
17243,110976,35,34,0,6.428000051528215e-05
17244,23349,36,35,1,0.000763664000260178
17245,81793,35,34,0,4.604800051311031e-05
17246,52046,35,33,0,4.2206000216538087e-05
17247,95613,35,32,0,3.996899977209978e-05
17248,101273,35,31,0,4.077199992025271e-05
17249,128402,35,30,0,4.0536000597057864e-05
17250,106234,35,29,0,3.79980010620784e-05
17251,103324,35,28,0,4.2398001824039966e-05
17252,113084,46,27,0,5.5962998885661364e-05
17253,96352,35,26,0,3.693299731821753e-05
17254,36215,36,25,0,3.60550002369564e-05
17255,104047,46,24,0,4.177799928584136e-05
17256,89313,35,23,0,3.473500328254886e-05
17257,23907,36,22,0,3.505900167510845e-05
17258,69094,35,21,0,3.338799797347747e-05
17259,9321,35,20,0,3.2432999432785437e-05
17260,49034,35,19,0,2.9098002414684743e-05
17261,94376,44,18,0,3.6123998143011704e-05
17262,40173,42,17,0,5.127400072524324e-05
17263,871,38,17,1,5.36700026714243e-05
17264,6078,38,16,0,2.4148001102730632e-05
17265,127743,37,15,1,3.5402001230977476e-05
17266,62564,36,14,1,6.136800220701844e-05
17267,128974,36,13,0,2.105500243487768e-05
17268,99877,38,12,0,2.1725001715822145e-05
17269,72298,36,11,0,1.917699773912318e-05
17270,98318,48,10,0,2.4502001906512305e-05
17271,80380,39,10,1,5.755299935117364e-05
17272,79208,40,9,1,2.6149999030167237e-05
17273,26886,40,9,0,4.7482000809395686e-05
17274,70235,44,10,2,5.951600178377703e-05
17275,38553,46,13,2,0.00011349900159984827
17276,83259,35,35,1,0.0007525799992436077
17277,126550,35,35,1,0.0008774109992373269
17278,71507,64,35,6,0.0006223499985935632
17279,110994,80,34,2,0.0003538569981174078
17280,97752,38,35,1,0.000715967998985434
17281,119007,67,35,20,0.0011351579996699002
17282,67618,76,35,1,0.0007564199986518361
17283,48790,62,34,1,0.00027191600020159967
17284,129229,53,33,0,8.511000123689882e-05
17285,67303,41,33,2,0.0007605179998790845
17286,87931,63,32,0,0.00010953699893434532
17287,30189,57,32,4,0.0008186769991880283
17288,126959,43,33,2,0.0008762420002312865
17289,120556,83,34,7,0.0009893790011119563
17290,52290,80,33,1,0.000946651998674497
17291,69226,102,34,7,0.0009900709992507473
17292,11513,136,35,5,0.0005655509994539898
17293,117441,88,34,2,0.0004127120009798091
17294,103058,56,35,83,0.0013462230017466936
17295,47882,36,36,1,0.0008363730012206361
17296,100821,40,35,0,6.671799928881228e-05
17297,9411,36,34,0,4.7600999096175656e-05
17298,117355,36,33,0,4.4772001274395734e-05
17299,26414,36,32,0,4.478700066101737e-05
17300,26778,44,31,0,5.537599645322189e-05
17301,89754,36,30,0,4.425999941304326e-05
17302,120000,36,29,0,4.1965002310462296e-05
17303,1821,36,28,0,4.14809983340092e-05
17304,66527,36,27,0,6.173299698275514e-05
17305,52202,39,26,0,4.5830998715246096e-05
17306,63864,36,25,0,3.832400034298189e-05
17307,69520,36,24,0,3.810300040640868e-05
17308,68087,36,23,0,3.606799873523414e-05
17309,749,36,22,0,3.604499943321571e-05
17310,66728,36,21,0,3.542400008882396e-05
17311,68729,36,20,0,3.399499837541953e-05
17312,56849,36,19,0,3.115200161118992e-05
17313,81971,36,18,0,2.6983998395735398e-05
17314,77755,36,17,0,2.3966000298969448e-05
17315,71072,36,16,0,2.3598000552738085e-05
17316,39220,36,15,0,2.402099926257506e-05
17317,100989,36,14,0,2.272600249852985e-05
17318,54583,36,13,0,2.187300196965225e-05
17319,112750,41,13,0,3.13320015266072e-05
17320,6364,69,13,1,7.881199780968018e-05
17321,40682,73,12,0,0.00015121099932002835
17322,72983,83,11,0,4.0359998820349574e-05
17323,82421,85,10,0,3.4235999919474125e-05
17324,111278,79,21,4,0.00023731699911877513
17325,97135,87,34,3,0.000582966000365559
17326,82704,155,36,23,0.001002315002551768
17327,130327,48,36,2,0.00021777999791083857
17328,105496,53,36,3,0.0013274960001581348
17329,35375,59,35,4,0.0007037269970169291
17330,19491,57,36,6,0.0007311989975278266
17331,105016,56,36,2,0.00021178400129429065
17332,63056,83,36,19,0.0008664720007800497
17333,10065,44,36,1,0.0009811829986574594
17334,62045,43,35,0,6.480499723693356e-05
17335,52987,36,34,0,4.9561000196263194e-05
17336,41133,36,33,0,4.654900112655014e-05
17337,133023,70,34,1,0.00040414500108454376
17338,20151,57,33,2,0.00034286400114069693
17339,125425,41,33,5,0.0004660279992094729
17340,129659,78,32,1,0.0001261569996131584
17341,84975,56,33,3,0.0005003820006095339
17342,130134,91,33,3,0.00021580600150628015
17343,108737,62,32,2,0.0006659579994447995
17344,15568,75,31,0,9.006600157590583e-05
17345,11107,62,30,0,6.295300045167096e-05
17346,92625,49,32,5,0.0007363670010818169
17347,119416,49,31,0,6.929099981789477e-05
17348,72951,52,33,11,0.0006498389993794262
17349,21501,87,35,16,0.0008408860012423247
17350,1949,108,34,6,0.0005747860013798345
17351,5978,64,35,27,0.000726791000488447
17352,88560,59,35,46,0.001234380997630069
17353,115543,109,36,1,0.00028769699929398485
17354,83319,86,36,45,0.001042623000103049
17355,82558,36,36,1,0.0010043490001407918
17356,62859,36,35,0,5.8931997045874596e-05
17357,60117,36,34,0,5.9710000641644e-05
17358,112609,42,34,0,0.00012123900160077028
17359,40990,41,33,1,0.00026001800142694265
17360,14212,41,32,1,0.00011835300028906204
17361,16558,58,31,0,0.0001005910016829148
17362,85744,47,31,0,0.00010795699927257374
17363,58182,65,32,2,0.0005597650015261024
17364,82261,75,32,2,0.00015693299792474136
17365,44943,53,31,3,0.00015589000031468458
17366,28563,55,30,7,0.0002932399984274525
17367,58243,84,30,4,0.0003756360019906424
17368,117140,62,30,0,0.0008997990007628687
17369,124231,89,29,0,0.00024024099911912344
17370,5034,94,28,4,0.00040661899765837006
17371,132594,66,28,3,0.0002711420020204969
17372,38810,56,27,2,0.00012888299897895195
17373,77816,119,28,7,0.00033042999712051824
17374,123951,114,27,0,0.0001473400006943848
17375,59915,110,26,3,0.0002524640003684908
17376,29502,102,25,0,0.0003197619989805389
17377,38171,93,31,12,0.0007117029999790248
17378,44278,107,32,16,0.0006401119971997105
17379,55494,105,32,25,0.0005509830007213168
17380,51866,112,32,15,0.0008227840007748455
17381,32650,128,32,8,0.0006225409997568931
17382,36182,97,32,15,0.0004843399983656127
17383,85607,83,34,41,0.001325012999586761
17384,86951,94,34,31,0.0009615620001568459
17385,57150,178,34,38,0.001225989999511512
17386,77019,117,35,10,0.0008263959971372969
17387,129183,82,35,21,0.001112011002987856
17388,59843,91,35,3,0.0006647699992754497
17389,1677,115,35,20,0.003063129999645753
17390,125365,86,35,8,0.0007653689972357824
17391,67449,86,35,39,0.0008536570021533407
17392,28232,74,35,6,0.0006375179982569534
17393,52028,125,34,17,0.0006781979973311536
17394,30764,79,34,3,0.00045185199996922165
17395,132075,79,35,34,0.0008546680001018103
17396,79552,108,35,11,0.0005969260018900968
17397,63946,84,36,18,0.0007441550005751196
17398,89242,114,35,56,0.0008467200023005717
17399,118929,80,36,9,0.0012032059967168607
17400,61461,99,36,19,0.0008667799993418157
17401,51459,74,35,4,0.0002177440001105424
17402,87300,76,35,4,0.0009506979986326769
17403,47776,49,36,1,0.0005227379988355096
17404,21728,60,36,20,0.0009269189977203496
17405,76706,126,35,9,0.000542439996934263
17406,111385,213,35,7,0.0005682670016540214
17407,24417,67,36,1,0.00025960700077121146
17408,26219,74,35,10,0.0005967969991615973
17409,24099,54,36,10,0.0010995750017173123
17410,29606,152,36,12,0.0008893449994502589
17411,82347,59,36,24,0.0010816600006364752
17412,17967,76,36,21,0.0008097860009002034
17413,122865,36,36,1,0.0008200109987228643
17414,38921,89,36,16,0.0007874529983382672
17415,90881,47,37,1,0.0010048010008176789
17416,9670,47,36,0,6.135600051493384e-05
17417,27656,37,37,1,0.0009029989996633958
17418,65801,37,36,0,5.619700095849112e-05
17419,102692,37,35,0,4.8781999794300646e-05
17420,25214,37,34,0,4.504100070334971e-05
17421,40608,37,33,0,4.5502001739805564e-05
17422,90253,37,32,0,4.636000085156411e-05
17423,55962,37,31,0,4.571899989969097e-05
17424,13596,46,30,0,6.490400119218975e-05
17425,39820,53,31,2,0.0006921550011611544
17426,50462,53,30,0,6.576799933100119e-05
17427,60812,53,29,0,5.7151002692990005e-05
17428,117690,53,28,0,8.047099981922656e-05
17429,84851,61,30,1,0.00018357299995841458
17430,132679,85,29,3,0.00016946100004133768
17431,42220,83,31,6,0.000510786001541419
17432,96331,74,31,3,0.0008757010000408627
17433,74971,85,30,4,0.0003060410017496906
17434,108210,74,29,0,9.172799764201045e-05
17435,108207,74,28,0,7.261200153152458e-05
17436,101446,67,29,3,0.0007033570000203326
17437,22681,66,30,3,0.000335046999680344
17438,122363,59,29,9,0.0004303579989937134
17439,90171,69,29,1,9.164500079350546e-05
17440,109025,63,28,1,0.0002625999986776151
17441,9217,81,29,2,0.0006281640016823076
17442,85272,107,30,5,0.00041982100083259866
17443,121444,95,30,8,0.0003820909987553023
17444,63470,88,31,12,0.0006341869993775617
17445,94597,130,31,3,0.00044022600195603445
17446,14186,133,30,11,0.0005596160008281004
17447,123633,105,31,3,0.0004789949998666998
17448,124956,104,31,5,0.0004016500024590641
17449,114530,117,30,2,0.0006569979996129405
17450,24895,114,31,2,0.00046053600090090185
17451,50897,150,32,18,0.0008437709984718822
17452,40599,107,34,28,0.0006907410024723504
17453,44322,129,34,8,0.0006721850004396401
17454,14503,93,34,20,0.0006529960010084324
17455,6256,123,33,8,0.000839541000459576
17456,126487,92,33,2,0.00031980099811335094
17457,75847,194,34,16,0.0009626730025047436
17458,72941,169,34,13,0.0007691829996474553
17459,111303,166,35,7,0.0007012599999143276
17460,43850,173,35,11,0.0009191780009132344
17461,71982,104,35,19,0.0008492229972034693
17462,55799,120,35,6,0.0012708249996649101
17463,120989,101,35,16,0.0009024099999805912
17464,46783,81,34,55,0.0010346679991926067
17465,63552,108,33,15,0.0006615849997615442
17466,89910,91,36,26,0.00107354599822429
17467,32003,166,35,26,0.0010135099983017426
17468,89425,81,35,10,0.000985275000857655
17469,76213,157,35,58,0.0016931709978962317
17470,72166,61,35,14,0.0011091760025010444
17471,6506,108,35,10,0.0005688229975930881
17472,126679,127,36,11,0.0008593640013714321
17473,85176,252,36,13,0.0008678500016685575
17474,37179,88,36,16,0.0010534760003793053
17475,53342,165,36,2,0.001053560001309961
17476,129313,138,35,1,0.00033977700149989687
17477,105274,113,35,2,0.00034059499739669263
17478,28128,166,36,14,0.0009515139972791076
17479,42994,108,35,17,0.0010588320001261309
17480,3365,103,34,14,0.0006886310002300888
17481,131234,65,36,6,0.000974864000454545
17482,34387,141,36,11,0.0008448119988315739
17483,81462,67,36,6,0.0009110339997278061
17484,26459,79,36,1,0.000457866997749079
17485,106893,56,37,6,0.001074125997547526
17486,43025,45,36,8,0.0009152509992418345
17487,16795,37,37,1,0.000819867000245722
17488,9668,37,36,0,5.0867998652393e-05
17489,27445,37,35,0,4.631100091501139e-05
17490,98631,48,34,0,9.174599836114794e-05
17491,76882,48,33,0,5.3712999942945316e-05
17492,99972,50,33,0,5.876800059922971e-05
17493,7898,41,32,0,4.826799704460427e-05
17494,67744,41,31,0,4.96239990752656e-05
17495,131717,50,30,0,5.642399992211722e-05
17496,18242,73,29,0,7.729199933237396e-05
17497,12041,41,28,0,4.7601999540347606e-05
17498,16308,41,27,0,4.962499951943755e-05
17499,39190,50,26,0,5.3209001634968445e-05
17500,4799,41,25,0,4.4894000893691555e-05
17501,21144,45,24,0,5.0828999519580975e-05
17502,21339,41,23,0,4.375999924377538e-05
17503,62572,50,22,0,4.8592002713121474e-05
17504,93532,41,21,0,4.1391002014279366e-05
17505,38556,50,20,0,4.708399865194224e-05
17506,11381,50,19,0,6.201100040925667e-05
17507,2166,41,18,0,3.3557000278960913e-05
17508,21341,41,17,0,2.83090012089815e-05
17509,90275,50,16,0,3.3067997719626874e-05
17510,6173,41,15,0,2.6371999410912395e-05
17511,83371,41,14,0,6.317500083241612e-05
17512,53488,41,13,0,2.6888999855145812e-05
17513,124655,41,12,0,2.341499930480495e-05
17514,62013,41,11,0,2.3535001673735678e-05
17515,503,41,10,0,2.243899871245958e-05
17516,75119,41,9,0,2.1203002688707784e-05
17517,18021,50,8,0,2.4080000002868474e-05
17518,112479,50,7,0,2.1931999071966857e-05
17519,112638,50,6,0,2.1059997379779816e-05
17520,114871,41,5,0,1.695800165180117e-05
17521,122431,61,6,0,6.605000089621171e-05
17522,79613,56,5,0,4.2380001104902476e-05
17523,82373,77,6,0,5.580099968938157e-05
17524,93595,74,6,0,3.708599979290739e-05
17525,84509,38,37,15,0.001018447001115419
17526,113591,84,37,28,0.0009303789993282408
17527,71745,59,37,4,0.0008791149994067382
17528,20296,100,37,15,0.000790163001511246
17529,111957,65,36,13,0.0008447530017292593
17530,93271,153,35,2,0.0006494730005215388
17531,121181,94,35,10,0.000990533000731375
17532,17075,96,35,1,0.0001420699991285801
17533,94797,38,37,1,0.0010010400001192465
17534,74461,82,37,35,0.0009552370029268786
17535,68148,133,36,42,0.0012279990005481523
17536,47710,87,36,46,0.000988027997664176
17537,17760,73,37,3,0.0009243710010196082
17538,66396,83,37,10,0.0006691689995932393
17539,104040,87,37,13,0.0008673260017530993
17540,23279,43,37,1,0.000984932998107979
17541,84628,46,36,1,0.0007090939980116673
17542,77754,330,37,6,0.0012116760008211713
17543,45886,105,37,1,0.00040015899867285043
17544,69582,118,36,13,0.000571149997995235
17545,56669,86,37,0,0.0003321330004837364
17546,94887,41,37,1,0.0008889790005923714
17547,125226,93,37,9,0.0007830380018276628
17548,39871,60,37,1,0.0009148039971478283
17549,77322,40,38,1,0.0009646299986343365
17550,66525,41,37,0,6.774000212317333e-05
17551,11119,49,36,0,7.726600233581848e-05
17552,105349,38,35,0,5.1139999413862824e-05
17553,62605,38,34,0,4.942899977322668e-05
17554,68952,40,34,1,6.212600055732764e-05
17555,9226,46,33,1,6.909400326549076e-05
17556,88746,59,35,5,0.0011200400003872346
17557,99254,62,34,0,8.94799995876383e-05
17558,22804,80,34,0,0.0005281660014588851
17559,79821,52,34,4,0.0007418000022880733
17560,11378,70,33,2,0.00047635200098739006
17561,34679,52,32,0,9.945400233846158e-05
17562,57830,82,32,0,0.00024166300136130303
17563,110923,74,32,5,0.00022321700089378282
17564,85871,105,32,6,0.0004827109987672884
17565,128685,112,31,0,0.0002497729983588215
17566,17380,55,31,9,0.000847551000333624
17567,110219,85,30,3,0.0006638180020672735
17568,58401,62,29,4,0.00033241999699384905
17569,86016,55,28,0,7.887599713285454e-05
17570,64357,87,29,5,0.0006381329985742923
17571,85855,87,28,0,9.286500062444247e-05
17572,86700,59,27,5,0.00038849900010973215
17573,5216,77,26,0,8.792899825493805e-05
17574,85102,77,26,1,0.00018759600061457604
17575,116865,126,25,2,0.00022821799939265475
17576,37040,70,27,4,0.0005346889993234072
17577,47911,105,27,6,0.0006085730019549374
17578,65822,83,27,1,0.00040269400051329285
17579,77415,133,28,11,0.0006419999990612268
17580,111639,79,28,0,0.0002845449998858385
17581,118170,86,27,8,0.0005366939985833596
17582,96817,106,30,4,0.0004967880013282411
17583,119919,101,29,0,0.0007234289987536613
17584,48951,125,29,17,0.0008013799997570459
17585,118835,157,30,12,0.0005869920023542363
17586,76427,110,33,11,0.00043880199882551096
17587,75373,111,32,28,0.0009787630006030668
17588,97654,132,34,11,0.0009870529975160025
17589,124109,130,33,0,0.00014718899910803884
17590,17146,159,32,24,0.0010053570003947243
17591,124983,185,32,1,0.0004590339995047543
17592,722,113,32,8,0.0006827450015407521
17593,122272,123,33,11,0.0008020700006454717
17594,70916,75,34,36,0.0013901839993195608
17595,63299,92,34,8,0.00025421700047445484
17596,41169,75,35,32,0.0012357269988569897
17597,22979,193,34,33,0.001174327997432556
17598,92437,106,34,28,0.0012934869992022868
17599,104365,78,33,34,0.0010399849998066202
17600,60957,166,34,54,0.001355052001599688
17601,132445,132,34,23,0.0005690799989679363
17602,55602,149,35,26,0.0015089349981280975
17603,7894,145,35,25,0.0008908869967854116
17604,46342,124,34,33,0.0010394050004833844
17605,114095,142,34,32,0.0011617169984674547
17606,124713,80,35,33,0.0011004900006810203
17607,83051,75,37,19,0.0012048390017298516
17608,16158,137,36,3,0.0008874849991116207
17609,39258,59,35,16,0.0012174149997008499
17610,123834,75,35,10,0.001021159998344956
17611,64568,142,35,18,0.0010366970018367283
17612,112217,61,34,2,0.0007936200017866213
17613,45530,169,36,2,0.0010482939978828654
17614,81151,212,36,2,0.001042846000927966
17615,25588,113,35,2,0.000862801000039326
17616,36814,98,37,14,0.0007351989988819696
17617,33040,257,36,15,0.0010720760001277085
17618,19674,129,35,5,0.0004208570026094094
17619,74497,194,35,7,0.0007869729997764807
17620,103407,117,37,13,0.0007360189993050881
17621,119664,135,37,24,0.001038812999468064
17622,13557,213,37,9,0.0009715410014905501
17623,79069,75,37,33,0.001215008000144735
17624,109670,140,37,0,0.00047790199823793955
17625,132663,118,37,1,0.0005395500011218246
17626,116758,38,38,1,0.0010554109976510517
17627,24921,46,37,0,9.4217000878416e-05
17628,13121,41,36,0,5.654699998558499e-05
17629,96002,38,35,0,5.086899909656495e-05
17630,74591,38,34,0,4.802200055564754e-05
17631,123142,85,33,0,0.00011973900109296665
17632,109420,52,32,0,7.29709972802084e-05
17633,116973,38,31,0,5.439500091597438e-05
17634,73143,41,30,0,5.176999911782332e-05
17635,38969,38,29,0,4.485200042836368e-05
17636,124094,38,28,0,4.4092997995903715e-05
17637,122813,46,27,0,4.9996000598184764e-05
17638,103571,42,26,0,4.8486999730812386e-05
17639,117616,38,25,0,4.176299989921972e-05
17640,28977,41,24,0,4.496699693845585e-05
17641,130445,46,25,2,0.0002305430025444366
17642,81422,59,24,1,0.0001356049979222007
17643,119697,80,24,1,0.0001851579982030671
17644,29282,61,24,2,0.00017806799951358698
17645,85778,57,25,6,0.0003388049990462605
17646,55886,74,25,3,0.00030108200007816777
17647,76071,116,24,5,0.0002751539977907669
17648,129410,85,23,7,0.0003031089981959667
17649,82009,101,24,7,0.0003904170007444918
17650,44123,61,24,3,0.0004335140001785476
17651,3952,73,23,3,0.00013520799984689802
17652,16123,60,22,1,0.00016254699949058704
17653,100249,79,24,2,0.00014725199798704125
17654,87793,85,25,0,0.00033414399877074175
17655,131028,92,26,10,0.0005109410012664739
17656,34265,88,25,13,0.00034505700023146346
17657,94357,76,28,6,0.000555132999579655
17658,11318,138,28,26,0.000719471001502825
17659,90794,219,35,8,0.0011240969979553483
17660,58749,158,35,12,0.0008325599992531352
17661,35550,233,36,5,0.0010153189978154842
17662,88481,120,35,15,0.0012802189994545188
17663,26227,63,35,4,0.0008952620009949896
17664,41665,140,35,9,0.0008692869996593799
17665,35881,148,35,6,0.0009482420027779881
17666,95911,87,36,15,0.0010657970015017781
17667,99324,149,36,33,0.0010939780004264321
17668,81477,56,36,27,0.00141332399653038
17669,39659,152,37,15,0.0008641109998279717
17670,51587,123,37,11,0.0009476070008531678
17671,28210,99,37,8,0.0007445320006809197
17672,27862,188,37,8,0.001041209001414245
17673,92357,104,37,11,0.0006965980028326157
17674,67716,140,37,10,0.0011747160024242476
17675,90650,38,38,1,0.0009073199980775826
17676,120460,38,37,0,5.3488001867663115e-05
17677,108874,42,36,0,8.175000039045699e-05
17678,14586,45,35,0,6.0450001910794526e-05
17679,116128,38,34,0,4.642699786927551e-05
17680,11404,56,33,0,6.512300024041906e-05
17681,121205,65,32,0,7.947599806357175e-05
17682,42487,45,31,0,5.0568000006023794e-05
17683,105401,45,30,0,5.411700112745166e-05
17684,13114,42,29,0,5.0796999857993796e-05
17685,48527,46,28,0,5.476100341184065e-05
17686,62359,38,27,0,4.1643997974460945e-05
17687,90053,42,26,0,4.334400000516325e-05
17688,82590,68,25,0,7.236999954329804e-05
17689,31568,41,24,0,4.400300167617388e-05
17690,15155,45,23,0,4.6574998123105615e-05
17691,109536,40,22,0,4.030099808005616e-05
17692,18651,38,21,0,6.037999992258847e-05
17693,56223,40,20,0,4.198699753032997e-05
17694,19415,40,19,0,3.5959001252194867e-05
17695,101370,56,18,0,4.221500057610683e-05
17696,58656,38,17,0,2.5864999770419672e-05
17697,465,45,16,0,2.6888999855145812e-05
17698,100900,42,15,0,2.79059968306683e-05
17699,37330,42,14,0,2.509499972802587e-05
17700,49459,38,13,0,2.112400034093298e-05
17701,38829,69,12,0,3.224700049031526e-05
17702,43602,38,11,0,1.9740000425372273e-05
17703,4903,47,10,0,2.8286001906963065e-05
17704,48870,38,9,0,1.9225000869482756e-05
17705,63803,51,8,0,2.725000013015233e-05
17706,45421,46,7,0,2.9917999199824408e-05
17707,111572,45,6,0,1.8563001503935084e-05
17708,128038,42,5,0,1.7505000869277865e-05
17709,29801,38,4,0,1.2549997336464003e-05
17710,4074,74,4,0,4.2273000872228295e-05
17711,65676,65,5,0,5.995700121275149e-05
17712,57772,132,11,1,0.00014762700084247626
17713,4636,120,19,4,0.0002535370003897697
17714,100715,139,37,15,0.0008862499998940621
17715,92220,38,38,1,0.0010091910007758997
17716,69110,38,37,0,6.122500053606927e-05
17717,92240,38,36,0,5.2879000577377155e-05
17718,132927,49,36,1,9.585799853084609e-05
17719,14006,43,37,1,0.0009531989999231882
17720,494,43,36,0,7.278799967025407e-05
17721,47856,162,37,12,0.0017732589985826053
17722,19204,152,37,11,0.0008148350025294349
17723,104802,120,36,55,0.0017843870009528473
17724,127456,119,37,8,0.0010423310013720766
17725,75326,72,38,1,0.0010264789998473134
17726,109146,68,38,32,0.0012026259973936249
17727,8924,63,37,10,0.0010462270001880825
17728,79477,51,38,1,0.001018032999127172
17729,120599,56,37,0,9.27500004763715e-05
17730,94348,61,38,1,0.0010665609988791402
17731,58014,94,38,6,0.0009326549989054911
17732,47789,48,38,8,0.0012231729997438379
17733,45779,68,38,31,0.0014475809985015076
17734,83172,38,38,1,0.0009479910004301928
17735,86050,49,37,0,8.70019975991454e-05
17736,16115,42,36,0,6.195800233399495e-05
17737,58254,54,35,0,7.777999780955724e-05
17738,35666,40,34,0,5.455399877973832e-05
17739,126834,67,34,0,0.00010636500155669637
17740,50627,58,33,0,0.00010698000187403522
17741,88948,72,32,0,8.793900269665755e-05
17742,104103,80,32,2,0.0005634549997921567
17743,42355,46,31,1,0.00041934700129786506
17744,45541,57,34,11,0.000854989997606026
17745,6345,59,33,0,8.675199933350086e-05
17746,93544,61,32,0,8.269500176538713e-05
17747,90186,85,32,3,0.00036649500179919414
17748,113390,64,32,4,0.0009867770022538025
17749,77052,64,31,0,9.28230001591146e-05
17750,42505,64,30,0,8.365900066564791e-05
17751,88644,112,33,14,0.0011449550001998432
17752,2158,115,36,18,0.0016048229990701657
17753,75690,149,37,7,0.0010304269999323878
17754,81251,113,37,29,0.001938861001690384
17755,46847,175,38,30,0.0016762900013418403
17756,117579,192,38,29,0.0013617170006909873
17757,124351,81,38,1,0.0011283509993518237
17758,28416,39,39,1,0.0010052840007119812
17759,57809,40,38,0,6.200600182637572e-05
17760,122981,39,37,0,5.339400013326667e-05
17761,50516,39,36,0,4.9735001084627584e-05
17762,59348,45,35,0,6.227999983821064e-05
17763,44070,39,34,0,4.8470999900018796e-05
17764,41798,39,33,0,4.689699926530011e-05
17765,84619,45,32,0,5.332700311555527e-05
17766,58764,65,31,0,8.541699935449287e-05
17767,78092,39,30,0,4.8624999180901796e-05
17768,14911,39,29,0,4.573099795379676e-05
17769,13078,42,28,0,7.042799916234799e-05
17770,73626,39,27,0,4.729400097858161e-05
17771,20298,39,26,0,4.349399750935845e-05
17772,47399,39,25,0,4.2814001062652096e-05
17773,127701,57,24,0,0.00010884600123972632
17774,125784,43,23,0,4.7604000428691506e-05
17775,28822,39,22,0,4.1719002183526754e-05
17776,82539,43,21,0,4.557499778456986e-05
17777,130480,39,20,0,3.894700057571754e-05
17778,126094,39,19,0,3.991799894720316e-05
17779,96431,39,18,0,3.0246999813243747e-05
17780,74939,53,18,1,6.473599933087826e-05
17781,129261,55,17,1,5.549500201595947e-05
17782,3677,48,16,0,3.223699968657456e-05
17783,21551,48,15,1,4.1561001125955954e-05
17784,107711,55,14,0,3.6981000448577106e-05
17785,21504,51,13,1,4.8190999223152176e-05
17786,6165,80,13,0,0.00010779299918795004
17787,111942,86,28,5,0.0004850549994444009
17788,64374,80,35,3,0.000668041997414548
17789,63709,75,38,2,0.0008698669989826158
17790,128792,80,38,1,0.0008587279990024399
17791,122181,53,38,18,0.0015506479976465926
17792,84886,54,38,9,0.0011421210001572035
17793,115975,41,39,2,0.0010558129979472142
17794,87133,40,38,0,6.291500176303089e-05
17795,76075,42,37,0,6.387000030372292e-05
17796,60569,41,36,0,5.727700045099482e-05
17797,118980,44,35,0,5.927500023972243e-05
17798,87390,44,34,0,8.395699842367321e-05
17799,62257,45,33,0,5.786199835711159e-05
17800,102305,49,34,0,0.0009756719991855789
17801,115774,48,33,0,7.063100201776251e-05
17802,26819,48,32,0,6.49899993732106e-05
17803,48536,47,32,1,0.00023062300169840455
17804,117051,80,31,1,0.00014877400099067017
17805,57660,47,30,0,8.648600123706274e-05
17806,105101,82,31,0,0.00014780900164623745
17807,100875,147,34,3,0.0003282040015619714
17808,44323,39,39,1,0.001063404000888113
17809,53569,39,38,0,6.0151000070618466e-05
17810,36744,39,37,0,5.524700100068003e-05
17811,119178,68,37,1,0.0004368490008346271
17812,130158,40,36,1,9.824800144997425e-05
17813,116146,70,36,1,0.0003259449986217078
17814,33805,60,37,3,0.0003737209990504198
17815,93012,61,36,2,0.0002488530008122325
17816,102805,68,37,14,0.0008966300010797568
17817,89257,84,36,6,0.0007753009995212778
17818,53998,105,35,0,0.00019303700173622929
17819,118013,77,35,0,0.0002466409969201777
17820,111211,75,34,15,0.0008985759995994158
17821,14956,112,33,2,0.0003947260011045728
17822,26503,108,33,1,0.0003205279972462449
17823,9540,86,35,2,0.000679284999932861
17824,61290,174,37,2,0.0005252089977147989
17825,52192,83,38,1,0.00039507399924332276
17826,131315,57,37,0,7.818700032657944e-05
17827,33351,176,38,10,0.0008244380005635321
17828,95822,143,37,21,0.0013119930008542724
17829,10341,133,38,0,0.000274950001767138
17830,88283,133,38,5,0.0012589409998327028
17831,89091,79,37,0,0.0005283399987092707
17832,87325,92,38,12,0.0009540989995002747
17833,100159,71,39,10,0.0009556719996908214
17834,68673,131,39,2,0.0006334000026981812
17835,3907,39,39,2,0.0009452109989069868
17836,110559,39,38,1,0.0009625469974707812
17837,85077,61,39,4,0.0007296260009752586
17838,111709,128,39,54,0.0026915759990515653
17839,8583,121,38,11,0.0013989910003147088
17840,38670,111,38,16,0.0017011480013024993
17841,31334,76,39,33,0.0014655390004918445
17842,2417,142,39,42,0.0019872000011673663
17843,108405,61,39,1,0.0011845920016639866
17844,33908,75,39,1,0.0002259719985886477
17845,43088,90,38,1,0.0003440729997237213
17846,74380,114,37,0,0.00018281599841429852
17847,110739,72,36,0,0.00014802000077906996
17848,96808,71,36,2,0.0002961900027003139
17849,122193,45,37,2,0.00014077499872655608
17850,122030,85,38,0,0.00023151899949880317
17851,95357,115,38,41,0.0015389340005640406
17852,124480,73,38,42,0.0014416679987334646
17853,128641,119,39,3,0.0005400120026024524
17854,111500,57,39,10,0.0013583190011559054
17855,48043,60,38,0,0.00010307199772796594
17856,85481,60,37,0,0.00011271000039414503
17857,69977,67,37,1,0.00012989199967705645
17858,40270,111,37,3,0.0005986069991195109
17859,85990,94,38,0,0.00042247100282111205
17860,60760,94,37,0,0.00011258900121902116
17861,99870,93,38,21,0.0014434289987548254
17862,2444,81,39,11,0.001476613000704674
17863,129063,109,38,2,0.0008019269989745226
17864,22416,81,39,24,0.0007571219975943677
17865,60010,70,38,39,0.0014775839990761597
17866,70366,83,37,38,0.0014475139978458174
17867,101102,58,37,16,0.0011003130020981189
17868,115267,70,38,17,0.0013397180009633303
17869,133202,72,39,13,0.0012407639987941366
17870,50515,88,39,16,0.0015058159988257103
17871,18164,114,38,6,0.0009649570019973908
17872,28748,90,38,9,0.0012380489970382769
17873,10426,117,38,7,0.0007996810018084943
17874,15826,116,38,16,0.0016750359973229934
17875,76438,60,39,5,0.00042212699918309227
17876,19869,107,39,12,0.0010288640005455818
17877,48863,132,39,21,0.0016289570012304466
17878,118437,69,38,0,0.001053983000019798
17879,83171,84,38,15,0.0017450060004193801
17880,116284,143,37,1,0.0011818290004157461
17881,4679,105,37,3,0.0012826759993913583
17882,84456,113,36,4,0.0011818489983852487
17883,23211,158,37,6,0.001835033999668667
17884,100077,105,36,1,0.0009647430015320424
17885,37907,124,35,1,0.0002453720007906668
17886,2478,116,34,2,0.0009585219995642547
17887,93624,110,34,8,0.0012854550004703924
17888,38413,111,33,1,0.0009175700033665635
17889,33500,158,32,1,0.0008113580006465781
17890,2736,120,32,12,0.0010029549994214904
17891,26713,156,31,5,0.0005890749998798128
17892,130588,112,31,0,0.001023447999614291
17893,106164,114,31,2,0.000630442998954095
17894,61157,139,31,0,0.0008671949981362559
17895,85740,202,30,0,0.0012403779983287677
17896,45970,168,29,1,0.00043679800000973046
17897,59292,120,29,2,0.001064437998138601
17898,71040,144,28,1,0.0009194949998345692
17899,114959,178,27,1,0.00041875900205923244
17900,74054,97,27,3,0.0004577609979605768
17901,19960,92,26,0,0.0007400700014841277
17902,14859,118,26,1,0.00048544499804847874
17903,124529,224,25,4,0.0005833000031998381
17904,114804,90,26,0,0.0006667189991276246
17905,121026,110,26,3,0.0005255939977359958
17906,14149,153,26,0,0.0008974250013125129
17907,49486,141,25,0,0.00016847799997776747
17908,25329,166,24,0,0.0002893980017688591
17909,8775,132,24,5,0.0003931280007236637
17910,54681,189,23,0,0.00021856199964531697
17911,99023,120,25,7,0.000487490000523394
17912,51358,145,25,4,0.0005124999988765921
17913,85451,169,26,5,0.0004857659987465013
17914,106497,252,25,1,0.0005680889989889693
17915,65337,214,25,4,0.00070322700048564
17916,66840,99,26,13,0.0006472729983215686
17917,48507,91,27,2,0.00043075799840153195
17918,39521,134,38,18,0.0010695579985622317
17919,8834,40,40,1,0.0011586479995457921
17920,40034,40,39,0,6.393199873855338e-05
17921,110249,40,38,0,5.551699723582715e-05
17922,55823,40,37,0,5.371000224840827e-05
17923,23121,40,36,0,5.122800212120637e-05
17924,38869,40,35,0,5.043700002715923e-05
17925,100795,40,34,0,5.0014001317322254e-05
17926,3543,40,33,0,7.313199967029504e-05
17927,56895,40,32,0,5.155700273462571e-05
17928,45891,40,31,0,4.9099002353614196e-05
17929,16455,40,30,0,4.800199894816615e-05
17930,122461,40,29,0,4.617400190909393e-05
17931,126168,40,28,0,4.501400326262228e-05
17932,101468,40,27,0,4.4528998841997236e-05
17933,14691,52,27,1,0.0003643529998953454
17934,75347,61,26,0,8.007499855011702e-05
17935,87497,51,25,0,7.454000297002494e-05
17936,38527,70,26,1,0.0007748229982098565
17937,109785,63,25,0,8.457299918518402e-05
17938,104312,60,24,0,7.391200051642954e-05
17939,83465,75,24,1,0.0006649009992543142
17940,822,66,23,0,7.950799772515893e-05
17941,109000,66,22,0,7.629800165886991e-05
17942,44251,68,21,0,6.832600047346205e-05
17943,103361,69,20,0,6.28849993518088e-05
17944,128107,66,19,0,8.374300159630366e-05
17945,19921,66,18,0,6.04029992246069e-05
17946,2545,80,17,0,0.00010683600339689292
17947,101986,76,16,0,6.279499939410016e-05
17948,57331,153,15,0,0.00020639499780372716
17949,37858,82,14,0,6.694100011372939e-05
17950,2486,68,13,0,4.7527999413432553e-05
17951,108054,127,13,0,0.00012394399891491048
17952,10373,112,12,0,0.00012614700244739652
17953,63663,91,11,0,6.808499892940745e-05
17954,81790,123,10,0,8.43779998831451e-05
17955,87262,113,12,0,0.00011525099762366153
17956,34066,114,13,0,0.0001570819986227434
17957,112157,141,14,0,0.00023440199947799556
17958,69090,132,15,0,0.00016686500021023676
17959,130997,258,18,0,0.00030880900158081204
17960,40495,180,40,1,0.001391695001075277
17961,92092,64,39,0,0.00011746300151571631
17962,95934,61,38,0,0.00013209299868321978
17963,39264,57,37,0,7.623499914188869e-05
17964,34110,45,36,0,6.278000000747852e-05
17965,106945,71,35,0,0.00010102699889102951
17966,88155,137,35,0,0.00023166100072558038
17967,10914,83,34,0,0.00013896300151827745
17968,36781,110,34,0,0.0003260019984736573
17969,32202,81,33,0,8.715699732420035e-05
17970,110402,80,32,0,8.86369998625014e-05
17971,70099,72,31,1,0.00010006199954659678
17972,100930,81,31,0,0.00010140999802388251
17973,19066,165,30,1,0.0002926680026575923
17974,46415,93,30,0,0.00020522499835351482
17975,41554,153,29,4,0.0007801669999025762
17976,40242,73,33,2,0.0013348699976631906
17977,85009,96,33,2,0.0008833379979478195
17978,42092,110,33,2,0.0004982110003766138
17979,95179,76,32,2,0.0003739280000445433
17980,29489,69,31,2,0.00037995499951648526
17981,42551,102,40,58,0.0021296929990057833
17982,78904,41,40,1,0.0010633400015649386
17983,25205,40,39,0,6.069300070521422e-05
17984,44091,49,38,0,6.821599890827201e-05
17985,105083,53,38,1,0.0008563009978388436
17986,75465,54,37,0,0.0006907040005899034
17987,86029,81,36,0,0.0001459439990867395
17988,62515,90,35,1,0.0005858750009792857
17989,115510,54,34,0,7.799800005159341e-05
17990,118942,49,36,2,0.0009187239993480034
17991,84265,66,39,1,0.0012197500000183936
17992,102691,58,38,0,0.00011242900291108526
17993,98225,70,38,1,0.0004864289985562209
17994,114,70,37,0,9.725999916554429e-05
17995,69250,53,39,3,0.0007269760026247241
17996,95036,229,40,34,0.0022566080006072298
17997,112972,55,40,7,0.001522337999631418
17998,128081,208,40,3,0.0009442009977647103
17999,2839,144,39,16,0.0017969700020330492
18000,131592,41,41,1,0.001230074998602504
18001,6358,50,40,0,8.983700172393583e-05
18002,57961,48,39,0,7.019899931037799e-05
18003,62459,45,38,0,6.424800085369498e-05
18004,100461,52,37,0,7.130000085453503e-05
18005,125678,85,36,0,0.00015862700092839077
18006,80782,58,35,0,9.67760024650488e-05
18007,74361,56,34,0,7.536100019933656e-05
18008,100717,41,33,0,5.224600317887962e-05
18009,42366,64,32,0,8.811499719740823e-05
18010,7026,52,31,0,7.41420008125715e-05
18011,14651,55,30,0,7.051200009300373e-05
18012,122495,45,29,0,6.284800110734068e-05
18013,8381,51,28,0,6.099200254539028e-05
18014,113726,49,27,0,5.786800102214329e-05
18015,55085,64,27,0,9.46889995248057e-05
18016,16400,74,26,1,0.00013304900130606256
18017,116337,81,25,0,0.00011556599929463118
18018,16434,65,24,0,9.753400081535801e-05
18019,107846,88,23,0,0.00014668999938294291
18020,5866,58,23,2,8.322999929077923e-05
18021,68363,153,22,0,0.00022194499979377724
18022,129273,93,21,1,0.00020183200103929266
18023,120199,109,20,0,9.226499969372526e-05
18024,111660,61,19,0,0.0002977049989567604
18025,71801,85,18,1,0.0001237700016645249
18026,113138,93,17,0,0.0001288620005652774
18027,122425,92,17,1,0.00018666400137590244
18028,8833,117,16,0,0.0002061080012936145
18029,44183,139,15,1,0.0001551550012663938
18030,49689,52,14,2,0.00010293699961039238
18031,89588,98,14,1,0.00013525299800676294
18032,19383,112,14,0,0.0005108709992782678
18033,60471,149,17,2,0.0004580329987220466
18034,100394,151,17,0,0.00026570500267553143
18035,55999,126,17,2,0.00022665800133836456
18036,39696,163,17,3,0.00015445499957422726
18037,106274,185,25,5,0.0006242270028451458
18038,112848,108,24,0,0.00016897599925869144
18039,35290,427,27,5,0.0011995579989161342
18040,52682,281,34,2,0.0005075689987279475
18041,120618,120,40,28,0.0018842880017473362
18042,121869,47,41,1,0.0011749020013667177
18043,131209,47,40,0,7.218099926831201e-05
18044,130442,41,39,0,5.5792999773984775e-05
18045,3607,44,38,0,7.234799704747275e-05
18046,115986,51,37,0,9.067699647857808e-05
18047,86676,47,36,0,6.128400127636269e-05
18048,108181,44,35,0,5.4923999414313585e-05
18049,130328,41,34,0,5.060900002717972e-05
18050,80438,47,33,0,5.698199674952775e-05
18051,38308,44,32,0,5.298700125422329e-05
18052,109337,44,31,0,5.337699985830113e-05
18053,46685,41,30,0,4.794200140167959e-05
18054,2743,47,29,0,6.029699943610467e-05
18055,103179,47,28,0,5.546300235437229e-05
18056,114977,47,27,0,5.303699799696915e-05
18057,117,44,26,0,4.750700099975802e-05
18058,54947,41,25,0,4.4957996578887105e-05
18059,104473,47,24,0,4.95509993925225e-05
18060,80496,45,23,0,4.5033000787952915e-05
18061,117090,47,22,0,4.527200144366361e-05
18062,38375,41,21,0,6.035499973222613e-05
18063,125512,133,20,0,0.0001506910011812579
18064,130363,53,19,0,4.850100231124088e-05
18065,112163,44,18,0,3.498699879855849e-05
18066,53955,47,17,0,3.310000101919286e-05
18067,72647,47,16,0,3.071100218221545e-05
18068,130239,41,15,0,2.653800038387999e-05
18069,88511,67,14,0,5.0569000450195745e-05
18070,117289,41,13,0,2.9077000363031402e-05
18071,75948,41,12,0,2.2709999029757455e-05
18072,82615,47,11,0,2.608099748613313e-05
18073,75975,44,10,0,2.289099938934669e-05
18074,75976,41,9,0,2.0456001948332414e-05
18075,75996,94,9,1,7.73819992900826e-05
18076,88419,50,8,0,5.3886000387137756e-05
18077,76034,49,7,0,2.1793999621877447e-05
18078,72161,46,6,0,1.8909002392319962e-05
18079,1086,362,38,11,0.0011381909971532878
18080,99348,41,41,1,0.0011115060005977284
18081,94244,58,41,7,0.0005238939993432723
18082,82482,51,41,0,0.0006115449978096876
18083,18481,58,40,0,7.75459993747063e-05
18084,45039,49,39,0,6.658200072706677e-05
18085,64852,58,38,0,8.18089974927716e-05
18086,97115,48,37,0,6.424300227081403e-05
18087,66401,48,36,0,6.0531998315127566e-05
18088,39923,42,35,1,0.000704484002199024
18089,81908,47,34,0,6.642399966949597e-05
18090,45438,107,33,0,0.00015374900249298662
18091,13698,48,32,0,8.594899918534793e-05
18092,34531,48,32,0,7.26630023564212e-05
18093,45746,75,31,1,0.0006354219985951204
18094,57419,70,41,4,0.0007994219995453022
18095,129683,53,41,1,0.0011930680011573713
18096,85229,99,40,0,0.0002169699982914608
18097,13012,56,41,6,0.0013725070020882413
18098,45009,171,41,9,0.0017800740024540573
18099,23156,81,41,4,0.00045652799963136204
18100,57091,131,41,1,0.00033254099980695173
18101,38155,216,42,31,0.002249310000479454
18102,110902,172,41,14,0.001487098001234699
18103,40170,234,41,12,0.002045364999503363
18104,121112,42,42,1,0.0011510779986565467
18105,27169,42,41,0,6.753200068487786e-05
18106,118912,52,40,0,7.446699964930303e-05
18107,106546,42,39,0,5.817099736304954e-05
18108,71776,44,38,0,5.6697001127758995e-05
18109,29153,45,38,0,0.00011612300295382738
18110,46684,45,37,0,5.8100999012822285e-05
18111,109036,45,36,0,7.582400212413631e-05
18112,109562,45,35,0,6.441400182666257e-05
18113,130561,45,34,0,5.9111000155098736e-05
18114,127111,52,33,0,6.631899668718688e-05
18115,36013,45,32,0,5.449799937196076e-05
18116,77240,45,31,0,5.384300311561674e-05
18117,67742,45,30,0,5.2683997637359425e-05
18118,81851,45,29,0,5.1554998208303005e-05
18119,125853,45,28,0,5.577200136031024e-05
18120,36002,45,27,0,5.036899892729707e-05
18121,115491,45,26,0,5.08639968757052e-05
18122,80037,45,25,0,4.903399894828908e-05
18123,32607,45,24,0,4.564299888443202e-05
18124,52781,45,23,0,4.6753000788157806e-05
18125,130865,47,22,0,4.841199915972538e-05
18126,51137,45,21,0,4.3992000428261235e-05
18127,33362,45,20,0,4.160800017416477e-05
18128,31813,45,19,0,5.8295001508668065e-05
18129,85051,45,18,0,3.329399987705983e-05
18130,59092,45,17,0,2.9033999453531578e-05
18131,42972,72,17,1,6.258800203795545e-05
18132,24649,47,16,0,4.595900099957362e-05
18133,3905,46,15,0,2.9646998882526532e-05
18134,8003,47,14,0,2.8018999728374183e-05
18135,125524,47,13,0,2.6091998734045774e-05
18136,111046,134,12,1,0.00012735700147459283
18137,20055,73,11,0,5.1979001000290737e-05
18138,8816,47,10,0,2.5024000933626667e-05
18139,110570,49,9,1,8.604799950262532e-05
18140,128204,100,12,1,0.0001670279998506885
18141,77179,101,14,1,0.0002566090006439481
18142,79956,64,14,2,0.0001408869975421112
18143,102855,121,15,1,0.0001501460028521251
18144,41918,84,16,0,0.00013591099923360161
18145,121118,105,31,1,0.0007721000001765788
18146,77320,103,33,4,0.0009883880011329893
18147,28317,116,40,0,0.00023530199905508198
18148,9896,68,39,18,0.0021199510010774247
18149,65388,83,39,0,0.000409819000196876
18150,77480,188,40,13,0.0010115699988091365
18151,101797,105,40,5,0.0015296120000130031
18152,14063,148,41,36,0.0019574949983507395
18153,76749,133,41,13,0.0018095779996656347
18154,117615,108,42,4,0.001387275999150006
18155,119412,42,42,1,0.0012485859988373704
18156,75145,73,42,3,0.0008282889975816943
18157,116658,150,42,0,0.0008448659973510075
18158,43961,155,41,0,0.0008905579998099711
18159,30407,50,40,2,0.001277542000025278
18160,40978,190,41,0,0.0007034820009721443
18161,18781,174,40,0,0.0002516839995223563
18162,15524,73,41,1,0.001684533002844546
18163,36739,106,40,1,0.0006162760000734124
18164,104073,76,40,0,0.00048186700223595835
18165,120425,214,39,0,0.0007288009983312804
18166,20405,172,39,0,0.0002696109986572992
18167,73703,197,38,0,0.00029480699959094636
18168,67890,91,40,2,0.0020360509988677222
18169,13758,93,39,1,0.001674433999141911
18170,18533,102,40,1,0.0017867460010165814
18171,463,42,42,1,0.0012779660028172657
18172,85199,50,42,1,0.0012956700011272915
18173,12328,74,41,0,0.00016728899936424568
18174,55155,96,40,0,0.0001608500024303794
18175,105545,65,39,0,0.00010334699982195161
18176,50730,95,38,0,0.00018037300105788745
18177,78169,89,37,0,0.00013225400107330643
18178,74989,69,36,0,9.709300138638355e-05
18179,90879,68,35,0,8.898699888959527e-05
18180,108418,51,34,0,7.234300210257061e-05
18181,111496,151,33,0,0.000202014998649247
18182,34862,82,32,0,0.00010438900062581524
18183,33709,65,31,0,0.00011477999942144379
18184,65713,128,30,0,0.0001680329987721052
18185,11851,111,29,0,0.0001433889992767945
18186,81585,61,28,0,8.009800149011426e-05
18187,129737,43,27,0,4.9427002522861585e-05
18188,94679,72,26,0,8.25220013211947e-05
18189,93426,66,25,0,7.067000115057454e-05
18190,53473,65,24,0,6.636499892920256e-05
18191,96500,76,23,0,8.133500159601681e-05
18192,109912,45,22,0,8.039200110943057e-05
18193,24969,68,21,0,6.805599696235731e-05
18194,76564,86,20,0,0.00012249100109329447
18195,98055,87,19,0,9.178899927064776e-05
18196,52351,94,18,0,7.256599928950891e-05
18197,75254,66,17,0,5.4754000302636996e-05
18198,100099,85,16,0,5.831299858982675e-05
18199,11152,116,15,0,9.121000039158389e-05
18200,41077,65,14,0,4.1928000428015366e-05
18201,128732,52,13,0,3.129800097667612e-05
18202,66826,70,12,0,6.020699947839603e-05
18203,12376,68,11,0,3.5783003113465384e-05
18204,8953,99,10,0,6.036099875927903e-05
18205,114677,74,9,0,4.344800254330039e-05
18206,4959,73,8,0,4.1389001125935465e-05
18207,101495,71,7,0,3.2744999771239236e-05
18208,97431,52,6,0,2.8417998692020774e-05
18209,102617,97,5,0,4.382699989946559e-05
18210,21786,82,4,0,2.7508001949172467e-05
18211,87452,58,3,0,2.2685002477373928e-05
18212,47237,80,2,0,2.2627998987445608e-05
18213,39298,113,2,0,4.021499989903532e-05
18214,461,124,2,0,4.687100226874463e-05
18215,128016,44,44,1,0.0014927519987395499
18216,46668,62,43,0,0.0001341620009043254
18217,122101,78,42,0,0.00012884100215160288
18218,73034,44,41,0,7.253699732245877e-05
18219,113434,57,40,0,9.096399662666954e-05
18220,7522,44,39,0,6.204300007084385e-05
18221,53483,63,39,0,0.00010548499994911253
18222,13876,69,38,1,0.00042830600068555214
18223,16877,125,37,1,0.00026061799871968105
18224,42883,106,37,0,0.00018389699835097417
18225,54771,96,36,3,0.0009526020003249869
18226,91005,76,35,0,0.00024258099801954813
18227,76854,83,35,0,0.0001710680007818155
18228,12997,156,34,1,0.0004029619994980749
18229,86202,144,33,0,0.00020369800040498376
18230,119253,95,32,1,0.00028584699975908734
18231,4024,124,32,3,0.0006592820027435664
18232,67410,175,31,1,0.0003762519991141744
18233,29289,72,31,2,0.0012887049997516442
18234,60288,63,32,8,0.0009099449998757336
18235,62604,83,32,0,0.001101685000321595
18236,68603,181,34,2,0.0010472430003574118
18237,115076,95,33,4,0.0013315199976204894
18238,85659,213,37,21,0.002452700002322672
18239,100958,141,36,2,0.0017229510012839455
18240,131813,182,36,23,0.002422089000901906
18241,67374,143,37,2,0.0005771069991169497
18242,23986,323,39,5,0.002454461999150226
18243,94235,333,40,17,0.0021924539978499524
18244,38966,213,40,41,0.003178770999511471
18245,35777,156,39,3,0.001170621999335708
18246,117350,211,40,11,0.002501048002159223
18247,49118,271,39,5,0.0016764710017014295
18248,115607,235,39,2,0.0012903989991173148
18249,34608,336,38,13,0.0021849650001968257
18250,45163,174,42,3,0.0014051350008230656
18251,38109,420,42,13,0.0023055439996824134
18252,119413,44,44,1,0.001412826000887435
18253,116881,44,43,0,7.146899952203967e-05
18254,116885,47,42,0,6.988699897192419e-05
18255,84164,47,43,0,0.0014020490016264375
18256,87492,67,42,0,0.00010311599908163771
18257,116054,47,41,0,6.82319987390656e-05
18258,32129,48,40,0,6.902699897182174e-05
18259,58397,47,39,0,7.054700108710676e-05
18260,72116,47,38,0,6.129599933046848e-05
18261,82195,65,37,0,0.0013190389981900807
18262,72168,47,36,0,0.00010176800060435198
18263,9667,63,35,0,9.611000132281333e-05
18264,54558,57,34,0,0.00011699999959091656
18265,122276,47,33,0,6.12660005572252e-05
18266,120851,47,32,0,5.89259980188217e-05
18267,3582,47,31,0,6.23600026301574e-05
18268,57158,47,30,0,5.429500015452504e-05
18269,125915,47,29,0,5.1422000979073346e-05
18270,120929,47,28,0,5.179400250199251e-05
18271,48548,47,27,0,5.272699854685925e-05
18272,87685,80,27,0,0.00010884299990721047
18273,103697,73,27,0,0.0010171399990213104
18274,47463,69,26,0,0.00010843500058399513
18275,47486,73,25,0,7.636599912075326e-05
18276,64456,61,24,0,0.00020833900271099992
18277,83284,73,23,0,7.285600077011622e-05
18278,83992,82,22,0,8.488200182910077e-05
18279,96411,66,21,2,9.61520017881412e-05
18280,131204,76,21,0,8.433100083493628e-05
18281,45920,79,20,0,7.600599928991869e-05
18282,58700,74,19,0,5.484800203703344e-05
18283,30912,136,18,1,0.00016271500135189854
18284,116004,72,17,0,5.119900015415624e-05
18285,59793,82,16,0,6.204399687703699e-05
18286,117288,77,15,0,4.8345998948207125e-05
18287,85934,76,14,0,4.6752000343985856e-05
18288,130543,76,13,0,4.3885000195587054e-05
18289,91101,96,13,1,7.43689997761976e-05
18290,82115,88,12,0,6.044000110705383e-05
18291,58411,74,12,2,0.0001680510031292215
18292,131121,124,12,2,0.00023993699869606644
18293,63793,118,14,2,0.00020998499894631095
18294,103671,97,26,0,0.0003404500021133572
18295,56221,64,44,1,0.0017144939993158914
18296,36833,68,43,0,0.00011885200001415797
18297,62596,45,45,1,0.0014739580001332797
18298,109733,45,44,0,0.00011091399937868118
18299,92229,45,43,0,6.919100269442424e-05
18300,98637,45,42,0,6.392399882315658e-05
18301,26305,45,41,0,6.353899880195968e-05
18302,99718,45,40,0,6.773299901396967e-05
18303,113254,45,39,0,6.096899960539304e-05
18304,89782,45,38,0,6.239800131879747e-05
18305,56723,45,37,0,6.115299765951931e-05
18306,77525,74,37,0,0.00022880899996380322
18307,59501,69,36,0,0.00016720599887776189
18308,93025,115,35,1,0.00024957500136224553
18309,66740,85,34,0,0.0001240820020029787
18310,59830,55,33,0,7.171800098149106e-05
18311,65642,75,33,0,0.0004657729987229686
18312,41425,75,32,0,9.411000064574182e-05
18313,30068,68,32,0,0.0012522690012701787
18314,51962,69,32,0,0.0001894189990707673
18315,33983,72,31,0,8.91800009412691e-05
18316,4469,63,30,0,0.0010059590022137854
18317,122978,91,30,0,0.0012806010017811786
18318,46797,88,30,0,0.0005148230011400301
18319,125022,65,29,1,0.0005606350023299456
18320,82142,83,28,0,0.0003870330001518596
18321,38858,125,28,0,0.0009901049998006783
18322,101780,105,27,0,0.00011821800217148848
18323,35411,139,26,0,0.00018838300093193538
18324,17806,125,25,0,0.00012240899741300382
18325,108090,126,24,0,0.00011136499961139634
18326,63346,121,23,0,0.00010543700045673177
18327,33973,126,22,0,0.00010355699851061217
18328,50427,125,21,0,9.283200051868334e-05
18329,83016,112,21,0,0.0003345769982843194
18330,15211,129,20,0,0.00013098999988869764
18331,13068,111,19,0,9.790699914447032e-05
18332,25452,158,18,4,0.0003082330003962852
18333,116191,124,19,1,0.00021633000142173842
18334,126394,150,20,2,0.00031808700077817775
18335,61175,133,21,1,0.0002715699993132148
18336,51437,138,22,1,0.0003240100013499614
18337,75441,96,27,0,0.00041198200051439926
18338,837,137,31,3,0.0007756520026305225
18339,80912,106,36,0,0.00031811299777473323
18340,19981,51,46,1,0.0015192350001598243
18341,110473,49,45,0,8.422300015809014e-05
18342,127794,46,44,0,6.560100155184045e-05
18343,128095,46,43,0,6.758800009265542e-05
18344,52495,46,42,0,6.2572999013355e-05
18345,132492,112,41,0,0.00017345800006296486
18346,26775,52,40,0,6.900600055814721e-05
18347,118760,52,39,0,9.819600018090568e-05
18348,7928,46,38,0,6.066000059945509e-05
18349,31449,48,37,0,6.0358001064741984e-05
18350,73345,46,36,0,9.768699965206906e-05
18351,123238,49,35,0,6.191699867486022e-05
18352,117174,46,34,0,5.529600093723275e-05
18353,9999,46,33,0,5.567299740505405e-05
18354,110459,47,32,0,5.750199852627702e-05
18355,293,46,31,0,5.426400093710981e-05
18356,112085,47,30,0,5.342100121197291e-05
18357,44255,52,29,0,6.009400021866895e-05
18358,112069,50,28,0,5.6832999689504504e-05
18359,67090,60,27,0,7.57550005801022e-05
18360,25780,48,26,0,5.2027000492671505e-05
18361,35038,50,25,0,7.62290001148358e-05
18362,59719,46,24,0,4.888900002697483e-05
18363,66036,50,23,0,4.961900049238466e-05
18364,86000,49,22,0,4.755900226882659e-05
18365,61438,48,21,0,4.5013999624643475e-05
18366,12927,46,20,0,4.18010022258386e-05
18367,42080,49,19,0,4.1686002077767625e-05
18368,85485,49,18,0,3.6161000025458634e-05
18369,50920,46,17,0,3.09429997287225e-05
18370,56938,48,16,0,3.236799966543913e-05
18371,61119,46,15,0,3.265200211899355e-05
18372,36625,68,15,0,6.709499939461239e-05
18373,16920,65,14,0,3.9041999116307124e-05
18374,25112,70,13,0,3.9013000787235796e-05
18375,76345,69,12,0,3.641399962361902e-05
18376,111223,136,11,0,0.00013443799980450422
18377,24442,72,10,0,8.743000216782093e-05
18378,36789,68,9,0,3.280400051153265e-05
18379,41202,88,9,0,0.00020058300287928432
18380,59733,143,9,0,8.189500294975005e-05
18381,21512,113,9,1,0.00018240699864691123
18382,88216,145,8,1,8.289000106742606e-05
18383,18396,192,15,1,0.00027890999990631826
18384,535,72,46,1,0.0016041310009313747
18385,66205,52,45,0,9.046400009538047e-05
18386,89652,65,44,0,0.0001049290003720671
18387,46691,46,43,0,7.033400106593035e-05
18388,1186,47,42,0,6.601499990210868e-05
18389,70307,92,41,0,0.0001424410002073273
18390,27563,47,40,0,6.520700117107481e-05
18391,47052,52,39,0,7.247499888762832e-05
18392,42201,59,38,0,8.344500020029955e-05
18393,10429,46,37,0,5.8500998420640826e-05
18394,98951,46,36,0,5.892099943594076e-05
18395,19564,59,35,0,7.215199730126187e-05
18396,2115,46,34,0,5.749200136051513e-05
18397,42438,68,33,0,8.781300130067393e-05
18398,74310,53,32,0,8.683399937581271e-05
18399,92113,59,31,0,6.944800043129362e-05
18400,19696,46,30,0,5.2774001233046874e-05
18401,73462,59,29,0,6.399199992301874e-05
18402,47571,59,28,0,6.400799975381233e-05
18403,24313,62,27,0,6.748200030415319e-05
18404,2392,98,26,0,0.00013132299864082597
18405,5674,66,26,0,0.00031394399775308557
18406,3964,73,25,0,0.00010936400212813169
18407,80011,67,24,0,6.766799924662337e-05
18408,43765,65,23,0,8.020799941732548e-05
18409,45180,111,22,0,0.00010425899745314382
18410,123757,161,21,0,0.0001854699985415209
18411,112705,68,20,0,6.038300125510432e-05
18412,123909,118,19,0,0.00011883299885084853
18413,95887,66,18,0,4.8974001401802525e-05
18414,99980,66,17,0,4.4493001041701064e-05
18415,133266,66,16,0,7.363999975495972e-05
18416,34454,155,15,0,0.00010540400035097264
18417,67862,69,14,0,5.062700074631721e-05
18418,72284,66,13,0,3.629599814303219e-05
18419,76504,66,12,0,3.445399852353148e-05
18420,58395,64,11,0,3.2634998206049204e-05
18421,24412,80,11,1,7.515299876104109e-05
18422,59881,109,10,0,9.668399798101746e-05
18423,81414,78,9,0,3.533799826982431e-05
18424,6729,90,8,0,7.537100100307725e-05
18425,2758,85,7,0,3.690100129460916e-05
18426,7072,116,7,0,0.00013396700160228647
18427,12680,94,7,0,8.293800055980682e-05
18428,1155,134,21,0,0.00019595800040406175
18429,43601,173,25,2,0.00042686999950092286
18430,22523,196,28,2,0.00038381899867090397
18431,95773,66,46,1,0.0015044639985717367
18432,124359,46,45,0,7.526199988205917e-05
18433,82887,46,44,0,9.571600094204769e-05
18434,103046,70,43,0,0.0001141520006058272
18435,66514,46,42,0,7.244399967021309e-05
18436,49242,46,41,0,6.217099871719256e-05
18437,112486,46,40,0,6.0172002122271806e-05
18438,103796,55,39,0,7.871799971326254e-05
18439,51700,46,38,0,5.8588000683812425e-05
18440,107657,46,37,0,5.981299909763038e-05
18441,123790,51,37,1,0.0008042389999900479
18442,97434,51,36,0,7.045000165817328e-05
18443,114539,51,35,0,6.222700176294893e-05
18444,105925,51,34,0,6.173700239742175e-05
18445,27470,93,33,0,0.00013456499800668098
18446,104113,51,32,0,6.247000055736862e-05
18447,111723,62,31,0,8.117300239973702e-05
18448,1917,87,30,0,0.00011113899745396338
18449,31800,55,29,0,6.693400064250454e-05
18450,109375,51,28,0,5.806500121252611e-05
18451,123706,51,27,0,5.5344000429613516e-05
18452,90402,323,46,0,0.0013268200018501375
18453,60211,91,46,2,0.00186691699855146
18454,99825,77,45,2,0.001776848999725189
18455,97249,195,47,2,0.0008928550014388748
18456,88583,52,48,1,0.0015571730000374373
18457,79339,48,47,0,7.759700019960292e-05
18458,54591,48,46,0,6.983400089666247e-05
18459,124145,48,45,0,6.612899960600771e-05
18460,69704,48,44,0,6.852400110801682e-05
18461,3721,54,43,0,7.957699926919304e-05
18462,33364,48,42,0,6.388800102286041e-05
18463,26204,52,41,0,6.602800203836523e-05
18464,77416,48,40,0,6.019200009177439e-05
18465,123134,48,39,0,5.99449995206669e-05
18466,1664,48,38,0,8.454899943899363e-05
18467,124686,75,37,0,9.345600119559094e-05
18468,4507,48,36,0,6.0769998526666313e-05
18469,96241,48,35,0,5.750399941462092e-05
18470,89804,68,34,0,7.765500049572438e-05
18471,47056,48,33,0,5.5027998314471915e-05
18472,76467,48,32,0,5.500699990079738e-05
18473,10348,48,31,0,5.847599823027849e-05
18474,23296,49,30,0,5.817499913973734e-05
18475,36617,52,29,0,5.997999687679112e-05
18476,18952,49,28,0,5.448400042951107e-05
18477,37248,48,27,0,5.233399861026555e-05
18478,11916,52,26,0,5.564900129684247e-05
18479,104467,48,25,0,4.9131002015201375e-05
18480,17292,52,24,0,7.583500337204896e-05
18481,21847,74,23,0,6.830400161561556e-05
18482,132226,49,22,0,4.851300036534667e-05
18483,6468,52,21,0,8.423899998888373e-05
18484,80777,52,20,0,5.0676000682869926e-05
18485,94350,52,19,0,4.330299998400733e-05
18486,49424,50,18,0,3.719900269061327e-05
18487,81169,52,17,0,3.368800025782548e-05
18488,124309,48,16,0,3.0285002139862627e-05
18489,124247,52,15,0,3.5347999073565006e-05
18490,124248,48,14,0,2.698900061659515e-05
18491,101025,48,13,0,2.728199979173951e-05
18492,80763,52,12,0,2.7553000109037384e-05
18493,119360,48,11,0,2.4445998860755935e-05
18494,101585,70,10,0,3.291200118837878e-05
18495,116579,49,9,0,2.3504999262513593e-05
18496,75042,48,8,0,2.1795000066049397e-05
18497,103770,48,7,0,2.057000165223144e-05
18498,23913,48,6,0,1.954500112333335e-05
18499,74084,52,5,0,1.93900013982784e-05
18500,80044,52,4,0,1.5646997781004757e-05
18501,33139,70,3,0,2.0489998860284686e-05
18502,118184,52,2,0,1.3600001693703234e-05
18503,11707,48,1,0,1.164700006484054e-05
18504,56290,172,3,0,9.842700092121959e-05
18505,41476,51,51,1,0.0017913369993038941
18506,116488,51,50,0,0.00010883499999181367
18507,16259,62,49,0,0.00010314799874322489
18508,99347,100,48,0,0.00016118399798870087
18509,82160,51,47,0,7.670099876122549e-05
18510,20813,61,46,0,9.37610020628199e-05
18511,26872,85,45,0,0.00013256899910629727
18512,32468,85,44,0,0.00010584200208541006
18513,89753,54,43,0,7.755399929010309e-05
18514,44502,51,42,0,9.359400064568035e-05
18515,44645,67,41,0,9.246300032828003e-05
18516,53481,58,40,0,0.00011277099838480353
18517,81287,51,39,0,6.969800233491696e-05
18518,9412,51,38,0,6.376300007104874e-05
18519,100752,85,37,0,0.00011024699779227376
18520,96796,71,36,0,8.846199852996506e-05
18521,117627,64,35,0,7.579399971291423e-05
18522,97110,77,34,0,8.852100290823728e-05
18523,57560,51,33,0,7.234100121422671e-05
18524,18996,51,32,0,8.443800106761046e-05
18525,81899,51,31,0,5.9314999816706404e-05
18526,33053,85,30,0,9.325200153398328e-05
18527,43484,51,29,0,5.774199962615967e-05
18528,124701,64,28,0,7.0882000727579e-05
18529,27588,51,27,0,5.498899918165989e-05
18530,40607,54,26,0,5.927200254518539e-05
18531,100640,63,25,0,6.987999950069934e-05
18532,27170,51,24,0,5.246900036581792e-05
18533,6947,85,23,0,8.083799912128597e-05
18534,37541,51,22,0,5.265800064080395e-05
18535,106794,77,21,0,6.798400136176497e-05
18536,119978,51,20,0,5.006400169804692e-05
18537,94954,54,19,0,6.839299749117345e-05
18538,89654,61,18,0,4.581900066114031e-05
18539,43066,65,17,0,4.522000017459504e-05
18540,40811,84,16,0,5.8431000070413575e-05
18541,72811,70,15,0,4.3536998418858275e-05
18542,83257,72,14,0,4.099400030099787e-05
18543,79277,72,13,0,4.118799915886484e-05
18544,97583,93,12,0,6.021300214342773e-05
18545,90426,81,11,0,3.880900112562813e-05
18546,30007,82,10,0,3.736099824891426e-05
18547,6000,82,9,0,4.943800013279542e-05
18548,27309,51,8,0,2.2962001821724698e-05
18549,35991,94,8,0,4.922900188830681e-05
18550,43483,86,7,0,5.442899782792665e-05
18551,36257,105,6,0,7.061399810481817e-05
18552,28426,80,6,0,8.680500104674138e-05
18553,11443,100,5,0,5.7929999456973746e-05
18554,26988,98,6,0,5.978199988021515e-05
18555,27901,143,5,0,0.00011298599929432385
18556,80896,69,52,1,0.0021232430008240044
18557,529,71,51,0,0.00014111099881120026
18558,131866,102,50,0,0.00021461899814312346
18559,62084,59,49,0,0.00013093900270177983
18560,16931,72,48,0,0.00012408100155880675
18561,63476,74,47,0,0.00013694099834538065
18562,110423,52,46,0,8.251399776781909e-05
18563,49020,52,45,0,8.177200288628228e-05
18564,28633,67,44,0,9.160899935523048e-05
18565,34975,59,43,0,9.028299973579124e-05
18566,52703,58,42,0,8.323200017912313e-05
18567,29546,70,41,0,0.00010205999933532439
18568,53098,52,40,0,7.67759993323125e-05
18569,10384,57,39,0,8.179799988283776e-05
18570,90437,86,38,0,0.00012840000272262841
18571,119591,64,37,0,8.652000178699382e-05
18572,129966,88,36,0,0.00013866300287190825
18573,33840,59,35,0,7.704399831709452e-05
18574,119395,56,34,0,7.408700184896588e-05
18575,111412,52,33,0,6.504100019810721e-05
18576,109509,58,32,0,7.614499918418005e-05
18577,90048,58,31,0,0.00010333599857403897
18578,46160,58,30,0,6.883799869683571e-05
18579,125156,72,30,1,0.00015591299961670302
18580,74653,123,29,1,0.000281134998658672
18581,90038,96,29,1,0.00088915000014822
18582,103230,103,28,0,0.00012292899918975309
18583,40855,112,27,0,0.0007572560025437269
18584,51933,129,26,1,0.00019878900275216438
18585,72216,117,25,0,0.00015116199938347563
18586,8094,148,25,0,0.0002240430003439542
18587,111908,91,24,1,0.0005774590026703663
18588,81031,155,23,0,0.00028037700030836277
18589,101361,134,22,0,0.00021731200104113668
18590,18984,123,23,0,0.0005417829997895751
18591,113663,132,22,0,0.00020013800167362206
18592,13739,179,21,2,0.0005219320009928197
18593,60975,148,20,0,0.00020367199977044947
18594,11205,121,19,0,0.00015590799739584327
18595,43160,214,19,0,0.0002627690009830985
18596,55837,144,18,0,0.0001129100019170437
18597,91586,219,18,0,0.00025257400193368085
18598,50808,269,17,2,0.00031100799969863147
18599,124741,256,17,0,0.00032965200080070645
18600,18314,329,16,1,0.0005493379976542201
18601,127886,222,16,0,0.000243725000473205
18602,44612,313,15,1,0.00045954700181027874
18603,93504,387,15,0,0.00043142099821125157
18604,89732,351,15,0,0.0002793870007735677
18605,49387,249,14,0,0.0002135599970642943
18606,75223,270,15,0,0.00023840300127631053
18607,104963,66,53,1,0.0021280129985825624
18608,80646,53,52,0,9.627699910197407e-05
18609,20498,53,51,0,8.3199000073364e-05
18610,64293,53,50,0,8.365599933313206e-05
18611,103558,69,49,0,0.00010331999874324538
18612,131133,69,48,0,9.082099859369919e-05
18613,103673,53,47,0,7.494999954360537e-05
18614,130398,70,46,0,8.829999933368526e-05
18615,109386,53,45,0,9.925300037139095e-05
18616,64411,69,44,0,8.859399895300157e-05
18617,58850,69,43,0,8.389700087718666e-05
18618,60579,63,42,0,7.964600081322715e-05
18619,58217,53,41,0,7.04100020811893e-05
18620,51690,69,40,0,8.022900146897882e-05
18621,117778,66,39,0,9.609399785404094e-05
18622,83848,73,38,0,9.074300032807514e-05
18623,58751,53,37,0,6.865300019853748e-05
18624,64945,53,36,0,6.567200034623966e-05
18625,85940,69,35,0,7.805099812685512e-05
18626,48549,53,34,0,8.618200081400573e-05
18627,109370,53,33,0,6.734499766025692e-05
18628,88969,53,32,0,6.366000161506236e-05
18629,76108,53,31,0,6.108100205892697e-05
18630,121767,71,30,0,7.61520022933837e-05
18631,54424,53,29,0,5.935599983786233e-05
18632,120959,69,28,0,6.629400013480335e-05
18633,54552,53,27,0,5.998599954182282e-05
18634,87518,69,26,0,6.656999903498217e-05
18635,111913,100,25,0,0.00010160600140807219
18636,52138,53,24,0,5.432800026028417e-05
18637,54157,74,23,0,6.902499808347784e-05
18638,784,53,22,0,8.04920018708799e-05
18639,85948,98,21,0,0.00015239899948937818
18640,50642,53,20,0,0.00010109600043506362
18641,58844,69,19,0,6.011300138197839e-05
18642,131091,129,18,0,0.00010403799751657061
18643,87507,53,17,0,3.655399996205233e-05
18644,64279,53,16,0,3.31150004058145e-05
18645,115421,53,15,0,3.0660001357318833e-05
18646,69869,100,14,0,5.115999738336541e-05
18647,80629,144,14,1,0.00028676700094365515
18648,104942,149,13,1,0.0001617640009499155
18649,57375,98,12,0,5.117199907545e-05
18650,116846,169,11,0,0.00014742799976374954
18651,85972,78,21,0,9.777100058272481e-05
18652,130401,117,20,0,8.209299994632602e-05
18653,103589,78,19,0,5.476200021803379e-05
18654,118341,101,18,0,9.387999671162106e-05
18655,50247,78,17,0,4.890100171905942e-05
18656,48567,93,16,0,4.873799844062887e-05
18657,131391,78,15,0,3.912800093530677e-05
18658,103484,105,22,0,0.000136009999550879
18659,14976,107,55,1,0.0025364219982293434
18660,9987,65,54,0,0.00018423700021230616
18661,32020,76,53,0,0.00014189499779604375
18662,95255,63,52,0,0.00010025400115409866
18663,49944,80,51,0,0.0001361050017294474
18664,99374,81,50,0,0.00012096700083930045
18665,30,80,49,0,0.00011494299906189553
18666,13889,93,48,0,0.00018412599820294417
18667,87294,129,47,0,0.0002533209990360774
18668,75616,80,46,0,0.00015466800323338248
18669,96459,80,45,0,0.00013760900037596002
18670,47968,274,44,0,0.0004943870007991791
18671,84327,76,43,0,0.00012103600238333456
18672,4786,157,42,0,0.00024165599825209938
18673,5233,81,41,0,0.00010353200195822865
18674,111600,81,40,0,9.632699948269874e-05
18675,49747,80,39,0,0.00012557799709611572
18676,2633,80,38,0,9.412500003236346e-05
18677,68018,173,37,0,0.0002851489989552647
18678,40181,80,36,0,0.00010111699884873815
18679,51701,55,35,0,7.132899918360636e-05
18680,101558,55,34,0,6.775699876016006e-05
18681,90427,55,33,0,6.617899998673238e-05
18682,916,62,32,0,0.00011727700257324614
18683,34893,80,31,0,9.38179982767906e-05
18684,23626,139,30,0,0.00017066800137399696
18685,83674,108,29,0,0.00012140900071244687
18686,99361,55,28,0,6.323300112853758e-05
18687,31802,55,27,0,6.090399983804673e-05
18688,11874,81,26,0,7.548599751316942e-05
18689,89194,80,25,0,7.324000034714118e-05
18690,101751,55,24,0,5.5813001381466165e-05
18691,60308,148,23,0,0.00018645300224306993
18692,27331,76,22,0,7.043400182737969e-05
18693,29845,55,21,0,5.5357999372063205e-05
18694,101863,76,20,0,6.177199975354597e-05
18695,38264,76,19,0,6.943700282135978e-05
18696,82886,69,18,0,4.7058998461579904e-05
18697,5335,154,17,0,0.00013878499885322526
18698,386,55,16,0,3.667100099846721e-05
18699,77959,140,15,0,0.00010301699876436032
18700,128213,112,14,0,8.521800191374496e-05
18701,72315,80,13,0,4.366999928606674e-05
18702,47765,67,12,0,4.363100015325472e-05
18703,10976,220,12,1,0.0002856399987649638
18704,36907,297,11,0,0.00019180899835191667
18705,16190,109,10,0,0.00012717100253212266
18706,6288,146,9,0,8.353500015800819e-05
18707,105680,153,8,0,0.00012996499935979955
18708,28516,271,7,0,0.00017917800141731277
18709,111161,350,6,0,0.00022122199879959226
18710,21718,369,6,0,0.00020852200032095425
18711,53213,504,5,0,0.0002331770010641776
18712,64054,292,4,1,0.00013842399857821874
18713,62821,418,3,0,0.00021212799765635282
18714,90592,137,15,0,0.00010309999925084412
18715,125954,102,56,1,0.002623946998937754
18716,62855,56,55,0,0.00015669500135118142
18717,115209,150,54,0,0.000326658999256324
18718,95765,124,53,0,0.00023214800239657052
18719,11799,200,52,0,0.0004159540003456641
18720,84122,222,51,0,0.00038268999924184754
18721,101167,142,50,0,0.0002701560006244108
18722,99104,123,49,0,0.00021935800032224506
18723,8273,148,48,0,0.0002481199990143068
18724,1663,56,47,0,9.055299960891716e-05
18725,56933,90,46,0,0.00013435900109470822
18726,5453,66,45,0,9.443900125916116e-05
18727,28577,91,44,0,0.0001594059976923745
18728,97320,135,43,0,0.0002567129995441064
18729,17837,114,42,0,0.00018420700143906288
18730,73589,135,41,0,0.00021039399871369824
18731,80561,58,40,0,8.324700320372358e-05
18732,131221,85,39,0,0.00012352600242593326
18733,99086,122,38,0,0.00017466999997850507
18734,80186,161,37,0,0.00023756899827276357
18735,92790,383,36,0,0.0005695500003639609
18736,115900,211,35,0,0.00028443299743230455
18737,48703,131,34,0,0.0001724030007608235
18738,70339,56,33,0,7.306899715331383e-05
18739,83351,175,32,0,0.00021096300042700022
18740,99539,69,31,0,8.561100185033865e-05
18741,4239,174,30,0,0.0002094289993692655
18742,23453,149,29,0,0.00016520200006198138
18743,122787,111,28,0,0.00011183899914612994
18744,57156,145,27,0,0.00015467000048374757
18745,67299,162,26,0,0.0001717039995128289
18746,44434,124,25,0,0.00015330200039898045
18747,126916,125,24,0,0.00011788199844886549
18748,59861,107,23,0,0.00010354600090067834
18749,74570,163,22,0,0.0001806519976526033
18750,130519,105,21,0,9.339600001112558e-05
18751,49258,61,20,0,6.319300155155361e-05
18752,115480,152,19,0,0.00012621800124179572
18753,105049,104,18,0,7.552200258942321e-05
18754,119515,114,17,0,7.521100269514136e-05
18755,7264,174,16,0,0.0001405990005878266
18756,60576,56,15,0,3.646700133685954e-05
18757,7205,139,14,0,0.00011489700045785867
18758,130853,105,13,0,5.729199983761646e-05
18759,58278,173,12,0,0.00011216400162084028
18760,1324,122,11,0,6.308299998636357e-05
18761,2094,126,10,0,5.907200102228671e-05
18762,75947,230,9,0,0.00011216900020372123
18763,107877,159,8,0,8.114999945973977e-05
18764,37479,224,7,0,0.00011401300071156584
18765,1776,126,6,0,5.047599915997125e-05
18766,99239,93,5,0,4.175399953965098e-05
18767,7083,73,4,0,2.8180998924653977e-05
18768,104749,162,3,0,7.870199988246895e-05
18769,44785,141,2,0,4.068599810125306e-05
18770,114352,196,1,0,8.258000161731616e-05
18771,51697,86,0,0,1.8423001165501773e-05
