{"ca-AstroPh": {"n": 18772, "total_s": 0.78, "heaviest_pct": 0.21, "top01_pct": 2.83, "top1_pct": 17.66, "top10_pct": 65.92, "lorenz": [[0.00533, 0.208], [0.01065, 0.408], [0.01598, 0.585], [0.02131, 0.759], [0.02664, 0.927], [0.03196, 1.084], [0.03729, 1.242], [0.04262, 1.397], [0.04794, 1.549], [0.05327, 1.697], [0.0586, 1.845], [0.06392, 1.991], [0.06925, 2.134], [0.07458, 2.276], [0.07991, 2.416], [0.08523, 2.556], [0.09589, 2.83], [0.10121, 2.963], [0.11187, 3.227], [0.12252, 3.485], [0.12785, 3.609], [0.14383, 3.974], [0.15449, 4.215], [0.16514, 4.451], [0.18112, 4.8], [0.1971, 5.144], [0.21308, 5.482], [0.22906, 5.812], [0.25037, 6.24], [0.27168, 6.657], [0.29832, 7.161], [0.31962, 7.554], [0.35159, 8.134], [0.37822, 8.606], [0.41019, 9.163], [0.44747, 9.799], [0.48476, 10.418], [0.52738, 11.102], [0.57, 11.764], [0.61794, 12.493], [0.67121, 13.282], [0.72981, 14.124], [0.79374, 15.008], [0.85766, 15.865], [0.93224, 16.842], [1.01215, 17.861], [1.09738, 18.914], [1.19327, 20.065], [1.29448, 21.254], [1.40635, 22.53], [1.52887, 23.877], [1.65672, 25.218], [1.80055, 26.66], [1.95504, 28.142], [2.12018, 29.669], [2.3013, 31.26], [2.4984, 32.926], [2.71149, 34.619], [2.94055, 36.329], [3.19092, 38.107], [3.46793, 39.983], [3.76092, 41.857], [4.08587, 43.792], [4.43213, 45.725], [4.81036, 47.721], [5.22587, 49.775], [5.66802, 51.807], [6.15278, 53.871], [6.68016, 55.937], [7.25016, 57.983], [7.8681, 60.021], [8.54464, 62.058], [9.27445, 64.075], [10.06819, 66.092], [10.92585, 68.089], [11.85809, 70.084], [12.87556, 72.06], [13.97294, 73.986], [15.1662, 75.906], [16.46601, 77.793], [17.87236, 79.612], [19.39591, 81.377], [21.05263, 83.093], [22.85319, 84.762], [24.80823, 86.377], [26.9284, 87.926], [29.2297, 89.41], [31.72811, 90.806], [34.43959, 92.103], [37.38014, 93.291], [40.57639, 94.372], [44.04432, 95.347], [47.80524, 96.217], [51.89111, 96.971], [56.32857, 97.636], [61.13893, 98.196], [66.3648, 98.681], [72.03814, 99.086], [78.19092, 99.418], [84.87641, 99.682], [92.12657, 99.868], [100.0, 100.0]], "posprof": [0.022, 0.02, 0.218, 0.019, 0.018, 0.019, 0.021, 0.033, 0.034, 0.035, 0.034, 0.037, 0.035, 0.038, 0.037, 0.038, 0.041, 0.052, 0.051, 0.05, 0.055, 0.056, 0.055, 0.058, 0.064, 0.066, 0.067, 0.071, 0.075, 0.082, 0.083, 0.093, 0.09, 0.099, 0.099, 0.116, 0.113, 0.12, 0.124, 0.141, 0.133, 0.128, 0.166, 0.184, 0.203, 0.195, 0.189, 0.215, 0.243, 0.245, 0.249, 0.284, 0.318, 0.262, 0.318, 0.35, 0.327, 0.343, 0.488, 0.35, 0.456, 0.471, 0.407, 0.593, 0.458, 0.636, 0.75, 0.758, 0.626, 0.889, 0.915, 0.69, 1.076, 0.777, 1.246, 1.261, 1.061, 1.622, 1.582, 1.377, 1.544, 2.128, 2.079, 2.209, 2.695, 2.508, 3.051, 2.789, 3.218, 4.387, 5.071, 4.94, 5.513, 6.743, 5.368, 7.054, 4.337, 4.766, 2.001, 2.183], "top5": [{"pos": 18244, "s": 0.002, "cliques": 41, "p": 40}, {"pos": 489, "s": 0.002, "cliques": 1, "p": 1}, {"pos": 18715, "s": 0.001, "cliques": 1, "p": 56}, {"pos": 17838, "s": 0.001, "cliques": 54, "p": 39}, {"pos": 18659, "s": 0.001, "cliques": 1, "p": 55}]}, "ca-HepPh": {"n": 12008, "total_s": 0.6, "heaviest_pct": 12.98, "top01_pct": 19.95, "top1_pct": 47.04, "top10_pct": 90.12, "lorenz": [[0.00833, 12.979], [0.01666, 14.09], [0.02498, 14.996], [0.03331, 15.82], [0.04164, 16.54], [0.04997, 17.136], [0.05829, 17.674], [0.06662, 18.191], [0.07495, 18.675], [0.08328, 19.11], [0.09161, 19.533], [0.09993, 19.952], [0.10826, 20.365], [0.11659, 20.769], [0.12492, 21.158], [0.14157, 21.921], [0.1499, 22.3], [0.16656, 23.046], [0.17488, 23.414], [0.19154, 24.147], [0.20819, 24.861], [0.22485, 25.56], [0.24151, 26.253], [0.25816, 26.933], [0.28314, 27.943], [0.30813, 28.93], [0.33311, 29.875], [0.35809, 30.792], [0.38308, 31.68], [0.41639, 32.83], [0.4497, 33.937], [0.49134, 35.252], [0.52465, 36.257], [0.57462, 37.683], [0.61626, 38.78], [0.66622, 40.028], [0.72452, 41.373], [0.78281, 42.655], [0.84111, 43.894], [0.91606, 45.424], [0.99101, 46.879], [1.06596, 48.264], [1.15756, 49.915], [1.24917, 51.503], [1.3491, 53.175], [1.45736, 54.941], [1.58228, 56.895], [1.7072, 58.763], [1.84877, 60.783], [1.99867, 62.833], [2.1569, 64.896], [2.33178, 67.028], [2.52332, 69.176], [2.73151, 71.239], [2.95636, 73.258], [3.18954, 75.07], [3.45603, 76.734], [3.73085, 78.175], [4.03897, 79.487], [4.36376, 80.669], [4.72185, 81.846], [5.10493, 82.96], [5.52132, 83.956], [5.97102, 84.897], [6.46236, 85.815], [6.98701, 86.666], [7.5533, 87.495], [8.16955, 88.313], [8.83578, 89.077], [9.55197, 89.754], [10.33478, 90.389], [11.17588, 90.984], [12.08361, 91.548], [13.06629, 92.076], [14.13225, 92.564], [15.28148, 93.029], [16.52232, 93.475], [17.87142, 93.914], [19.32045, 94.339], [20.8944, 94.752], [22.6016, 95.157], [24.44204, 95.55], [26.43238, 95.933], [28.58095, 96.304], [30.9044, 96.662], [33.42771, 97.007], [36.14257, 97.336], [39.09061, 97.639], [42.27182, 97.923], [45.71119, 98.197], [49.43371, 98.452], [53.46436, 98.691], [57.81146, 98.924], [62.52498, 99.139], [67.61326, 99.327], [73.11792, 99.506], [79.07229, 99.676], [85.50966, 99.804], [92.47169, 99.911], [100.0, 100.0]], "posprof": [0.022, 0.019, 0.015, 0.016, 0.017, 0.024, 0.015, 0.016, 0.016, 0.015, 0.014, 0.017, 0.016, 0.027, 0.028, 0.031, 0.031, 0.028, 0.028, 0.029, 0.029, 0.027, 0.03, 0.029, 0.031, 0.03, 0.03, 0.032, 0.036, 0.032, 0.038, 0.042, 0.042, 0.045, 0.042, 0.042, 0.044, 0.046, 0.048, 0.049, 0.05, 0.047, 0.048, 0.051, 0.053, 0.063, 0.056, 0.06, 0.071, 0.071, 0.077, 0.074, 0.077, 0.079, 0.079, 0.085, 0.118, 0.086, 0.107, 0.108, 0.118, 0.125, 0.115, 0.131, 0.145, 0.137, 0.167, 0.173, 0.13, 0.149, 0.199, 0.215, 0.182, 0.232, 0.287, 0.268, 0.347, 0.259, 0.323, 0.427, 0.318, 0.644, 0.476, 0.384, 0.577, 0.678, 0.979, 0.666, 0.658, 2.358, 1.57, 3.08, 4.321, 7.697, 8.79, 3.722, 6.581, 13.533, 29.563, 6.644], "top5": [{"pos": 11769, "s": 0.077, "cliques": 1, "p": 238}, {"pos": 11711, "s": 0.007, "cliques": 1, "p": 98}, {"pos": 11641, "s": 0.005, "cliques": 1, "p": 92}, {"pos": 11552, "s": 0.005, "cliques": 1, "p": 90}, {"pos": 11346, "s": 0.004, "cliques": 117, "p": 60}]}, "soc-sign-epinions": {"n": 131828, "total_s": 98.02, "heaviest_pct": 0.86, "top01_pct": 45.19, "top1_pct": 94.66, "top10_pct": 99.74,